scheme,operation,time_ns,time_ms,memory_kb,cpu_percent,message_size,key_size,signature_size,iteration,backend,environment
Falcon-512,keygen,4330293,4.330293,4.86,0.0,256,897,0,0,liboqs,gateway
Falcon-512,keygen,3025166,3.025166,4.86,0.0,256,897,0,1,liboqs,gateway
Falcon-512,keygen,3116895,3.116895,4.86,0.0,256,897,0,2,liboqs,gateway
Falcon-512,keygen,3232819,3.232819,4.86,0.0,256,897,0,3,liboqs,gateway
Falcon-512,keygen,5595296,5.595296,4.86,0.0,256,897,0,4,liboqs,gateway
Falcon-512,keygen,4952527,4.952527,4.86,0.0,256,897,0,5,liboqs,gateway
Falcon-512,keygen,4330822,4.330822,4.86,0.0,256,897,0,6,liboqs,gateway
Falcon-512,keygen,3114140,3.11414,4.86,0.0,256,897,0,7,liboqs,gateway
Falcon-512,keygen,4404929,4.404929,4.86,0.0,256,897,0,8,liboqs,gateway
Falcon-512,keygen,3200466,3.200466,4.86,0.0,256,897,0,9,liboqs,gateway
Falcon-512,keygen,4893879,4.893879,4.86,0.0,256,897,0,10,liboqs,gateway
Falcon-512,keygen,3737448,3.737448,4.86,0.0,256,897,0,11,liboqs,gateway
Falcon-512,keygen,5273161,5.273161,4.86,0.0,256,897,0,12,liboqs,gateway
Falcon-512,keygen,4058232,4.058232,4.86,0.0,256,897,0,13,liboqs,gateway
Falcon-512,keygen,4559782,4.559782,4.86,0.0,256,897,0,14,liboqs,gateway
Falcon-512,keygen,5375680,5.37568,4.86,0.0,256,897,0,15,liboqs,gateway
Falcon-512,keygen,3474996,3.474996,4.86,0.0,256,897,0,16,liboqs,gateway
Falcon-512,keygen,4446212,4.446212,4.86,0.0,256,897,0,17,liboqs,gateway
Falcon-512,keygen,4731731,4.731731,4.86,0.0,256,897,0,18,liboqs,gateway
Falcon-512,keygen,3227410,3.22741,4.86,0.0,256,897,0,19,liboqs,gateway
Falcon-512,keygen,3386281,3.386281,4.86,0.0,256,897,0,20,liboqs,gateway
Falcon-512,keygen,3508517,3.508517,4.86,0.0,256,897,0,21,liboqs,gateway
Falcon-512,keygen,3485392,3.485392,4.86,0.0,256,897,0,22,liboqs,gateway
Falcon-512,keygen,6003292,6.003292,4.86,0.0,256,897,0,23,liboqs,gateway
Falcon-512,keygen,3143034,3.143034,4.86,0.0,256,897,0,24,liboqs,gateway
Falcon-512,keygen,3719406,3.719406,4.86,0.0,256,897,0,25,liboqs,gateway
Falcon-512,keygen,2999378,2.999378,4.86,0.0,256,897,0,26,liboqs,gateway
Falcon-512,keygen,3530710,3.53071,4.86,0.0,256,897,0,27,liboqs,gateway
Falcon-512,keygen,4249492,4.249492,4.86,0.0,256,897,0,28,liboqs,gateway
Falcon-512,keygen,3181865,3.181865,4.86,0.0,256,897,0,29,liboqs,gateway
Falcon-512,keygen,3028536,3.028536,4.86,0.0,256,897,0,30,liboqs,gateway
Falcon-512,keygen,3640642,3.640642,4.86,0.0,256,897,0,31,liboqs,gateway
Falcon-512,keygen,4608516,4.608516,4.86,0.0,256,897,0,32,liboqs,gateway
Falcon-512,keygen,3216572,3.216572,4.86,0.0,256,897,0,33,liboqs,gateway
Falcon-512,keygen,4673088,4.673088,4.86,0.0,256,897,0,34,liboqs,gateway
Falcon-512,keygen,4662727,4.662727,4.86,0.0,256,897,0,35,liboqs,gateway
Falcon-512,keygen,3388216,3.388216,4.86,0.0,256,897,0,36,liboqs,gateway
Falcon-512,keygen,4420568,4.420568,4.86,0.0,256,897,0,37,liboqs,gateway
Falcon-512,keygen,3432305,3.432305,4.86,0.0,256,897,0,38,liboqs,gateway
Falcon-512,keygen,4224985,4.224985,4.86,0.0,256,897,0,39,liboqs,gateway
Falcon-512,keygen,3591190,3.59119,4.86,0.0,256,897,0,40,liboqs,gateway
Falcon-512,keygen,3483708,3.483708,4.86,0.0,256,897,0,41,liboqs,gateway
Falcon-512,keygen,4145611,4.145611,4.86,0.0,256,897,0,42,liboqs,gateway
Falcon-512,keygen,4123842,4.123842,4.86,0.0,256,897,0,43,liboqs,gateway
Falcon-512,keygen,4325733,4.325733,4.86,0.0,256,897,0,44,liboqs,gateway
Falcon-512,keygen,4352299,4.352299,4.86,0.0,256,897,0,45,liboqs,gateway
Falcon-512,keygen,3565276,3.565276,4.86,0.0,256,897,0,46,liboqs,gateway
Falcon-512,keygen,5098378,5.098378,4.86,0.0,256,897,0,47,liboqs,gateway
Falcon-512,keygen,3446352,3.446352,4.86,0.0,256,897,0,48,liboqs,gateway
Falcon-512,keygen,3084100,3.0841,4.86,0.0,256,897,0,49,liboqs,gateway
Falcon-512,keygen,3880748,3.880748,4.86,0.0,256,897,0,50,liboqs,gateway
Falcon-512,keygen,3105106,3.105106,4.86,0.0,256,897,0,51,liboqs,gateway
Falcon-512,keygen,3195850,3.19585,4.86,0.0,256,897,0,52,liboqs,gateway
Falcon-512,keygen,3587344,3.587344,4.86,0.0,256,897,0,53,liboqs,gateway
Falcon-512,keygen,3058421,3.058421,4.86,0.0,256,897,0,54,liboqs,gateway
Falcon-512,keygen,5272590,5.27259,4.86,0.0,256,897,0,55,liboqs,gateway
Falcon-512,keygen,3718327,3.718327,4.86,0.0,256,897,0,56,liboqs,gateway
Falcon-512,keygen,4132931,4.132931,4.86,0.0,256,897,0,57,liboqs,gateway
Falcon-512,keygen,3527609,3.527609,4.86,0.0,256,897,0,58,liboqs,gateway
Falcon-512,keygen,4247185,4.247185,4.86,0.0,256,897,0,59,liboqs,gateway
Falcon-512,keygen,3378536,3.378536,4.86,0.0,256,897,0,60,liboqs,gateway
Falcon-512,keygen,3229506,3.229506,4.86,0.0,256,897,0,61,liboqs,gateway
Falcon-512,keygen,3948339,3.948339,4.86,0.0,256,897,0,62,liboqs,gateway
Falcon-512,keygen,3747458,3.747458,4.86,0.0,256,897,0,63,liboqs,gateway
Falcon-512,keygen,3378152,3.378152,4.86,0.0,256,897,0,64,liboqs,gateway
Falcon-512,keygen,3644719,3.644719,4.86,0.0,256,897,0,65,liboqs,gateway
Falcon-512,keygen,3767996,3.767996,4.86,0.0,256,897,0,66,liboqs,gateway
Falcon-512,keygen,3952446,3.952446,4.86,0.0,256,897,0,67,liboqs,gateway
Falcon-512,keygen,6329671,6.329671,4.86,0.0,256,897,0,68,liboqs,gateway
Falcon-512,keygen,3221380,3.22138,4.86,0.0,256,897,0,69,liboqs,gateway
Falcon-512,keygen,5326995,5.326995,4.86,0.0,256,897,0,70,liboqs,gateway
Falcon-512,keygen,6126391,6.126391,4.86,0.0,256,897,0,71,liboqs,gateway
Falcon-512,keygen,4439636,4.439636,4.86,0.0,256,897,0,72,liboqs,gateway
Falcon-512,keygen,6948883,6.948883,4.86,0.0,256,897,0,73,liboqs,gateway
Falcon-512,keygen,5277700,5.2777,4.86,0.0,256,897,0,74,liboqs,gateway
Falcon-512,keygen,3103745,3.103745,4.86,0.0,256,897,0,75,liboqs,gateway
Falcon-512,keygen,3858048,3.858048,4.86,0.0,256,897,0,76,liboqs,gateway
Falcon-512,keygen,3007808,3.007808,4.86,0.0,256,897,0,77,liboqs,gateway
Falcon-512,keygen,7406085,7.406085,4.86,0.0,256,897,0,78,liboqs,gateway
Falcon-512,keygen,3508836,3.508836,4.86,0.0,256,897,0,79,liboqs,gateway
Falcon-512,keygen,4374763,4.374763,4.86,0.0,256,897,0,80,liboqs,gateway
Falcon-512,keygen,3694136,3.694136,4.86,0.0,256,897,0,81,liboqs,gateway
Falcon-512,keygen,4460476,4.460476,4.86,0.0,256,897,0,82,liboqs,gateway
Falcon-512,keygen,3311730,3.31173,4.86,0.0,256,897,0,83,liboqs,gateway
Falcon-512,keygen,3812983,3.812983,4.86,0.0,256,897,0,84,liboqs,gateway
Falcon-512,keygen,4489187,4.489187,4.86,0.0,256,897,0,85,liboqs,gateway
Falcon-512,keygen,5816333,5.816333,4.86,0.0,256,897,0,86,liboqs,gateway
Falcon-512,keygen,5668146,5.668146,4.86,0.0,256,897,0,87,liboqs,gateway
Falcon-512,keygen,3916335,3.916335,4.86,0.0,256,897,0,88,liboqs,gateway
Falcon-512,keygen,3738081,3.738081,4.86,0.0,256,897,0,89,liboqs,gateway
Falcon-512,keygen,3186314,3.186314,4.86,0.0,256,897,0,90,liboqs,gateway
Falcon-512,keygen,3368986,3.368986,4.86,0.0,256,897,0,91,liboqs,gateway
Falcon-512,keygen,4442194,4.442194,4.86,0.0,256,897,0,92,liboqs,gateway
Falcon-512,keygen,4319802,4.319802,4.86,0.0,256,897,0,93,liboqs,gateway
Falcon-512,keygen,3710679,3.710679,4.86,0.0,256,897,0,94,liboqs,gateway
Falcon-512,keygen,3993864,3.993864,4.86,0.0,256,897,0,95,liboqs,gateway
Falcon-512,keygen,4296727,4.296727,4.86,0.0,256,897,0,96,liboqs,gateway
Falcon-512,keygen,3360695,3.360695,4.86,0.0,256,897,0,97,liboqs,gateway
Falcon-512,keygen,3093987,3.093987,4.86,0.0,256,897,0,98,liboqs,gateway
Falcon-512,keygen,3275002,3.275002,4.86,0.0,256,897,0,99,liboqs,gateway
Falcon-512,keygen,3627027,3.627027,4.86,0.0,256,897,0,100,liboqs,gateway
Falcon-512,keygen,3857904,3.857904,4.86,0.0,256,897,0,101,liboqs,gateway
Falcon-512,keygen,3225481,3.225481,4.86,0.0,256,897,0,102,liboqs,gateway
Falcon-512,keygen,2995261,2.995261,4.86,0.0,256,897,0,103,liboqs,gateway
Falcon-512,keygen,3720609,3.720609,4.86,0.0,256,897,0,104,liboqs,gateway
Falcon-512,keygen,4880921,4.880921,4.86,0.0,256,897,0,105,liboqs,gateway
Falcon-512,keygen,6472362,6.472362,4.86,0.0,256,897,0,106,liboqs,gateway
Falcon-512,keygen,3023768,3.023768,4.86,0.0,256,897,0,107,liboqs,gateway
Falcon-512,keygen,3290635,3.290635,4.86,0.0,256,897,0,108,liboqs,gateway
Falcon-512,keygen,6995082,6.995082,4.86,0.0,256,897,0,109,liboqs,gateway
Falcon-512,keygen,3455876,3.455876,4.86,0.0,256,897,0,110,liboqs,gateway
Falcon-512,keygen,4913420,4.91342,4.86,0.0,256,897,0,111,liboqs,gateway
Falcon-512,keygen,3837961,3.837961,4.86,0.0,256,897,0,112,liboqs,gateway
Falcon-512,keygen,2993687,2.993687,4.86,0.0,256,897,0,113,liboqs,gateway
Falcon-512,keygen,3006775,3.006775,4.86,0.0,256,897,0,114,liboqs,gateway
Falcon-512,keygen,3350738,3.350738,4.86,0.0,256,897,0,115,liboqs,gateway
Falcon-512,keygen,4237026,4.237026,4.86,0.0,256,897,0,116,liboqs,gateway
Falcon-512,keygen,3963058,3.963058,4.86,0.0,256,897,0,117,liboqs,gateway
Falcon-512,keygen,3286072,3.286072,4.86,0.0,256,897,0,118,liboqs,gateway
Falcon-512,keygen,3967455,3.967455,4.86,0.0,256,897,0,119,liboqs,gateway
Falcon-512,keygen,4292343,4.292343,4.86,0.0,256,897,0,120,liboqs,gateway
Falcon-512,keygen,3487107,3.487107,4.86,0.0,256,897,0,121,liboqs,gateway
Falcon-512,keygen,3492392,3.492392,4.86,0.0,256,897,0,122,liboqs,gateway
Falcon-512,keygen,3003863,3.003863,4.86,0.0,256,897,0,123,liboqs,gateway
Falcon-512,keygen,4365919,4.365919,4.86,0.0,256,897,0,124,liboqs,gateway
Falcon-512,keygen,3371766,3.371766,4.86,0.0,256,897,0,125,liboqs,gateway
Falcon-512,keygen,4250887,4.250887,4.86,0.0,256,897,0,126,liboqs,gateway
Falcon-512,keygen,3210608,3.210608,4.86,0.0,256,897,0,127,liboqs,gateway
Falcon-512,keygen,3106172,3.106172,4.86,0.0,256,897,0,128,liboqs,gateway
Falcon-512,keygen,3202794,3.202794,4.86,0.0,256,897,0,129,liboqs,gateway
Falcon-512,keygen,3723196,3.723196,4.86,0.0,256,897,0,130,liboqs,gateway
Falcon-512,keygen,3366067,3.366067,4.86,0.0,256,897,0,131,liboqs,gateway
Falcon-512,keygen,3096866,3.096866,4.86,0.0,256,897,0,132,liboqs,gateway
Falcon-512,keygen,5125786,5.125786,4.86,0.0,256,897,0,133,liboqs,gateway
Falcon-512,keygen,3009171,3.009171,4.86,0.0,256,897,0,134,liboqs,gateway
Falcon-512,keygen,4641856,4.641856,4.86,0.0,256,897,0,135,liboqs,gateway
Falcon-512,keygen,3111715,3.111715,4.86,0.0,256,897,0,136,liboqs,gateway
Falcon-512,keygen,3730293,3.730293,4.86,0.0,256,897,0,137,liboqs,gateway
Falcon-512,keygen,3818234,3.818234,4.86,0.0,256,897,0,138,liboqs,gateway
Falcon-512,keygen,4589398,4.589398,4.86,0.0,256,897,0,139,liboqs,gateway
Falcon-512,keygen,3392111,3.392111,4.86,0.0,256,897,0,140,liboqs,gateway
Falcon-512,keygen,3477029,3.477029,4.86,0.0,256,897,0,141,liboqs,gateway
Falcon-512,keygen,3394507,3.394507,4.86,0.0,256,897,0,142,liboqs,gateway
Falcon-512,keygen,3528151,3.528151,4.86,0.0,256,897,0,143,liboqs,gateway
Falcon-512,keygen,5947432,5.947432,4.86,0.0,256,897,0,144,liboqs,gateway
Falcon-512,keygen,3483458,3.483458,4.86,0.0,256,897,0,145,liboqs,gateway
Falcon-512,keygen,3401443,3.401443,4.86,0.0,256,897,0,146,liboqs,gateway
Falcon-512,keygen,2998085,2.998085,4.86,0.0,256,897,0,147,liboqs,gateway
Falcon-512,keygen,3935711,3.935711,4.86,0.0,256,897,0,148,liboqs,gateway
Falcon-512,keygen,5148004,5.148004,4.86,0.0,256,897,0,149,liboqs,gateway
Falcon-512,keygen,4523829,4.523829,4.86,0.0,256,897,0,150,liboqs,gateway
Falcon-512,keygen,3300047,3.300047,4.86,0.0,256,897,0,151,liboqs,gateway
Falcon-512,keygen,3531797,3.531797,4.86,0.0,256,897,0,152,liboqs,gateway
Falcon-512,keygen,3771708,3.771708,4.86,0.0,256,897,0,153,liboqs,gateway
Falcon-512,keygen,3061889,3.061889,4.86,0.0,256,897,0,154,liboqs,gateway
Falcon-512,keygen,3562798,3.562798,4.86,0.0,256,897,0,155,liboqs,gateway
Falcon-512,keygen,3107712,3.107712,4.86,0.0,256,897,0,156,liboqs,gateway
Falcon-512,keygen,4311083,4.311083,4.86,0.0,256,897,0,157,liboqs,gateway
Falcon-512,keygen,3320110,3.32011,4.86,0.0,256,897,0,158,liboqs,gateway
Falcon-512,keygen,3356659,3.356659,4.86,0.0,256,897,0,159,liboqs,gateway
Falcon-512,keygen,3660759,3.660759,4.86,0.0,256,897,0,160,liboqs,gateway
Falcon-512,keygen,3674363,3.674363,4.86,0.0,256,897,0,161,liboqs,gateway
Falcon-512,keygen,5387256,5.387256,4.86,0.0,256,897,0,162,liboqs,gateway
Falcon-512,keygen,6506536,6.506536,4.86,0.0,256,897,0,163,liboqs,gateway
Falcon-512,keygen,3651244,3.651244,4.86,0.0,256,897,0,164,liboqs,gateway
Falcon-512,keygen,3194707,3.194707,4.86,0.0,256,897,0,165,liboqs,gateway
Falcon-512,keygen,3904842,3.904842,4.86,0.0,256,897,0,166,liboqs,gateway
Falcon-512,keygen,3397323,3.397323,4.86,0.0,256,897,0,167,liboqs,gateway
Falcon-512,keygen,3752362,3.752362,4.86,0.0,256,897,0,168,liboqs,gateway
Falcon-512,keygen,4773592,4.773592,4.86,0.0,256,897,0,169,liboqs,gateway
Falcon-512,keygen,7325490,7.32549,4.86,0.0,256,897,0,170,liboqs,gateway
Falcon-512,keygen,3838518,3.838518,4.86,0.0,256,897,0,171,liboqs,gateway
Falcon-512,keygen,4357573,4.357573,4.86,0.0,256,897,0,172,liboqs,gateway
Falcon-512,keygen,3509442,3.509442,4.86,0.0,256,897,0,173,liboqs,gateway
Falcon-512,keygen,3240336,3.240336,4.86,0.0,256,897,0,174,liboqs,gateway
Falcon-512,keygen,3741731,3.741731,4.86,0.0,256,897,0,175,liboqs,gateway
Falcon-512,keygen,4008312,4.008312,4.86,0.0,256,897,0,176,liboqs,gateway
Falcon-512,keygen,3301307,3.301307,4.86,0.0,256,897,0,177,liboqs,gateway
Falcon-512,keygen,4279128,4.279128,4.86,0.0,256,897,0,178,liboqs,gateway
Falcon-512,keygen,3331325,3.331325,4.86,0.0,256,897,0,179,liboqs,gateway
Falcon-512,keygen,3235051,3.235051,4.86,0.0,256,897,0,180,liboqs,gateway
Falcon-512,keygen,5644023,5.644023,4.86,0.0,256,897,0,181,liboqs,gateway
Falcon-512,keygen,4249756,4.249756,4.86,0.0,256,897,0,182,liboqs,gateway
Falcon-512,keygen,3770419,3.770419,4.86,0.0,256,897,0,183,liboqs,gateway
Falcon-512,keygen,5584691,5.584691,4.86,0.0,256,897,0,184,liboqs,gateway
Falcon-512,keygen,3869323,3.869323,4.86,0.0,256,897,0,185,liboqs,gateway
Falcon-512,keygen,3277722,3.277722,4.86,0.0,256,897,0,186,liboqs,gateway
Falcon-512,keygen,4859619,4.859619,4.86,0.0,256,897,0,187,liboqs,gateway
Falcon-512,keygen,3316080,3.31608,4.86,0.0,256,897,0,188,liboqs,gateway
Falcon-512,keygen,3341382,3.341382,4.86,0.0,256,897,0,189,liboqs,gateway
Falcon-512,keygen,5303886,5.303886,4.86,0.0,256,897,0,190,liboqs,gateway
Falcon-512,keygen,3939591,3.939591,4.86,0.0,256,897,0,191,liboqs,gateway
Falcon-512,keygen,3459610,3.45961,4.86,0.0,256,897,0,192,liboqs,gateway
Falcon-512,keygen,3454265,3.454265,4.86,0.0,256,897,0,193,liboqs,gateway
Falcon-512,keygen,4284328,4.284328,4.86,0.0,256,897,0,194,liboqs,gateway
Falcon-512,keygen,3594000,3.594,5.23,0.0,256,897,0,195,liboqs,gateway
Falcon-512,keygen,3138710,3.13871,4.86,0.0,256,897,0,196,liboqs,gateway
Falcon-512,keygen,3188032,3.188032,4.86,0.0,256,897,0,197,liboqs,gateway
Falcon-512,keygen,3838056,3.838056,4.86,0.0,256,897,0,198,liboqs,gateway
Falcon-512,keygen,3268459,3.268459,4.86,0.0,256,897,0,199,liboqs,gateway
Falcon-512,keygen,4505575,4.505575,4.86,0.0,256,897,0,200,liboqs,gateway
Falcon-512,keygen,4075043,4.075043,4.86,0.0,256,897,0,201,liboqs,gateway
Falcon-512,keygen,3113512,3.113512,4.86,0.0,256,897,0,202,liboqs,gateway
Falcon-512,keygen,7369301,7.369301,4.86,0.0,256,897,0,203,liboqs,gateway
Falcon-512,keygen,4237950,4.23795,4.86,0.0,256,897,0,204,liboqs,gateway
Falcon-512,keygen,5704536,5.704536,4.86,0.0,256,897,0,205,liboqs,gateway
Falcon-512,keygen,3812406,3.812406,4.86,0.0,256,897,0,206,liboqs,gateway
Falcon-512,keygen,3048434,3.048434,4.86,0.0,256,897,0,207,liboqs,gateway
Falcon-512,keygen,5013712,5.013712,4.86,0.0,256,897,0,208,liboqs,gateway
Falcon-512,keygen,5030754,5.030754,4.86,0.0,256,897,0,209,liboqs,gateway
Falcon-512,keygen,3146478,3.146478,4.86,0.0,256,897,0,210,liboqs,gateway
Falcon-512,keygen,3027325,3.027325,4.86,0.0,256,897,0,211,liboqs,gateway
Falcon-512,keygen,4126279,4.126279,4.86,0.0,256,897,0,212,liboqs,gateway
Falcon-512,keygen,4185644,4.185644,4.86,0.0,256,897,0,213,liboqs,gateway
Falcon-512,keygen,6384824,6.384824,4.86,0.0,256,897,0,214,liboqs,gateway
Falcon-512,keygen,3975793,3.975793,4.86,0.0,256,897,0,215,liboqs,gateway
Falcon-512,keygen,5320242,5.320242,4.86,0.0,256,897,0,216,liboqs,gateway
Falcon-512,keygen,4912170,4.91217,4.86,0.0,256,897,0,217,liboqs,gateway
Falcon-512,keygen,3521031,3.521031,4.86,0.0,256,897,0,218,liboqs,gateway
Falcon-512,keygen,5089702,5.089702,4.86,0.0,256,897,0,219,liboqs,gateway
Falcon-512,keygen,3572584,3.572584,4.86,0.0,256,897,0,220,liboqs,gateway
Falcon-512,keygen,4960596,4.960596,4.86,0.0,256,897,0,221,liboqs,gateway
Falcon-512,keygen,3863198,3.863198,4.86,0.0,256,897,0,222,liboqs,gateway
Falcon-512,keygen,5252262,5.252262,4.86,0.0,256,897,0,223,liboqs,gateway
Falcon-512,keygen,3480697,3.480697,4.86,0.0,256,897,0,224,liboqs,gateway
Falcon-512,keygen,3532053,3.532053,4.86,0.0,256,897,0,225,liboqs,gateway
Falcon-512,keygen,3077708,3.077708,4.86,0.0,256,897,0,226,liboqs,gateway
Falcon-512,keygen,4307618,4.307618,4.86,0.0,256,897,0,227,liboqs,gateway
Falcon-512,keygen,3058831,3.058831,4.86,0.0,256,897,0,228,liboqs,gateway
Falcon-512,keygen,4393796,4.393796,4.86,0.0,256,897,0,229,liboqs,gateway
Falcon-512,keygen,3358842,3.358842,4.86,0.0,256,897,0,230,liboqs,gateway
Falcon-512,keygen,3700322,3.700322,4.86,0.0,256,897,0,231,liboqs,gateway
Falcon-512,keygen,3172930,3.17293,4.86,0.0,256,897,0,232,liboqs,gateway
Falcon-512,keygen,4692136,4.692136,4.86,0.0,256,897,0,233,liboqs,gateway
Falcon-512,keygen,3461814,3.461814,4.86,0.0,256,897,0,234,liboqs,gateway
Falcon-512,keygen,4042176,4.042176,4.86,0.0,256,897,0,235,liboqs,gateway
Falcon-512,keygen,3309678,3.309678,4.86,0.0,256,897,0,236,liboqs,gateway
Falcon-512,keygen,3893762,3.893762,4.86,0.0,256,897,0,237,liboqs,gateway
Falcon-512,keygen,5655250,5.65525,4.86,0.0,256,897,0,238,liboqs,gateway
Falcon-512,keygen,3387216,3.387216,4.86,0.0,256,897,0,239,liboqs,gateway
Falcon-512,keygen,4032127,4.032127,4.86,0.0,256,897,0,240,liboqs,gateway
Falcon-512,keygen,3883910,3.88391,4.86,0.0,256,897,0,241,liboqs,gateway
Falcon-512,keygen,4909777,4.909777,4.86,0.0,256,897,0,242,liboqs,gateway
Falcon-512,keygen,5762938,5.762938,4.86,0.0,256,897,0,243,liboqs,gateway
Falcon-512,keygen,3666665,3.666665,4.86,0.0,256,897,0,244,liboqs,gateway
Falcon-512,keygen,3411494,3.411494,4.86,0.0,256,897,0,245,liboqs,gateway
Falcon-512,keygen,3120217,3.120217,4.86,0.0,256,897,0,246,liboqs,gateway
Falcon-512,keygen,3299571,3.299571,4.86,0.0,256,897,0,247,liboqs,gateway
Falcon-512,keygen,3229992,3.229992,4.86,0.0,256,897,0,248,liboqs,gateway
Falcon-512,keygen,4809336,4.809336,4.86,0.0,256,897,0,249,liboqs,gateway
Falcon-512,keygen,5847878,5.847878,4.86,0.0,256,897,0,250,liboqs,gateway
Falcon-512,keygen,5274611,5.274611,4.86,0.0,256,897,0,251,liboqs,gateway
Falcon-512,keygen,3446186,3.446186,4.86,0.0,256,897,0,252,liboqs,gateway
Falcon-512,keygen,3908255,3.908255,4.86,0.0,256,897,0,253,liboqs,gateway
Falcon-512,keygen,3150247,3.150247,9.52,0.0,256,897,0,254,liboqs,gateway
Falcon-512,keygen,4049218,4.049218,7.07,0.0,256,897,0,255,liboqs,gateway
Falcon-512,keygen,4624156,4.624156,4.86,0.0,256,897,0,256,liboqs,gateway
Falcon-512,keygen,3999285,3.999285,4.86,0.0,256,897,0,257,liboqs,gateway
Falcon-512,keygen,3904981,3.904981,4.86,0.0,256,897,0,258,liboqs,gateway
Falcon-512,keygen,3288720,3.28872,4.86,0.0,256,897,0,259,liboqs,gateway
Falcon-512,keygen,4555690,4.55569,4.86,0.0,256,897,0,260,liboqs,gateway
Falcon-512,keygen,6561384,6.561384,4.86,0.0,256,897,0,261,liboqs,gateway
Falcon-512,keygen,4442192,4.442192,4.86,0.0,256,897,0,262,liboqs,gateway
Falcon-512,keygen,3319582,3.319582,4.86,0.0,256,897,0,263,liboqs,gateway
Falcon-512,keygen,3443544,3.443544,4.86,0.0,256,897,0,264,liboqs,gateway
Falcon-512,keygen,4836449,4.836449,4.86,0.0,256,897,0,265,liboqs,gateway
Falcon-512,keygen,4075358,4.075358,4.86,0.0,256,897,0,266,liboqs,gateway
Falcon-512,keygen,3221186,3.221186,4.86,0.0,256,897,0,267,liboqs,gateway
Falcon-512,keygen,3973044,3.973044,4.86,0.0,256,897,0,268,liboqs,gateway
Falcon-512,keygen,3062075,3.062075,4.86,0.0,256,897,0,269,liboqs,gateway
Falcon-512,keygen,6277256,6.277256,4.86,0.0,256,897,0,270,liboqs,gateway
Falcon-512,keygen,5646733,5.646733,4.86,0.0,256,897,0,271,liboqs,gateway
Falcon-512,keygen,4877725,4.877725,4.86,0.0,256,897,0,272,liboqs,gateway
Falcon-512,keygen,5644970,5.64497,4.86,0.0,256,897,0,273,liboqs,gateway
Falcon-512,keygen,4121992,4.121992,4.86,0.0,256,897,0,274,liboqs,gateway
Falcon-512,keygen,3162626,3.162626,4.86,0.0,256,897,0,275,liboqs,gateway
Falcon-512,keygen,3589401,3.589401,4.86,0.0,256,897,0,276,liboqs,gateway
Falcon-512,keygen,3815321,3.815321,4.86,0.0,256,897,0,277,liboqs,gateway
Falcon-512,keygen,5406305,5.406305,4.86,0.0,256,897,0,278,liboqs,gateway
Falcon-512,keygen,4108225,4.108225,4.86,0.0,256,897,0,279,liboqs,gateway
Falcon-512,keygen,3167010,3.16701,4.86,0.0,256,897,0,280,liboqs,gateway
Falcon-512,keygen,4102867,4.102867,4.86,0.0,256,897,0,281,liboqs,gateway
Falcon-512,keygen,4023661,4.023661,4.86,0.0,256,897,0,282,liboqs,gateway
Falcon-512,keygen,5015638,5.015638,4.86,0.0,256,897,0,283,liboqs,gateway
Falcon-512,keygen,3235283,3.235283,4.86,0.0,256,897,0,284,liboqs,gateway
Falcon-512,keygen,3276690,3.27669,4.86,0.0,256,897,0,285,liboqs,gateway
Falcon-512,keygen,3283136,3.283136,4.86,0.0,256,897,0,286,liboqs,gateway
Falcon-512,keygen,3605861,3.605861,4.86,0.0,256,897,0,287,liboqs,gateway
Falcon-512,keygen,3197128,3.197128,4.86,0.0,256,897,0,288,liboqs,gateway
Falcon-512,keygen,3323186,3.323186,4.86,0.0,256,897,0,289,liboqs,gateway
Falcon-512,keygen,3516035,3.516035,4.86,0.0,256,897,0,290,liboqs,gateway
Falcon-512,keygen,3238288,3.238288,4.86,0.0,256,897,0,291,liboqs,gateway
Falcon-512,keygen,3169474,3.169474,4.86,0.0,256,897,0,292,liboqs,gateway
Falcon-512,keygen,5238282,5.238282,4.86,0.0,256,897,0,293,liboqs,gateway
Falcon-512,keygen,3910204,3.910204,4.86,0.0,256,897,0,294,liboqs,gateway
Falcon-512,keygen,3510958,3.510958,4.86,0.0,256,897,0,295,liboqs,gateway
Falcon-512,keygen,5038633,5.038633,4.86,0.0,256,897,0,296,liboqs,gateway
Falcon-512,keygen,3105712,3.105712,4.86,0.0,256,897,0,297,liboqs,gateway
Falcon-512,keygen,5389042,5.389042,4.86,0.0,256,897,0,298,liboqs,gateway
Falcon-512,keygen,3708507,3.708507,4.86,0.0,256,897,0,299,liboqs,gateway
Falcon-512,keygen,3766218,3.766218,4.86,0.0,256,897,0,300,liboqs,gateway
Falcon-512,keygen,4452545,4.452545,4.86,0.0,256,897,0,301,liboqs,gateway
Falcon-512,keygen,3240580,3.24058,4.86,0.0,256,897,0,302,liboqs,gateway
Falcon-512,keygen,3017149,3.017149,4.86,0.0,256,897,0,303,liboqs,gateway
Falcon-512,keygen,3127869,3.127869,4.86,0.0,256,897,0,304,liboqs,gateway
Falcon-512,keygen,3784092,3.784092,4.86,0.0,256,897,0,305,liboqs,gateway
Falcon-512,keygen,3681455,3.681455,4.86,0.0,256,897,0,306,liboqs,gateway
Falcon-512,keygen,4438460,4.43846,4.86,0.0,256,897,0,307,liboqs,gateway
Falcon-512,keygen,4058236,4.058236,4.86,0.0,256,897,0,308,liboqs,gateway
Falcon-512,keygen,4147871,4.147871,4.86,0.0,256,897,0,309,liboqs,gateway
Falcon-512,keygen,3762951,3.762951,4.86,0.0,256,897,0,310,liboqs,gateway
Falcon-512,keygen,3797200,3.7972,4.86,0.0,256,897,0,311,liboqs,gateway
Falcon-512,keygen,3546506,3.546506,4.86,0.0,256,897,0,312,liboqs,gateway
Falcon-512,keygen,4588793,4.588793,4.86,0.0,256,897,0,313,liboqs,gateway
Falcon-512,keygen,4231983,4.231983,4.86,0.0,256,897,0,314,liboqs,gateway
Falcon-512,keygen,3591626,3.591626,4.86,0.0,256,897,0,315,liboqs,gateway
Falcon-512,keygen,3488253,3.488253,4.86,0.0,256,897,0,316,liboqs,gateway
Falcon-512,keygen,3237810,3.23781,4.86,0.0,256,897,0,317,liboqs,gateway
Falcon-512,keygen,3027498,3.027498,4.86,0.0,256,897,0,318,liboqs,gateway
Falcon-512,keygen,3945548,3.945548,4.86,0.0,256,897,0,319,liboqs,gateway
Falcon-512,keygen,6061199,6.061199,4.86,0.0,256,897,0,320,liboqs,gateway
Falcon-512,keygen,3357765,3.357765,4.86,0.0,256,897,0,321,liboqs,gateway
Falcon-512,keygen,4126586,4.126586,4.86,0.0,256,897,0,322,liboqs,gateway
Falcon-512,keygen,3938489,3.938489,4.86,0.0,256,897,0,323,liboqs,gateway
Falcon-512,keygen,4065934,4.065934,4.86,0.0,256,897,0,324,liboqs,gateway
Falcon-512,keygen,4297256,4.297256,4.86,0.0,256,897,0,325,liboqs,gateway
Falcon-512,keygen,3311239,3.311239,4.86,0.0,256,897,0,326,liboqs,gateway
Falcon-512,keygen,3731287,3.731287,4.86,0.0,256,897,0,327,liboqs,gateway
Falcon-512,keygen,3180119,3.180119,4.86,0.0,256,897,0,328,liboqs,gateway
Falcon-512,keygen,4501750,4.50175,4.86,0.0,256,897,0,329,liboqs,gateway
Falcon-512,keygen,3230521,3.230521,4.86,0.0,256,897,0,330,liboqs,gateway
Falcon-512,keygen,3937797,3.937797,4.86,0.0,256,897,0,331,liboqs,gateway
Falcon-512,keygen,3240695,3.240695,4.86,0.0,256,897,0,332,liboqs,gateway
Falcon-512,keygen,3847987,3.847987,4.86,0.0,256,897,0,333,liboqs,gateway
Falcon-512,keygen,4560824,4.560824,4.86,0.0,256,897,0,334,liboqs,gateway
Falcon-512,keygen,4348420,4.34842,4.86,0.0,256,897,0,335,liboqs,gateway
Falcon-512,keygen,4504323,4.504323,4.86,0.0,256,897,0,336,liboqs,gateway
Falcon-512,keygen,4742414,4.742414,4.86,0.0,256,897,0,337,liboqs,gateway
Falcon-512,keygen,3227971,3.227971,4.86,0.0,256,897,0,338,liboqs,gateway
Falcon-512,keygen,9100400,9.1004,4.86,0.0,256,897,0,339,liboqs,gateway
Falcon-512,keygen,6454989,6.454989,4.86,0.0,256,897,0,340,liboqs,gateway
Falcon-512,keygen,5416784,5.416784,4.86,0.0,256,897,0,341,liboqs,gateway
Falcon-512,keygen,5601401,5.601401,4.86,0.0,256,897,0,342,liboqs,gateway
Falcon-512,keygen,4336745,4.336745,4.86,0.0,256,897,0,343,liboqs,gateway
Falcon-512,keygen,8016358,8.016358,4.86,0.0,256,897,0,344,liboqs,gateway
Falcon-512,keygen,7350321,7.350321,4.86,0.0,256,897,0,345,liboqs,gateway
Falcon-512,keygen,3564706,3.564706,4.86,0.0,256,897,0,346,liboqs,gateway
Falcon-512,keygen,3203812,3.203812,4.86,0.0,256,897,0,347,liboqs,gateway
Falcon-512,keygen,6621799,6.621799,4.86,0.0,256,897,0,348,liboqs,gateway
Falcon-512,keygen,3648132,3.648132,4.86,0.0,256,897,0,349,liboqs,gateway
Falcon-512,keygen,3722162,3.722162,4.86,0.0,256,897,0,350,liboqs,gateway
Falcon-512,keygen,4031336,4.031336,4.86,0.0,256,897,0,351,liboqs,gateway
Falcon-512,keygen,3559616,3.559616,4.86,0.0,256,897,0,352,liboqs,gateway
Falcon-512,keygen,6181785,6.181785,4.86,0.0,256,897,0,353,liboqs,gateway
Falcon-512,keygen,3907817,3.907817,4.86,0.0,256,897,0,354,liboqs,gateway
Falcon-512,keygen,4325710,4.32571,4.86,0.0,256,897,0,355,liboqs,gateway
Falcon-512,keygen,3113207,3.113207,4.86,0.0,256,897,0,356,liboqs,gateway
Falcon-512,keygen,3014656,3.014656,4.86,0.0,256,897,0,357,liboqs,gateway
Falcon-512,keygen,3666335,3.666335,4.86,0.0,256,897,0,358,liboqs,gateway
Falcon-512,keygen,4174927,4.174927,4.86,0.0,256,897,0,359,liboqs,gateway
Falcon-512,keygen,5060120,5.06012,4.86,0.0,256,897,0,360,liboqs,gateway
Falcon-512,keygen,3502455,3.502455,4.86,0.0,256,897,0,361,liboqs,gateway
Falcon-512,keygen,3695910,3.69591,4.86,0.0,256,897,0,362,liboqs,gateway
Falcon-512,keygen,3430301,3.430301,4.86,0.0,256,897,0,363,liboqs,gateway
Falcon-512,keygen,4325927,4.325927,4.86,0.0,256,897,0,364,liboqs,gateway
Falcon-512,keygen,3970703,3.970703,4.86,0.0,256,897,0,365,liboqs,gateway
Falcon-512,keygen,5223342,5.223342,4.86,0.0,256,897,0,366,liboqs,gateway
Falcon-512,keygen,3212073,3.212073,4.86,0.0,256,897,0,367,liboqs,gateway
Falcon-512,keygen,3357181,3.357181,4.86,0.0,256,897,0,368,liboqs,gateway
Falcon-512,keygen,3359246,3.359246,4.86,0.0,256,897,0,369,liboqs,gateway
Falcon-512,keygen,3112896,3.112896,4.86,0.0,256,897,0,370,liboqs,gateway
Falcon-512,keygen,3257226,3.257226,4.86,0.0,256,897,0,371,liboqs,gateway
Falcon-512,keygen,3449145,3.449145,4.86,0.0,256,897,0,372,liboqs,gateway
Falcon-512,keygen,3105387,3.105387,4.86,0.0,256,897,0,373,liboqs,gateway
Falcon-512,keygen,3690868,3.690868,4.86,0.0,256,897,0,374,liboqs,gateway
Falcon-512,keygen,5310218,5.310218,4.86,0.0,256,897,0,375,liboqs,gateway
Falcon-512,keygen,3687858,3.687858,4.86,0.0,256,897,0,376,liboqs,gateway
Falcon-512,keygen,8717144,8.717144,4.86,0.0,256,897,0,377,liboqs,gateway
Falcon-512,keygen,3638588,3.638588,4.86,0.0,256,897,0,378,liboqs,gateway
Falcon-512,keygen,3048049,3.048049,4.86,0.0,256,897,0,379,liboqs,gateway
Falcon-512,keygen,3223690,3.22369,4.86,0.0,256,897,0,380,liboqs,gateway
Falcon-512,keygen,5247165,5.247165,4.86,0.0,256,897,0,381,liboqs,gateway
Falcon-512,keygen,3901268,3.901268,4.86,0.0,256,897,0,382,liboqs,gateway
Falcon-512,keygen,3208368,3.208368,4.86,0.0,256,897,0,383,liboqs,gateway
Falcon-512,keygen,3665131,3.665131,4.86,0.0,256,897,0,384,liboqs,gateway
Falcon-512,keygen,4052742,4.052742,4.86,0.0,256,897,0,385,liboqs,gateway
Falcon-512,keygen,4486861,4.486861,4.86,0.0,256,897,0,386,liboqs,gateway
Falcon-512,keygen,3132366,3.132366,4.86,0.0,256,897,0,387,liboqs,gateway
Falcon-512,keygen,3883678,3.883678,4.86,0.0,256,897,0,388,liboqs,gateway
Falcon-512,keygen,4190267,4.190267,4.86,0.0,256,897,0,389,liboqs,gateway
Falcon-512,keygen,6023521,6.023521,4.86,0.0,256,897,0,390,liboqs,gateway
Falcon-512,keygen,3640196,3.640196,4.86,0.0,256,897,0,391,liboqs,gateway
Falcon-512,keygen,3861220,3.86122,4.86,0.0,256,897,0,392,liboqs,gateway
Falcon-512,keygen,3397824,3.397824,4.86,0.0,256,897,0,393,liboqs,gateway
Falcon-512,keygen,4545347,4.545347,4.86,0.0,256,897,0,394,liboqs,gateway
Falcon-512,keygen,3840057,3.840057,4.86,0.0,256,897,0,395,liboqs,gateway
Falcon-512,keygen,4017237,4.017237,4.86,0.0,256,897,0,396,liboqs,gateway
Falcon-512,keygen,3292176,3.292176,4.86,0.0,256,897,0,397,liboqs,gateway
Falcon-512,keygen,3552985,3.552985,4.86,0.0,256,897,0,398,liboqs,gateway
Falcon-512,keygen,3553969,3.553969,4.86,0.0,256,897,0,399,liboqs,gateway
Falcon-512,keygen,3443039,3.443039,4.86,0.0,256,897,0,400,liboqs,gateway
Falcon-512,keygen,3163656,3.163656,4.86,0.0,256,897,0,401,liboqs,gateway
Falcon-512,keygen,3773761,3.773761,4.86,0.0,256,897,0,402,liboqs,gateway
Falcon-512,keygen,3299188,3.299188,4.86,0.0,256,897,0,403,liboqs,gateway
Falcon-512,keygen,4113076,4.113076,4.86,0.0,256,897,0,404,liboqs,gateway
Falcon-512,keygen,5598777,5.598777,4.86,0.0,256,897,0,405,liboqs,gateway
Falcon-512,keygen,3876915,3.876915,4.86,0.0,256,897,0,406,liboqs,gateway
Falcon-512,keygen,4688335,4.688335,4.86,0.0,256,897,0,407,liboqs,gateway
Falcon-512,keygen,5556915,5.556915,4.86,0.0,256,897,0,408,liboqs,gateway
Falcon-512,keygen,4639963,4.639963,4.86,0.0,256,897,0,409,liboqs,gateway
Falcon-512,keygen,4212464,4.212464,4.86,0.0,256,897,0,410,liboqs,gateway
Falcon-512,keygen,5627193,5.627193,4.86,0.0,256,897,0,411,liboqs,gateway
Falcon-512,keygen,3993769,3.993769,4.86,0.0,256,897,0,412,liboqs,gateway
Falcon-512,keygen,3428981,3.428981,4.86,0.0,256,897,0,413,liboqs,gateway
Falcon-512,keygen,3043507,3.043507,4.86,0.0,256,897,0,414,liboqs,gateway
Falcon-512,keygen,4862321,4.862321,4.86,0.0,256,897,0,415,liboqs,gateway
Falcon-512,keygen,3205341,3.205341,4.86,0.0,256,897,0,416,liboqs,gateway
Falcon-512,keygen,3277537,3.277537,4.86,0.0,256,897,0,417,liboqs,gateway
Falcon-512,keygen,4736708,4.736708,4.86,0.0,256,897,0,418,liboqs,gateway
Falcon-512,keygen,6009489,6.009489,4.86,0.0,256,897,0,419,liboqs,gateway
Falcon-512,keygen,3008775,3.008775,4.86,0.0,256,897,0,420,liboqs,gateway
Falcon-512,keygen,3288121,3.288121,4.86,0.0,256,897,0,421,liboqs,gateway
Falcon-512,keygen,6778893,6.778893,4.86,0.0,256,897,0,422,liboqs,gateway
Falcon-512,keygen,5669821,5.669821,4.86,0.0,256,897,0,423,liboqs,gateway
Falcon-512,keygen,4629255,4.629255,4.86,0.0,256,897,0,424,liboqs,gateway
Falcon-512,keygen,3428922,3.428922,4.86,0.0,256,897,0,425,liboqs,gateway
Falcon-512,keygen,3562001,3.562001,4.86,0.0,256,897,0,426,liboqs,gateway
Falcon-512,keygen,3331849,3.331849,4.86,0.0,256,897,0,427,liboqs,gateway
Falcon-512,keygen,3685762,3.685762,4.86,0.0,256,897,0,428,liboqs,gateway
Falcon-512,keygen,3756271,3.756271,4.86,0.0,256,897,0,429,liboqs,gateway
Falcon-512,keygen,3389361,3.389361,4.86,0.0,256,897,0,430,liboqs,gateway
Falcon-512,keygen,3235025,3.235025,4.86,0.0,256,897,0,431,liboqs,gateway
Falcon-512,keygen,3098247,3.098247,4.86,0.0,256,897,0,432,liboqs,gateway
Falcon-512,keygen,3133381,3.133381,4.86,0.0,256,897,0,433,liboqs,gateway
Falcon-512,keygen,3695412,3.695412,4.86,0.0,256,897,0,434,liboqs,gateway
Falcon-512,keygen,5611460,5.61146,4.86,0.0,256,897,0,435,liboqs,gateway
Falcon-512,keygen,4901755,4.901755,4.86,0.0,256,897,0,436,liboqs,gateway
Falcon-512,keygen,3839292,3.839292,4.86,0.0,256,897,0,437,liboqs,gateway
Falcon-512,keygen,4060579,4.060579,4.86,0.0,256,897,0,438,liboqs,gateway
Falcon-512,keygen,3794230,3.79423,4.86,0.0,256,897,0,439,liboqs,gateway
Falcon-512,keygen,5874184,5.874184,4.86,0.0,256,897,0,440,liboqs,gateway
Falcon-512,keygen,6126917,6.126917,4.86,0.0,256,897,0,441,liboqs,gateway
Falcon-512,keygen,4784360,4.78436,4.86,0.0,256,897,0,442,liboqs,gateway
Falcon-512,keygen,6838163,6.838163,4.86,0.0,256,897,0,443,liboqs,gateway
Falcon-512,keygen,5353761,5.353761,4.86,0.0,256,897,0,444,liboqs,gateway
Falcon-512,keygen,3536496,3.536496,4.86,0.0,256,897,0,445,liboqs,gateway
Falcon-512,keygen,5122870,5.12287,4.86,0.0,256,897,0,446,liboqs,gateway
Falcon-512,keygen,3116724,3.116724,4.86,0.0,256,897,0,447,liboqs,gateway
Falcon-512,keygen,3908157,3.908157,4.86,0.0,256,897,0,448,liboqs,gateway
Falcon-512,keygen,4907781,4.907781,4.86,0.0,256,897,0,449,liboqs,gateway
Falcon-512,keygen,3164080,3.16408,4.86,0.0,256,897,0,450,liboqs,gateway
Falcon-512,keygen,3746600,3.7466,4.86,0.0,256,897,0,451,liboqs,gateway
Falcon-512,keygen,4251844,4.251844,4.86,0.0,256,897,0,452,liboqs,gateway
Falcon-512,keygen,3012040,3.01204,4.86,0.0,256,897,0,453,liboqs,gateway
Falcon-512,keygen,4223693,4.223693,4.86,0.0,256,897,0,454,liboqs,gateway
Falcon-512,keygen,3609535,3.609535,4.86,0.0,256,897,0,455,liboqs,gateway
Falcon-512,keygen,5160146,5.160146,4.86,0.0,256,897,0,456,liboqs,gateway
Falcon-512,keygen,3502382,3.502382,4.86,0.0,256,897,0,457,liboqs,gateway
Falcon-512,keygen,5525638,5.525638,4.86,0.0,256,897,0,458,liboqs,gateway
Falcon-512,keygen,3108529,3.108529,4.86,0.0,256,897,0,459,liboqs,gateway
Falcon-512,keygen,4896563,4.896563,4.86,0.0,256,897,0,460,liboqs,gateway
Falcon-512,keygen,4092046,4.092046,4.86,0.0,256,897,0,461,liboqs,gateway
Falcon-512,keygen,3097422,3.097422,4.86,0.0,256,897,0,462,liboqs,gateway
Falcon-512,keygen,4787146,4.787146,4.86,0.0,256,897,0,463,liboqs,gateway
Falcon-512,keygen,3337968,3.337968,4.86,0.0,256,897,0,464,liboqs,gateway
Falcon-512,keygen,3691527,3.691527,4.86,0.0,256,897,0,465,liboqs,gateway
Falcon-512,keygen,4438878,4.438878,4.86,0.0,256,897,0,466,liboqs,gateway
Falcon-512,keygen,3922987,3.922987,4.86,0.0,256,897,0,467,liboqs,gateway
Falcon-512,keygen,6361345,6.361345,4.86,0.0,256,897,0,468,liboqs,gateway
Falcon-512,keygen,3476749,3.476749,4.86,0.0,256,897,0,469,liboqs,gateway
Falcon-512,keygen,4345672,4.345672,4.86,0.0,256,897,0,470,liboqs,gateway
Falcon-512,keygen,3380452,3.380452,4.86,0.0,256,897,0,471,liboqs,gateway
Falcon-512,keygen,4138263,4.138263,4.86,0.0,256,897,0,472,liboqs,gateway
Falcon-512,keygen,4113307,4.113307,4.86,0.0,256,897,0,473,liboqs,gateway
Falcon-512,keygen,7474730,7.47473,4.86,0.0,256,897,0,474,liboqs,gateway
Falcon-512,keygen,5959900,5.9599,4.86,0.0,256,897,0,475,liboqs,gateway
Falcon-512,keygen,3825982,3.825982,4.86,0.0,256,897,0,476,liboqs,gateway
Falcon-512,keygen,5725751,5.725751,4.86,0.0,256,897,0,477,liboqs,gateway
Falcon-512,keygen,3805612,3.805612,4.86,0.0,256,897,0,478,liboqs,gateway
Falcon-512,keygen,3258823,3.258823,4.86,0.0,256,897,0,479,liboqs,gateway
Falcon-512,keygen,5015119,5.015119,4.86,0.0,256,897,0,480,liboqs,gateway
Falcon-512,keygen,3347761,3.347761,4.86,0.0,256,897,0,481,liboqs,gateway
Falcon-512,keygen,3465436,3.465436,4.86,0.0,256,897,0,482,liboqs,gateway
Falcon-512,keygen,6427972,6.427972,4.86,0.0,256,897,0,483,liboqs,gateway
Falcon-512,keygen,5015690,5.01569,4.86,0.0,256,897,0,484,liboqs,gateway
Falcon-512,keygen,3844320,3.84432,4.86,0.0,256,897,0,485,liboqs,gateway
Falcon-512,keygen,4003773,4.003773,4.86,0.0,256,897,0,486,liboqs,gateway
Falcon-512,keygen,3474958,3.474958,4.86,0.0,256,897,0,487,liboqs,gateway
Falcon-512,keygen,5561299,5.561299,4.86,0.0,256,897,0,488,liboqs,gateway
Falcon-512,keygen,3098866,3.098866,4.86,0.0,256,897,0,489,liboqs,gateway
Falcon-512,keygen,3823575,3.823575,4.86,0.0,256,897,0,490,liboqs,gateway
Falcon-512,keygen,4063225,4.063225,4.86,0.0,256,897,0,491,liboqs,gateway
Falcon-512,keygen,3797418,3.797418,4.86,0.0,256,897,0,492,liboqs,gateway
Falcon-512,keygen,3552619,3.552619,4.86,0.0,256,897,0,493,liboqs,gateway
Falcon-512,keygen,7750312,7.750312,4.86,0.0,256,897,0,494,liboqs,gateway
Falcon-512,keygen,4264997,4.264997,4.86,0.0,256,897,0,495,liboqs,gateway
Falcon-512,keygen,4166139,4.166139,4.86,0.0,256,897,0,496,liboqs,gateway
Falcon-512,keygen,3423291,3.423291,4.86,0.0,256,897,0,497,liboqs,gateway
Falcon-512,keygen,3299249,3.299249,4.86,0.0,256,897,0,498,liboqs,gateway
Falcon-512,keygen,3808683,3.808683,4.86,0.0,256,897,0,499,liboqs,gateway
Falcon-512,keygen,8554686,8.554686,4.86,0.0,256,897,0,500,liboqs,gateway
Falcon-512,keygen,3782282,3.782282,4.86,0.0,256,897,0,501,liboqs,gateway
Falcon-512,keygen,3043432,3.043432,4.86,0.0,256,897,0,502,liboqs,gateway
Falcon-512,keygen,5905773,5.905773,4.86,0.0,256,897,0,503,liboqs,gateway
Falcon-512,keygen,5920335,5.920335,4.86,0.0,256,897,0,504,liboqs,gateway
Falcon-512,keygen,3076480,3.07648,4.86,0.0,256,897,0,505,liboqs,gateway
Falcon-512,keygen,4507046,4.507046,4.86,0.0,256,897,0,506,liboqs,gateway
Falcon-512,keygen,3652045,3.652045,4.86,0.0,256,897,0,507,liboqs,gateway
Falcon-512,keygen,3373599,3.373599,4.86,0.0,256,897,0,508,liboqs,gateway
Falcon-512,keygen,4652113,4.652113,4.86,0.0,256,897,0,509,liboqs,gateway
Falcon-512,keygen,3553909,3.553909,4.86,0.0,256,897,0,510,liboqs,gateway
Falcon-512,keygen,3098662,3.098662,4.86,0.0,256,897,0,511,liboqs,gateway
Falcon-512,keygen,3175415,3.175415,4.86,0.0,256,897,0,512,liboqs,gateway
Falcon-512,keygen,3048941,3.048941,4.86,0.0,256,897,0,513,liboqs,gateway
Falcon-512,keygen,4681820,4.68182,4.86,0.0,256,897,0,514,liboqs,gateway
Falcon-512,keygen,3881928,3.881928,4.86,0.0,256,897,0,515,liboqs,gateway
Falcon-512,keygen,3025658,3.025658,4.86,0.0,256,897,0,516,liboqs,gateway
Falcon-512,keygen,3491535,3.491535,4.86,0.0,256,897,0,517,liboqs,gateway
Falcon-512,keygen,3556747,3.556747,4.86,0.0,256,897,0,518,liboqs,gateway
Falcon-512,keygen,3231918,3.231918,4.86,0.0,256,897,0,519,liboqs,gateway
Falcon-512,keygen,3462193,3.462193,4.86,0.0,256,897,0,520,liboqs,gateway
Falcon-512,keygen,3098644,3.098644,4.86,0.0,256,897,0,521,liboqs,gateway
Falcon-512,keygen,3289003,3.289003,4.86,0.0,256,897,0,522,liboqs,gateway
Falcon-512,keygen,5091876,5.091876,4.86,0.0,256,897,0,523,liboqs,gateway
Falcon-512,keygen,4206104,4.206104,4.86,0.0,256,897,0,524,liboqs,gateway
Falcon-512,keygen,4349157,4.349157,4.86,0.0,256,897,0,525,liboqs,gateway
Falcon-512,keygen,5640475,5.640475,4.86,0.0,256,897,0,526,liboqs,gateway
Falcon-512,keygen,3747830,3.74783,4.86,0.0,256,897,0,527,liboqs,gateway
Falcon-512,keygen,3385050,3.38505,4.86,0.0,256,897,0,528,liboqs,gateway
Falcon-512,keygen,3350199,3.350199,4.86,0.0,256,897,0,529,liboqs,gateway
Falcon-512,keygen,4337897,4.337897,4.86,0.0,256,897,0,530,liboqs,gateway
Falcon-512,keygen,3333794,3.333794,4.86,0.0,256,897,0,531,liboqs,gateway
Falcon-512,keygen,3470906,3.470906,4.86,0.0,256,897,0,532,liboqs,gateway
Falcon-512,keygen,3358584,3.358584,4.86,0.0,256,897,0,533,liboqs,gateway
Falcon-512,keygen,7224419,7.224419,4.86,0.0,256,897,0,534,liboqs,gateway
Falcon-512,keygen,4263189,4.263189,4.86,0.0,256,897,0,535,liboqs,gateway
Falcon-512,keygen,4403527,4.403527,4.86,0.0,256,897,0,536,liboqs,gateway
Falcon-512,keygen,3196253,3.196253,4.86,0.0,256,897,0,537,liboqs,gateway
Falcon-512,keygen,3112836,3.112836,4.86,0.0,256,897,0,538,liboqs,gateway
Falcon-512,keygen,3797446,3.797446,4.86,0.0,256,897,0,539,liboqs,gateway
Falcon-512,keygen,4713046,4.713046,4.86,0.0,256,897,0,540,liboqs,gateway
Falcon-512,keygen,3399072,3.399072,4.86,0.0,256,897,0,541,liboqs,gateway
Falcon-512,keygen,4559420,4.55942,4.86,0.0,256,897,0,542,liboqs,gateway
Falcon-512,keygen,3473250,3.47325,4.86,0.0,256,897,0,543,liboqs,gateway
Falcon-512,keygen,5104372,5.104372,4.86,0.0,256,897,0,544,liboqs,gateway
Falcon-512,keygen,3845513,3.845513,4.86,0.0,256,897,0,545,liboqs,gateway
Falcon-512,keygen,3379365,3.379365,4.86,0.0,256,897,0,546,liboqs,gateway
Falcon-512,keygen,3079505,3.079505,4.86,0.0,256,897,0,547,liboqs,gateway
Falcon-512,keygen,3809071,3.809071,4.86,0.0,256,897,0,548,liboqs,gateway
Falcon-512,keygen,3644807,3.644807,4.86,0.0,256,897,0,549,liboqs,gateway
Falcon-512,keygen,3577016,3.577016,4.86,0.0,256,897,0,550,liboqs,gateway
Falcon-512,keygen,4635788,4.635788,4.86,0.0,256,897,0,551,liboqs,gateway
Falcon-512,keygen,4124209,4.124209,4.86,0.0,256,897,0,552,liboqs,gateway
Falcon-512,keygen,3104954,3.104954,4.86,0.0,256,897,0,553,liboqs,gateway
Falcon-512,keygen,3094034,3.094034,4.86,0.0,256,897,0,554,liboqs,gateway
Falcon-512,keygen,11824782,11.824782,4.86,0.0,256,897,0,555,liboqs,gateway
Falcon-512,keygen,3053478,3.053478,4.86,0.0,256,897,0,556,liboqs,gateway
Falcon-512,keygen,3642048,3.642048,4.86,0.0,256,897,0,557,liboqs,gateway
Falcon-512,keygen,3469687,3.469687,4.86,0.0,256,897,0,558,liboqs,gateway
Falcon-512,keygen,3614176,3.614176,4.86,0.0,256,897,0,559,liboqs,gateway
Falcon-512,keygen,3770257,3.770257,4.86,0.0,256,897,0,560,liboqs,gateway
Falcon-512,keygen,4365757,4.365757,4.86,0.0,256,897,0,561,liboqs,gateway
Falcon-512,keygen,5636639,5.636639,4.86,0.0,256,897,0,562,liboqs,gateway
Falcon-512,keygen,4286108,4.286108,4.86,0.0,256,897,0,563,liboqs,gateway
Falcon-512,keygen,3115710,3.11571,4.86,0.0,256,897,0,564,liboqs,gateway
Falcon-512,keygen,3130294,3.130294,4.86,0.0,256,897,0,565,liboqs,gateway
Falcon-512,keygen,3185720,3.18572,4.86,0.0,256,897,0,566,liboqs,gateway
Falcon-512,keygen,3014177,3.014177,4.86,0.0,256,897,0,567,liboqs,gateway
Falcon-512,keygen,3370734,3.370734,4.86,0.0,256,897,0,568,liboqs,gateway
Falcon-512,keygen,6077167,6.077167,4.86,0.0,256,897,0,569,liboqs,gateway
Falcon-512,keygen,3043859,3.043859,4.86,0.0,256,897,0,570,liboqs,gateway
Falcon-512,keygen,3549372,3.549372,4.86,0.0,256,897,0,571,liboqs,gateway
Falcon-512,keygen,3183216,3.183216,4.86,0.0,256,897,0,572,liboqs,gateway
Falcon-512,keygen,4366749,4.366749,4.86,0.0,256,897,0,573,liboqs,gateway
Falcon-512,keygen,3650724,3.650724,4.86,0.0,256,897,0,574,liboqs,gateway
Falcon-512,keygen,6686395,6.686395,4.86,0.0,256,897,0,575,liboqs,gateway
Falcon-512,keygen,3581173,3.581173,4.86,0.0,256,897,0,576,liboqs,gateway
Falcon-512,keygen,5812563,5.812563,4.86,0.0,256,897,0,577,liboqs,gateway
Falcon-512,keygen,5649785,5.649785,4.86,0.0,256,897,0,578,liboqs,gateway
Falcon-512,keygen,3443779,3.443779,4.86,0.0,256,897,0,579,liboqs,gateway
Falcon-512,keygen,4382581,4.382581,4.86,0.0,256,897,0,580,liboqs,gateway
Falcon-512,keygen,3503321,3.503321,4.86,0.0,256,897,0,581,liboqs,gateway
Falcon-512,keygen,3645858,3.645858,4.86,0.0,256,897,0,582,liboqs,gateway
Falcon-512,keygen,4869565,4.869565,4.86,0.0,256,897,0,583,liboqs,gateway
Falcon-512,keygen,7727382,7.727382,4.86,0.0,256,897,0,584,liboqs,gateway
Falcon-512,keygen,4671343,4.671343,4.86,0.0,256,897,0,585,liboqs,gateway
Falcon-512,keygen,6160617,6.160617,4.86,0.0,256,897,0,586,liboqs,gateway
Falcon-512,keygen,3374405,3.374405,4.86,0.0,256,897,0,587,liboqs,gateway
Falcon-512,keygen,3998747,3.998747,4.86,0.0,256,897,0,588,liboqs,gateway
Falcon-512,keygen,5107876,5.107876,4.86,0.0,256,897,0,589,liboqs,gateway
Falcon-512,keygen,4300792,4.300792,4.86,0.0,256,897,0,590,liboqs,gateway
Falcon-512,keygen,5873343,5.873343,4.86,0.0,256,897,0,591,liboqs,gateway
Falcon-512,keygen,4088108,4.088108,9.52,0.0,256,897,0,592,liboqs,gateway
Falcon-512,keygen,3628405,3.628405,7.07,0.0,256,897,0,593,liboqs,gateway
Falcon-512,keygen,4127961,4.127961,4.86,0.0,256,897,0,594,liboqs,gateway
Falcon-512,keygen,4518271,4.518271,4.86,0.0,256,897,0,595,liboqs,gateway
Falcon-512,keygen,3085425,3.085425,4.86,0.0,256,897,0,596,liboqs,gateway
Falcon-512,keygen,4195541,4.195541,4.86,0.0,256,897,0,597,liboqs,gateway
Falcon-512,keygen,4548784,4.548784,4.86,0.0,256,897,0,598,liboqs,gateway
Falcon-512,keygen,5182356,5.182356,4.86,0.0,256,897,0,599,liboqs,gateway
Falcon-512,keygen,3198927,3.198927,4.86,0.0,256,897,0,600,liboqs,gateway
Falcon-512,keygen,5366984,5.366984,4.86,0.0,256,897,0,601,liboqs,gateway
Falcon-512,keygen,3230835,3.230835,4.86,0.0,256,897,0,602,liboqs,gateway
Falcon-512,keygen,4855175,4.855175,4.86,0.0,256,897,0,603,liboqs,gateway
Falcon-512,keygen,4534141,4.534141,4.86,0.0,256,897,0,604,liboqs,gateway
Falcon-512,keygen,3250673,3.250673,4.86,0.0,256,897,0,605,liboqs,gateway
Falcon-512,keygen,3375923,3.375923,4.86,0.0,256,897,0,606,liboqs,gateway
Falcon-512,keygen,4004076,4.004076,4.86,0.0,256,897,0,607,liboqs,gateway
Falcon-512,keygen,5789531,5.789531,4.86,0.0,256,897,0,608,liboqs,gateway
Falcon-512,keygen,6060900,6.0609,4.86,0.0,256,897,0,609,liboqs,gateway
Falcon-512,keygen,3025100,3.0251,4.86,0.0,256,897,0,610,liboqs,gateway
Falcon-512,keygen,4860143,4.860143,4.86,0.0,256,897,0,611,liboqs,gateway
Falcon-512,keygen,3125245,3.125245,4.86,0.0,256,897,0,612,liboqs,gateway
Falcon-512,keygen,2994267,2.994267,4.86,0.0,256,897,0,613,liboqs,gateway
Falcon-512,keygen,3428877,3.428877,4.86,0.0,256,897,0,614,liboqs,gateway
Falcon-512,keygen,4830019,4.830019,4.86,0.0,256,897,0,615,liboqs,gateway
Falcon-512,keygen,4211148,4.211148,4.86,0.0,256,897,0,616,liboqs,gateway
Falcon-512,keygen,5013757,5.013757,4.86,0.0,256,897,0,617,liboqs,gateway
Falcon-512,keygen,4097297,4.097297,4.86,0.0,256,897,0,618,liboqs,gateway
Falcon-512,keygen,3477466,3.477466,4.86,0.0,256,897,0,619,liboqs,gateway
Falcon-512,keygen,3791313,3.791313,4.86,0.0,256,897,0,620,liboqs,gateway
Falcon-512,keygen,5490123,5.490123,4.86,0.0,256,897,0,621,liboqs,gateway
Falcon-512,keygen,3156465,3.156465,4.86,0.0,256,897,0,622,liboqs,gateway
Falcon-512,keygen,3515348,3.515348,4.86,0.0,256,897,0,623,liboqs,gateway
Falcon-512,keygen,5866698,5.866698,4.86,0.0,256,897,0,624,liboqs,gateway
Falcon-512,keygen,4076478,4.076478,4.86,0.0,256,897,0,625,liboqs,gateway
Falcon-512,keygen,4089225,4.089225,4.86,0.0,256,897,0,626,liboqs,gateway
Falcon-512,keygen,3434274,3.434274,4.86,0.0,256,897,0,627,liboqs,gateway
Falcon-512,keygen,4521314,4.521314,4.86,0.0,256,897,0,628,liboqs,gateway
Falcon-512,keygen,5051472,5.051472,4.86,0.0,256,897,0,629,liboqs,gateway
Falcon-512,keygen,3316022,3.316022,4.86,0.0,256,897,0,630,liboqs,gateway
Falcon-512,keygen,3210480,3.21048,4.86,0.0,256,897,0,631,liboqs,gateway
Falcon-512,keygen,4695989,4.695989,4.86,0.0,256,897,0,632,liboqs,gateway
Falcon-512,keygen,3830369,3.830369,4.86,0.0,256,897,0,633,liboqs,gateway
Falcon-512,keygen,5688485,5.688485,4.86,0.0,256,897,0,634,liboqs,gateway
Falcon-512,keygen,5046819,5.046819,4.86,0.0,256,897,0,635,liboqs,gateway
Falcon-512,keygen,5715130,5.71513,4.86,0.0,256,897,0,636,liboqs,gateway
Falcon-512,keygen,3383252,3.383252,4.86,0.0,256,897,0,637,liboqs,gateway
Falcon-512,keygen,3927670,3.92767,4.86,0.0,256,897,0,638,liboqs,gateway
Falcon-512,keygen,5643844,5.643844,4.86,0.0,256,897,0,639,liboqs,gateway
Falcon-512,keygen,5181667,5.181667,4.86,0.0,256,897,0,640,liboqs,gateway
Falcon-512,keygen,4855303,4.855303,4.86,0.0,256,897,0,641,liboqs,gateway
Falcon-512,keygen,4125342,4.125342,4.86,0.0,256,897,0,642,liboqs,gateway
Falcon-512,keygen,3272697,3.272697,4.86,0.0,256,897,0,643,liboqs,gateway
Falcon-512,keygen,2994651,2.994651,4.86,0.0,256,897,0,644,liboqs,gateway
Falcon-512,keygen,4192509,4.192509,4.86,0.0,256,897,0,645,liboqs,gateway
Falcon-512,keygen,4291336,4.291336,4.86,0.0,256,897,0,646,liboqs,gateway
Falcon-512,keygen,3165106,3.165106,4.86,0.0,256,897,0,647,liboqs,gateway
Falcon-512,keygen,3905631,3.905631,4.86,0.0,256,897,0,648,liboqs,gateway
Falcon-512,keygen,4561974,4.561974,4.86,0.0,256,897,0,649,liboqs,gateway
Falcon-512,keygen,3076778,3.076778,4.86,0.0,256,897,0,650,liboqs,gateway
Falcon-512,keygen,3060517,3.060517,4.86,0.0,256,897,0,651,liboqs,gateway
Falcon-512,keygen,4211468,4.211468,4.86,0.0,256,897,0,652,liboqs,gateway
Falcon-512,keygen,3261807,3.261807,4.86,0.0,256,897,0,653,liboqs,gateway
Falcon-512,keygen,3784434,3.784434,4.86,0.0,256,897,0,654,liboqs,gateway
Falcon-512,keygen,6117128,6.117128,4.86,0.0,256,897,0,655,liboqs,gateway
Falcon-512,keygen,3462743,3.462743,4.86,0.0,256,897,0,656,liboqs,gateway
Falcon-512,keygen,5338419,5.338419,4.86,0.0,256,897,0,657,liboqs,gateway
Falcon-512,keygen,3594689,3.594689,4.86,0.0,256,897,0,658,liboqs,gateway
Falcon-512,keygen,6979103,6.979103,4.86,0.0,256,897,0,659,liboqs,gateway
Falcon-512,keygen,3654860,3.65486,4.86,0.0,256,897,0,660,liboqs,gateway
Falcon-512,keygen,4740711,4.740711,4.86,0.0,256,897,0,661,liboqs,gateway
Falcon-512,keygen,3712317,3.712317,4.86,0.0,256,897,0,662,liboqs,gateway
Falcon-512,keygen,3188955,3.188955,4.86,0.0,256,897,0,663,liboqs,gateway
Falcon-512,keygen,5079691,5.079691,4.86,0.0,256,897,0,664,liboqs,gateway
Falcon-512,keygen,9090353,9.090353,4.86,0.0,256,897,0,665,liboqs,gateway
Falcon-512,keygen,4645554,4.645554,4.86,0.0,256,897,0,666,liboqs,gateway
Falcon-512,keygen,3262107,3.262107,4.86,0.0,256,897,0,667,liboqs,gateway
Falcon-512,keygen,3345970,3.34597,4.86,0.0,256,897,0,668,liboqs,gateway
Falcon-512,keygen,4547459,4.547459,4.86,0.0,256,897,0,669,liboqs,gateway
Falcon-512,keygen,4243540,4.24354,4.86,0.0,256,897,0,670,liboqs,gateway
Falcon-512,keygen,3760547,3.760547,4.86,0.0,256,897,0,671,liboqs,gateway
Falcon-512,keygen,3340304,3.340304,4.86,0.0,256,897,0,672,liboqs,gateway
Falcon-512,keygen,4878529,4.878529,4.86,0.0,256,897,0,673,liboqs,gateway
Falcon-512,keygen,3131249,3.131249,4.86,0.0,256,897,0,674,liboqs,gateway
Falcon-512,keygen,3569419,3.569419,4.86,0.0,256,897,0,675,liboqs,gateway
Falcon-512,keygen,3360272,3.360272,4.86,0.0,256,897,0,676,liboqs,gateway
Falcon-512,keygen,4835581,4.835581,4.86,0.0,256,897,0,677,liboqs,gateway
Falcon-512,keygen,4020578,4.020578,4.86,0.0,256,897,0,678,liboqs,gateway
Falcon-512,keygen,3106440,3.10644,4.86,0.0,256,897,0,679,liboqs,gateway
Falcon-512,keygen,3210171,3.210171,4.86,0.0,256,897,0,680,liboqs,gateway
Falcon-512,keygen,4600233,4.600233,4.86,0.0,256,897,0,681,liboqs,gateway
Falcon-512,keygen,5589733,5.589733,4.86,0.0,256,897,0,682,liboqs,gateway
Falcon-512,keygen,3346202,3.346202,4.86,0.0,256,897,0,683,liboqs,gateway
Falcon-512,keygen,2994981,2.994981,4.86,0.0,256,897,0,684,liboqs,gateway
Falcon-512,keygen,3081507,3.081507,4.86,0.0,256,897,0,685,liboqs,gateway
Falcon-512,keygen,5624647,5.624647,4.86,0.0,256,897,0,686,liboqs,gateway
Falcon-512,keygen,3099289,3.099289,4.86,0.0,256,897,0,687,liboqs,gateway
Falcon-512,keygen,5139602,5.139602,4.86,0.0,256,897,0,688,liboqs,gateway
Falcon-512,keygen,3259977,3.259977,4.86,0.0,256,897,0,689,liboqs,gateway
Falcon-512,keygen,3269170,3.26917,4.86,0.0,256,897,0,690,liboqs,gateway
Falcon-512,keygen,3543522,3.543522,4.86,0.0,256,897,0,691,liboqs,gateway
Falcon-512,keygen,5763458,5.763458,4.86,0.0,256,897,0,692,liboqs,gateway
Falcon-512,keygen,4975412,4.975412,4.86,0.0,256,897,0,693,liboqs,gateway
Falcon-512,keygen,3761958,3.761958,4.86,0.0,256,897,0,694,liboqs,gateway
Falcon-512,keygen,5096659,5.096659,4.86,0.0,256,897,0,695,liboqs,gateway
Falcon-512,keygen,3279918,3.279918,4.86,0.0,256,897,0,696,liboqs,gateway
Falcon-512,keygen,4262036,4.262036,4.86,0.0,256,897,0,697,liboqs,gateway
Falcon-512,keygen,4029270,4.02927,4.86,0.0,256,897,0,698,liboqs,gateway
Falcon-512,keygen,3264221,3.264221,4.86,0.0,256,897,0,699,liboqs,gateway
Falcon-512,keygen,3238325,3.238325,4.86,0.0,256,897,0,700,liboqs,gateway
Falcon-512,keygen,3882827,3.882827,4.86,0.0,256,897,0,701,liboqs,gateway
Falcon-512,keygen,4905414,4.905414,4.86,0.0,256,897,0,702,liboqs,gateway
Falcon-512,keygen,5818593,5.818593,4.86,0.0,256,897,0,703,liboqs,gateway
Falcon-512,keygen,3258940,3.25894,4.86,0.0,256,897,0,704,liboqs,gateway
Falcon-512,keygen,3465135,3.465135,4.86,0.0,256,897,0,705,liboqs,gateway
Falcon-512,keygen,5948731,5.948731,4.86,0.0,256,897,0,706,liboqs,gateway
Falcon-512,keygen,8722885,8.722885,4.86,0.0,256,897,0,707,liboqs,gateway
Falcon-512,keygen,4552970,4.55297,4.86,0.0,256,897,0,708,liboqs,gateway
Falcon-512,keygen,3755211,3.755211,4.86,0.0,256,897,0,709,liboqs,gateway
Falcon-512,keygen,3452096,3.452096,4.86,0.0,256,897,0,710,liboqs,gateway
Falcon-512,keygen,5200023,5.200023,4.86,0.0,256,897,0,711,liboqs,gateway
Falcon-512,keygen,3020750,3.02075,4.86,0.0,256,897,0,712,liboqs,gateway
Falcon-512,keygen,3232583,3.232583,4.86,0.0,256,897,0,713,liboqs,gateway
Falcon-512,keygen,5410505,5.410505,4.86,0.0,256,897,0,714,liboqs,gateway
Falcon-512,keygen,3315821,3.315821,4.86,0.0,256,897,0,715,liboqs,gateway
Falcon-512,keygen,4838041,4.838041,4.86,0.0,256,897,0,716,liboqs,gateway
Falcon-512,keygen,5719462,5.719462,4.86,0.0,256,897,0,717,liboqs,gateway
Falcon-512,keygen,4116654,4.116654,4.86,0.0,256,897,0,718,liboqs,gateway
Falcon-512,keygen,3859402,3.859402,4.86,0.0,256,897,0,719,liboqs,gateway
Falcon-512,keygen,3948967,3.948967,4.86,0.0,256,897,0,720,liboqs,gateway
Falcon-512,keygen,3769210,3.76921,4.86,0.0,256,897,0,721,liboqs,gateway
Falcon-512,keygen,3203190,3.20319,4.86,0.0,256,897,0,722,liboqs,gateway
Falcon-512,keygen,5149363,5.149363,4.86,0.0,256,897,0,723,liboqs,gateway
Falcon-512,keygen,3143563,3.143563,4.86,0.0,256,897,0,724,liboqs,gateway
Falcon-512,keygen,3979024,3.979024,4.86,0.0,256,897,0,725,liboqs,gateway
Falcon-512,keygen,3669971,3.669971,4.86,0.0,256,897,0,726,liboqs,gateway
Falcon-512,keygen,7320734,7.320734,4.86,0.0,256,897,0,727,liboqs,gateway
Falcon-512,keygen,3669534,3.669534,4.86,0.0,256,897,0,728,liboqs,gateway
Falcon-512,keygen,3128801,3.128801,4.86,0.0,256,897,0,729,liboqs,gateway
Falcon-512,keygen,3041178,3.041178,4.86,0.0,256,897,0,730,liboqs,gateway
Falcon-512,keygen,3229071,3.229071,4.86,0.0,256,897,0,731,liboqs,gateway
Falcon-512,keygen,4752808,4.752808,4.86,0.0,256,897,0,732,liboqs,gateway
Falcon-512,keygen,5165079,5.165079,4.86,0.0,256,897,0,733,liboqs,gateway
Falcon-512,keygen,5706280,5.70628,4.86,0.0,256,897,0,734,liboqs,gateway
Falcon-512,keygen,3983846,3.983846,4.86,0.0,256,897,0,735,liboqs,gateway
Falcon-512,keygen,3424113,3.424113,4.86,0.0,256,897,0,736,liboqs,gateway
Falcon-512,keygen,3513933,3.513933,4.86,0.0,256,897,0,737,liboqs,gateway
Falcon-512,keygen,3436185,3.436185,4.86,0.0,256,897,0,738,liboqs,gateway
Falcon-512,keygen,3140793,3.140793,4.86,0.0,256,897,0,739,liboqs,gateway
Falcon-512,keygen,4146449,4.146449,4.86,0.0,256,897,0,740,liboqs,gateway
Falcon-512,keygen,3530121,3.530121,4.86,0.0,256,897,0,741,liboqs,gateway
Falcon-512,keygen,3215154,3.215154,4.86,0.0,256,897,0,742,liboqs,gateway
Falcon-512,keygen,3232110,3.23211,4.86,0.0,256,897,0,743,liboqs,gateway
Falcon-512,keygen,3363258,3.363258,4.86,0.0,256,897,0,744,liboqs,gateway
Falcon-512,keygen,5241114,5.241114,4.86,0.0,256,897,0,745,liboqs,gateway
Falcon-512,keygen,3747948,3.747948,4.86,0.0,256,897,0,746,liboqs,gateway
Falcon-512,keygen,5368818,5.368818,4.86,0.0,256,897,0,747,liboqs,gateway
Falcon-512,keygen,3745529,3.745529,4.86,0.0,256,897,0,748,liboqs,gateway
Falcon-512,keygen,5851156,5.851156,4.86,0.0,256,897,0,749,liboqs,gateway
Falcon-512,keygen,3417821,3.417821,4.86,0.0,256,897,0,750,liboqs,gateway
Falcon-512,keygen,4236608,4.236608,4.86,0.0,256,897,0,751,liboqs,gateway
Falcon-512,keygen,3364598,3.364598,4.86,0.0,256,897,0,752,liboqs,gateway
Falcon-512,keygen,5135516,5.135516,4.86,0.0,256,897,0,753,liboqs,gateway
Falcon-512,keygen,3339983,3.339983,4.86,0.0,256,897,0,754,liboqs,gateway
Falcon-512,keygen,3022123,3.022123,4.86,0.0,256,897,0,755,liboqs,gateway
Falcon-512,keygen,3115179,3.115179,4.86,0.0,256,897,0,756,liboqs,gateway
Falcon-512,keygen,4008270,4.00827,4.86,0.0,256,897,0,757,liboqs,gateway
Falcon-512,keygen,4128114,4.128114,4.86,0.0,256,897,0,758,liboqs,gateway
Falcon-512,keygen,3406261,3.406261,4.86,0.0,256,897,0,759,liboqs,gateway
Falcon-512,keygen,3540094,3.540094,4.86,0.0,256,897,0,760,liboqs,gateway
Falcon-512,keygen,5307782,5.307782,4.86,0.0,256,897,0,761,liboqs,gateway
Falcon-512,keygen,3651699,3.651699,4.86,0.0,256,897,0,762,liboqs,gateway
Falcon-512,keygen,4583370,4.58337,4.86,0.0,256,897,0,763,liboqs,gateway
Falcon-512,keygen,3887940,3.88794,4.86,0.0,256,897,0,764,liboqs,gateway
Falcon-512,keygen,3348339,3.348339,4.86,0.0,256,897,0,765,liboqs,gateway
Falcon-512,keygen,3914910,3.91491,4.86,0.0,256,897,0,766,liboqs,gateway
Falcon-512,keygen,4229478,4.229478,4.86,0.0,256,897,0,767,liboqs,gateway
Falcon-512,keygen,3799818,3.799818,4.86,0.0,256,897,0,768,liboqs,gateway
Falcon-512,keygen,5269220,5.26922,4.86,0.0,256,897,0,769,liboqs,gateway
Falcon-512,keygen,5590695,5.590695,4.86,0.0,256,897,0,770,liboqs,gateway
Falcon-512,keygen,4239674,4.239674,4.86,0.0,256,897,0,771,liboqs,gateway
Falcon-512,keygen,3317987,3.317987,4.86,0.0,256,897,0,772,liboqs,gateway
Falcon-512,keygen,5024152,5.024152,4.86,0.0,256,897,0,773,liboqs,gateway
Falcon-512,keygen,3684867,3.684867,4.86,0.0,256,897,0,774,liboqs,gateway
Falcon-512,keygen,3654827,3.654827,4.86,0.0,256,897,0,775,liboqs,gateway
Falcon-512,keygen,5479097,5.479097,4.86,0.0,256,897,0,776,liboqs,gateway
Falcon-512,keygen,3549329,3.549329,4.86,0.0,256,897,0,777,liboqs,gateway
Falcon-512,keygen,4729249,4.729249,4.86,0.0,256,897,0,778,liboqs,gateway
Falcon-512,keygen,4460886,4.460886,4.86,0.0,256,897,0,779,liboqs,gateway
Falcon-512,keygen,4326596,4.326596,4.86,0.0,256,897,0,780,liboqs,gateway
Falcon-512,keygen,5557764,5.557764,4.86,0.0,256,897,0,781,liboqs,gateway
Falcon-512,keygen,4569435,4.569435,4.86,0.0,256,897,0,782,liboqs,gateway
Falcon-512,keygen,3306493,3.306493,4.86,0.0,256,897,0,783,liboqs,gateway
Falcon-512,keygen,8177752,8.177752,4.86,0.0,256,897,0,784,liboqs,gateway
Falcon-512,keygen,4370223,4.370223,4.86,0.0,256,897,0,785,liboqs,gateway
Falcon-512,keygen,3306162,3.306162,4.86,0.0,256,897,0,786,liboqs,gateway
Falcon-512,keygen,4809844,4.809844,4.86,0.0,256,897,0,787,liboqs,gateway
Falcon-512,keygen,3442062,3.442062,4.86,0.0,256,897,0,788,liboqs,gateway
Falcon-512,keygen,3187747,3.187747,4.86,0.0,256,897,0,789,liboqs,gateway
Falcon-512,keygen,5220684,5.220684,4.86,0.0,256,897,0,790,liboqs,gateway
Falcon-512,keygen,3160346,3.160346,4.86,0.0,256,897,0,791,liboqs,gateway
Falcon-512,keygen,3253941,3.253941,4.86,0.0,256,897,0,792,liboqs,gateway
Falcon-512,keygen,3065515,3.065515,4.86,0.0,256,897,0,793,liboqs,gateway
Falcon-512,keygen,3593220,3.59322,4.86,0.0,256,897,0,794,liboqs,gateway
Falcon-512,keygen,4238607,4.238607,4.86,0.0,256,897,0,795,liboqs,gateway
Falcon-512,keygen,3441004,3.441004,4.86,0.0,256,897,0,796,liboqs,gateway
Falcon-512,keygen,4383725,4.383725,4.86,0.0,256,897,0,797,liboqs,gateway
Falcon-512,keygen,6485423,6.485423,4.86,0.0,256,897,0,798,liboqs,gateway
Falcon-512,keygen,3455412,3.455412,4.86,0.0,256,897,0,799,liboqs,gateway
Falcon-512,keygen,4472650,4.47265,4.86,0.0,256,897,0,800,liboqs,gateway
Falcon-512,keygen,3006390,3.00639,4.86,0.0,256,897,0,801,liboqs,gateway
Falcon-512,keygen,5162375,5.162375,4.86,0.0,256,897,0,802,liboqs,gateway
Falcon-512,keygen,4249394,4.249394,4.86,0.0,256,897,0,803,liboqs,gateway
Falcon-512,keygen,3355133,3.355133,4.86,0.0,256,897,0,804,liboqs,gateway
Falcon-512,keygen,3032693,3.032693,4.86,0.0,256,897,0,805,liboqs,gateway
Falcon-512,keygen,4251066,4.251066,4.86,0.0,256,897,0,806,liboqs,gateway
Falcon-512,keygen,5286103,5.286103,4.86,0.0,256,897,0,807,liboqs,gateway
Falcon-512,keygen,4748731,4.748731,4.86,0.0,256,897,0,808,liboqs,gateway
Falcon-512,keygen,3838360,3.83836,4.86,0.0,256,897,0,809,liboqs,gateway
Falcon-512,keygen,4277732,4.277732,4.86,0.0,256,897,0,810,liboqs,gateway
Falcon-512,keygen,4667144,4.667144,4.86,0.0,256,897,0,811,liboqs,gateway
Falcon-512,keygen,3655430,3.65543,4.86,0.0,256,897,0,812,liboqs,gateway
Falcon-512,keygen,3083958,3.083958,4.86,0.0,256,897,0,813,liboqs,gateway
Falcon-512,keygen,3167345,3.167345,4.86,0.0,256,897,0,814,liboqs,gateway
Falcon-512,keygen,4357839,4.357839,4.86,0.0,256,897,0,815,liboqs,gateway
Falcon-512,keygen,3657375,3.657375,4.86,0.0,256,897,0,816,liboqs,gateway
Falcon-512,keygen,4938638,4.938638,4.86,0.0,256,897,0,817,liboqs,gateway
Falcon-512,keygen,6758591,6.758591,4.86,0.0,256,897,0,818,liboqs,gateway
Falcon-512,keygen,3196038,3.196038,4.86,0.0,256,897,0,819,liboqs,gateway
Falcon-512,keygen,3431303,3.431303,4.86,0.0,256,897,0,820,liboqs,gateway
Falcon-512,keygen,4007381,4.007381,4.86,0.0,256,897,0,821,liboqs,gateway
Falcon-512,keygen,4105012,4.105012,4.86,0.0,256,897,0,822,liboqs,gateway
Falcon-512,keygen,2991402,2.991402,4.86,0.0,256,897,0,823,liboqs,gateway
Falcon-512,keygen,3994025,3.994025,4.86,0.0,256,897,0,824,liboqs,gateway
Falcon-512,keygen,3900550,3.90055,4.86,0.0,256,897,0,825,liboqs,gateway
Falcon-512,keygen,4713810,4.71381,4.86,0.0,256,897,0,826,liboqs,gateway
Falcon-512,keygen,6099005,6.099005,4.86,0.0,256,897,0,827,liboqs,gateway
Falcon-512,keygen,3187509,3.187509,4.86,0.0,256,897,0,828,liboqs,gateway
Falcon-512,keygen,5202059,5.202059,4.86,0.0,256,897,0,829,liboqs,gateway
Falcon-512,keygen,3226932,3.226932,4.86,0.0,256,897,0,830,liboqs,gateway
Falcon-512,keygen,4337541,4.337541,4.86,0.0,256,897,0,831,liboqs,gateway
Falcon-512,keygen,3337866,3.337866,4.86,0.0,256,897,0,832,liboqs,gateway
Falcon-512,keygen,3117494,3.117494,4.86,0.0,256,897,0,833,liboqs,gateway
Falcon-512,keygen,3018280,3.01828,4.86,0.0,256,897,0,834,liboqs,gateway
Falcon-512,keygen,4532548,4.532548,4.86,0.0,256,897,0,835,liboqs,gateway
Falcon-512,keygen,3348915,3.348915,4.86,0.0,256,897,0,836,liboqs,gateway
Falcon-512,keygen,3441889,3.441889,4.86,0.0,256,897,0,837,liboqs,gateway
Falcon-512,keygen,4191253,4.191253,4.86,0.0,256,897,0,838,liboqs,gateway
Falcon-512,keygen,6078874,6.078874,4.86,0.0,256,897,0,839,liboqs,gateway
Falcon-512,keygen,3732762,3.732762,4.86,0.0,256,897,0,840,liboqs,gateway
Falcon-512,keygen,9073345,9.073345,4.86,0.0,256,897,0,841,liboqs,gateway
Falcon-512,keygen,6367237,6.367237,4.86,0.0,256,897,0,842,liboqs,gateway
Falcon-512,keygen,3185535,3.185535,4.86,0.0,256,897,0,843,liboqs,gateway
Falcon-512,keygen,4840546,4.840546,4.86,0.0,256,897,0,844,liboqs,gateway
Falcon-512,keygen,3655004,3.655004,4.86,0.0,256,897,0,845,liboqs,gateway
Falcon-512,keygen,3263935,3.263935,4.86,0.0,256,897,0,846,liboqs,gateway
Falcon-512,keygen,4651324,4.651324,4.86,0.0,256,897,0,847,liboqs,gateway
Falcon-512,keygen,3724754,3.724754,4.86,0.0,256,897,0,848,liboqs,gateway
Falcon-512,keygen,3366884,3.366884,4.86,0.0,256,897,0,849,liboqs,gateway
Falcon-512,keygen,3202587,3.202587,4.86,0.0,256,897,0,850,liboqs,gateway
Falcon-512,keygen,3092662,3.092662,4.86,0.0,256,897,0,851,liboqs,gateway
Falcon-512,keygen,3192855,3.192855,4.86,0.0,256,897,0,852,liboqs,gateway
Falcon-512,keygen,3708187,3.708187,4.86,0.0,256,897,0,853,liboqs,gateway
Falcon-512,keygen,3009646,3.009646,4.86,0.0,256,897,0,854,liboqs,gateway
Falcon-512,keygen,3483895,3.483895,4.86,0.0,256,897,0,855,liboqs,gateway
Falcon-512,keygen,4541062,4.541062,4.86,0.0,256,897,0,856,liboqs,gateway
Falcon-512,keygen,4742505,4.742505,4.86,0.0,256,897,0,857,liboqs,gateway
Falcon-512,keygen,3613994,3.613994,4.86,0.0,256,897,0,858,liboqs,gateway
Falcon-512,keygen,3497280,3.49728,4.86,0.0,256,897,0,859,liboqs,gateway
Falcon-512,keygen,4086084,4.086084,4.86,0.0,256,897,0,860,liboqs,gateway
Falcon-512,keygen,4500808,4.500808,4.86,0.0,256,897,0,861,liboqs,gateway
Falcon-512,keygen,3002979,3.002979,4.86,0.0,256,897,0,862,liboqs,gateway
Falcon-512,keygen,3795305,3.795305,4.86,0.0,256,897,0,863,liboqs,gateway
Falcon-512,keygen,4921302,4.921302,4.86,0.0,256,897,0,864,liboqs,gateway
Falcon-512,keygen,4847429,4.847429,4.86,0.0,256,897,0,865,liboqs,gateway
Falcon-512,keygen,4336307,4.336307,4.86,0.0,256,897,0,866,liboqs,gateway
Falcon-512,keygen,3638236,3.638236,4.86,0.0,256,897,0,867,liboqs,gateway
Falcon-512,keygen,4371136,4.371136,4.86,0.0,256,897,0,868,liboqs,gateway
Falcon-512,keygen,5386159,5.386159,4.86,0.0,256,897,0,869,liboqs,gateway
Falcon-512,keygen,3352890,3.35289,4.86,0.0,256,897,0,870,liboqs,gateway
Falcon-512,keygen,4542567,4.542567,4.86,0.0,256,897,0,871,liboqs,gateway
Falcon-512,keygen,3232235,3.232235,4.86,0.0,256,897,0,872,liboqs,gateway
Falcon-512,keygen,3229225,3.229225,4.86,0.0,256,897,0,873,liboqs,gateway
Falcon-512,keygen,3689456,3.689456,4.86,0.0,256,897,0,874,liboqs,gateway
Falcon-512,keygen,3279893,3.279893,4.86,0.0,256,897,0,875,liboqs,gateway
Falcon-512,keygen,3365319,3.365319,4.86,0.0,256,897,0,876,liboqs,gateway
Falcon-512,keygen,3101612,3.101612,4.86,0.0,256,897,0,877,liboqs,gateway
Falcon-512,keygen,4938602,4.938602,4.86,0.0,256,897,0,878,liboqs,gateway
Falcon-512,keygen,6253590,6.25359,4.86,0.0,256,897,0,879,liboqs,gateway
Falcon-512,keygen,3513831,3.513831,4.86,0.0,256,897,0,880,liboqs,gateway
Falcon-512,keygen,4321468,4.321468,4.86,0.0,256,897,0,881,liboqs,gateway
Falcon-512,keygen,4316783,4.316783,4.86,0.0,256,897,0,882,liboqs,gateway
Falcon-512,keygen,3015278,3.015278,4.86,0.0,256,897,0,883,liboqs,gateway
Falcon-512,keygen,3498739,3.498739,4.86,0.0,256,897,0,884,liboqs,gateway
Falcon-512,keygen,3370366,3.370366,4.86,0.0,256,897,0,885,liboqs,gateway
Falcon-512,keygen,3194120,3.19412,4.86,0.0,256,897,0,886,liboqs,gateway
Falcon-512,keygen,5618762,5.618762,4.86,0.0,256,897,0,887,liboqs,gateway
Falcon-512,keygen,3769197,3.769197,4.86,0.0,256,897,0,888,liboqs,gateway
Falcon-512,keygen,4848312,4.848312,4.86,0.0,256,897,0,889,liboqs,gateway
Falcon-512,keygen,3491481,3.491481,4.86,0.0,256,897,0,890,liboqs,gateway
Falcon-512,keygen,4291414,4.291414,4.86,0.0,256,897,0,891,liboqs,gateway
Falcon-512,keygen,3653765,3.653765,4.86,0.0,256,897,0,892,liboqs,gateway
Falcon-512,keygen,4365470,4.36547,4.86,0.0,256,897,0,893,liboqs,gateway
Falcon-512,keygen,4100500,4.1005,4.86,0.0,256,897,0,894,liboqs,gateway
Falcon-512,keygen,3301952,3.301952,4.86,0.0,256,897,0,895,liboqs,gateway
Falcon-512,keygen,3070675,3.070675,4.86,0.0,256,897,0,896,liboqs,gateway
Falcon-512,keygen,3427792,3.427792,4.86,0.0,256,897,0,897,liboqs,gateway
Falcon-512,keygen,5972351,5.972351,4.86,0.0,256,897,0,898,liboqs,gateway
Falcon-512,keygen,3638279,3.638279,4.86,0.0,256,897,0,899,liboqs,gateway
Falcon-512,keygen,3473443,3.473443,4.86,0.0,256,897,0,900,liboqs,gateway
Falcon-512,keygen,5106022,5.106022,4.86,0.0,256,897,0,901,liboqs,gateway
Falcon-512,keygen,3824600,3.8246,4.86,0.0,256,897,0,902,liboqs,gateway
Falcon-512,keygen,4000565,4.000565,4.86,0.0,256,897,0,903,liboqs,gateway
Falcon-512,keygen,3816675,3.816675,4.86,0.0,256,897,0,904,liboqs,gateway
Falcon-512,keygen,3440534,3.440534,4.86,0.0,256,897,0,905,liboqs,gateway
Falcon-512,keygen,3245730,3.24573,4.86,0.0,256,897,0,906,liboqs,gateway
Falcon-512,keygen,4615404,4.615404,4.86,0.0,256,897,0,907,liboqs,gateway
Falcon-512,keygen,3762331,3.762331,4.86,0.0,256,897,0,908,liboqs,gateway
Falcon-512,keygen,4887718,4.887718,4.86,0.0,256,897,0,909,liboqs,gateway
Falcon-512,keygen,3801260,3.80126,4.86,0.0,256,897,0,910,liboqs,gateway
Falcon-512,keygen,7746202,7.746202,4.86,0.0,256,897,0,911,liboqs,gateway
Falcon-512,keygen,4632991,4.632991,4.86,0.0,256,897,0,912,liboqs,gateway
Falcon-512,keygen,3365379,3.365379,4.86,0.0,256,897,0,913,liboqs,gateway
Falcon-512,keygen,5544025,5.544025,4.86,0.0,256,897,0,914,liboqs,gateway
Falcon-512,keygen,3113642,3.113642,4.86,0.0,256,897,0,915,liboqs,gateway
Falcon-512,keygen,6956611,6.956611,4.86,0.0,256,897,0,916,liboqs,gateway
Falcon-512,keygen,5843110,5.84311,4.86,0.0,256,897,0,917,liboqs,gateway
Falcon-512,keygen,4263378,4.263378,4.86,0.0,256,897,0,918,liboqs,gateway
Falcon-512,keygen,6602785,6.602785,4.86,0.0,256,897,0,919,liboqs,gateway
Falcon-512,keygen,3664825,3.664825,4.86,0.0,256,897,0,920,liboqs,gateway
Falcon-512,keygen,3917065,3.917065,4.86,0.0,256,897,0,921,liboqs,gateway
Falcon-512,keygen,3869518,3.869518,4.86,0.0,256,897,0,922,liboqs,gateway
Falcon-512,keygen,4141047,4.141047,4.86,0.0,256,897,0,923,liboqs,gateway
Falcon-512,keygen,3761524,3.761524,4.86,0.0,256,897,0,924,liboqs,gateway
Falcon-512,keygen,3479179,3.479179,4.86,0.0,256,897,0,925,liboqs,gateway
Falcon-512,keygen,4269237,4.269237,4.86,0.0,256,897,0,926,liboqs,gateway
Falcon-512,keygen,3686331,3.686331,4.86,0.0,256,897,0,927,liboqs,gateway
Falcon-512,keygen,6308111,6.308111,4.86,0.0,256,897,0,928,liboqs,gateway
Falcon-512,keygen,3018516,3.018516,4.86,0.0,256,897,0,929,liboqs,gateway
Falcon-512,keygen,3135269,3.135269,9.52,0.0,256,897,0,930,liboqs,gateway
Falcon-512,keygen,4215057,4.215057,7.65,0.0,256,897,0,931,liboqs,gateway
Falcon-512,keygen,5705021,5.705021,4.86,0.0,256,897,0,932,liboqs,gateway
Falcon-512,keygen,3577725,3.577725,4.86,0.0,256,897,0,933,liboqs,gateway
Falcon-512,keygen,4286318,4.286318,4.86,0.0,256,897,0,934,liboqs,gateway
Falcon-512,keygen,4825951,4.825951,4.86,0.0,256,897,0,935,liboqs,gateway
Falcon-512,keygen,4962553,4.962553,4.86,0.0,256,897,0,936,liboqs,gateway
Falcon-512,keygen,3022946,3.022946,4.86,0.0,256,897,0,937,liboqs,gateway
Falcon-512,keygen,3949054,3.949054,4.86,0.0,256,897,0,938,liboqs,gateway
Falcon-512,keygen,3318198,3.318198,4.86,0.0,256,897,0,939,liboqs,gateway
Falcon-512,keygen,4223574,4.223574,4.86,0.0,256,897,0,940,liboqs,gateway
Falcon-512,keygen,6168536,6.168536,4.86,0.0,256,897,0,941,liboqs,gateway
Falcon-512,keygen,3678288,3.678288,4.86,0.0,256,897,0,942,liboqs,gateway
Falcon-512,keygen,3086431,3.086431,4.86,0.0,256,897,0,943,liboqs,gateway
Falcon-512,keygen,3439013,3.439013,4.86,0.0,256,897,0,944,liboqs,gateway
Falcon-512,keygen,3447137,3.447137,4.86,0.0,256,897,0,945,liboqs,gateway
Falcon-512,keygen,4140015,4.140015,4.86,0.0,256,897,0,946,liboqs,gateway
Falcon-512,keygen,5934496,5.934496,4.86,0.0,256,897,0,947,liboqs,gateway
Falcon-512,keygen,4229679,4.229679,4.86,0.0,256,897,0,948,liboqs,gateway
Falcon-512,keygen,6860398,6.860398,4.86,0.0,256,897,0,949,liboqs,gateway
Falcon-512,keygen,3175023,3.175023,4.86,0.0,256,897,0,950,liboqs,gateway
Falcon-512,keygen,3534662,3.534662,4.86,0.0,256,897,0,951,liboqs,gateway
Falcon-512,keygen,3886456,3.886456,4.86,0.0,256,897,0,952,liboqs,gateway
Falcon-512,keygen,4137720,4.13772,4.86,0.0,256,897,0,953,liboqs,gateway
Falcon-512,keygen,5148454,5.148454,4.86,0.0,256,897,0,954,liboqs,gateway
Falcon-512,keygen,3595607,3.595607,4.86,0.0,256,897,0,955,liboqs,gateway
Falcon-512,keygen,4763042,4.763042,4.86,0.0,256,897,0,956,liboqs,gateway
Falcon-512,keygen,3563374,3.563374,4.86,0.0,256,897,0,957,liboqs,gateway
Falcon-512,keygen,4225522,4.225522,4.86,0.0,256,897,0,958,liboqs,gateway
Falcon-512,keygen,3875649,3.875649,4.86,0.0,256,897,0,959,liboqs,gateway
Falcon-512,keygen,5847746,5.847746,4.86,0.0,256,897,0,960,liboqs,gateway
Falcon-512,keygen,3506130,3.50613,4.86,0.0,256,897,0,961,liboqs,gateway
Falcon-512,keygen,3421542,3.421542,4.86,0.0,256,897,0,962,liboqs,gateway
Falcon-512,keygen,4823388,4.823388,4.86,0.0,256,897,0,963,liboqs,gateway
Falcon-512,keygen,3704796,3.704796,4.86,0.0,256,897,0,964,liboqs,gateway
Falcon-512,keygen,3625031,3.625031,4.86,0.0,256,897,0,965,liboqs,gateway
Falcon-512,keygen,3018416,3.018416,4.86,0.0,256,897,0,966,liboqs,gateway
Falcon-512,keygen,3477695,3.477695,4.86,0.0,256,897,0,967,liboqs,gateway
Falcon-512,keygen,3290021,3.290021,4.86,0.0,256,897,0,968,liboqs,gateway
Falcon-512,keygen,4367366,4.367366,4.86,0.0,256,897,0,969,liboqs,gateway
Falcon-512,keygen,3739150,3.73915,4.86,0.0,256,897,0,970,liboqs,gateway
Falcon-512,keygen,3955879,3.955879,4.86,0.0,256,897,0,971,liboqs,gateway
Falcon-512,keygen,6095402,6.095402,4.86,0.0,256,897,0,972,liboqs,gateway
Falcon-512,keygen,3315766,3.315766,4.86,0.0,256,897,0,973,liboqs,gateway
Falcon-512,keygen,3336786,3.336786,4.86,0.0,256,897,0,974,liboqs,gateway
Falcon-512,keygen,6001656,6.001656,4.86,0.0,256,897,0,975,liboqs,gateway
Falcon-512,keygen,4532701,4.532701,4.86,0.0,256,897,0,976,liboqs,gateway
Falcon-512,keygen,4591830,4.59183,4.86,0.0,256,897,0,977,liboqs,gateway
Falcon-512,keygen,3351810,3.35181,4.86,0.0,256,897,0,978,liboqs,gateway
Falcon-512,keygen,3827040,3.82704,4.86,0.0,256,897,0,979,liboqs,gateway
Falcon-512,keygen,3846871,3.846871,4.86,0.0,256,897,0,980,liboqs,gateway
Falcon-512,keygen,3450740,3.45074,4.86,0.0,256,897,0,981,liboqs,gateway
Falcon-512,keygen,4665436,4.665436,4.86,0.0,256,897,0,982,liboqs,gateway
Falcon-512,keygen,4469703,4.469703,4.86,0.0,256,897,0,983,liboqs,gateway
Falcon-512,keygen,3395196,3.395196,4.86,0.0,256,897,0,984,liboqs,gateway
Falcon-512,keygen,3858030,3.85803,4.86,0.0,256,897,0,985,liboqs,gateway
Falcon-512,keygen,4193947,4.193947,4.86,0.0,256,897,0,986,liboqs,gateway
Falcon-512,keygen,3270552,3.270552,4.86,0.0,256,897,0,987,liboqs,gateway
Falcon-512,keygen,4554882,4.554882,4.86,0.0,256,897,0,988,liboqs,gateway
Falcon-512,keygen,4246391,4.246391,4.86,0.0,256,897,0,989,liboqs,gateway
Falcon-512,keygen,4056309,4.056309,4.86,0.0,256,897,0,990,liboqs,gateway
Falcon-512,keygen,3280641,3.280641,4.86,0.0,256,897,0,991,liboqs,gateway
Falcon-512,keygen,3640179,3.640179,6.69,0.0,256,897,0,992,liboqs,gateway
Falcon-512,keygen,3353850,3.35385,5.17,0.0,256,897,0,993,liboqs,gateway
Falcon-512,keygen,3581329,3.581329,4.86,0.0,256,897,0,994,liboqs,gateway
Falcon-512,keygen,3404004,3.404004,4.86,0.0,256,897,0,995,liboqs,gateway
Falcon-512,keygen,3470710,3.47071,4.86,0.0,256,897,0,996,liboqs,gateway
Falcon-512,keygen,4708875,4.708875,4.86,0.0,256,897,0,997,liboqs,gateway
Falcon-512,keygen,3798301,3.798301,4.86,0.0,256,897,0,998,liboqs,gateway
Falcon-512,keygen,3102759,3.102759,4.86,0.0,256,897,0,999,liboqs,gateway
Falcon-512,sign,221198,0.221198,9.25,0.0,256,897,752,0,liboqs,gateway
Falcon-512,sign,156713,0.156713,4.64,0.0,256,897,752,1,liboqs,gateway
Falcon-512,sign,153825,0.153825,4.63,0.0,256,897,752,2,liboqs,gateway
Falcon-512,sign,152133,0.152133,4.7,0.0,256,897,752,3,liboqs,gateway
Falcon-512,sign,148735,0.148735,4.7,0.0,256,897,752,4,liboqs,gateway
Falcon-512,sign,159019,0.159019,4.7,0.0,256,897,752,5,liboqs,gateway
Falcon-512,sign,159103,0.159103,4.7,0.0,256,897,752,6,liboqs,gateway
Falcon-512,sign,149953,0.149953,4.7,0.0,256,897,752,7,liboqs,gateway
Falcon-512,sign,148362,0.148362,4.7,0.0,256,897,752,8,liboqs,gateway
Falcon-512,sign,145534,0.145534,4.7,0.0,256,897,752,9,liboqs,gateway
Falcon-512,sign,197260,0.19726,4.7,0.0,256,897,752,10,liboqs,gateway
Falcon-512,sign,189435,0.189435,4.7,0.0,256,897,752,11,liboqs,gateway
Falcon-512,sign,173032,0.173032,4.7,0.0,256,897,752,12,liboqs,gateway
Falcon-512,sign,159711,0.159711,4.7,0.0,256,897,752,13,liboqs,gateway
Falcon-512,sign,149759,0.149759,4.7,0.0,256,897,752,14,liboqs,gateway
Falcon-512,sign,150593,0.150593,4.7,0.0,256,897,752,15,liboqs,gateway
Falcon-512,sign,158655,0.158655,4.7,0.0,256,897,752,16,liboqs,gateway
Falcon-512,sign,150773,0.150773,4.7,0.0,256,897,752,17,liboqs,gateway
Falcon-512,sign,146659,0.146659,4.7,0.0,256,897,752,18,liboqs,gateway
Falcon-512,sign,145273,0.145273,4.7,0.0,256,897,752,19,liboqs,gateway
Falcon-512,sign,143324,0.143324,4.7,0.0,256,897,752,20,liboqs,gateway
Falcon-512,sign,146666,0.146666,4.69,0.0,256,897,752,21,liboqs,gateway
Falcon-512,sign,163517,0.163517,4.7,0.0,256,897,752,22,liboqs,gateway
Falcon-512,sign,152198,0.152198,4.7,0.0,256,897,752,23,liboqs,gateway
Falcon-512,sign,147784,0.147784,4.7,0.0,256,897,752,24,liboqs,gateway
Falcon-512,sign,148333,0.148333,4.7,0.0,256,897,752,25,liboqs,gateway
Falcon-512,sign,146440,0.14644,4.7,0.0,256,897,752,26,liboqs,gateway
Falcon-512,sign,144215,0.144215,4.7,0.0,256,897,752,27,liboqs,gateway
Falcon-512,sign,144274,0.144274,4.7,0.0,256,897,752,28,liboqs,gateway
Falcon-512,sign,175575,0.175575,4.7,0.0,256,897,752,29,liboqs,gateway
Falcon-512,sign,150407,0.150407,4.7,0.0,256,897,752,30,liboqs,gateway
Falcon-512,sign,146273,0.146273,4.7,0.0,256,897,752,31,liboqs,gateway
Falcon-512,sign,161894,0.161894,4.7,0.0,256,897,752,32,liboqs,gateway
Falcon-512,sign,154058,0.154058,4.7,0.0,256,897,752,33,liboqs,gateway
Falcon-512,sign,148537,0.148537,4.7,0.0,256,897,752,34,liboqs,gateway
Falcon-512,sign,149398,0.149398,4.7,0.0,256,897,752,35,liboqs,gateway
Falcon-512,sign,146438,0.146438,4.7,0.0,256,897,752,36,liboqs,gateway
Falcon-512,sign,144107,0.144107,4.7,0.0,256,897,752,37,liboqs,gateway
Falcon-512,sign,167929,0.167929,4.7,0.0,256,897,752,38,liboqs,gateway
Falcon-512,sign,160926,0.160926,4.7,0.0,256,897,752,39,liboqs,gateway
Falcon-512,sign,151523,0.151523,4.7,0.0,256,897,752,40,liboqs,gateway
Falcon-512,sign,148184,0.148184,4.7,0.0,256,897,752,41,liboqs,gateway
Falcon-512,sign,148817,0.148817,4.7,0.0,256,897,752,42,liboqs,gateway
Falcon-512,sign,143885,0.143885,4.7,0.0,256,897,752,43,liboqs,gateway
Falcon-512,sign,145363,0.145363,4.7,0.0,256,897,752,44,liboqs,gateway
Falcon-512,sign,159866,0.159866,4.7,0.0,256,897,752,45,liboqs,gateway
Falcon-512,sign,151502,0.151502,4.7,0.0,256,897,752,46,liboqs,gateway
Falcon-512,sign,146230,0.14623,4.7,0.0,256,897,752,47,liboqs,gateway
Falcon-512,sign,156271,0.156271,4.7,0.0,256,897,752,48,liboqs,gateway
Falcon-512,sign,152083,0.152083,4.7,0.0,256,897,752,49,liboqs,gateway
Falcon-512,sign,146209,0.146209,4.7,0.0,256,897,752,50,liboqs,gateway
Falcon-512,sign,145510,0.14551,4.7,0.0,256,897,752,51,liboqs,gateway
Falcon-512,sign,147256,0.147256,4.7,0.0,256,897,752,52,liboqs,gateway
Falcon-512,sign,146170,0.14617,4.7,0.0,256,897,752,53,liboqs,gateway
Falcon-512,sign,143881,0.143881,4.7,0.0,256,897,752,54,liboqs,gateway
Falcon-512,sign,158633,0.158633,4.69,0.0,256,897,752,55,liboqs,gateway
Falcon-512,sign,152172,0.152172,4.7,0.0,256,897,752,56,liboqs,gateway
Falcon-512,sign,146398,0.146398,4.7,0.0,256,897,752,57,liboqs,gateway
Falcon-512,sign,146524,0.146524,4.7,0.0,256,897,752,58,liboqs,gateway
Falcon-512,sign,144266,0.144266,4.7,0.0,256,897,752,59,liboqs,gateway
Falcon-512,sign,147842,0.147842,4.7,0.0,256,897,752,60,liboqs,gateway
Falcon-512,sign,143197,0.143197,4.7,0.0,256,897,752,61,liboqs,gateway
Falcon-512,sign,165073,0.165073,4.7,0.0,256,897,752,62,liboqs,gateway
Falcon-512,sign,150196,0.150196,4.7,0.0,256,897,752,63,liboqs,gateway
Falcon-512,sign,152365,0.152365,4.7,0.0,256,897,752,64,liboqs,gateway
Falcon-512,sign,147865,0.147865,4.7,0.0,256,897,752,65,liboqs,gateway
Falcon-512,sign,146613,0.146613,4.7,0.0,256,897,752,66,liboqs,gateway
Falcon-512,sign,146548,0.146548,4.7,0.0,256,897,752,67,liboqs,gateway
Falcon-512,sign,157129,0.157129,4.7,0.0,256,897,752,68,liboqs,gateway
Falcon-512,sign,151849,0.151849,4.7,0.0,256,897,752,69,liboqs,gateway
Falcon-512,sign,164624,0.164624,4.7,0.0,256,897,752,70,liboqs,gateway
Falcon-512,sign,153170,0.15317,4.7,0.0,256,897,752,71,liboqs,gateway
Falcon-512,sign,146776,0.146776,4.7,0.0,256,897,752,72,liboqs,gateway
Falcon-512,sign,146344,0.146344,4.7,0.0,256,897,752,73,liboqs,gateway
Falcon-512,sign,146904,0.146904,4.7,0.0,256,897,752,74,liboqs,gateway
Falcon-512,sign,226885,0.226885,4.7,0.0,256,897,752,75,liboqs,gateway
Falcon-512,sign,156563,0.156563,4.7,0.0,256,897,752,76,liboqs,gateway
Falcon-512,sign,145546,0.145546,4.7,0.0,256,897,752,77,liboqs,gateway
Falcon-512,sign,163027,0.163027,4.7,0.0,256,897,752,78,liboqs,gateway
Falcon-512,sign,148692,0.148692,4.7,0.0,256,897,752,79,liboqs,gateway
Falcon-512,sign,148161,0.148161,4.7,0.0,256,897,752,80,liboqs,gateway
Falcon-512,sign,148233,0.148233,4.7,0.0,256,897,752,81,liboqs,gateway
Falcon-512,sign,147753,0.147753,4.69,0.0,256,897,752,82,liboqs,gateway
Falcon-512,sign,146426,0.146426,4.7,0.0,256,897,752,83,liboqs,gateway
Falcon-512,sign,145106,0.145106,4.7,0.0,256,897,752,84,liboqs,gateway
Falcon-512,sign,163033,0.163033,4.7,0.0,256,897,752,85,liboqs,gateway
Falcon-512,sign,153022,0.153022,4.7,0.0,256,897,752,86,liboqs,gateway
Falcon-512,sign,148464,0.148464,4.7,0.0,256,897,752,87,liboqs,gateway
Falcon-512,sign,149307,0.149307,4.7,0.0,256,897,752,88,liboqs,gateway
Falcon-512,sign,146390,0.14639,4.7,0.0,256,897,752,89,liboqs,gateway
Falcon-512,sign,153119,0.153119,4.7,0.0,256,897,752,90,liboqs,gateway
Falcon-512,sign,157448,0.157448,4.7,0.0,256,897,752,91,liboqs,gateway
Falcon-512,sign,160076,0.160076,4.69,0.0,256,897,752,92,liboqs,gateway
Falcon-512,sign,155939,0.155939,4.7,0.0,256,897,752,93,liboqs,gateway
Falcon-512,sign,144763,0.144763,4.7,0.0,256,897,752,94,liboqs,gateway
Falcon-512,sign,148607,0.148607,4.7,0.0,256,897,752,95,liboqs,gateway
Falcon-512,sign,145088,0.145088,4.7,0.0,256,897,752,96,liboqs,gateway
Falcon-512,sign,146276,0.146276,4.7,0.0,256,897,752,97,liboqs,gateway
Falcon-512,sign,198848,0.198848,4.7,0.0,256,897,752,98,liboqs,gateway
Falcon-512,sign,147449,0.147449,4.7,0.0,256,897,752,99,liboqs,gateway
Falcon-512,sign,144426,0.144426,4.7,0.0,256,897,752,100,liboqs,gateway
Falcon-512,sign,147757,0.147757,4.7,0.0,256,897,752,101,liboqs,gateway
Falcon-512,sign,143179,0.143179,4.7,0.0,256,897,752,102,liboqs,gateway
Falcon-512,sign,144805,0.144805,4.7,0.0,256,897,752,103,liboqs,gateway
Falcon-512,sign,157954,0.157954,4.7,0.0,256,897,752,104,liboqs,gateway
Falcon-512,sign,151591,0.151591,4.7,0.0,256,897,752,105,liboqs,gateway
Falcon-512,sign,146215,0.146215,4.7,0.0,256,897,752,106,liboqs,gateway
Falcon-512,sign,146806,0.146806,4.7,0.0,256,897,752,107,liboqs,gateway
Falcon-512,sign,142792,0.142792,4.69,0.0,256,897,752,108,liboqs,gateway
Falcon-512,sign,145758,0.145758,4.7,0.0,256,897,752,109,liboqs,gateway
Falcon-512,sign,147904,0.147904,4.7,0.0,256,897,752,110,liboqs,gateway
Falcon-512,sign,159344,0.159344,4.7,0.0,256,897,752,111,liboqs,gateway
Falcon-512,sign,147823,0.147823,4.7,0.0,256,897,752,112,liboqs,gateway
Falcon-512,sign,158808,0.158808,4.7,0.0,256,897,752,113,liboqs,gateway
Falcon-512,sign,145807,0.145807,4.7,0.0,256,897,752,114,liboqs,gateway
Falcon-512,sign,147413,0.147413,4.7,0.0,256,897,752,115,liboqs,gateway
Falcon-512,sign,152964,0.152964,4.7,0.0,256,897,752,116,liboqs,gateway
Falcon-512,sign,163604,0.163604,4.7,0.0,256,897,752,117,liboqs,gateway
Falcon-512,sign,163706,0.163706,4.7,0.0,256,897,752,118,liboqs,gateway
Falcon-512,sign,153424,0.153424,4.7,0.0,256,897,752,119,liboqs,gateway
Falcon-512,sign,149027,0.149027,4.7,0.0,256,897,752,120,liboqs,gateway
Falcon-512,sign,144861,0.144861,4.7,0.0,256,897,752,121,liboqs,gateway
Falcon-512,sign,145124,0.145124,4.7,0.0,256,897,752,122,liboqs,gateway
Falcon-512,sign,157767,0.157767,4.7,0.0,256,897,752,123,liboqs,gateway
Falcon-512,sign,151110,0.15111,4.7,0.0,256,897,752,124,liboqs,gateway
Falcon-512,sign,145792,0.145792,4.7,0.0,256,897,752,125,liboqs,gateway
Falcon-512,sign,141131,0.141131,4.7,0.0,256,897,752,126,liboqs,gateway
Falcon-512,sign,148539,0.148539,4.69,0.0,256,897,752,127,liboqs,gateway
Falcon-512,sign,146141,0.146141,4.7,0.0,256,897,752,128,liboqs,gateway
Falcon-512,sign,144797,0.144797,4.7,0.0,256,897,752,129,liboqs,gateway
Falcon-512,sign,158748,0.158748,4.7,0.0,256,897,752,130,liboqs,gateway
Falcon-512,sign,150263,0.150263,4.7,0.0,256,897,752,131,liboqs,gateway
Falcon-512,sign,144741,0.144741,4.7,0.0,256,897,752,132,liboqs,gateway
Falcon-512,sign,147940,0.14794,4.7,0.0,256,897,752,133,liboqs,gateway
Falcon-512,sign,147735,0.147735,4.7,0.0,256,897,752,134,liboqs,gateway
Falcon-512,sign,142877,0.142877,4.7,0.0,256,897,752,135,liboqs,gateway
Falcon-512,sign,146511,0.146511,4.7,0.0,256,897,752,136,liboqs,gateway
Falcon-512,sign,158501,0.158501,4.7,0.0,256,897,752,137,liboqs,gateway
Falcon-512,sign,147796,0.147796,4.7,0.0,256,897,752,138,liboqs,gateway
Falcon-512,sign,144778,0.144778,4.7,0.0,256,897,752,139,liboqs,gateway
Falcon-512,sign,153479,0.153479,4.7,0.0,256,897,752,140,liboqs,gateway
Falcon-512,sign,143910,0.14391,4.7,0.0,256,897,752,141,liboqs,gateway
Falcon-512,sign,150431,0.150431,4.7,0.0,256,897,752,142,liboqs,gateway
Falcon-512,sign,212183,0.212183,4.7,0.0,256,897,752,143,liboqs,gateway
Falcon-512,sign,214687,0.214687,4.7,0.0,256,897,752,144,liboqs,gateway
Falcon-512,sign,154049,0.154049,4.7,0.0,256,897,752,145,liboqs,gateway
Falcon-512,sign,156017,0.156017,4.7,0.0,256,897,752,146,liboqs,gateway
Falcon-512,sign,152360,0.15236,4.7,0.0,256,897,752,147,liboqs,gateway
Falcon-512,sign,148378,0.148378,4.7,0.0,256,897,752,148,liboqs,gateway
Falcon-512,sign,144490,0.14449,4.7,0.0,256,897,752,149,liboqs,gateway
Falcon-512,sign,148321,0.148321,4.7,0.0,256,897,752,150,liboqs,gateway
Falcon-512,sign,142795,0.142795,4.7,0.0,256,897,752,151,liboqs,gateway
Falcon-512,sign,143894,0.143894,4.7,0.0,256,897,752,152,liboqs,gateway
Falcon-512,sign,144721,0.144721,4.7,0.0,256,897,752,153,liboqs,gateway
Falcon-512,sign,158490,0.15849,4.7,0.0,256,897,752,154,liboqs,gateway
Falcon-512,sign,153988,0.153988,4.7,0.0,256,897,752,155,liboqs,gateway
Falcon-512,sign,146618,0.146618,4.7,0.0,256,897,752,156,liboqs,gateway
Falcon-512,sign,148655,0.148655,4.7,0.0,256,897,752,157,liboqs,gateway
Falcon-512,sign,152651,0.152651,4.7,0.0,256,897,752,158,liboqs,gateway
Falcon-512,sign,150051,0.150051,4.7,0.0,256,897,752,159,liboqs,gateway
Falcon-512,sign,150659,0.150659,4.7,0.0,256,897,752,160,liboqs,gateway
Falcon-512,sign,144196,0.144196,4.7,0.0,256,897,752,161,liboqs,gateway
Falcon-512,sign,144288,0.144288,4.7,0.0,256,897,752,162,liboqs,gateway
Falcon-512,sign,146808,0.146808,4.7,0.0,256,897,752,163,liboqs,gateway
Falcon-512,sign,143081,0.143081,4.7,0.0,256,897,752,164,liboqs,gateway
Falcon-512,sign,144151,0.144151,4.7,0.0,256,897,752,165,liboqs,gateway
Falcon-512,sign,143267,0.143267,4.7,0.0,256,897,752,166,liboqs,gateway
Falcon-512,sign,153806,0.153806,4.7,0.0,256,897,752,167,liboqs,gateway
Falcon-512,sign,164965,0.164965,4.7,0.0,256,897,752,168,liboqs,gateway
Falcon-512,sign,147382,0.147382,4.7,0.0,256,897,752,169,liboqs,gateway
Falcon-512,sign,148765,0.148765,4.7,0.0,256,897,752,170,liboqs,gateway
Falcon-512,sign,144096,0.144096,4.7,0.0,256,897,752,171,liboqs,gateway
Falcon-512,sign,143298,0.143298,4.7,0.0,256,897,752,172,liboqs,gateway
Falcon-512,sign,214797,0.214797,4.7,0.0,256,897,752,173,liboqs,gateway
Falcon-512,sign,190655,0.190655,4.7,0.0,256,897,752,174,liboqs,gateway
Falcon-512,sign,159127,0.159127,4.7,0.0,256,897,752,175,liboqs,gateway
Falcon-512,sign,151860,0.15186,4.7,0.0,256,897,752,176,liboqs,gateway
Falcon-512,sign,282030,0.28203,4.7,0.0,256,897,752,177,liboqs,gateway
Falcon-512,sign,155271,0.155271,4.69,0.0,256,897,752,178,liboqs,gateway
Falcon-512,sign,150743,0.150743,4.7,0.0,256,897,752,179,liboqs,gateway
Falcon-512,sign,151484,0.151484,4.7,0.0,256,897,752,180,liboqs,gateway
Falcon-512,sign,148928,0.148928,4.7,0.0,256,897,752,181,liboqs,gateway
Falcon-512,sign,147306,0.147306,4.7,0.0,256,897,752,182,liboqs,gateway
Falcon-512,sign,160003,0.160003,4.7,0.0,256,897,752,183,liboqs,gateway
Falcon-512,sign,154738,0.154738,4.7,0.0,256,897,752,184,liboqs,gateway
Falcon-512,sign,147372,0.147372,4.7,0.0,256,897,752,185,liboqs,gateway
Falcon-512,sign,151180,0.15118,4.7,0.0,256,897,752,186,liboqs,gateway
Falcon-512,sign,146500,0.1465,4.7,0.0,256,897,752,187,liboqs,gateway
Falcon-512,sign,147230,0.14723,4.7,0.0,256,897,752,188,liboqs,gateway
Falcon-512,sign,144700,0.1447,4.7,0.0,256,897,752,189,liboqs,gateway
Falcon-512,sign,145337,0.145337,4.7,0.0,256,897,752,190,liboqs,gateway
Falcon-512,sign,146358,0.146358,4.7,0.0,256,897,752,191,liboqs,gateway
Falcon-512,sign,157595,0.157595,4.7,0.0,256,897,752,192,liboqs,gateway
Falcon-512,sign,250738,0.250738,4.7,0.0,256,897,752,193,liboqs,gateway
Falcon-512,sign,159788,0.159788,4.7,0.0,256,897,752,194,liboqs,gateway
Falcon-512,sign,157310,0.15731,4.7,0.0,256,897,752,195,liboqs,gateway
Falcon-512,sign,158549,0.158549,4.7,0.0,256,897,752,196,liboqs,gateway
Falcon-512,sign,148030,0.14803,4.7,0.0,256,897,752,197,liboqs,gateway
Falcon-512,sign,150438,0.150438,4.7,0.0,256,897,752,198,liboqs,gateway
Falcon-512,sign,165914,0.165914,4.7,0.0,256,897,752,199,liboqs,gateway
Falcon-512,sign,160693,0.160693,4.7,0.0,256,897,752,200,liboqs,gateway
Falcon-512,sign,144779,0.144779,4.7,0.0,256,897,752,201,liboqs,gateway
Falcon-512,sign,145652,0.145652,4.7,0.0,256,897,752,202,liboqs,gateway
Falcon-512,sign,146744,0.146744,4.7,0.0,256,897,752,203,liboqs,gateway
Falcon-512,sign,154176,0.154176,4.7,0.0,256,897,752,204,liboqs,gateway
Falcon-512,sign,147144,0.147144,4.7,0.0,256,897,752,205,liboqs,gateway
Falcon-512,sign,162193,0.162193,4.7,0.0,256,897,752,206,liboqs,gateway
Falcon-512,sign,151818,0.151818,4.7,0.0,256,897,752,207,liboqs,gateway
Falcon-512,sign,155291,0.155291,4.7,0.0,256,897,752,208,liboqs,gateway
Falcon-512,sign,152446,0.152446,4.7,0.0,256,897,752,209,liboqs,gateway
Falcon-512,sign,161346,0.161346,4.69,0.0,256,897,752,210,liboqs,gateway
Falcon-512,sign,147074,0.147074,4.7,0.0,256,897,752,211,liboqs,gateway
Falcon-512,sign,142957,0.142957,4.7,0.0,256,897,752,212,liboqs,gateway
Falcon-512,sign,146413,0.146413,4.7,0.0,256,897,752,213,liboqs,gateway
Falcon-512,sign,142478,0.142478,4.7,0.0,256,897,752,214,liboqs,gateway
Falcon-512,sign,145976,0.145976,4.7,0.0,256,897,752,215,liboqs,gateway
Falcon-512,sign,146063,0.146063,4.7,0.0,256,897,752,216,liboqs,gateway
Falcon-512,sign,152131,0.152131,4.7,0.0,256,897,752,217,liboqs,gateway
Falcon-512,sign,146515,0.146515,4.7,0.0,256,897,752,218,liboqs,gateway
Falcon-512,sign,146181,0.146181,4.7,0.0,256,897,752,219,liboqs,gateway
Falcon-512,sign,152481,0.152481,4.7,0.0,256,897,752,220,liboqs,gateway
Falcon-512,sign,150189,0.150189,4.7,0.0,256,897,752,221,liboqs,gateway
Falcon-512,sign,145068,0.145068,4.7,0.0,256,897,752,222,liboqs,gateway
Falcon-512,sign,146919,0.146919,4.7,0.0,256,897,752,223,liboqs,gateway
Falcon-512,sign,147661,0.147661,4.7,0.0,256,897,752,224,liboqs,gateway
Falcon-512,sign,145238,0.145238,4.7,0.0,256,897,752,225,liboqs,gateway
Falcon-512,sign,147412,0.147412,4.7,0.0,256,897,752,226,liboqs,gateway
Falcon-512,sign,141308,0.141308,4.7,0.0,256,897,752,227,liboqs,gateway
Falcon-512,sign,145607,0.145607,4.7,0.0,256,897,752,228,liboqs,gateway
Falcon-512,sign,146684,0.146684,4.7,0.0,256,897,752,229,liboqs,gateway
Falcon-512,sign,144844,0.144844,4.7,0.0,256,897,752,230,liboqs,gateway
Falcon-512,sign,153443,0.153443,4.69,0.0,256,897,752,231,liboqs,gateway
Falcon-512,sign,149111,0.149111,4.7,0.0,256,897,752,232,liboqs,gateway
Falcon-512,sign,149393,0.149393,4.7,0.0,256,897,752,233,liboqs,gateway
Falcon-512,sign,145419,0.145419,4.7,0.0,256,897,752,234,liboqs,gateway
Falcon-512,sign,146223,0.146223,4.7,0.0,256,897,752,235,liboqs,gateway
Falcon-512,sign,145622,0.145622,4.7,0.0,256,897,752,236,liboqs,gateway
Falcon-512,sign,147527,0.147527,4.7,0.0,256,897,752,237,liboqs,gateway
Falcon-512,sign,145067,0.145067,4.7,0.0,256,897,752,238,liboqs,gateway
Falcon-512,sign,145467,0.145467,4.7,0.0,256,897,752,239,liboqs,gateway
Falcon-512,sign,143496,0.143496,4.7,0.0,256,897,752,240,liboqs,gateway
Falcon-512,sign,143252,0.143252,4.7,0.0,256,897,752,241,liboqs,gateway
Falcon-512,sign,144756,0.144756,4.7,0.0,256,897,752,242,liboqs,gateway
Falcon-512,sign,155386,0.155386,4.7,0.0,256,897,752,243,liboqs,gateway
Falcon-512,sign,154749,0.154749,4.7,0.0,256,897,752,244,liboqs,gateway
Falcon-512,sign,151408,0.151408,4.7,0.0,256,897,752,245,liboqs,gateway
Falcon-512,sign,146667,0.146667,4.69,0.0,256,897,752,246,liboqs,gateway
Falcon-512,sign,171032,0.171032,4.7,0.0,256,897,752,247,liboqs,gateway
Falcon-512,sign,216669,0.216669,4.7,0.0,256,897,752,248,liboqs,gateway
Falcon-512,sign,157802,0.157802,4.7,0.0,256,897,752,249,liboqs,gateway
Falcon-512,sign,148593,0.148593,4.7,0.0,256,897,752,250,liboqs,gateway
Falcon-512,sign,144590,0.14459,4.69,0.0,256,897,752,251,liboqs,gateway
Falcon-512,sign,155489,0.155489,4.69,0.0,256,897,752,252,liboqs,gateway
Falcon-512,sign,149413,0.149413,4.7,0.0,256,897,752,253,liboqs,gateway
Falcon-512,sign,165102,0.165102,4.7,0.0,256,897,752,254,liboqs,gateway
Falcon-512,sign,164212,0.164212,4.7,0.0,256,897,752,255,liboqs,gateway
Falcon-512,sign,149510,0.14951,4.7,0.0,256,897,752,256,liboqs,gateway
Falcon-512,sign,190514,0.190514,4.7,0.0,256,897,752,257,liboqs,gateway
Falcon-512,sign,177037,0.177037,4.7,0.0,256,897,752,258,liboqs,gateway
Falcon-512,sign,173145,0.173145,6.91,0.0,256,897,752,259,liboqs,gateway
Falcon-512,sign,148996,0.148996,4.7,0.0,256,897,752,260,liboqs,gateway
Falcon-512,sign,145460,0.14546,4.7,0.0,256,897,752,261,liboqs,gateway
Falcon-512,sign,146397,0.146397,4.7,0.0,256,897,752,262,liboqs,gateway
Falcon-512,sign,145533,0.145533,4.7,0.0,256,897,752,263,liboqs,gateway
Falcon-512,sign,144427,0.144427,4.7,0.0,256,897,752,264,liboqs,gateway
Falcon-512,sign,159161,0.159161,4.7,0.0,256,897,752,265,liboqs,gateway
Falcon-512,sign,151141,0.151141,4.7,0.0,256,897,752,266,liboqs,gateway
Falcon-512,sign,146351,0.146351,4.7,0.0,256,897,752,267,liboqs,gateway
Falcon-512,sign,148291,0.148291,4.7,0.0,256,897,752,268,liboqs,gateway
Falcon-512,sign,154457,0.154457,4.7,0.0,256,897,752,269,liboqs,gateway
Falcon-512,sign,222176,0.222176,4.7,0.0,256,897,752,270,liboqs,gateway
Falcon-512,sign,168409,0.168409,4.7,0.0,256,897,752,271,liboqs,gateway
Falcon-512,sign,149107,0.149107,4.69,0.0,256,897,752,272,liboqs,gateway
Falcon-512,sign,145385,0.145385,4.7,0.0,256,897,752,273,liboqs,gateway
Falcon-512,sign,146428,0.146428,4.7,0.0,256,897,752,274,liboqs,gateway
Falcon-512,sign,148130,0.14813,4.7,0.0,256,897,752,275,liboqs,gateway
Falcon-512,sign,246033,0.246033,4.7,0.0,256,897,752,276,liboqs,gateway
Falcon-512,sign,164135,0.164135,4.7,0.0,256,897,752,277,liboqs,gateway
Falcon-512,sign,163458,0.163458,4.7,0.0,256,897,752,278,liboqs,gateway
Falcon-512,sign,152633,0.152633,4.7,0.0,256,897,752,279,liboqs,gateway
Falcon-512,sign,151843,0.151843,4.7,0.0,256,897,752,280,liboqs,gateway
Falcon-512,sign,150833,0.150833,4.7,0.0,256,897,752,281,liboqs,gateway
Falcon-512,sign,296348,0.296348,4.7,0.0,256,897,752,282,liboqs,gateway
Falcon-512,sign,321376,0.321376,4.7,0.0,256,897,752,283,liboqs,gateway
Falcon-512,sign,308658,0.308658,4.7,0.0,256,897,752,284,liboqs,gateway
Falcon-512,sign,220395,0.220395,4.7,0.0,256,897,752,285,liboqs,gateway
Falcon-512,sign,167270,0.16727,4.7,0.0,256,897,752,286,liboqs,gateway
Falcon-512,sign,150577,0.150577,4.7,0.0,256,897,752,287,liboqs,gateway
Falcon-512,sign,195086,0.195086,4.7,0.0,256,897,752,288,liboqs,gateway
Falcon-512,sign,220611,0.220611,4.7,0.0,256,897,752,289,liboqs,gateway
Falcon-512,sign,155066,0.155066,4.7,0.0,256,897,752,290,liboqs,gateway
Falcon-512,sign,152280,0.15228,4.7,0.0,256,897,752,291,liboqs,gateway
Falcon-512,sign,146608,0.146608,4.7,0.0,256,897,752,292,liboqs,gateway
Falcon-512,sign,145947,0.145947,4.7,0.0,256,897,752,293,liboqs,gateway
Falcon-512,sign,145223,0.145223,4.7,0.0,256,897,752,294,liboqs,gateway
Falcon-512,sign,169690,0.16969,4.7,0.0,256,897,752,295,liboqs,gateway
Falcon-512,sign,154022,0.154022,4.7,0.0,256,897,752,296,liboqs,gateway
Falcon-512,sign,148513,0.148513,4.7,0.0,256,897,752,297,liboqs,gateway
Falcon-512,sign,163064,0.163064,4.7,0.0,256,897,752,298,liboqs,gateway
Falcon-512,sign,162611,0.162611,4.7,0.0,256,897,752,299,liboqs,gateway
Falcon-512,sign,152527,0.152527,4.69,0.0,256,897,752,300,liboqs,gateway
Falcon-512,sign,149484,0.149484,4.7,0.0,256,897,752,301,liboqs,gateway
Falcon-512,sign,145722,0.145722,4.7,0.0,256,897,752,302,liboqs,gateway
Falcon-512,sign,144514,0.144514,4.7,0.0,256,897,752,303,liboqs,gateway
Falcon-512,sign,149728,0.149728,4.7,0.0,256,897,752,304,liboqs,gateway
Falcon-512,sign,145856,0.145856,4.7,0.0,256,897,752,305,liboqs,gateway
Falcon-512,sign,144167,0.144167,4.7,0.0,256,897,752,306,liboqs,gateway
Falcon-512,sign,145297,0.145297,4.7,0.0,256,897,752,307,liboqs,gateway
Falcon-512,sign,147064,0.147064,4.69,0.0,256,897,752,308,liboqs,gateway
Falcon-512,sign,145256,0.145256,4.7,0.0,256,897,752,309,liboqs,gateway
Falcon-512,sign,143958,0.143958,4.69,0.0,256,897,752,310,liboqs,gateway
Falcon-512,sign,146602,0.146602,4.7,0.0,256,897,752,311,liboqs,gateway
Falcon-512,sign,155144,0.155144,4.7,0.0,256,897,752,312,liboqs,gateway
Falcon-512,sign,149256,0.149256,4.7,0.0,256,897,752,313,liboqs,gateway
Falcon-512,sign,154117,0.154117,4.7,0.0,256,897,752,314,liboqs,gateway
Falcon-512,sign,145095,0.145095,4.7,0.0,256,897,752,315,liboqs,gateway
Falcon-512,sign,142935,0.142935,4.7,0.0,256,897,752,316,liboqs,gateway
Falcon-512,sign,143569,0.143569,4.7,0.0,256,897,752,317,liboqs,gateway
Falcon-512,sign,146704,0.146704,4.69,0.0,256,897,752,318,liboqs,gateway
Falcon-512,sign,144049,0.144049,4.7,0.0,256,897,752,319,liboqs,gateway
Falcon-512,sign,144699,0.144699,4.7,0.0,256,897,752,320,liboqs,gateway
Falcon-512,sign,148732,0.148732,4.7,0.0,256,897,752,321,liboqs,gateway
Falcon-512,sign,145423,0.145423,4.7,0.0,256,897,752,322,liboqs,gateway
Falcon-512,sign,143702,0.143702,4.7,0.0,256,897,752,323,liboqs,gateway
Falcon-512,sign,146017,0.146017,4.7,0.0,256,897,752,324,liboqs,gateway
Falcon-512,sign,144953,0.144953,4.7,0.0,256,897,752,325,liboqs,gateway
Falcon-512,sign,154268,0.154268,4.7,0.0,256,897,752,326,liboqs,gateway
Falcon-512,sign,149846,0.149846,4.7,0.0,256,897,752,327,liboqs,gateway
Falcon-512,sign,148923,0.148923,4.7,0.0,256,897,752,328,liboqs,gateway
Falcon-512,sign,146447,0.146447,4.7,0.0,256,897,752,329,liboqs,gateway
Falcon-512,sign,156227,0.156227,4.7,0.0,256,897,752,330,liboqs,gateway
Falcon-512,sign,164181,0.164181,4.7,0.0,256,897,752,331,liboqs,gateway
Falcon-512,sign,145461,0.145461,4.7,0.0,256,897,752,332,liboqs,gateway
Falcon-512,sign,144721,0.144721,4.7,0.0,256,897,752,333,liboqs,gateway
Falcon-512,sign,146419,0.146419,4.7,0.0,256,897,752,334,liboqs,gateway
Falcon-512,sign,142334,0.142334,4.7,0.0,256,897,752,335,liboqs,gateway
Falcon-512,sign,143781,0.143781,4.7,0.0,256,897,752,336,liboqs,gateway
Falcon-512,sign,145911,0.145911,4.7,0.0,256,897,752,337,liboqs,gateway
Falcon-512,sign,145732,0.145732,4.7,0.0,256,897,752,338,liboqs,gateway
Falcon-512,sign,156240,0.15624,4.7,0.0,256,897,752,339,liboqs,gateway
Falcon-512,sign,152171,0.152171,4.7,0.0,256,897,752,340,liboqs,gateway
Falcon-512,sign,152353,0.152353,4.69,0.0,256,897,752,341,liboqs,gateway
Falcon-512,sign,146446,0.146446,4.7,0.0,256,897,752,342,liboqs,gateway
Falcon-512,sign,147438,0.147438,4.7,0.0,256,897,752,343,liboqs,gateway
Falcon-512,sign,147919,0.147919,4.7,0.0,256,897,752,344,liboqs,gateway
Falcon-512,sign,150950,0.15095,4.7,0.0,256,897,752,345,liboqs,gateway
Falcon-512,sign,150519,0.150519,4.7,0.0,256,897,752,346,liboqs,gateway
Falcon-512,sign,147604,0.147604,4.7,0.0,256,897,752,347,liboqs,gateway
Falcon-512,sign,147228,0.147228,4.7,0.0,256,897,752,348,liboqs,gateway
Falcon-512,sign,142557,0.142557,4.7,0.0,256,897,752,349,liboqs,gateway
Falcon-512,sign,144772,0.144772,4.7,0.0,256,897,752,350,liboqs,gateway
Falcon-512,sign,146298,0.146298,4.7,0.0,256,897,752,351,liboqs,gateway
Falcon-512,sign,151891,0.151891,4.7,0.0,256,897,752,352,liboqs,gateway
Falcon-512,sign,149677,0.149677,4.7,0.0,256,897,752,353,liboqs,gateway
Falcon-512,sign,162348,0.162348,4.7,0.0,256,897,752,354,liboqs,gateway
Falcon-512,sign,148971,0.148971,4.7,0.0,256,897,752,355,liboqs,gateway
Falcon-512,sign,144187,0.144187,4.7,0.0,256,897,752,356,liboqs,gateway
Falcon-512,sign,147440,0.14744,4.7,0.0,256,897,752,357,liboqs,gateway
Falcon-512,sign,146608,0.146608,4.7,0.0,256,897,752,358,liboqs,gateway
Falcon-512,sign,143968,0.143968,4.7,0.0,256,897,752,359,liboqs,gateway
Falcon-512,sign,143330,0.14333,4.7,0.0,256,897,752,360,liboqs,gateway
Falcon-512,sign,145884,0.145884,4.7,0.0,256,897,752,361,liboqs,gateway
Falcon-512,sign,144565,0.144565,4.7,0.0,256,897,752,362,liboqs,gateway
Falcon-512,sign,142990,0.14299,4.7,0.0,256,897,752,363,liboqs,gateway
Falcon-512,sign,145969,0.145969,4.7,0.0,256,897,752,364,liboqs,gateway
Falcon-512,sign,142415,0.142415,4.7,0.0,256,897,752,365,liboqs,gateway
Falcon-512,sign,156474,0.156474,4.7,0.0,256,897,752,366,liboqs,gateway
Falcon-512,sign,152261,0.152261,4.7,0.0,256,897,752,367,liboqs,gateway
Falcon-512,sign,153682,0.153682,4.69,0.0,256,897,752,368,liboqs,gateway
Falcon-512,sign,147154,0.147154,4.7,0.0,256,897,752,369,liboqs,gateway
Falcon-512,sign,144417,0.144417,4.7,0.0,256,897,752,370,liboqs,gateway
Falcon-512,sign,145239,0.145239,4.7,0.0,256,897,752,371,liboqs,gateway
Falcon-512,sign,144778,0.144778,4.7,0.0,256,897,752,372,liboqs,gateway
Falcon-512,sign,144162,0.144162,4.69,0.0,256,897,752,373,liboqs,gateway
Falcon-512,sign,144139,0.144139,4.7,0.0,256,897,752,374,liboqs,gateway
Falcon-512,sign,144366,0.144366,4.7,0.0,256,897,752,375,liboqs,gateway
Falcon-512,sign,145840,0.14584,4.7,0.0,256,897,752,376,liboqs,gateway
Falcon-512,sign,145943,0.145943,4.7,0.0,256,897,752,377,liboqs,gateway
Falcon-512,sign,143383,0.143383,4.7,0.0,256,897,752,378,liboqs,gateway
Falcon-512,sign,153319,0.153319,4.7,0.0,256,897,752,379,liboqs,gateway
Falcon-512,sign,151369,0.151369,4.7,0.0,256,897,752,380,liboqs,gateway
Falcon-512,sign,147239,0.147239,4.7,0.0,256,897,752,381,liboqs,gateway
Falcon-512,sign,142949,0.142949,4.7,0.0,256,897,752,382,liboqs,gateway
Falcon-512,sign,144288,0.144288,4.7,0.0,256,897,752,383,liboqs,gateway
Falcon-512,sign,145861,0.145861,4.7,0.0,256,897,752,384,liboqs,gateway
Falcon-512,sign,146548,0.146548,4.7,0.0,256,897,752,385,liboqs,gateway
Falcon-512,sign,145635,0.145635,4.7,0.0,256,897,752,386,liboqs,gateway
Falcon-512,sign,151255,0.151255,4.7,0.0,256,897,752,387,liboqs,gateway
Falcon-512,sign,144789,0.144789,4.7,0.0,256,897,752,388,liboqs,gateway
Falcon-512,sign,148289,0.148289,4.7,0.0,256,897,752,389,liboqs,gateway
Falcon-512,sign,146487,0.146487,4.7,0.0,256,897,752,390,liboqs,gateway
Falcon-512,sign,147573,0.147573,4.7,0.0,256,897,752,391,liboqs,gateway
Falcon-512,sign,147337,0.147337,4.7,0.0,256,897,752,392,liboqs,gateway
Falcon-512,sign,156212,0.156212,4.7,0.0,256,897,752,393,liboqs,gateway
Falcon-512,sign,159356,0.159356,4.7,0.0,256,897,752,394,liboqs,gateway
Falcon-512,sign,148961,0.148961,4.7,0.0,256,897,752,395,liboqs,gateway
Falcon-512,sign,159216,0.159216,4.71,0.0,256,897,752,396,liboqs,gateway
Falcon-512,sign,153821,0.153821,4.7,0.0,256,897,752,397,liboqs,gateway
Falcon-512,sign,149128,0.149128,4.7,0.0,256,897,752,398,liboqs,gateway
Falcon-512,sign,147816,0.147816,4.7,0.0,256,897,752,399,liboqs,gateway
Falcon-512,sign,144034,0.144034,4.7,0.0,256,897,752,400,liboqs,gateway
Falcon-512,sign,147930,0.14793,4.7,0.0,256,897,752,401,liboqs,gateway
Falcon-512,sign,142595,0.142595,4.7,0.0,256,897,752,402,liboqs,gateway
Falcon-512,sign,142954,0.142954,4.7,0.0,256,897,752,403,liboqs,gateway
Falcon-512,sign,145792,0.145792,4.7,0.0,256,897,752,404,liboqs,gateway
Falcon-512,sign,207561,0.207561,4.7,0.0,256,897,752,405,liboqs,gateway
Falcon-512,sign,211412,0.211412,4.7,0.0,256,897,752,406,liboqs,gateway
Falcon-512,sign,155052,0.155052,4.7,0.0,256,897,752,407,liboqs,gateway
Falcon-512,sign,156458,0.156458,4.7,0.0,256,897,752,408,liboqs,gateway
Falcon-512,sign,148797,0.148797,4.69,0.0,256,897,752,409,liboqs,gateway
Falcon-512,sign,147428,0.147428,4.7,0.0,256,897,752,410,liboqs,gateway
Falcon-512,sign,149818,0.149818,4.7,0.0,256,897,752,411,liboqs,gateway
Falcon-512,sign,182316,0.182316,4.7,0.0,256,897,752,412,liboqs,gateway
Falcon-512,sign,357870,0.35787,4.7,0.0,256,897,752,413,liboqs,gateway
Falcon-512,sign,169213,0.169213,4.7,0.0,256,897,752,414,liboqs,gateway
Falcon-512,sign,153303,0.153303,4.7,0.0,256,897,752,415,liboqs,gateway
Falcon-512,sign,149898,0.149898,4.7,0.0,256,897,752,416,liboqs,gateway
Falcon-512,sign,147707,0.147707,4.7,0.0,256,897,752,417,liboqs,gateway
Falcon-512,sign,145543,0.145543,4.7,0.0,256,897,752,418,liboqs,gateway
Falcon-512,sign,162409,0.162409,4.7,0.0,256,897,752,419,liboqs,gateway
Falcon-512,sign,148129,0.148129,4.7,0.0,256,897,752,420,liboqs,gateway
Falcon-512,sign,147055,0.147055,4.7,0.0,256,897,752,421,liboqs,gateway
Falcon-512,sign,146369,0.146369,4.7,0.0,256,897,752,422,liboqs,gateway
Falcon-512,sign,158306,0.158306,4.7,0.0,256,897,752,423,liboqs,gateway
Falcon-512,sign,154283,0.154283,4.7,0.0,256,897,752,424,liboqs,gateway
Falcon-512,sign,146427,0.146427,4.7,0.0,256,897,752,425,liboqs,gateway
Falcon-512,sign,145982,0.145982,4.69,0.0,256,897,752,426,liboqs,gateway
Falcon-512,sign,143729,0.143729,4.7,0.0,256,897,752,427,liboqs,gateway
Falcon-512,sign,145867,0.145867,4.7,0.0,256,897,752,428,liboqs,gateway
Falcon-512,sign,147275,0.147275,4.7,0.0,256,897,752,429,liboqs,gateway
Falcon-512,sign,144293,0.144293,4.7,0.0,256,897,752,430,liboqs,gateway
Falcon-512,sign,143040,0.14304,4.7,0.0,256,897,752,431,liboqs,gateway
Falcon-512,sign,150909,0.150909,4.7,0.0,256,897,752,432,liboqs,gateway
Falcon-512,sign,143209,0.143209,4.7,0.0,256,897,752,433,liboqs,gateway
Falcon-512,sign,142950,0.14295,4.7,0.0,256,897,752,434,liboqs,gateway
Falcon-512,sign,146062,0.146062,4.7,0.0,256,897,752,435,liboqs,gateway
Falcon-512,sign,148340,0.14834,4.7,0.0,256,897,752,436,liboqs,gateway
Falcon-512,sign,156127,0.156127,4.7,0.0,256,897,752,437,liboqs,gateway
Falcon-512,sign,151745,0.151745,4.7,0.0,256,897,752,438,liboqs,gateway
Falcon-512,sign,157544,0.157544,4.7,0.0,256,897,752,439,liboqs,gateway
Falcon-512,sign,153747,0.153747,4.7,0.0,256,897,752,440,liboqs,gateway
Falcon-512,sign,148172,0.148172,4.7,0.0,256,897,752,441,liboqs,gateway
Falcon-512,sign,145846,0.145846,4.7,0.0,256,897,752,442,liboqs,gateway
Falcon-512,sign,147371,0.147371,4.7,0.0,256,897,752,443,liboqs,gateway
Falcon-512,sign,144621,0.144621,4.7,0.0,256,897,752,444,liboqs,gateway
Falcon-512,sign,151996,0.151996,4.69,0.0,256,897,752,445,liboqs,gateway
Falcon-512,sign,146256,0.146256,4.7,0.0,256,897,752,446,liboqs,gateway
Falcon-512,sign,143294,0.143294,4.7,0.0,256,897,752,447,liboqs,gateway
Falcon-512,sign,152133,0.152133,4.69,0.0,256,897,752,448,liboqs,gateway
Falcon-512,sign,156092,0.156092,4.7,0.0,256,897,752,449,liboqs,gateway
Falcon-512,sign,146496,0.146496,4.7,0.0,256,897,752,450,liboqs,gateway
Falcon-512,sign,144528,0.144528,4.7,0.0,256,897,752,451,liboqs,gateway
Falcon-512,sign,146123,0.146123,4.7,0.0,256,897,752,452,liboqs,gateway
Falcon-512,sign,145415,0.145415,4.7,0.0,256,897,752,453,liboqs,gateway
Falcon-512,sign,145203,0.145203,4.7,0.0,256,897,752,454,liboqs,gateway
Falcon-512,sign,143879,0.143879,4.7,0.0,256,897,752,455,liboqs,gateway
Falcon-512,sign,147065,0.147065,4.7,0.0,256,897,752,456,liboqs,gateway
Falcon-512,sign,144688,0.144688,4.7,0.0,256,897,752,457,liboqs,gateway
Falcon-512,sign,142350,0.14235,4.7,0.0,256,897,752,458,liboqs,gateway
Falcon-512,sign,143947,0.143947,4.7,0.0,256,897,752,459,liboqs,gateway
Falcon-512,sign,143276,0.143276,4.7,0.0,256,897,752,460,liboqs,gateway
Falcon-512,sign,143680,0.14368,4.7,0.0,256,897,752,461,liboqs,gateway
Falcon-512,sign,166276,0.166276,4.7,0.0,256,897,752,462,liboqs,gateway
Falcon-512,sign,154499,0.154499,4.7,0.0,256,897,752,463,liboqs,gateway
Falcon-512,sign,158362,0.158362,4.7,0.0,256,897,752,464,liboqs,gateway
Falcon-512,sign,142763,0.142763,4.7,0.0,256,897,752,465,liboqs,gateway
Falcon-512,sign,146470,0.14647,4.7,0.0,256,897,752,466,liboqs,gateway
Falcon-512,sign,143832,0.143832,4.69,0.0,256,897,752,467,liboqs,gateway
Falcon-512,sign,143776,0.143776,4.7,0.0,256,897,752,468,liboqs,gateway
Falcon-512,sign,147600,0.1476,4.7,0.0,256,897,752,469,liboqs,gateway
Falcon-512,sign,144680,0.14468,4.7,0.0,256,897,752,470,liboqs,gateway
Falcon-512,sign,148390,0.14839,4.7,0.0,256,897,752,471,liboqs,gateway
Falcon-512,sign,151681,0.151681,4.7,0.0,256,897,752,472,liboqs,gateway
Falcon-512,sign,144629,0.144629,4.7,0.0,256,897,752,473,liboqs,gateway
Falcon-512,sign,144116,0.144116,4.7,0.0,256,897,752,474,liboqs,gateway
Falcon-512,sign,154879,0.154879,4.7,0.0,256,897,752,475,liboqs,gateway
Falcon-512,sign,152743,0.152743,4.7,0.0,256,897,752,476,liboqs,gateway
Falcon-512,sign,149048,0.149048,4.7,0.0,256,897,752,477,liboqs,gateway
Falcon-512,sign,146646,0.146646,4.7,0.0,256,897,752,478,liboqs,gateway
Falcon-512,sign,162200,0.1622,4.69,0.0,256,897,752,479,liboqs,gateway
Falcon-512,sign,154555,0.154555,4.7,0.0,256,897,752,480,liboqs,gateway
Falcon-512,sign,147299,0.147299,4.7,0.0,256,897,752,481,liboqs,gateway
Falcon-512,sign,154889,0.154889,4.7,0.0,256,897,752,482,liboqs,gateway
Falcon-512,sign,151371,0.151371,4.7,0.0,256,897,752,483,liboqs,gateway
Falcon-512,sign,144504,0.144504,4.7,0.0,256,897,752,484,liboqs,gateway
Falcon-512,sign,147891,0.147891,4.7,0.0,256,897,752,485,liboqs,gateway
Falcon-512,sign,149671,0.149671,4.7,0.0,256,897,752,486,liboqs,gateway
Falcon-512,sign,154342,0.154342,4.7,0.0,256,897,752,487,liboqs,gateway
Falcon-512,sign,145846,0.145846,4.7,0.0,256,897,752,488,liboqs,gateway
Falcon-512,sign,147290,0.14729,4.7,0.0,256,897,752,489,liboqs,gateway
Falcon-512,sign,143957,0.143957,4.7,0.0,256,897,752,490,liboqs,gateway
Falcon-512,sign,144741,0.144741,4.7,0.0,256,897,752,491,liboqs,gateway
Falcon-512,sign,143509,0.143509,4.7,0.0,256,897,752,492,liboqs,gateway
Falcon-512,sign,143441,0.143441,4.7,0.0,256,897,752,493,liboqs,gateway
Falcon-512,sign,142689,0.142689,4.7,0.0,256,897,752,494,liboqs,gateway
Falcon-512,sign,154103,0.154103,4.7,0.0,256,897,752,495,liboqs,gateway
Falcon-512,sign,147308,0.147308,4.7,0.0,256,897,752,496,liboqs,gateway
Falcon-512,sign,142874,0.142874,4.7,0.0,256,897,752,497,liboqs,gateway
Falcon-512,sign,158398,0.158398,4.7,0.0,256,897,752,498,liboqs,gateway
Falcon-512,sign,166178,0.166178,4.7,0.0,256,897,752,499,liboqs,gateway
Falcon-512,sign,146757,0.146757,4.7,0.0,256,897,752,500,liboqs,gateway
Falcon-512,sign,146229,0.146229,4.7,0.0,256,897,752,501,liboqs,gateway
Falcon-512,sign,145296,0.145296,4.7,0.0,256,897,752,502,liboqs,gateway
Falcon-512,sign,143025,0.143025,4.7,0.0,256,897,752,503,liboqs,gateway
Falcon-512,sign,142619,0.142619,4.7,0.0,256,897,752,504,liboqs,gateway
Falcon-512,sign,144727,0.144727,4.7,0.0,256,897,752,505,liboqs,gateway
Falcon-512,sign,143912,0.143912,4.7,0.0,256,897,752,506,liboqs,gateway
Falcon-512,sign,144230,0.14423,4.7,0.0,256,897,752,507,liboqs,gateway
Falcon-512,sign,143605,0.143605,4.7,0.0,256,897,752,508,liboqs,gateway
Falcon-512,sign,144585,0.144585,4.69,0.0,256,897,752,509,liboqs,gateway
Falcon-512,sign,143687,0.143687,4.7,0.0,256,897,752,510,liboqs,gateway
Falcon-512,sign,151212,0.151212,4.7,0.0,256,897,752,511,liboqs,gateway
Falcon-512,sign,156741,0.156741,4.7,0.0,256,897,752,512,liboqs,gateway
Falcon-512,sign,152000,0.152,4.7,0.0,256,897,752,513,liboqs,gateway
Falcon-512,sign,146195,0.146195,4.7,0.0,256,897,752,514,liboqs,gateway
Falcon-512,sign,145761,0.145761,4.69,0.0,256,897,752,515,liboqs,gateway
Falcon-512,sign,145111,0.145111,4.7,0.0,256,897,752,516,liboqs,gateway
Falcon-512,sign,142642,0.142642,4.7,0.0,256,897,752,517,liboqs,gateway
Falcon-512,sign,145434,0.145434,4.7,0.0,256,897,752,518,liboqs,gateway
Falcon-512,sign,144819,0.144819,4.7,0.0,256,897,752,519,liboqs,gateway
Falcon-512,sign,159933,0.159933,4.7,0.0,256,897,752,520,liboqs,gateway
Falcon-512,sign,147546,0.147546,4.7,0.0,256,897,752,521,liboqs,gateway
Falcon-512,sign,144404,0.144404,4.7,0.0,256,897,752,522,liboqs,gateway
Falcon-512,sign,143317,0.143317,4.7,0.0,256,897,752,523,liboqs,gateway
Falcon-512,sign,144958,0.144958,4.7,0.0,256,897,752,524,liboqs,gateway
Falcon-512,sign,166481,0.166481,4.7,0.0,256,897,752,525,liboqs,gateway
Falcon-512,sign,151114,0.151114,4.7,0.0,256,897,752,526,liboqs,gateway
Falcon-512,sign,148515,0.148515,4.7,0.0,256,897,752,527,liboqs,gateway
Falcon-512,sign,144516,0.144516,4.7,0.0,256,897,752,528,liboqs,gateway
Falcon-512,sign,146195,0.146195,4.7,0.0,256,897,752,529,liboqs,gateway
Falcon-512,sign,144424,0.144424,4.7,0.0,256,897,752,530,liboqs,gateway
Falcon-512,sign,145774,0.145774,4.7,0.0,256,897,752,531,liboqs,gateway
Falcon-512,sign,145114,0.145114,4.7,0.0,256,897,752,532,liboqs,gateway
Falcon-512,sign,143359,0.143359,4.7,0.0,256,897,752,533,liboqs,gateway
Falcon-512,sign,143239,0.143239,4.7,0.0,256,897,752,534,liboqs,gateway
Falcon-512,sign,146341,0.146341,4.7,0.0,256,897,752,535,liboqs,gateway
Falcon-512,sign,153904,0.153904,4.7,0.0,256,897,752,536,liboqs,gateway
Falcon-512,sign,152748,0.152748,4.7,0.0,256,897,752,537,liboqs,gateway
Falcon-512,sign,146719,0.146719,4.7,0.0,256,897,752,538,liboqs,gateway
Falcon-512,sign,145173,0.145173,4.7,0.0,256,897,752,539,liboqs,gateway
Falcon-512,sign,144492,0.144492,4.7,0.0,256,897,752,540,liboqs,gateway
Falcon-512,sign,142655,0.142655,4.7,0.0,256,897,752,541,liboqs,gateway
Falcon-512,sign,145615,0.145615,4.7,0.0,256,897,752,542,liboqs,gateway
Falcon-512,sign,143655,0.143655,4.7,0.0,256,897,752,543,liboqs,gateway
Falcon-512,sign,143368,0.143368,4.7,0.0,256,897,752,544,liboqs,gateway
Falcon-512,sign,144448,0.144448,4.7,0.0,256,897,752,545,liboqs,gateway
Falcon-512,sign,275047,0.275047,4.7,0.0,256,897,752,546,liboqs,gateway
Falcon-512,sign,168497,0.168497,4.7,0.0,256,897,752,547,liboqs,gateway
Falcon-512,sign,158597,0.158597,4.7,0.0,256,897,752,548,liboqs,gateway
Falcon-512,sign,148594,0.148594,4.7,0.0,256,897,752,549,liboqs,gateway
Falcon-512,sign,254502,0.254502,4.7,0.0,256,897,752,550,liboqs,gateway
Falcon-512,sign,170741,0.170741,4.69,0.0,256,897,752,551,liboqs,gateway
Falcon-512,sign,161399,0.161399,4.7,0.0,256,897,752,552,liboqs,gateway
Falcon-512,sign,156042,0.156042,4.7,0.0,256,897,752,553,liboqs,gateway
Falcon-512,sign,147889,0.147889,4.7,0.0,256,897,752,554,liboqs,gateway
Falcon-512,sign,151470,0.15147,4.7,0.0,256,897,752,555,liboqs,gateway
Falcon-512,sign,147056,0.147056,4.7,0.0,256,897,752,556,liboqs,gateway
Falcon-512,sign,162684,0.162684,4.7,0.0,256,897,752,557,liboqs,gateway
Falcon-512,sign,155663,0.155663,4.7,0.0,256,897,752,558,liboqs,gateway
Falcon-512,sign,146359,0.146359,4.7,0.0,256,897,752,559,liboqs,gateway
Falcon-512,sign,155869,0.155869,4.7,0.0,256,897,752,560,liboqs,gateway
Falcon-512,sign,160607,0.160607,4.7,0.0,256,897,752,561,liboqs,gateway
Falcon-512,sign,156620,0.15662,4.7,0.0,256,897,752,562,liboqs,gateway
Falcon-512,sign,148453,0.148453,4.7,0.0,256,897,752,563,liboqs,gateway
Falcon-512,sign,145537,0.145537,4.7,0.0,256,897,752,564,liboqs,gateway
Falcon-512,sign,146532,0.146532,4.7,0.0,256,897,752,565,liboqs,gateway
Falcon-512,sign,145501,0.145501,4.7,0.0,256,897,752,566,liboqs,gateway
Falcon-512,sign,146071,0.146071,4.7,0.0,256,897,752,567,liboqs,gateway
Falcon-512,sign,146970,0.14697,4.7,0.0,256,897,752,568,liboqs,gateway
Falcon-512,sign,142356,0.142356,4.7,0.0,256,897,752,569,liboqs,gateway
Falcon-512,sign,164565,0.164565,4.7,0.0,256,897,752,570,liboqs,gateway
Falcon-512,sign,149746,0.149746,4.7,0.0,256,897,752,571,liboqs,gateway
Falcon-512,sign,148817,0.148817,4.7,0.0,256,897,752,572,liboqs,gateway
Falcon-512,sign,152239,0.152239,4.7,0.0,256,897,752,573,liboqs,gateway
Falcon-512,sign,150167,0.150167,4.7,0.0,256,897,752,574,liboqs,gateway
Falcon-512,sign,156004,0.156004,4.7,0.0,256,897,752,575,liboqs,gateway
Falcon-512,sign,148266,0.148266,4.7,0.0,256,897,752,576,liboqs,gateway
Falcon-512,sign,152738,0.152738,4.7,0.0,256,897,752,577,liboqs,gateway
Falcon-512,sign,158629,0.158629,4.7,0.0,256,897,752,578,liboqs,gateway
Falcon-512,sign,144686,0.144686,4.7,0.0,256,897,752,579,liboqs,gateway
Falcon-512,sign,143082,0.143082,4.7,0.0,256,897,752,580,liboqs,gateway
Falcon-512,sign,143996,0.143996,4.7,0.0,256,897,752,581,liboqs,gateway
Falcon-512,sign,143512,0.143512,4.7,0.0,256,897,752,582,liboqs,gateway
Falcon-512,sign,142655,0.142655,4.7,0.0,256,897,752,583,liboqs,gateway
Falcon-512,sign,145579,0.145579,4.7,0.0,256,897,752,584,liboqs,gateway
Falcon-512,sign,144888,0.144888,4.7,0.0,256,897,752,585,liboqs,gateway
Falcon-512,sign,154800,0.1548,4.7,0.0,256,897,752,586,liboqs,gateway
Falcon-512,sign,156143,0.156143,4.7,0.0,256,897,752,587,liboqs,gateway
Falcon-512,sign,148093,0.148093,4.7,0.0,256,897,752,588,liboqs,gateway
Falcon-512,sign,145888,0.145888,4.7,0.0,256,897,752,589,liboqs,gateway
Falcon-512,sign,147192,0.147192,4.7,0.0,256,897,752,590,liboqs,gateway
Falcon-512,sign,145207,0.145207,4.7,0.0,256,897,752,591,liboqs,gateway
Falcon-512,sign,146145,0.146145,4.7,0.0,256,897,752,592,liboqs,gateway
Falcon-512,sign,146071,0.146071,4.7,0.0,256,897,752,593,liboqs,gateway
Falcon-512,sign,160517,0.160517,4.7,0.0,256,897,752,594,liboqs,gateway
Falcon-512,sign,150808,0.150808,4.7,0.0,256,897,752,595,liboqs,gateway
Falcon-512,sign,147537,0.147537,4.7,0.0,256,897,752,596,liboqs,gateway
Falcon-512,sign,150072,0.150072,4.7,0.0,256,897,752,597,liboqs,gateway
Falcon-512,sign,157082,0.157082,4.7,0.0,256,897,752,598,liboqs,gateway
Falcon-512,sign,151050,0.15105,4.7,0.0,256,897,752,599,liboqs,gateway
Falcon-512,sign,165648,0.165648,4.7,0.0,256,897,752,600,liboqs,gateway
Falcon-512,sign,185573,0.185573,6.92,0.0,256,897,752,601,liboqs,gateway
Falcon-512,sign,155088,0.155088,4.7,0.0,256,897,752,602,liboqs,gateway
Falcon-512,sign,156171,0.156171,4.7,0.0,256,897,752,603,liboqs,gateway
Falcon-512,sign,144212,0.144212,4.7,0.0,256,897,752,604,liboqs,gateway
Falcon-512,sign,146417,0.146417,4.7,0.0,256,897,752,605,liboqs,gateway
Falcon-512,sign,146207,0.146207,4.7,0.0,256,897,752,606,liboqs,gateway
Falcon-512,sign,145596,0.145596,4.7,0.0,256,897,752,607,liboqs,gateway
Falcon-512,sign,143933,0.143933,4.7,0.0,256,897,752,608,liboqs,gateway
Falcon-512,sign,144584,0.144584,4.7,0.0,256,897,752,609,liboqs,gateway
Falcon-512,sign,146791,0.146791,4.7,0.0,256,897,752,610,liboqs,gateway
Falcon-512,sign,156189,0.156189,4.7,0.0,256,897,752,611,liboqs,gateway
Falcon-512,sign,149769,0.149769,4.7,0.0,256,897,752,612,liboqs,gateway
Falcon-512,sign,148849,0.148849,4.7,0.0,256,897,752,613,liboqs,gateway
Falcon-512,sign,145503,0.145503,4.7,0.0,256,897,752,614,liboqs,gateway
Falcon-512,sign,145572,0.145572,4.7,0.0,256,897,752,615,liboqs,gateway
Falcon-512,sign,143977,0.143977,4.7,0.0,256,897,752,616,liboqs,gateway
Falcon-512,sign,145859,0.145859,4.7,0.0,256,897,752,617,liboqs,gateway
Falcon-512,sign,146193,0.146193,4.7,0.0,256,897,752,618,liboqs,gateway
Falcon-512,sign,149981,0.149981,4.7,0.0,256,897,752,619,liboqs,gateway
Falcon-512,sign,147921,0.147921,4.7,0.0,256,897,752,620,liboqs,gateway
Falcon-512,sign,143179,0.143179,4.7,0.0,256,897,752,621,liboqs,gateway
Falcon-512,sign,142212,0.142212,4.7,0.0,256,897,752,622,liboqs,gateway
Falcon-512,sign,145468,0.145468,4.7,0.0,256,897,752,623,liboqs,gateway
Falcon-512,sign,154166,0.154166,4.7,0.0,256,897,752,624,liboqs,gateway
Falcon-512,sign,151725,0.151725,4.7,0.0,256,897,752,625,liboqs,gateway
Falcon-512,sign,149281,0.149281,4.7,0.0,256,897,752,626,liboqs,gateway
Falcon-512,sign,143421,0.143421,4.7,0.0,256,897,752,627,liboqs,gateway
Falcon-512,sign,162740,0.16274,4.7,0.0,256,897,752,628,liboqs,gateway
Falcon-512,sign,150941,0.150941,4.7,0.0,256,897,752,629,liboqs,gateway
Falcon-512,sign,149850,0.14985,4.7,0.0,256,897,752,630,liboqs,gateway
Falcon-512,sign,144484,0.144484,4.7,0.0,256,897,752,631,liboqs,gateway
Falcon-512,sign,145967,0.145967,4.7,0.0,256,897,752,632,liboqs,gateway
Falcon-512,sign,149256,0.149256,4.7,0.0,256,897,752,633,liboqs,gateway
Falcon-512,sign,144856,0.144856,4.7,0.0,256,897,752,634,liboqs,gateway
Falcon-512,sign,143692,0.143692,4.69,0.0,256,897,752,635,liboqs,gateway
Falcon-512,sign,146336,0.146336,4.7,0.0,256,897,752,636,liboqs,gateway
Falcon-512,sign,154503,0.154503,4.7,0.0,256,897,752,637,liboqs,gateway
Falcon-512,sign,155295,0.155295,4.7,0.0,256,897,752,638,liboqs,gateway
Falcon-512,sign,149884,0.149884,4.7,0.0,256,897,752,639,liboqs,gateway
Falcon-512,sign,149233,0.149233,4.7,0.0,256,897,752,640,liboqs,gateway
Falcon-512,sign,145925,0.145925,4.7,0.0,256,897,752,641,liboqs,gateway
Falcon-512,sign,143854,0.143854,4.7,0.0,256,897,752,642,liboqs,gateway
Falcon-512,sign,147586,0.147586,4.7,0.0,256,897,752,643,liboqs,gateway
Falcon-512,sign,156324,0.156324,4.7,0.0,256,897,752,644,liboqs,gateway
Falcon-512,sign,153167,0.153167,4.7,0.0,256,897,752,645,liboqs,gateway
Falcon-512,sign,149125,0.149125,4.7,0.0,256,897,752,646,liboqs,gateway
Falcon-512,sign,145930,0.14593,4.7,0.0,256,897,752,647,liboqs,gateway
Falcon-512,sign,148445,0.148445,4.7,0.0,256,897,752,648,liboqs,gateway
Falcon-512,sign,155136,0.155136,4.7,0.0,256,897,752,649,liboqs,gateway
Falcon-512,sign,153327,0.153327,4.7,0.0,256,897,752,650,liboqs,gateway
Falcon-512,sign,145778,0.145778,4.7,0.0,256,897,752,651,liboqs,gateway
Falcon-512,sign,149831,0.149831,4.7,0.0,256,897,752,652,liboqs,gateway
Falcon-512,sign,148165,0.148165,4.7,0.0,256,897,752,653,liboqs,gateway
Falcon-512,sign,152213,0.152213,4.7,0.0,256,897,752,654,liboqs,gateway
Falcon-512,sign,148659,0.148659,4.7,0.0,256,897,752,655,liboqs,gateway
Falcon-512,sign,145975,0.145975,4.7,0.0,256,897,752,656,liboqs,gateway
Falcon-512,sign,145460,0.14546,4.7,0.0,256,897,752,657,liboqs,gateway
Falcon-512,sign,146794,0.146794,4.7,0.0,256,897,752,658,liboqs,gateway
Falcon-512,sign,146214,0.146214,4.7,0.0,256,897,752,659,liboqs,gateway
Falcon-512,sign,199765,0.199765,4.7,0.0,256,897,752,660,liboqs,gateway
Falcon-512,sign,193957,0.193957,4.7,0.0,256,897,752,661,liboqs,gateway
Falcon-512,sign,154114,0.154114,4.7,0.0,256,897,752,662,liboqs,gateway
Falcon-512,sign,172733,0.172733,4.7,0.0,256,897,752,663,liboqs,gateway
Falcon-512,sign,166824,0.166824,4.7,0.0,256,897,752,664,liboqs,gateway
Falcon-512,sign,155911,0.155911,4.7,0.0,256,897,752,665,liboqs,gateway
Falcon-512,sign,155550,0.15555,4.7,0.0,256,897,752,666,liboqs,gateway
Falcon-512,sign,164517,0.164517,4.7,0.0,256,897,752,667,liboqs,gateway
Falcon-512,sign,166262,0.166262,4.7,0.0,256,897,752,668,liboqs,gateway
Falcon-512,sign,158516,0.158516,4.7,0.0,256,897,752,669,liboqs,gateway
Falcon-512,sign,149743,0.149743,4.7,0.0,256,897,752,670,liboqs,gateway
Falcon-512,sign,147780,0.14778,4.7,0.0,256,897,752,671,liboqs,gateway
Falcon-512,sign,380637,0.380637,4.7,0.0,256,897,752,672,liboqs,gateway
Falcon-512,sign,166923,0.166923,4.7,0.0,256,897,752,673,liboqs,gateway
Falcon-512,sign,241523,0.241523,4.7,0.0,256,897,752,674,liboqs,gateway
Falcon-512,sign,265661,0.265661,4.7,0.0,256,897,752,675,liboqs,gateway
Falcon-512,sign,385812,0.385812,4.7,0.0,256,897,752,676,liboqs,gateway
Falcon-512,sign,188062,0.188062,4.7,0.0,256,897,752,677,liboqs,gateway
Falcon-512,sign,156193,0.156193,4.7,0.0,256,897,752,678,liboqs,gateway
Falcon-512,sign,152426,0.152426,4.7,0.0,256,897,752,679,liboqs,gateway
Falcon-512,sign,149784,0.149784,4.7,0.0,256,897,752,680,liboqs,gateway
Falcon-512,sign,144792,0.144792,4.7,0.0,256,897,752,681,liboqs,gateway
Falcon-512,sign,157168,0.157168,4.7,0.0,256,897,752,682,liboqs,gateway
Falcon-512,sign,169566,0.169566,4.69,0.0,256,897,752,683,liboqs,gateway
Falcon-512,sign,152395,0.152395,4.7,0.0,256,897,752,684,liboqs,gateway
Falcon-512,sign,149785,0.149785,4.7,0.0,256,897,752,685,liboqs,gateway
Falcon-512,sign,150287,0.150287,4.7,0.0,256,897,752,686,liboqs,gateway
Falcon-512,sign,156960,0.15696,4.7,0.0,256,897,752,687,liboqs,gateway
Falcon-512,sign,152453,0.152453,4.7,0.0,256,897,752,688,liboqs,gateway
Falcon-512,sign,150914,0.150914,4.7,0.0,256,897,752,689,liboqs,gateway
Falcon-512,sign,146261,0.146261,4.69,0.0,256,897,752,690,liboqs,gateway
Falcon-512,sign,149450,0.14945,4.7,0.0,256,897,752,691,liboqs,gateway
Falcon-512,sign,148100,0.1481,4.7,0.0,256,897,752,692,liboqs,gateway
Falcon-512,sign,149394,0.149394,4.7,0.0,256,897,752,693,liboqs,gateway
Falcon-512,sign,147377,0.147377,4.7,0.0,256,897,752,694,liboqs,gateway
Falcon-512,sign,148386,0.148386,4.7,0.0,256,897,752,695,liboqs,gateway
Falcon-512,sign,151703,0.151703,4.7,0.0,256,897,752,696,liboqs,gateway
Falcon-512,sign,154567,0.154567,4.7,0.0,256,897,752,697,liboqs,gateway
Falcon-512,sign,162234,0.162234,4.7,0.0,256,897,752,698,liboqs,gateway
Falcon-512,sign,164055,0.164055,4.7,0.0,256,897,752,699,liboqs,gateway
Falcon-512,sign,175055,0.175055,4.7,0.0,256,897,752,700,liboqs,gateway
Falcon-512,sign,152270,0.15227,4.7,0.0,256,897,752,701,liboqs,gateway
Falcon-512,sign,152477,0.152477,4.7,0.0,256,897,752,702,liboqs,gateway
Falcon-512,sign,151128,0.151128,4.7,0.0,256,897,752,703,liboqs,gateway
Falcon-512,sign,148418,0.148418,4.7,0.0,256,897,752,704,liboqs,gateway
Falcon-512,sign,145990,0.14599,4.7,0.0,256,897,752,705,liboqs,gateway
Falcon-512,sign,146428,0.146428,4.7,0.0,256,897,752,706,liboqs,gateway
Falcon-512,sign,149432,0.149432,4.7,0.0,256,897,752,707,liboqs,gateway
Falcon-512,sign,147272,0.147272,4.7,0.0,256,897,752,708,liboqs,gateway
Falcon-512,sign,146690,0.14669,4.7,0.0,256,897,752,709,liboqs,gateway
Falcon-512,sign,145383,0.145383,4.7,0.0,256,897,752,710,liboqs,gateway
Falcon-512,sign,156188,0.156188,4.7,0.0,256,897,752,711,liboqs,gateway
Falcon-512,sign,151766,0.151766,4.7,0.0,256,897,752,712,liboqs,gateway
Falcon-512,sign,159945,0.159945,4.7,0.0,256,897,752,713,liboqs,gateway
Falcon-512,sign,147855,0.147855,4.7,0.0,256,897,752,714,liboqs,gateway
Falcon-512,sign,154188,0.154188,4.7,0.0,256,897,752,715,liboqs,gateway
Falcon-512,sign,156442,0.156442,4.7,0.0,256,897,752,716,liboqs,gateway
Falcon-512,sign,147816,0.147816,4.69,0.0,256,897,752,717,liboqs,gateway
Falcon-512,sign,151433,0.151433,4.7,0.0,256,897,752,718,liboqs,gateway
Falcon-512,sign,146246,0.146246,4.7,0.0,256,897,752,719,liboqs,gateway
Falcon-512,sign,146716,0.146716,4.7,0.0,256,897,752,720,liboqs,gateway
Falcon-512,sign,149178,0.149178,4.69,0.0,256,897,752,721,liboqs,gateway
Falcon-512,sign,150029,0.150029,4.69,0.0,256,897,752,722,liboqs,gateway
Falcon-512,sign,149151,0.149151,4.7,0.0,256,897,752,723,liboqs,gateway
Falcon-512,sign,156530,0.15653,4.7,0.0,256,897,752,724,liboqs,gateway
Falcon-512,sign,155167,0.155167,4.7,0.0,256,897,752,725,liboqs,gateway
Falcon-512,sign,158983,0.158983,4.7,0.0,256,897,752,726,liboqs,gateway
Falcon-512,sign,149939,0.149939,4.7,0.0,256,897,752,727,liboqs,gateway
Falcon-512,sign,145438,0.145438,4.7,0.0,256,897,752,728,liboqs,gateway
Falcon-512,sign,148731,0.148731,4.7,0.0,256,897,752,729,liboqs,gateway
Falcon-512,sign,149939,0.149939,4.7,0.0,256,897,752,730,liboqs,gateway
Falcon-512,sign,146839,0.146839,4.7,0.0,256,897,752,731,liboqs,gateway
Falcon-512,sign,148540,0.14854,4.7,0.0,256,897,752,732,liboqs,gateway
Falcon-512,sign,144364,0.144364,4.7,0.0,256,897,752,733,liboqs,gateway
Falcon-512,sign,143410,0.14341,4.7,0.0,256,897,752,734,liboqs,gateway
Falcon-512,sign,143700,0.1437,4.7,0.0,256,897,752,735,liboqs,gateway
Falcon-512,sign,148347,0.148347,4.7,0.0,256,897,752,736,liboqs,gateway
Falcon-512,sign,154942,0.154942,4.7,0.0,256,897,752,737,liboqs,gateway
Falcon-512,sign,150248,0.150248,4.7,0.0,256,897,752,738,liboqs,gateway
Falcon-512,sign,145897,0.145897,4.69,0.0,256,897,752,739,liboqs,gateway
Falcon-512,sign,146976,0.146976,4.7,0.0,256,897,752,740,liboqs,gateway
Falcon-512,sign,144626,0.144626,4.7,0.0,256,897,752,741,liboqs,gateway
Falcon-512,sign,145145,0.145145,4.7,0.0,256,897,752,742,liboqs,gateway
Falcon-512,sign,146999,0.146999,4.7,0.0,256,897,752,743,liboqs,gateway
Falcon-512,sign,145353,0.145353,4.7,0.0,256,897,752,744,liboqs,gateway
Falcon-512,sign,144912,0.144912,4.69,0.0,256,897,752,745,liboqs,gateway
Falcon-512,sign,148003,0.148003,4.7,0.0,256,897,752,746,liboqs,gateway
Falcon-512,sign,145024,0.145024,4.7,0.0,256,897,752,747,liboqs,gateway
Falcon-512,sign,145219,0.145219,4.7,0.0,256,897,752,748,liboqs,gateway
Falcon-512,sign,165067,0.165067,4.7,0.0,256,897,752,749,liboqs,gateway
Falcon-512,sign,151610,0.15161,4.7,0.0,256,897,752,750,liboqs,gateway
Falcon-512,sign,149565,0.149565,4.7,0.0,256,897,752,751,liboqs,gateway
Falcon-512,sign,174942,0.174942,4.7,0.0,256,897,752,752,liboqs,gateway
Falcon-512,sign,154657,0.154657,4.69,0.0,256,897,752,753,liboqs,gateway
Falcon-512,sign,147819,0.147819,4.7,0.0,256,897,752,754,liboqs,gateway
Falcon-512,sign,146798,0.146798,4.7,0.0,256,897,752,755,liboqs,gateway
Falcon-512,sign,149823,0.149823,4.7,0.0,256,897,752,756,liboqs,gateway
Falcon-512,sign,148064,0.148064,4.7,0.0,256,897,752,757,liboqs,gateway
Falcon-512,sign,144837,0.144837,4.7,0.0,256,897,752,758,liboqs,gateway
Falcon-512,sign,162812,0.162812,4.7,0.0,256,897,752,759,liboqs,gateway
Falcon-512,sign,149536,0.149536,4.7,0.0,256,897,752,760,liboqs,gateway
Falcon-512,sign,143795,0.143795,4.7,0.0,256,897,752,761,liboqs,gateway
Falcon-512,sign,157794,0.157794,4.7,0.0,256,897,752,762,liboqs,gateway
Falcon-512,sign,151123,0.151123,4.7,0.0,256,897,752,763,liboqs,gateway
Falcon-512,sign,145360,0.14536,4.7,0.0,256,897,752,764,liboqs,gateway
Falcon-512,sign,148592,0.148592,4.7,0.0,256,897,752,765,liboqs,gateway
Falcon-512,sign,147158,0.147158,4.7,0.0,256,897,752,766,liboqs,gateway
Falcon-512,sign,146771,0.146771,4.7,0.0,256,897,752,767,liboqs,gateway
Falcon-512,sign,146919,0.146919,4.7,0.0,256,897,752,768,liboqs,gateway
Falcon-512,sign,150055,0.150055,4.7,0.0,256,897,752,769,liboqs,gateway
Falcon-512,sign,145999,0.145999,4.7,0.0,256,897,752,770,liboqs,gateway
Falcon-512,sign,361387,0.361387,4.7,0.0,256,897,752,771,liboqs,gateway
Falcon-512,sign,230062,0.230062,4.7,0.0,256,897,752,772,liboqs,gateway
Falcon-512,sign,155212,0.155212,4.7,0.0,256,897,752,773,liboqs,gateway
Falcon-512,sign,150378,0.150378,4.7,0.0,256,897,752,774,liboqs,gateway
Falcon-512,sign,151177,0.151177,4.7,0.0,256,897,752,775,liboqs,gateway
Falcon-512,sign,148326,0.148326,4.7,0.0,256,897,752,776,liboqs,gateway
Falcon-512,sign,157340,0.15734,4.7,0.0,256,897,752,777,liboqs,gateway
Falcon-512,sign,146579,0.146579,4.69,0.0,256,897,752,778,liboqs,gateway
Falcon-512,sign,145839,0.145839,4.7,0.0,256,897,752,779,liboqs,gateway
Falcon-512,sign,143975,0.143975,4.7,0.0,256,897,752,780,liboqs,gateway
Falcon-512,sign,162423,0.162423,4.7,0.0,256,897,752,781,liboqs,gateway
Falcon-512,sign,162330,0.16233,4.7,0.0,256,897,752,782,liboqs,gateway
Falcon-512,sign,152297,0.152297,4.7,0.0,256,897,752,783,liboqs,gateway
Falcon-512,sign,147029,0.147029,4.7,0.0,256,897,752,784,liboqs,gateway
Falcon-512,sign,147529,0.147529,4.7,0.0,256,897,752,785,liboqs,gateway
Falcon-512,sign,146209,0.146209,4.7,0.0,256,897,752,786,liboqs,gateway
Falcon-512,sign,145085,0.145085,4.7,0.0,256,897,752,787,liboqs,gateway
Falcon-512,sign,143628,0.143628,4.7,0.0,256,897,752,788,liboqs,gateway
Falcon-512,sign,146418,0.146418,4.7,0.0,256,897,752,789,liboqs,gateway
Falcon-512,sign,143750,0.14375,4.7,0.0,256,897,752,790,liboqs,gateway
Falcon-512,sign,145439,0.145439,4.7,0.0,256,897,752,791,liboqs,gateway
Falcon-512,sign,145096,0.145096,4.7,0.0,256,897,752,792,liboqs,gateway
Falcon-512,sign,145534,0.145534,4.7,0.0,256,897,752,793,liboqs,gateway
Falcon-512,sign,146718,0.146718,4.69,0.0,256,897,752,794,liboqs,gateway
Falcon-512,sign,191228,0.191228,4.7,0.0,256,897,752,795,liboqs,gateway
Falcon-512,sign,176199,0.176199,4.7,0.0,256,897,752,796,liboqs,gateway
Falcon-512,sign,154148,0.154148,4.69,0.0,256,897,752,797,liboqs,gateway
Falcon-512,sign,148665,0.148665,4.7,0.0,256,897,752,798,liboqs,gateway
Falcon-512,sign,146325,0.146325,4.7,0.0,256,897,752,799,liboqs,gateway
Falcon-512,sign,150976,0.150976,4.7,0.0,256,897,752,800,liboqs,gateway
Falcon-512,sign,144823,0.144823,4.7,0.0,256,897,752,801,liboqs,gateway
Falcon-512,sign,145185,0.145185,4.7,0.0,256,897,752,802,liboqs,gateway
Falcon-512,sign,153784,0.153784,4.7,0.0,256,897,752,803,liboqs,gateway
Falcon-512,sign,148796,0.148796,4.7,0.0,256,897,752,804,liboqs,gateway
Falcon-512,sign,144524,0.144524,4.7,0.0,256,897,752,805,liboqs,gateway
Falcon-512,sign,156555,0.156555,4.7,0.0,256,897,752,806,liboqs,gateway
Falcon-512,sign,150127,0.150127,4.7,0.0,256,897,752,807,liboqs,gateway
Falcon-512,sign,147672,0.147672,4.7,0.0,256,897,752,808,liboqs,gateway
Falcon-512,sign,165492,0.165492,4.7,0.0,256,897,752,809,liboqs,gateway
Falcon-512,sign,152912,0.152912,4.7,0.0,256,897,752,810,liboqs,gateway
Falcon-512,sign,143953,0.143953,4.7,0.0,256,897,752,811,liboqs,gateway
Falcon-512,sign,144237,0.144237,4.7,0.0,256,897,752,812,liboqs,gateway
Falcon-512,sign,147042,0.147042,4.7,0.0,256,897,752,813,liboqs,gateway
Falcon-512,sign,145460,0.14546,4.7,0.0,256,897,752,814,liboqs,gateway
Falcon-512,sign,143972,0.143972,4.7,0.0,256,897,752,815,liboqs,gateway
Falcon-512,sign,144833,0.144833,4.69,0.0,256,897,752,816,liboqs,gateway
Falcon-512,sign,145727,0.145727,4.7,0.0,256,897,752,817,liboqs,gateway
Falcon-512,sign,144910,0.14491,4.7,0.0,256,897,752,818,liboqs,gateway
Falcon-512,sign,142556,0.142556,4.7,0.0,256,897,752,819,liboqs,gateway
Falcon-512,sign,162867,0.162867,4.7,0.0,256,897,752,820,liboqs,gateway
Falcon-512,sign,149776,0.149776,4.7,0.0,256,897,752,821,liboqs,gateway
Falcon-512,sign,145786,0.145786,4.7,0.0,256,897,752,822,liboqs,gateway
Falcon-512,sign,154023,0.154023,4.7,0.0,256,897,752,823,liboqs,gateway
Falcon-512,sign,154692,0.154692,4.7,0.0,256,897,752,824,liboqs,gateway
Falcon-512,sign,148635,0.148635,4.7,0.0,256,897,752,825,liboqs,gateway
Falcon-512,sign,147481,0.147481,4.7,0.0,256,897,752,826,liboqs,gateway
Falcon-512,sign,147323,0.147323,4.7,0.0,256,897,752,827,liboqs,gateway
Falcon-512,sign,146146,0.146146,4.69,0.0,256,897,752,828,liboqs,gateway
Falcon-512,sign,150688,0.150688,4.7,0.0,256,897,752,829,liboqs,gateway
Falcon-512,sign,148678,0.148678,4.7,0.0,256,897,752,830,liboqs,gateway
Falcon-512,sign,156699,0.156699,4.7,0.0,256,897,752,831,liboqs,gateway
Falcon-512,sign,153827,0.153827,4.7,0.0,256,897,752,832,liboqs,gateway
Falcon-512,sign,146572,0.146572,4.7,0.0,256,897,752,833,liboqs,gateway
Falcon-512,sign,147889,0.147889,4.7,0.0,256,897,752,834,liboqs,gateway
Falcon-512,sign,143898,0.143898,4.7,0.0,256,897,752,835,liboqs,gateway
Falcon-512,sign,143721,0.143721,4.7,0.0,256,897,752,836,liboqs,gateway
Falcon-512,sign,147307,0.147307,4.7,0.0,256,897,752,837,liboqs,gateway
Falcon-512,sign,143108,0.143108,4.7,0.0,256,897,752,838,liboqs,gateway
Falcon-512,sign,143445,0.143445,4.7,0.0,256,897,752,839,liboqs,gateway
Falcon-512,sign,146206,0.146206,4.7,0.0,256,897,752,840,liboqs,gateway
Falcon-512,sign,143104,0.143104,4.7,0.0,256,897,752,841,liboqs,gateway
Falcon-512,sign,142543,0.142543,4.7,0.0,256,897,752,842,liboqs,gateway
Falcon-512,sign,155023,0.155023,4.7,0.0,256,897,752,843,liboqs,gateway
Falcon-512,sign,150022,0.150022,4.7,0.0,256,897,752,844,liboqs,gateway
Falcon-512,sign,148398,0.148398,4.7,0.0,256,897,752,845,liboqs,gateway
Falcon-512,sign,146141,0.146141,4.7,0.0,256,897,752,846,liboqs,gateway
Falcon-512,sign,145830,0.14583,4.7,0.0,256,897,752,847,liboqs,gateway
Falcon-512,sign,145778,0.145778,4.7,0.0,256,897,752,848,liboqs,gateway
Falcon-512,sign,144173,0.144173,4.7,0.0,256,897,752,849,liboqs,gateway
Falcon-512,sign,146882,0.146882,4.7,0.0,256,897,752,850,liboqs,gateway
Falcon-512,sign,143019,0.143019,4.7,0.0,256,897,752,851,liboqs,gateway
Falcon-512,sign,142574,0.142574,4.7,0.0,256,897,752,852,liboqs,gateway
Falcon-512,sign,144759,0.144759,4.7,0.0,256,897,752,853,liboqs,gateway
Falcon-512,sign,155333,0.155333,4.7,0.0,256,897,752,854,liboqs,gateway
Falcon-512,sign,161076,0.161076,4.7,0.0,256,897,752,855,liboqs,gateway
Falcon-512,sign,157668,0.157668,4.7,0.0,256,897,752,856,liboqs,gateway
Falcon-512,sign,148173,0.148173,4.7,0.0,256,897,752,857,liboqs,gateway
Falcon-512,sign,145233,0.145233,4.7,0.0,256,897,752,858,liboqs,gateway
Falcon-512,sign,146899,0.146899,4.7,0.0,256,897,752,859,liboqs,gateway
Falcon-512,sign,146362,0.146362,4.7,0.0,256,897,752,860,liboqs,gateway
Falcon-512,sign,144876,0.144876,4.7,0.0,256,897,752,861,liboqs,gateway
Falcon-512,sign,151045,0.151045,4.7,0.0,256,897,752,862,liboqs,gateway
Falcon-512,sign,155237,0.155237,4.7,0.0,256,897,752,863,liboqs,gateway
Falcon-512,sign,162586,0.162586,4.7,0.0,256,897,752,864,liboqs,gateway
Falcon-512,sign,151177,0.151177,4.7,0.0,256,897,752,865,liboqs,gateway
Falcon-512,sign,165203,0.165203,4.69,0.0,256,897,752,866,liboqs,gateway
Falcon-512,sign,157155,0.157155,4.7,0.0,256,897,752,867,liboqs,gateway
Falcon-512,sign,150585,0.150585,4.7,0.0,256,897,752,868,liboqs,gateway
Falcon-512,sign,146134,0.146134,4.7,0.0,256,897,752,869,liboqs,gateway
Falcon-512,sign,202528,0.202528,4.7,0.0,256,897,752,870,liboqs,gateway
Falcon-512,sign,154977,0.154977,4.7,0.0,256,897,752,871,liboqs,gateway
Falcon-512,sign,149856,0.149856,4.7,0.0,256,897,752,872,liboqs,gateway
Falcon-512,sign,147224,0.147224,4.7,0.0,256,897,752,873,liboqs,gateway
Falcon-512,sign,147492,0.147492,4.7,0.0,256,897,752,874,liboqs,gateway
Falcon-512,sign,142649,0.142649,4.7,0.0,256,897,752,875,liboqs,gateway
Falcon-512,sign,144637,0.144637,4.7,0.0,256,897,752,876,liboqs,gateway
Falcon-512,sign,159196,0.159196,4.7,0.0,256,897,752,877,liboqs,gateway
Falcon-512,sign,160790,0.16079,4.7,0.0,256,897,752,878,liboqs,gateway
Falcon-512,sign,154716,0.154716,4.7,0.0,256,897,752,879,liboqs,gateway
Falcon-512,sign,150935,0.150935,4.7,0.0,256,897,752,880,liboqs,gateway
Falcon-512,sign,157076,0.157076,4.7,0.0,256,897,752,881,liboqs,gateway
Falcon-512,sign,148151,0.148151,4.7,0.0,256,897,752,882,liboqs,gateway
Falcon-512,sign,146956,0.146956,4.7,0.0,256,897,752,883,liboqs,gateway
Falcon-512,sign,145464,0.145464,4.7,0.0,256,897,752,884,liboqs,gateway
Falcon-512,sign,147888,0.147888,4.7,0.0,256,897,752,885,liboqs,gateway
Falcon-512,sign,147353,0.147353,4.69,0.0,256,897,752,886,liboqs,gateway
Falcon-512,sign,153220,0.15322,4.7,0.0,256,897,752,887,liboqs,gateway
Falcon-512,sign,152162,0.152162,4.7,0.0,256,897,752,888,liboqs,gateway
Falcon-512,sign,146666,0.146666,4.7,0.0,256,897,752,889,liboqs,gateway
Falcon-512,sign,156591,0.156591,4.7,0.0,256,897,752,890,liboqs,gateway
Falcon-512,sign,153099,0.153099,4.7,0.0,256,897,752,891,liboqs,gateway
Falcon-512,sign,148432,0.148432,4.7,0.0,256,897,752,892,liboqs,gateway
Falcon-512,sign,148799,0.148799,4.7,0.0,256,897,752,893,liboqs,gateway
Falcon-512,sign,147780,0.14778,4.7,0.0,256,897,752,894,liboqs,gateway
Falcon-512,sign,147882,0.147882,4.7,0.0,256,897,752,895,liboqs,gateway
Falcon-512,sign,146976,0.146976,4.7,0.0,256,897,752,896,liboqs,gateway
Falcon-512,sign,144505,0.144505,4.7,0.0,256,897,752,897,liboqs,gateway
Falcon-512,sign,147617,0.147617,4.7,0.0,256,897,752,898,liboqs,gateway
Falcon-512,sign,148119,0.148119,4.7,0.0,256,897,752,899,liboqs,gateway
Falcon-512,sign,146766,0.146766,4.7,0.0,256,897,752,900,liboqs,gateway
Falcon-512,sign,154835,0.154835,4.7,0.0,256,897,752,901,liboqs,gateway
Falcon-512,sign,151871,0.151871,4.7,0.0,256,897,752,902,liboqs,gateway
Falcon-512,sign,156305,0.156305,4.7,0.0,256,897,752,903,liboqs,gateway
Falcon-512,sign,144992,0.144992,4.7,0.0,256,897,752,904,liboqs,gateway
Falcon-512,sign,145519,0.145519,4.7,0.0,256,897,752,905,liboqs,gateway
Falcon-512,sign,146310,0.14631,4.7,0.0,256,897,752,906,liboqs,gateway
Falcon-512,sign,146469,0.146469,4.7,0.0,256,897,752,907,liboqs,gateway
Falcon-512,sign,151023,0.151023,4.7,0.0,256,897,752,908,liboqs,gateway
Falcon-512,sign,150376,0.150376,4.7,0.0,256,897,752,909,liboqs,gateway
Falcon-512,sign,144530,0.14453,4.7,0.0,256,897,752,910,liboqs,gateway
Falcon-512,sign,145233,0.145233,4.7,0.0,256,897,752,911,liboqs,gateway
Falcon-512,sign,146170,0.14617,4.7,0.0,256,897,752,912,liboqs,gateway
Falcon-512,sign,156599,0.156599,4.7,0.0,256,897,752,913,liboqs,gateway
Falcon-512,sign,149669,0.149669,4.7,0.0,256,897,752,914,liboqs,gateway
Falcon-512,sign,145949,0.145949,4.7,0.0,256,897,752,915,liboqs,gateway
Falcon-512,sign,146461,0.146461,4.69,0.0,256,897,752,916,liboqs,gateway
Falcon-512,sign,151908,0.151908,4.7,0.0,256,897,752,917,liboqs,gateway
Falcon-512,sign,155330,0.15533,4.7,0.0,256,897,752,918,liboqs,gateway
Falcon-512,sign,150168,0.150168,4.7,0.0,256,897,752,919,liboqs,gateway
Falcon-512,sign,152809,0.152809,4.7,0.0,256,897,752,920,liboqs,gateway
Falcon-512,sign,146602,0.146602,4.7,0.0,256,897,752,921,liboqs,gateway
Falcon-512,sign,146285,0.146285,4.7,0.0,256,897,752,922,liboqs,gateway
Falcon-512,sign,145767,0.145767,4.7,0.0,256,897,752,923,liboqs,gateway
Falcon-512,sign,148005,0.148005,4.7,0.0,256,897,752,924,liboqs,gateway
Falcon-512,sign,145311,0.145311,4.7,0.0,256,897,752,925,liboqs,gateway
Falcon-512,sign,158928,0.158928,4.7,0.0,256,897,752,926,liboqs,gateway
Falcon-512,sign,153017,0.153017,4.7,0.0,256,897,752,927,liboqs,gateway
Falcon-512,sign,148714,0.148714,4.7,0.0,256,897,752,928,liboqs,gateway
Falcon-512,sign,147613,0.147613,4.7,0.0,256,897,752,929,liboqs,gateway
Falcon-512,sign,152407,0.152407,4.7,0.0,256,897,752,930,liboqs,gateway
Falcon-512,sign,148119,0.148119,4.7,0.0,256,897,752,931,liboqs,gateway
Falcon-512,sign,145180,0.14518,4.7,0.0,256,897,752,932,liboqs,gateway
Falcon-512,sign,147629,0.147629,4.7,0.0,256,897,752,933,liboqs,gateway
Falcon-512,sign,156374,0.156374,4.7,0.0,256,897,752,934,liboqs,gateway
Falcon-512,sign,149168,0.149168,4.7,0.0,256,897,752,935,liboqs,gateway
Falcon-512,sign,147067,0.147067,4.7,0.0,256,897,752,936,liboqs,gateway
Falcon-512,sign,146032,0.146032,4.7,0.0,256,897,752,937,liboqs,gateway
Falcon-512,sign,146533,0.146533,4.7,0.0,256,897,752,938,liboqs,gateway
Falcon-512,sign,154977,0.154977,4.7,0.0,256,897,752,939,liboqs,gateway
Falcon-512,sign,153039,0.153039,4.7,0.0,256,897,752,940,liboqs,gateway
Falcon-512,sign,146887,0.146887,4.7,0.0,256,897,752,941,liboqs,gateway
Falcon-512,sign,561083,0.561083,4.7,0.0,256,897,752,942,liboqs,gateway
Falcon-512,sign,194888,0.194888,6.85,0.0,256,897,752,943,liboqs,gateway
Falcon-512,sign,154308,0.154308,4.64,0.0,256,897,752,944,liboqs,gateway
Falcon-512,sign,151962,0.151962,4.63,0.0,256,897,752,945,liboqs,gateway
Falcon-512,sign,151802,0.151802,4.64,0.0,256,897,752,946,liboqs,gateway
Falcon-512,sign,162454,0.162454,4.7,0.0,256,897,752,947,liboqs,gateway
Falcon-512,sign,156004,0.156004,4.7,0.0,256,897,752,948,liboqs,gateway
Falcon-512,sign,160492,0.160492,4.7,0.0,256,897,752,949,liboqs,gateway
Falcon-512,sign,155179,0.155179,4.7,0.0,256,897,752,950,liboqs,gateway
Falcon-512,sign,148449,0.148449,4.7,0.0,256,897,752,951,liboqs,gateway
Falcon-512,sign,149286,0.149286,4.7,0.0,256,897,752,952,liboqs,gateway
Falcon-512,sign,148740,0.14874,4.7,0.0,256,897,752,953,liboqs,gateway
Falcon-512,sign,148495,0.148495,4.7,0.0,256,897,752,954,liboqs,gateway
Falcon-512,sign,146896,0.146896,4.7,0.0,256,897,752,955,liboqs,gateway
Falcon-512,sign,147120,0.14712,4.7,0.0,256,897,752,956,liboqs,gateway
Falcon-512,sign,153704,0.153704,4.7,0.0,256,897,752,957,liboqs,gateway
Falcon-512,sign,146790,0.14679,4.7,0.0,256,897,752,958,liboqs,gateway
Falcon-512,sign,147007,0.147007,4.7,0.0,256,897,752,959,liboqs,gateway
Falcon-512,sign,143970,0.14397,4.7,0.0,256,897,752,960,liboqs,gateway
Falcon-512,sign,144848,0.144848,4.7,0.0,256,897,752,961,liboqs,gateway
Falcon-512,sign,157453,0.157453,4.7,0.0,256,897,752,962,liboqs,gateway
Falcon-512,sign,157478,0.157478,4.7,0.0,256,897,752,963,liboqs,gateway
Falcon-512,sign,150023,0.150023,4.7,0.0,256,897,752,964,liboqs,gateway
Falcon-512,sign,143356,0.143356,4.69,0.0,256,897,752,965,liboqs,gateway
Falcon-512,sign,146858,0.146858,4.7,0.0,256,897,752,966,liboqs,gateway
Falcon-512,sign,146293,0.146293,4.7,0.0,256,897,752,967,liboqs,gateway
Falcon-512,sign,144534,0.144534,4.7,0.0,256,897,752,968,liboqs,gateway
Falcon-512,sign,146846,0.146846,4.7,0.0,256,897,752,969,liboqs,gateway
Falcon-512,sign,144850,0.14485,4.7,0.0,256,897,752,970,liboqs,gateway
Falcon-512,sign,144775,0.144775,4.69,0.0,256,897,752,971,liboqs,gateway
Falcon-512,sign,145223,0.145223,4.7,0.0,256,897,752,972,liboqs,gateway
Falcon-512,sign,146945,0.146945,4.7,0.0,256,897,752,973,liboqs,gateway
Falcon-512,sign,157405,0.157405,4.7,0.0,256,897,752,974,liboqs,gateway
Falcon-512,sign,154892,0.154892,4.7,0.0,256,897,752,975,liboqs,gateway
Falcon-512,sign,149807,0.149807,4.7,0.0,256,897,752,976,liboqs,gateway
Falcon-512,sign,147832,0.147832,4.7,0.0,256,897,752,977,liboqs,gateway
Falcon-512,sign,158268,0.158268,4.7,0.0,256,897,752,978,liboqs,gateway
Falcon-512,sign,155143,0.155143,4.7,0.0,256,897,752,979,liboqs,gateway
Falcon-512,sign,146077,0.146077,4.7,0.0,256,897,752,980,liboqs,gateway
Falcon-512,sign,147608,0.147608,4.7,0.0,256,897,752,981,liboqs,gateway
Falcon-512,sign,143049,0.143049,4.7,0.0,256,897,752,982,liboqs,gateway
Falcon-512,sign,142819,0.142819,4.7,0.0,256,897,752,983,liboqs,gateway
Falcon-512,sign,152998,0.152998,4.7,0.0,256,897,752,984,liboqs,gateway
Falcon-512,sign,147314,0.147314,4.7,0.0,256,897,752,985,liboqs,gateway
Falcon-512,sign,147996,0.147996,4.7,0.0,256,897,752,986,liboqs,gateway
Falcon-512,sign,154178,0.154178,4.7,0.0,256,897,752,987,liboqs,gateway
Falcon-512,sign,153495,0.153495,4.7,0.0,256,897,752,988,liboqs,gateway
Falcon-512,sign,151116,0.151116,4.7,0.0,256,897,752,989,liboqs,gateway
Falcon-512,sign,146291,0.146291,4.7,0.0,256,897,752,990,liboqs,gateway
Falcon-512,sign,143997,0.143997,4.7,0.0,256,897,752,991,liboqs,gateway
Falcon-512,sign,147967,0.147967,4.7,0.0,256,897,752,992,liboqs,gateway
Falcon-512,sign,146639,0.146639,4.7,0.0,256,897,752,993,liboqs,gateway
Falcon-512,sign,142921,0.142921,4.7,0.0,256,897,752,994,liboqs,gateway
Falcon-512,sign,144760,0.14476,4.7,0.0,256,897,752,995,liboqs,gateway
Falcon-512,sign,145169,0.145169,4.7,0.0,256,897,752,996,liboqs,gateway
Falcon-512,sign,144772,0.144772,4.7,0.0,256,897,752,997,liboqs,gateway
Falcon-512,sign,145803,0.145803,4.7,0.0,256,897,752,998,liboqs,gateway
Falcon-512,sign,170846,0.170846,4.7,0.0,256,897,752,999,liboqs,gateway
Falcon-512,verify,87125,0.087125,8.57,0.0,256,897,752,0,liboqs,gateway
Falcon-512,verify,43522,0.043522,3.84,0.0,256,897,752,1,liboqs,gateway
Falcon-512,verify,40878,0.040878,3.84,0.0,256,897,752,2,liboqs,gateway
Falcon-512,verify,38201,0.038201,3.84,0.0,256,897,752,3,liboqs,gateway
Falcon-512,verify,37507,0.037507,3.9,0.0,256,897,752,4,liboqs,gateway
Falcon-512,verify,36948,0.036948,3.9,0.0,256,897,752,5,liboqs,gateway
Falcon-512,verify,36360,0.03636,3.9,0.0,256,897,752,6,liboqs,gateway
Falcon-512,verify,37608,0.037608,3.9,0.0,256,897,752,7,liboqs,gateway
Falcon-512,verify,36482,0.036482,3.9,0.0,256,897,752,8,liboqs,gateway
Falcon-512,verify,36058,0.036058,3.9,0.0,256,897,752,9,liboqs,gateway
Falcon-512,verify,36256,0.036256,3.9,0.0,256,897,752,10,liboqs,gateway
Falcon-512,verify,36173,0.036173,3.9,0.0,256,897,752,11,liboqs,gateway
Falcon-512,verify,37294,0.037294,3.9,0.0,256,897,752,12,liboqs,gateway
Falcon-512,verify,35951,0.035951,3.9,0.0,256,897,752,13,liboqs,gateway
Falcon-512,verify,36371,0.036371,3.9,0.0,256,897,752,14,liboqs,gateway
Falcon-512,verify,35666,0.035666,3.9,0.0,256,897,752,15,liboqs,gateway
Falcon-512,verify,37941,0.037941,3.9,0.0,256,897,752,16,liboqs,gateway
Falcon-512,verify,37607,0.037607,3.9,0.0,256,897,752,17,liboqs,gateway
Falcon-512,verify,37458,0.037458,3.9,0.0,256,897,752,18,liboqs,gateway
Falcon-512,verify,36315,0.036315,3.9,0.0,256,897,752,19,liboqs,gateway
Falcon-512,verify,37441,0.037441,3.9,0.0,256,897,752,20,liboqs,gateway
Falcon-512,verify,36018,0.036018,3.9,0.0,256,897,752,21,liboqs,gateway
Falcon-512,verify,35809,0.035809,3.9,0.0,256,897,752,22,liboqs,gateway
Falcon-512,verify,35950,0.03595,3.9,0.0,256,897,752,23,liboqs,gateway
Falcon-512,verify,35608,0.035608,3.9,0.0,256,897,752,24,liboqs,gateway
Falcon-512,verify,35209,0.035209,3.9,0.0,256,897,752,25,liboqs,gateway
Falcon-512,verify,35253,0.035253,3.9,0.0,256,897,752,26,liboqs,gateway
Falcon-512,verify,35589,0.035589,3.9,0.0,256,897,752,27,liboqs,gateway
Falcon-512,verify,35176,0.035176,3.9,0.0,256,897,752,28,liboqs,gateway
Falcon-512,verify,35519,0.035519,3.9,0.0,256,897,752,29,liboqs,gateway
Falcon-512,verify,35399,0.035399,3.9,0.0,256,897,752,30,liboqs,gateway
Falcon-512,verify,35280,0.03528,3.9,0.0,256,897,752,31,liboqs,gateway
Falcon-512,verify,35352,0.035352,3.9,0.0,256,897,752,32,liboqs,gateway
Falcon-512,verify,35632,0.035632,3.9,0.0,256,897,752,33,liboqs,gateway
Falcon-512,verify,35893,0.035893,3.9,0.0,256,897,752,34,liboqs,gateway
Falcon-512,verify,35713,0.035713,3.9,0.0,256,897,752,35,liboqs,gateway
Falcon-512,verify,43651,0.043651,3.9,0.0,256,897,752,36,liboqs,gateway
Falcon-512,verify,43446,0.043446,3.9,0.0,256,897,752,37,liboqs,gateway
Falcon-512,verify,38096,0.038096,3.9,0.0,256,897,752,38,liboqs,gateway
Falcon-512,verify,48235,0.048235,3.9,0.0,256,897,752,39,liboqs,gateway
Falcon-512,verify,42405,0.042405,3.9,0.0,256,897,752,40,liboqs,gateway
Falcon-512,verify,38997,0.038997,3.9,0.0,256,897,752,41,liboqs,gateway
Falcon-512,verify,37905,0.037905,3.9,0.0,256,897,752,42,liboqs,gateway
Falcon-512,verify,36268,0.036268,3.9,0.0,256,897,752,43,liboqs,gateway
Falcon-512,verify,35859,0.035859,3.9,0.0,256,897,752,44,liboqs,gateway
Falcon-512,verify,37991,0.037991,3.9,0.0,256,897,752,45,liboqs,gateway
Falcon-512,verify,35275,0.035275,3.9,0.0,256,897,752,46,liboqs,gateway
Falcon-512,verify,35895,0.035895,3.9,0.0,256,897,752,47,liboqs,gateway
Falcon-512,verify,35584,0.035584,3.9,0.0,256,897,752,48,liboqs,gateway
Falcon-512,verify,35430,0.03543,3.9,0.0,256,897,752,49,liboqs,gateway
Falcon-512,verify,37057,0.037057,3.9,0.0,256,897,752,50,liboqs,gateway
Falcon-512,verify,44571,0.044571,3.9,0.0,256,897,752,51,liboqs,gateway
Falcon-512,verify,36065,0.036065,3.9,0.0,256,897,752,52,liboqs,gateway
Falcon-512,verify,35231,0.035231,3.9,0.0,256,897,752,53,liboqs,gateway
Falcon-512,verify,36856,0.036856,3.9,0.0,256,897,752,54,liboqs,gateway
Falcon-512,verify,35465,0.035465,3.9,0.0,256,897,752,55,liboqs,gateway
Falcon-512,verify,36142,0.036142,3.9,0.0,256,897,752,56,liboqs,gateway
Falcon-512,verify,35760,0.03576,3.9,0.0,256,897,752,57,liboqs,gateway
Falcon-512,verify,35550,0.03555,3.9,0.0,256,897,752,58,liboqs,gateway
Falcon-512,verify,36560,0.03656,3.9,0.0,256,897,752,59,liboqs,gateway
Falcon-512,verify,35686,0.035686,3.9,0.0,256,897,752,60,liboqs,gateway
Falcon-512,verify,35462,0.035462,3.9,0.0,256,897,752,61,liboqs,gateway
Falcon-512,verify,35440,0.03544,3.9,0.0,256,897,752,62,liboqs,gateway
Falcon-512,verify,36608,0.036608,3.9,0.0,256,897,752,63,liboqs,gateway
Falcon-512,verify,35280,0.03528,3.9,0.0,256,897,752,64,liboqs,gateway
Falcon-512,verify,35221,0.035221,3.9,0.0,256,897,752,65,liboqs,gateway
Falcon-512,verify,35464,0.035464,3.9,0.0,256,897,752,66,liboqs,gateway
Falcon-512,verify,35264,0.035264,3.9,0.0,256,897,752,67,liboqs,gateway
Falcon-512,verify,36627,0.036627,3.9,0.0,256,897,752,68,liboqs,gateway
Falcon-512,verify,35423,0.035423,3.9,0.0,256,897,752,69,liboqs,gateway
Falcon-512,verify,35175,0.035175,3.9,0.0,256,897,752,70,liboqs,gateway
Falcon-512,verify,35492,0.035492,3.9,0.0,256,897,752,71,liboqs,gateway
Falcon-512,verify,37553,0.037553,3.9,0.0,256,897,752,72,liboqs,gateway
Falcon-512,verify,35333,0.035333,3.9,0.0,256,897,752,73,liboqs,gateway
Falcon-512,verify,35159,0.035159,3.9,0.0,256,897,752,74,liboqs,gateway
Falcon-512,verify,35422,0.035422,3.9,0.0,256,897,752,75,liboqs,gateway
Falcon-512,verify,36377,0.036377,3.9,0.0,256,897,752,76,liboqs,gateway
Falcon-512,verify,35206,0.035206,3.9,0.0,256,897,752,77,liboqs,gateway
Falcon-512,verify,35362,0.035362,3.9,0.0,256,897,752,78,liboqs,gateway
Falcon-512,verify,44432,0.044432,3.9,0.0,256,897,752,79,liboqs,gateway
Falcon-512,verify,35437,0.035437,3.9,0.0,256,897,752,80,liboqs,gateway
Falcon-512,verify,36462,0.036462,3.9,0.0,256,897,752,81,liboqs,gateway
Falcon-512,verify,35417,0.035417,3.9,0.0,256,897,752,82,liboqs,gateway
Falcon-512,verify,35432,0.035432,3.9,0.0,256,897,752,83,liboqs,gateway
Falcon-512,verify,35623,0.035623,3.9,0.0,256,897,752,84,liboqs,gateway
Falcon-512,verify,36637,0.036637,3.9,0.0,256,897,752,85,liboqs,gateway
Falcon-512,verify,35101,0.035101,3.9,0.0,256,897,752,86,liboqs,gateway
Falcon-512,verify,35374,0.035374,3.9,0.0,256,897,752,87,liboqs,gateway
Falcon-512,verify,35327,0.035327,3.9,0.0,256,897,752,88,liboqs,gateway
Falcon-512,verify,35290,0.03529,3.9,0.0,256,897,752,89,liboqs,gateway
Falcon-512,verify,36673,0.036673,3.9,0.0,256,897,752,90,liboqs,gateway
Falcon-512,verify,34989,0.034989,3.9,0.0,256,897,752,91,liboqs,gateway
Falcon-512,verify,46224,0.046224,3.9,0.0,256,897,752,92,liboqs,gateway
Falcon-512,verify,39208,0.039208,3.9,0.0,256,897,752,93,liboqs,gateway
Falcon-512,verify,38369,0.038369,3.9,0.0,256,897,752,94,liboqs,gateway
Falcon-512,verify,36082,0.036082,3.9,0.0,256,897,752,95,liboqs,gateway
Falcon-512,verify,35774,0.035774,3.9,0.0,256,897,752,96,liboqs,gateway
Falcon-512,verify,35889,0.035889,3.9,0.0,256,897,752,97,liboqs,gateway
Falcon-512,verify,36594,0.036594,3.9,0.0,256,897,752,98,liboqs,gateway
Falcon-512,verify,35727,0.035727,3.9,0.0,256,897,752,99,liboqs,gateway
Falcon-512,verify,35453,0.035453,3.9,0.0,256,897,752,100,liboqs,gateway
Falcon-512,verify,35075,0.035075,3.9,0.0,256,897,752,101,liboqs,gateway
Falcon-512,verify,35444,0.035444,3.9,0.0,256,897,752,102,liboqs,gateway
Falcon-512,verify,36163,0.036163,3.9,0.0,256,897,752,103,liboqs,gateway
Falcon-512,verify,35542,0.035542,3.9,0.0,256,897,752,104,liboqs,gateway
Falcon-512,verify,35621,0.035621,3.9,0.0,256,897,752,105,liboqs,gateway
Falcon-512,verify,36571,0.036571,3.9,0.0,256,897,752,106,liboqs,gateway
Falcon-512,verify,36129,0.036129,3.9,0.0,256,897,752,107,liboqs,gateway
Falcon-512,verify,35365,0.035365,3.9,0.0,256,897,752,108,liboqs,gateway
Falcon-512,verify,35729,0.035729,3.9,0.0,256,897,752,109,liboqs,gateway
Falcon-512,verify,35325,0.035325,3.9,0.0,256,897,752,110,liboqs,gateway
Falcon-512,verify,35348,0.035348,3.9,0.0,256,897,752,111,liboqs,gateway
Falcon-512,verify,36787,0.036787,3.9,0.0,256,897,752,112,liboqs,gateway
Falcon-512,verify,35419,0.035419,3.9,0.0,256,897,752,113,liboqs,gateway
Falcon-512,verify,35524,0.035524,3.9,0.0,256,897,752,114,liboqs,gateway
Falcon-512,verify,35263,0.035263,3.9,0.0,256,897,752,115,liboqs,gateway
Falcon-512,verify,36556,0.036556,3.9,0.0,256,897,752,116,liboqs,gateway
Falcon-512,verify,35376,0.035376,3.9,0.0,256,897,752,117,liboqs,gateway
Falcon-512,verify,35328,0.035328,3.9,0.0,256,897,752,118,liboqs,gateway
Falcon-512,verify,35472,0.035472,3.9,0.0,256,897,752,119,liboqs,gateway
Falcon-512,verify,36493,0.036493,3.9,0.0,256,897,752,120,liboqs,gateway
Falcon-512,verify,35210,0.03521,3.9,0.0,256,897,752,121,liboqs,gateway
Falcon-512,verify,35258,0.035258,3.9,0.0,256,897,752,122,liboqs,gateway
Falcon-512,verify,35307,0.035307,3.9,0.0,256,897,752,123,liboqs,gateway
Falcon-512,verify,35142,0.035142,3.9,0.0,256,897,752,124,liboqs,gateway
Falcon-512,verify,36761,0.036761,3.9,0.0,256,897,752,125,liboqs,gateway
Falcon-512,verify,35292,0.035292,3.9,0.0,256,897,752,126,liboqs,gateway
Falcon-512,verify,35191,0.035191,3.9,0.0,256,897,752,127,liboqs,gateway
Falcon-512,verify,35372,0.035372,3.9,0.0,256,897,752,128,liboqs,gateway
Falcon-512,verify,36622,0.036622,3.9,0.0,256,897,752,129,liboqs,gateway
Falcon-512,verify,35333,0.035333,3.9,0.0,256,897,752,130,liboqs,gateway
Falcon-512,verify,35323,0.035323,3.9,0.0,256,897,752,131,liboqs,gateway
Falcon-512,verify,35659,0.035659,3.9,0.0,256,897,752,132,liboqs,gateway
Falcon-512,verify,35399,0.035399,3.9,0.0,256,897,752,133,liboqs,gateway
Falcon-512,verify,36673,0.036673,3.9,0.0,256,897,752,134,liboqs,gateway
Falcon-512,verify,35362,0.035362,3.9,0.0,256,897,752,135,liboqs,gateway
Falcon-512,verify,35567,0.035567,3.9,0.0,256,897,752,136,liboqs,gateway
Falcon-512,verify,35214,0.035214,3.9,0.0,256,897,752,137,liboqs,gateway
Falcon-512,verify,36440,0.03644,3.9,0.0,256,897,752,138,liboqs,gateway
Falcon-512,verify,35250,0.03525,3.9,0.0,256,897,752,139,liboqs,gateway
Falcon-512,verify,34914,0.034914,3.9,0.0,256,897,752,140,liboqs,gateway
Falcon-512,verify,35433,0.035433,3.9,0.0,256,897,752,141,liboqs,gateway
Falcon-512,verify,35510,0.03551,3.9,0.0,256,897,752,142,liboqs,gateway
Falcon-512,verify,38890,0.03889,3.9,0.0,256,897,752,143,liboqs,gateway
Falcon-512,verify,35831,0.035831,3.9,0.0,256,897,752,144,liboqs,gateway
Falcon-512,verify,50542,0.050542,3.9,0.0,256,897,752,145,liboqs,gateway
Falcon-512,verify,41440,0.04144,3.9,0.0,256,897,752,146,liboqs,gateway
Falcon-512,verify,38728,0.038728,3.9,0.0,256,897,752,147,liboqs,gateway
Falcon-512,verify,36441,0.036441,3.9,0.0,256,897,752,148,liboqs,gateway
Falcon-512,verify,36063,0.036063,3.9,0.0,256,897,752,149,liboqs,gateway
Falcon-512,verify,35451,0.035451,3.9,0.0,256,897,752,150,liboqs,gateway
Falcon-512,verify,36712,0.036712,3.9,0.0,256,897,752,151,liboqs,gateway
Falcon-512,verify,36034,0.036034,3.9,0.0,256,897,752,152,liboqs,gateway
Falcon-512,verify,44558,0.044558,3.9,0.0,256,897,752,153,liboqs,gateway
Falcon-512,verify,38393,0.038393,3.9,0.0,256,897,752,154,liboqs,gateway
Falcon-512,verify,36041,0.036041,3.9,0.0,256,897,752,155,liboqs,gateway
Falcon-512,verify,37164,0.037164,3.9,0.0,256,897,752,156,liboqs,gateway
Falcon-512,verify,37392,0.037392,3.9,0.0,256,897,752,157,liboqs,gateway
Falcon-512,verify,35489,0.035489,3.9,0.0,256,897,752,158,liboqs,gateway
Falcon-512,verify,35205,0.035205,3.9,0.0,256,897,752,159,liboqs,gateway
Falcon-512,verify,36272,0.036272,3.9,0.0,256,897,752,160,liboqs,gateway
Falcon-512,verify,35374,0.035374,3.9,0.0,256,897,752,161,liboqs,gateway
Falcon-512,verify,35413,0.035413,3.9,0.0,256,897,752,162,liboqs,gateway
Falcon-512,verify,35115,0.035115,3.9,0.0,256,897,752,163,liboqs,gateway
Falcon-512,verify,35490,0.03549,3.9,0.0,256,897,752,164,liboqs,gateway
Falcon-512,verify,36717,0.036717,3.9,0.0,256,897,752,165,liboqs,gateway
Falcon-512,verify,35193,0.035193,3.9,0.0,256,897,752,166,liboqs,gateway
Falcon-512,verify,35206,0.035206,3.9,0.0,256,897,752,167,liboqs,gateway
Falcon-512,verify,35334,0.035334,3.9,0.0,256,897,752,168,liboqs,gateway
Falcon-512,verify,36386,0.036386,3.9,0.0,256,897,752,169,liboqs,gateway
Falcon-512,verify,36995,0.036995,3.9,0.0,256,897,752,170,liboqs,gateway
Falcon-512,verify,35427,0.035427,3.9,0.0,256,897,752,171,liboqs,gateway
Falcon-512,verify,35508,0.035508,3.9,0.0,256,897,752,172,liboqs,gateway
Falcon-512,verify,36570,0.03657,3.9,0.0,256,897,752,173,liboqs,gateway
Falcon-512,verify,35695,0.035695,3.9,0.0,256,897,752,174,liboqs,gateway
Falcon-512,verify,35358,0.035358,3.9,0.0,256,897,752,175,liboqs,gateway
Falcon-512,verify,34975,0.034975,3.9,0.0,256,897,752,176,liboqs,gateway
Falcon-512,verify,35429,0.035429,3.9,0.0,256,897,752,177,liboqs,gateway
Falcon-512,verify,36756,0.036756,3.9,0.0,256,897,752,178,liboqs,gateway
Falcon-512,verify,35586,0.035586,3.9,0.0,256,897,752,179,liboqs,gateway
Falcon-512,verify,35540,0.03554,3.9,0.0,256,897,752,180,liboqs,gateway
Falcon-512,verify,35336,0.035336,3.9,0.0,256,897,752,181,liboqs,gateway
Falcon-512,verify,36309,0.036309,3.9,0.0,256,897,752,182,liboqs,gateway
Falcon-512,verify,35406,0.035406,3.9,0.0,256,897,752,183,liboqs,gateway
Falcon-512,verify,35234,0.035234,3.9,0.0,256,897,752,184,liboqs,gateway
Falcon-512,verify,35406,0.035406,3.9,0.0,256,897,752,185,liboqs,gateway
Falcon-512,verify,35406,0.035406,3.9,0.0,256,897,752,186,liboqs,gateway
Falcon-512,verify,36494,0.036494,3.9,0.0,256,897,752,187,liboqs,gateway
Falcon-512,verify,35109,0.035109,3.9,0.0,256,897,752,188,liboqs,gateway
Falcon-512,verify,35061,0.035061,3.9,0.0,256,897,752,189,liboqs,gateway
Falcon-512,verify,35047,0.035047,3.9,0.0,256,897,752,190,liboqs,gateway
Falcon-512,verify,37703,0.037703,3.9,0.0,256,897,752,191,liboqs,gateway
Falcon-512,verify,35015,0.035015,3.9,0.0,256,897,752,192,liboqs,gateway
Falcon-512,verify,35521,0.035521,3.9,0.0,256,897,752,193,liboqs,gateway
Falcon-512,verify,35602,0.035602,3.9,0.0,256,897,752,194,liboqs,gateway
Falcon-512,verify,35791,0.035791,3.9,0.0,256,897,752,195,liboqs,gateway
Falcon-512,verify,38685,0.038685,3.9,0.0,256,897,752,196,liboqs,gateway
Falcon-512,verify,43662,0.043662,3.9,0.0,256,897,752,197,liboqs,gateway
Falcon-512,verify,41039,0.041039,3.9,0.0,256,897,752,198,liboqs,gateway
Falcon-512,verify,36364,0.036364,3.9,0.0,256,897,752,199,liboqs,gateway
Falcon-512,verify,37805,0.037805,3.9,0.0,256,897,752,200,liboqs,gateway
Falcon-512,verify,35692,0.035692,3.9,0.0,256,897,752,201,liboqs,gateway
Falcon-512,verify,36006,0.036006,3.9,0.0,256,897,752,202,liboqs,gateway
Falcon-512,verify,35310,0.03531,3.9,0.0,256,897,752,203,liboqs,gateway
Falcon-512,verify,37097,0.037097,3.9,0.0,256,897,752,204,liboqs,gateway
Falcon-512,verify,35221,0.035221,3.9,0.0,256,897,752,205,liboqs,gateway
Falcon-512,verify,35079,0.035079,3.9,0.0,256,897,752,206,liboqs,gateway
Falcon-512,verify,36526,0.036526,3.9,0.0,256,897,752,207,liboqs,gateway
Falcon-512,verify,35572,0.035572,3.9,0.0,256,897,752,208,liboqs,gateway
Falcon-512,verify,36790,0.03679,3.9,0.0,256,897,752,209,liboqs,gateway
Falcon-512,verify,35529,0.035529,3.9,0.0,256,897,752,210,liboqs,gateway
Falcon-512,verify,35023,0.035023,3.9,0.0,256,897,752,211,liboqs,gateway
Falcon-512,verify,35304,0.035304,3.9,0.0,256,897,752,212,liboqs,gateway
Falcon-512,verify,36441,0.036441,3.9,0.0,256,897,752,213,liboqs,gateway
Falcon-512,verify,35153,0.035153,3.9,0.0,256,897,752,214,liboqs,gateway
Falcon-512,verify,35319,0.035319,3.9,0.0,256,897,752,215,liboqs,gateway
Falcon-512,verify,35340,0.03534,3.9,0.0,256,897,752,216,liboqs,gateway
Falcon-512,verify,35310,0.03531,3.9,0.0,256,897,752,217,liboqs,gateway
Falcon-512,verify,36462,0.036462,3.9,0.0,256,897,752,218,liboqs,gateway
Falcon-512,verify,35203,0.035203,3.9,0.0,256,897,752,219,liboqs,gateway
Falcon-512,verify,34900,0.0349,3.9,0.0,256,897,752,220,liboqs,gateway
Falcon-512,verify,35225,0.035225,3.9,0.0,256,897,752,221,liboqs,gateway
Falcon-512,verify,36538,0.036538,3.9,0.0,256,897,752,222,liboqs,gateway
Falcon-512,verify,35115,0.035115,3.9,0.0,256,897,752,223,liboqs,gateway
Falcon-512,verify,35353,0.035353,3.9,0.0,256,897,752,224,liboqs,gateway
Falcon-512,verify,35172,0.035172,3.9,0.0,256,897,752,225,liboqs,gateway
Falcon-512,verify,37043,0.037043,3.9,0.0,256,897,752,226,liboqs,gateway
Falcon-512,verify,35402,0.035402,3.9,0.0,256,897,752,227,liboqs,gateway
Falcon-512,verify,35572,0.035572,3.9,0.0,256,897,752,228,liboqs,gateway
Falcon-512,verify,35188,0.035188,3.9,0.0,256,897,752,229,liboqs,gateway
Falcon-512,verify,35440,0.03544,3.9,0.0,256,897,752,230,liboqs,gateway
Falcon-512,verify,36569,0.036569,3.9,0.0,256,897,752,231,liboqs,gateway
Falcon-512,verify,35508,0.035508,3.9,0.0,256,897,752,232,liboqs,gateway
Falcon-512,verify,36251,0.036251,3.9,0.0,256,897,752,233,liboqs,gateway
Falcon-512,verify,35266,0.035266,3.9,0.0,256,897,752,234,liboqs,gateway
Falcon-512,verify,36206,0.036206,3.9,0.0,256,897,752,235,liboqs,gateway
Falcon-512,verify,35116,0.035116,3.9,0.0,256,897,752,236,liboqs,gateway
Falcon-512,verify,54553,0.054553,3.9,0.0,256,897,752,237,liboqs,gateway
Falcon-512,verify,38658,0.038658,3.9,0.0,256,897,752,238,liboqs,gateway
Falcon-512,verify,36345,0.036345,3.9,0.0,256,897,752,239,liboqs,gateway
Falcon-512,verify,38042,0.038042,3.9,0.0,256,897,752,240,liboqs,gateway
Falcon-512,verify,35710,0.03571,3.9,0.0,256,897,752,241,liboqs,gateway
Falcon-512,verify,35936,0.035936,3.9,0.0,256,897,752,242,liboqs,gateway
Falcon-512,verify,43919,0.043919,3.9,0.0,256,897,752,243,liboqs,gateway
Falcon-512,verify,44741,0.044741,3.9,0.0,256,897,752,244,liboqs,gateway
Falcon-512,verify,37395,0.037395,3.9,0.0,256,897,752,245,liboqs,gateway
Falcon-512,verify,36103,0.036103,3.9,0.0,256,897,752,246,liboqs,gateway
Falcon-512,verify,35592,0.035592,3.9,0.0,256,897,752,247,liboqs,gateway
Falcon-512,verify,36578,0.036578,3.9,0.0,256,897,752,248,liboqs,gateway
Falcon-512,verify,39955,0.039955,3.9,0.0,256,897,752,249,liboqs,gateway
Falcon-512,verify,37769,0.037769,3.9,0.0,256,897,752,250,liboqs,gateway
Falcon-512,verify,35826,0.035826,3.9,0.0,256,897,752,251,liboqs,gateway
Falcon-512,verify,35430,0.03543,3.9,0.0,256,897,752,252,liboqs,gateway
Falcon-512,verify,36639,0.036639,3.9,0.0,256,897,752,253,liboqs,gateway
Falcon-512,verify,35453,0.035453,3.9,0.0,256,897,752,254,liboqs,gateway
Falcon-512,verify,35495,0.035495,3.9,0.0,256,897,752,255,liboqs,gateway
Falcon-512,verify,35577,0.035577,3.9,0.0,256,897,752,256,liboqs,gateway
Falcon-512,verify,36975,0.036975,3.9,0.0,256,897,752,257,liboqs,gateway
Falcon-512,verify,35723,0.035723,3.9,0.0,256,897,752,258,liboqs,gateway
Falcon-512,verify,35809,0.035809,3.9,0.0,256,897,752,259,liboqs,gateway
Falcon-512,verify,35609,0.035609,3.9,0.0,256,897,752,260,liboqs,gateway
Falcon-512,verify,35558,0.035558,3.9,0.0,256,897,752,261,liboqs,gateway
Falcon-512,verify,36491,0.036491,3.9,0.0,256,897,752,262,liboqs,gateway
Falcon-512,verify,35666,0.035666,3.9,0.0,256,897,752,263,liboqs,gateway
Falcon-512,verify,35299,0.035299,3.9,0.0,256,897,752,264,liboqs,gateway
Falcon-512,verify,35225,0.035225,3.9,0.0,256,897,752,265,liboqs,gateway
Falcon-512,verify,36519,0.036519,3.9,0.0,256,897,752,266,liboqs,gateway
Falcon-512,verify,35617,0.035617,3.9,0.0,256,897,752,267,liboqs,gateway
Falcon-512,verify,35575,0.035575,3.9,0.0,256,897,752,268,liboqs,gateway
Falcon-512,verify,35441,0.035441,3.9,0.0,256,897,752,269,liboqs,gateway
Falcon-512,verify,46665,0.046665,3.9,0.0,256,897,752,270,liboqs,gateway
Falcon-512,verify,40944,0.040944,3.9,0.0,256,897,752,271,liboqs,gateway
Falcon-512,verify,37006,0.037006,3.9,0.0,256,897,752,272,liboqs,gateway
Falcon-512,verify,38372,0.038372,3.9,0.0,256,897,752,273,liboqs,gateway
Falcon-512,verify,36379,0.036379,3.9,0.0,256,897,752,274,liboqs,gateway
Falcon-512,verify,35970,0.03597,3.9,0.0,256,897,752,275,liboqs,gateway
Falcon-512,verify,35878,0.035878,3.9,0.0,256,897,752,276,liboqs,gateway
Falcon-512,verify,35532,0.035532,3.9,0.0,256,897,752,277,liboqs,gateway
Falcon-512,verify,35544,0.035544,3.9,0.0,256,897,752,278,liboqs,gateway
Falcon-512,verify,70225,0.070225,6.94,0.0,256,897,752,279,liboqs,gateway
Falcon-512,verify,50098,0.050098,6.05,0.0,256,897,752,280,liboqs,gateway
Falcon-512,verify,38321,0.038321,3.84,0.0,256,897,752,281,liboqs,gateway
Falcon-512,verify,36574,0.036574,3.84,0.0,256,897,752,282,liboqs,gateway
Falcon-512,verify,36145,0.036145,3.9,0.0,256,897,752,283,liboqs,gateway
Falcon-512,verify,37878,0.037878,3.9,0.0,256,897,752,284,liboqs,gateway
Falcon-512,verify,36127,0.036127,3.9,0.0,256,897,752,285,liboqs,gateway
Falcon-512,verify,44657,0.044657,3.9,0.0,256,897,752,286,liboqs,gateway
Falcon-512,verify,44452,0.044452,3.9,0.0,256,897,752,287,liboqs,gateway
Falcon-512,verify,38136,0.038136,3.9,0.0,256,897,752,288,liboqs,gateway
Falcon-512,verify,36943,0.036943,3.9,0.0,256,897,752,289,liboqs,gateway
Falcon-512,verify,36045,0.036045,3.9,0.0,256,897,752,290,liboqs,gateway
Falcon-512,verify,36376,0.036376,3.9,0.0,256,897,752,291,liboqs,gateway
Falcon-512,verify,35739,0.035739,3.9,0.0,256,897,752,292,liboqs,gateway
Falcon-512,verify,35216,0.035216,3.9,0.0,256,897,752,293,liboqs,gateway
Falcon-512,verify,37006,0.037006,3.9,0.0,256,897,752,294,liboqs,gateway
Falcon-512,verify,36378,0.036378,3.9,0.0,256,897,752,295,liboqs,gateway
Falcon-512,verify,35920,0.03592,3.9,0.0,256,897,752,296,liboqs,gateway
Falcon-512,verify,35665,0.035665,3.9,0.0,256,897,752,297,liboqs,gateway
Falcon-512,verify,36391,0.036391,3.9,0.0,256,897,752,298,liboqs,gateway
Falcon-512,verify,35469,0.035469,3.9,0.0,256,897,752,299,liboqs,gateway
Falcon-512,verify,35335,0.035335,3.9,0.0,256,897,752,300,liboqs,gateway
Falcon-512,verify,35388,0.035388,3.9,0.0,256,897,752,301,liboqs,gateway
Falcon-512,verify,36265,0.036265,3.9,0.0,256,897,752,302,liboqs,gateway
Falcon-512,verify,35737,0.035737,3.9,0.0,256,897,752,303,liboqs,gateway
Falcon-512,verify,35432,0.035432,3.9,0.0,256,897,752,304,liboqs,gateway
Falcon-512,verify,35375,0.035375,3.9,0.0,256,897,752,305,liboqs,gateway
Falcon-512,verify,35667,0.035667,3.9,0.0,256,897,752,306,liboqs,gateway
Falcon-512,verify,36541,0.036541,3.9,0.0,256,897,752,307,liboqs,gateway
Falcon-512,verify,35561,0.035561,3.9,0.0,256,897,752,308,liboqs,gateway
Falcon-512,verify,35574,0.035574,3.9,0.0,256,897,752,309,liboqs,gateway
Falcon-512,verify,35309,0.035309,3.9,0.0,256,897,752,310,liboqs,gateway
Falcon-512,verify,36356,0.036356,3.9,0.0,256,897,752,311,liboqs,gateway
Falcon-512,verify,35385,0.035385,3.9,0.0,256,897,752,312,liboqs,gateway
Falcon-512,verify,35052,0.035052,3.9,0.0,256,897,752,313,liboqs,gateway
Falcon-512,verify,35249,0.035249,3.9,0.0,256,897,752,314,liboqs,gateway
Falcon-512,verify,35459,0.035459,3.9,0.0,256,897,752,315,liboqs,gateway
Falcon-512,verify,36702,0.036702,3.9,0.0,256,897,752,316,liboqs,gateway
Falcon-512,verify,35527,0.035527,3.9,0.0,256,897,752,317,liboqs,gateway
Falcon-512,verify,35239,0.035239,3.9,0.0,256,897,752,318,liboqs,gateway
Falcon-512,verify,35213,0.035213,3.9,0.0,256,897,752,319,liboqs,gateway
Falcon-512,verify,36310,0.03631,3.9,0.0,256,897,752,320,liboqs,gateway
Falcon-512,verify,34998,0.034998,3.9,0.0,256,897,752,321,liboqs,gateway
Falcon-512,verify,35351,0.035351,3.9,0.0,256,897,752,322,liboqs,gateway
Falcon-512,verify,35140,0.03514,3.9,0.0,256,897,752,323,liboqs,gateway
Falcon-512,verify,35270,0.03527,3.9,0.0,256,897,752,324,liboqs,gateway
Falcon-512,verify,36279,0.036279,3.9,0.0,256,897,752,325,liboqs,gateway
Falcon-512,verify,36598,0.036598,3.9,0.0,256,897,752,326,liboqs,gateway
Falcon-512,verify,37017,0.037017,3.9,0.0,256,897,752,327,liboqs,gateway
Falcon-512,verify,35233,0.035233,3.9,0.0,256,897,752,328,liboqs,gateway
Falcon-512,verify,37107,0.037107,3.9,0.0,256,897,752,329,liboqs,gateway
Falcon-512,verify,35365,0.035365,3.9,0.0,256,897,752,330,liboqs,gateway
Falcon-512,verify,35194,0.035194,3.9,0.0,256,897,752,331,liboqs,gateway
Falcon-512,verify,35770,0.03577,3.9,0.0,256,897,752,332,liboqs,gateway
Falcon-512,verify,36392,0.036392,3.9,0.0,256,897,752,333,liboqs,gateway
Falcon-512,verify,36612,0.036612,3.9,0.0,256,897,752,334,liboqs,gateway
Falcon-512,verify,35502,0.035502,3.9,0.0,256,897,752,335,liboqs,gateway
Falcon-512,verify,35335,0.035335,3.9,0.0,256,897,752,336,liboqs,gateway
Falcon-512,verify,35603,0.035603,3.9,0.0,256,897,752,337,liboqs,gateway
Falcon-512,verify,36812,0.036812,3.9,0.0,256,897,752,338,liboqs,gateway
Falcon-512,verify,48237,0.048237,3.9,0.0,256,897,752,339,liboqs,gateway
Falcon-512,verify,43108,0.043108,3.9,0.0,256,897,752,340,liboqs,gateway
Falcon-512,verify,37044,0.037044,3.9,0.0,256,897,752,341,liboqs,gateway
Falcon-512,verify,38314,0.038314,3.9,0.0,256,897,752,342,liboqs,gateway
Falcon-512,verify,35838,0.035838,3.9,0.0,256,897,752,343,liboqs,gateway
Falcon-512,verify,35726,0.035726,3.9,0.0,256,897,752,344,liboqs,gateway
Falcon-512,verify,35798,0.035798,3.9,0.0,256,897,752,345,liboqs,gateway
Falcon-512,verify,35590,0.03559,3.9,0.0,256,897,752,346,liboqs,gateway
Falcon-512,verify,36876,0.036876,3.9,0.0,256,897,752,347,liboqs,gateway
Falcon-512,verify,35391,0.035391,3.9,0.0,256,897,752,348,liboqs,gateway
Falcon-512,verify,35085,0.035085,3.9,0.0,256,897,752,349,liboqs,gateway
Falcon-512,verify,34826,0.034826,3.9,0.0,256,897,752,350,liboqs,gateway
Falcon-512,verify,36493,0.036493,3.9,0.0,256,897,752,351,liboqs,gateway
Falcon-512,verify,40881,0.040881,3.9,0.0,256,897,752,352,liboqs,gateway
Falcon-512,verify,36815,0.036815,3.9,0.0,256,897,752,353,liboqs,gateway
Falcon-512,verify,35687,0.035687,3.9,0.0,256,897,752,354,liboqs,gateway
Falcon-512,verify,35503,0.035503,3.9,0.0,256,897,752,355,liboqs,gateway
Falcon-512,verify,37513,0.037513,3.9,0.0,256,897,752,356,liboqs,gateway
Falcon-512,verify,35479,0.035479,3.9,0.0,256,897,752,357,liboqs,gateway
Falcon-512,verify,35277,0.035277,3.9,0.0,256,897,752,358,liboqs,gateway
Falcon-512,verify,35330,0.03533,3.9,0.0,256,897,752,359,liboqs,gateway
Falcon-512,verify,36482,0.036482,3.9,0.0,256,897,752,360,liboqs,gateway
Falcon-512,verify,35376,0.035376,3.9,0.0,256,897,752,361,liboqs,gateway
Falcon-512,verify,35251,0.035251,3.9,0.0,256,897,752,362,liboqs,gateway
Falcon-512,verify,35528,0.035528,3.9,0.0,256,897,752,363,liboqs,gateway
Falcon-512,verify,35387,0.035387,3.9,0.0,256,897,752,364,liboqs,gateway
Falcon-512,verify,36870,0.03687,3.9,0.0,256,897,752,365,liboqs,gateway
Falcon-512,verify,35186,0.035186,3.9,0.0,256,897,752,366,liboqs,gateway
Falcon-512,verify,35342,0.035342,3.9,0.0,256,897,752,367,liboqs,gateway
Falcon-512,verify,35204,0.035204,3.9,0.0,256,897,752,368,liboqs,gateway
Falcon-512,verify,38054,0.038054,3.9,0.0,256,897,752,369,liboqs,gateway
Falcon-512,verify,35713,0.035713,3.9,0.0,256,897,752,370,liboqs,gateway
Falcon-512,verify,35912,0.035912,3.9,0.0,256,897,752,371,liboqs,gateway
Falcon-512,verify,35526,0.035526,3.9,0.0,256,897,752,372,liboqs,gateway
Falcon-512,verify,36206,0.036206,3.9,0.0,256,897,752,373,liboqs,gateway
Falcon-512,verify,35516,0.035516,3.9,0.0,256,897,752,374,liboqs,gateway
Falcon-512,verify,35564,0.035564,3.9,0.0,256,897,752,375,liboqs,gateway
Falcon-512,verify,35249,0.035249,3.9,0.0,256,897,752,376,liboqs,gateway
Falcon-512,verify,35372,0.035372,3.9,0.0,256,897,752,377,liboqs,gateway
Falcon-512,verify,37278,0.037278,3.9,0.0,256,897,752,378,liboqs,gateway
Falcon-512,verify,35535,0.035535,3.9,0.0,256,897,752,379,liboqs,gateway
Falcon-512,verify,35401,0.035401,3.9,0.0,256,897,752,380,liboqs,gateway
Falcon-512,verify,35602,0.035602,3.9,0.0,256,897,752,381,liboqs,gateway
Falcon-512,verify,36484,0.036484,3.9,0.0,256,897,752,382,liboqs,gateway
Falcon-512,verify,35094,0.035094,3.9,0.0,256,897,752,383,liboqs,gateway
Falcon-512,verify,50909,0.050909,3.9,0.0,256,897,752,384,liboqs,gateway
Falcon-512,verify,41424,0.041424,3.9,0.0,256,897,752,385,liboqs,gateway
Falcon-512,verify,36530,0.03653,3.9,0.0,256,897,752,386,liboqs,gateway
Falcon-512,verify,37206,0.037206,3.9,0.0,256,897,752,387,liboqs,gateway
Falcon-512,verify,35878,0.035878,3.9,0.0,256,897,752,388,liboqs,gateway
Falcon-512,verify,35437,0.035437,3.9,0.0,256,897,752,389,liboqs,gateway
Falcon-512,verify,35907,0.035907,3.9,0.0,256,897,752,390,liboqs,gateway
Falcon-512,verify,36598,0.036598,3.9,0.0,256,897,752,391,liboqs,gateway
Falcon-512,verify,35161,0.035161,3.9,0.0,256,897,752,392,liboqs,gateway
Falcon-512,verify,35424,0.035424,3.9,0.0,256,897,752,393,liboqs,gateway
Falcon-512,verify,35507,0.035507,3.9,0.0,256,897,752,394,liboqs,gateway
Falcon-512,verify,36173,0.036173,3.9,0.0,256,897,752,395,liboqs,gateway
Falcon-512,verify,35243,0.035243,3.9,0.0,256,897,752,396,liboqs,gateway
Falcon-512,verify,35229,0.035229,3.9,0.0,256,897,752,397,liboqs,gateway
Falcon-512,verify,36632,0.036632,3.9,0.0,256,897,752,398,liboqs,gateway
Falcon-512,verify,35398,0.035398,3.9,0.0,256,897,752,399,liboqs,gateway
Falcon-512,verify,36524,0.036524,3.9,0.0,256,897,752,400,liboqs,gateway
Falcon-512,verify,35080,0.03508,3.9,0.0,256,897,752,401,liboqs,gateway
Falcon-512,verify,35332,0.035332,3.9,0.0,256,897,752,402,liboqs,gateway
Falcon-512,verify,35273,0.035273,3.9,0.0,256,897,752,403,liboqs,gateway
Falcon-512,verify,36164,0.036164,3.9,0.0,256,897,752,404,liboqs,gateway
Falcon-512,verify,35278,0.035278,3.9,0.0,256,897,752,405,liboqs,gateway
Falcon-512,verify,35643,0.035643,3.9,0.0,256,897,752,406,liboqs,gateway
Falcon-512,verify,35067,0.035067,3.9,0.0,256,897,752,407,liboqs,gateway
Falcon-512,verify,35213,0.035213,3.9,0.0,256,897,752,408,liboqs,gateway
Falcon-512,verify,36296,0.036296,3.9,0.0,256,897,752,409,liboqs,gateway
Falcon-512,verify,35159,0.035159,3.9,0.0,256,897,752,410,liboqs,gateway
Falcon-512,verify,36510,0.03651,3.9,0.0,256,897,752,411,liboqs,gateway
Falcon-512,verify,36440,0.03644,3.9,0.0,256,897,752,412,liboqs,gateway
Falcon-512,verify,36875,0.036875,3.9,0.0,256,897,752,413,liboqs,gateway
Falcon-512,verify,35195,0.035195,3.9,0.0,256,897,752,414,liboqs,gateway
Falcon-512,verify,34935,0.034935,3.9,0.0,256,897,752,415,liboqs,gateway
Falcon-512,verify,35449,0.035449,3.9,0.0,256,897,752,416,liboqs,gateway
Falcon-512,verify,35219,0.035219,3.9,0.0,256,897,752,417,liboqs,gateway
Falcon-512,verify,36149,0.036149,3.9,0.0,256,897,752,418,liboqs,gateway
Falcon-512,verify,35039,0.035039,3.9,0.0,256,897,752,419,liboqs,gateway
Falcon-512,verify,35344,0.035344,3.9,0.0,256,897,752,420,liboqs,gateway
Falcon-512,verify,34924,0.034924,3.9,0.0,256,897,752,421,liboqs,gateway
Falcon-512,verify,38068,0.038068,3.9,0.0,256,897,752,422,liboqs,gateway
Falcon-512,verify,35311,0.035311,3.9,0.0,256,897,752,423,liboqs,gateway
Falcon-512,verify,35123,0.035123,3.9,0.0,256,897,752,424,liboqs,gateway
Falcon-512,verify,35029,0.035029,3.9,0.0,256,897,752,425,liboqs,gateway
Falcon-512,verify,36429,0.036429,3.9,0.0,256,897,752,426,liboqs,gateway
Falcon-512,verify,35252,0.035252,3.9,0.0,256,897,752,427,liboqs,gateway
Falcon-512,verify,35532,0.035532,3.9,0.0,256,897,752,428,liboqs,gateway
Falcon-512,verify,35137,0.035137,3.9,0.0,256,897,752,429,liboqs,gateway
Falcon-512,verify,35093,0.035093,3.9,0.0,256,897,752,430,liboqs,gateway
Falcon-512,verify,46231,0.046231,3.9,0.0,256,897,752,431,liboqs,gateway
Falcon-512,verify,39327,0.039327,3.9,0.0,256,897,752,432,liboqs,gateway
Falcon-512,verify,36174,0.036174,3.9,0.0,256,897,752,433,liboqs,gateway
Falcon-512,verify,35603,0.035603,3.9,0.0,256,897,752,434,liboqs,gateway
Falcon-512,verify,36834,0.036834,3.9,0.0,256,897,752,435,liboqs,gateway
Falcon-512,verify,35359,0.035359,3.9,0.0,256,897,752,436,liboqs,gateway
Falcon-512,verify,35423,0.035423,3.9,0.0,256,897,752,437,liboqs,gateway
Falcon-512,verify,35420,0.03542,3.9,0.0,256,897,752,438,liboqs,gateway
Falcon-512,verify,35072,0.035072,3.9,0.0,256,897,752,439,liboqs,gateway
Falcon-512,verify,36189,0.036189,3.9,0.0,256,897,752,440,liboqs,gateway
Falcon-512,verify,35288,0.035288,3.9,0.0,256,897,752,441,liboqs,gateway
Falcon-512,verify,35114,0.035114,3.9,0.0,256,897,752,442,liboqs,gateway
Falcon-512,verify,35198,0.035198,3.9,0.0,256,897,752,443,liboqs,gateway
Falcon-512,verify,36544,0.036544,3.9,0.0,256,897,752,444,liboqs,gateway
Falcon-512,verify,34922,0.034922,3.9,0.0,256,897,752,445,liboqs,gateway
Falcon-512,verify,35110,0.03511,3.9,0.0,256,897,752,446,liboqs,gateway
Falcon-512,verify,35180,0.03518,3.9,0.0,256,897,752,447,liboqs,gateway
Falcon-512,verify,36668,0.036668,3.9,0.0,256,897,752,448,liboqs,gateway
Falcon-512,verify,35049,0.035049,3.9,0.0,256,897,752,449,liboqs,gateway
Falcon-512,verify,35182,0.035182,3.9,0.0,256,897,752,450,liboqs,gateway
Falcon-512,verify,34965,0.034965,3.9,0.0,256,897,752,451,liboqs,gateway
Falcon-512,verify,34979,0.034979,3.9,0.0,256,897,752,452,liboqs,gateway
Falcon-512,verify,36523,0.036523,3.9,0.0,256,897,752,453,liboqs,gateway
Falcon-512,verify,36477,0.036477,3.9,0.0,256,897,752,454,liboqs,gateway
Falcon-512,verify,35408,0.035408,3.9,0.0,256,897,752,455,liboqs,gateway
Falcon-512,verify,35478,0.035478,3.9,0.0,256,897,752,456,liboqs,gateway
Falcon-512,verify,36244,0.036244,3.9,0.0,256,897,752,457,liboqs,gateway
Falcon-512,verify,41142,0.041142,3.9,0.0,256,897,752,458,liboqs,gateway
Falcon-512,verify,36903,0.036903,3.9,0.0,256,897,752,459,liboqs,gateway
Falcon-512,verify,35874,0.035874,3.9,0.0,256,897,752,460,liboqs,gateway
Falcon-512,verify,35510,0.03551,3.9,0.0,256,897,752,461,liboqs,gateway
Falcon-512,verify,37702,0.037702,3.9,0.0,256,897,752,462,liboqs,gateway
Falcon-512,verify,35272,0.035272,3.9,0.0,256,897,752,463,liboqs,gateway
Falcon-512,verify,35084,0.035084,3.9,0.0,256,897,752,464,liboqs,gateway
Falcon-512,verify,35280,0.03528,3.9,0.0,256,897,752,465,liboqs,gateway
Falcon-512,verify,36713,0.036713,3.9,0.0,256,897,752,466,liboqs,gateway
Falcon-512,verify,35373,0.035373,3.9,0.0,256,897,752,467,liboqs,gateway
Falcon-512,verify,35255,0.035255,3.9,0.0,256,897,752,468,liboqs,gateway
Falcon-512,verify,35029,0.035029,3.9,0.0,256,897,752,469,liboqs,gateway
Falcon-512,verify,37135,0.037135,3.9,0.0,256,897,752,470,liboqs,gateway
Falcon-512,verify,35095,0.035095,3.9,0.0,256,897,752,471,liboqs,gateway
Falcon-512,verify,35196,0.035196,3.9,0.0,256,897,752,472,liboqs,gateway
Falcon-512,verify,35209,0.035209,3.9,0.0,256,897,752,473,liboqs,gateway
Falcon-512,verify,35421,0.035421,3.9,0.0,256,897,752,474,liboqs,gateway
Falcon-512,verify,42833,0.042833,3.9,0.0,256,897,752,475,liboqs,gateway
Falcon-512,verify,35267,0.035267,3.9,0.0,256,897,752,476,liboqs,gateway
Falcon-512,verify,48218,0.048218,3.9,0.0,256,897,752,477,liboqs,gateway
Falcon-512,verify,39218,0.039218,3.9,0.0,256,897,752,478,liboqs,gateway
Falcon-512,verify,37652,0.037652,3.9,0.0,256,897,752,479,liboqs,gateway
Falcon-512,verify,35986,0.035986,3.9,0.0,256,897,752,480,liboqs,gateway
Falcon-512,verify,36005,0.036005,3.9,0.0,256,897,752,481,liboqs,gateway
Falcon-512,verify,35613,0.035613,3.9,0.0,256,897,752,482,liboqs,gateway
Falcon-512,verify,35381,0.035381,3.9,0.0,256,897,752,483,liboqs,gateway
Falcon-512,verify,39043,0.039043,3.9,0.0,256,897,752,484,liboqs,gateway
Falcon-512,verify,35688,0.035688,3.9,0.0,256,897,752,485,liboqs,gateway
Falcon-512,verify,35802,0.035802,3.9,0.0,256,897,752,486,liboqs,gateway
Falcon-512,verify,35348,0.035348,3.9,0.0,256,897,752,487,liboqs,gateway
Falcon-512,verify,36595,0.036595,3.9,0.0,256,897,752,488,liboqs,gateway
Falcon-512,verify,35466,0.035466,3.9,0.0,256,897,752,489,liboqs,gateway
Falcon-512,verify,35274,0.035274,3.9,0.0,256,897,752,490,liboqs,gateway
Falcon-512,verify,35016,0.035016,3.9,0.0,256,897,752,491,liboqs,gateway
Falcon-512,verify,35017,0.035017,3.9,0.0,256,897,752,492,liboqs,gateway
Falcon-512,verify,36200,0.0362,3.9,0.0,256,897,752,493,liboqs,gateway
Falcon-512,verify,35328,0.035328,3.9,0.0,256,897,752,494,liboqs,gateway
Falcon-512,verify,35280,0.03528,3.9,0.0,256,897,752,495,liboqs,gateway
Falcon-512,verify,36243,0.036243,3.9,0.0,256,897,752,496,liboqs,gateway
Falcon-512,verify,37887,0.037887,3.9,0.0,256,897,752,497,liboqs,gateway
Falcon-512,verify,35298,0.035298,3.9,0.0,256,897,752,498,liboqs,gateway
Falcon-512,verify,34956,0.034956,3.9,0.0,256,897,752,499,liboqs,gateway
Falcon-512,verify,35431,0.035431,3.9,0.0,256,897,752,500,liboqs,gateway
Falcon-512,verify,36554,0.036554,3.9,0.0,256,897,752,501,liboqs,gateway
Falcon-512,verify,41915,0.041915,3.9,0.0,256,897,752,502,liboqs,gateway
Falcon-512,verify,44235,0.044235,3.9,0.0,256,897,752,503,liboqs,gateway
Falcon-512,verify,37986,0.037986,3.9,0.0,256,897,752,504,liboqs,gateway
Falcon-512,verify,36283,0.036283,3.9,0.0,256,897,752,505,liboqs,gateway
Falcon-512,verify,37146,0.037146,3.9,0.0,256,897,752,506,liboqs,gateway
Falcon-512,verify,35930,0.03593,3.9,0.0,256,897,752,507,liboqs,gateway
Falcon-512,verify,35656,0.035656,3.9,0.0,256,897,752,508,liboqs,gateway
Falcon-512,verify,34909,0.034909,3.9,0.0,256,897,752,509,liboqs,gateway
Falcon-512,verify,36236,0.036236,3.9,0.0,256,897,752,510,liboqs,gateway
Falcon-512,verify,35343,0.035343,3.9,0.0,256,897,752,511,liboqs,gateway
Falcon-512,verify,35196,0.035196,3.9,0.0,256,897,752,512,liboqs,gateway
Falcon-512,verify,35241,0.035241,3.9,0.0,256,897,752,513,liboqs,gateway
Falcon-512,verify,34877,0.034877,3.9,0.0,256,897,752,514,liboqs,gateway
Falcon-512,verify,36416,0.036416,3.9,0.0,256,897,752,515,liboqs,gateway
Falcon-512,verify,35210,0.03521,3.9,0.0,256,897,752,516,liboqs,gateway
Falcon-512,verify,35307,0.035307,3.9,0.0,256,897,752,517,liboqs,gateway
Falcon-512,verify,35450,0.03545,3.9,0.0,256,897,752,518,liboqs,gateway
Falcon-512,verify,37468,0.037468,3.9,0.0,256,897,752,519,liboqs,gateway
Falcon-512,verify,35243,0.035243,3.9,0.0,256,897,752,520,liboqs,gateway
Falcon-512,verify,35095,0.035095,3.9,0.0,256,897,752,521,liboqs,gateway
Falcon-512,verify,35461,0.035461,3.9,0.0,256,897,752,522,liboqs,gateway
Falcon-512,verify,35225,0.035225,3.9,0.0,256,897,752,523,liboqs,gateway
Falcon-512,verify,36982,0.036982,3.9,0.0,256,897,752,524,liboqs,gateway
Falcon-512,verify,35110,0.03511,3.9,0.0,256,897,752,525,liboqs,gateway
Falcon-512,verify,36382,0.036382,3.9,0.0,256,897,752,526,liboqs,gateway
Falcon-512,verify,35048,0.035048,3.9,0.0,256,897,752,527,liboqs,gateway
Falcon-512,verify,36482,0.036482,3.9,0.0,256,897,752,528,liboqs,gateway
Falcon-512,verify,42789,0.042789,3.9,0.0,256,897,752,529,liboqs,gateway
Falcon-512,verify,42004,0.042004,3.9,0.0,256,897,752,530,liboqs,gateway
Falcon-512,verify,36920,0.03692,3.9,0.0,256,897,752,531,liboqs,gateway
Falcon-512,verify,37094,0.037094,3.9,0.0,256,897,752,532,liboqs,gateway
Falcon-512,verify,35672,0.035672,3.9,0.0,256,897,752,533,liboqs,gateway
Falcon-512,verify,35610,0.03561,3.9,0.0,256,897,752,534,liboqs,gateway
Falcon-512,verify,35207,0.035207,3.9,0.0,256,897,752,535,liboqs,gateway
Falcon-512,verify,34954,0.034954,3.9,0.0,256,897,752,536,liboqs,gateway
Falcon-512,verify,36390,0.03639,3.9,0.0,256,897,752,537,liboqs,gateway
Falcon-512,verify,35473,0.035473,3.9,0.0,256,897,752,538,liboqs,gateway
Falcon-512,verify,36801,0.036801,3.9,0.0,256,897,752,539,liboqs,gateway
Falcon-512,verify,35757,0.035757,3.9,0.0,256,897,752,540,liboqs,gateway
Falcon-512,verify,36267,0.036267,3.9,0.0,256,897,752,541,liboqs,gateway
Falcon-512,verify,35476,0.035476,3.9,0.0,256,897,752,542,liboqs,gateway
Falcon-512,verify,35475,0.035475,3.9,0.0,256,897,752,543,liboqs,gateway
Falcon-512,verify,35459,0.035459,3.9,0.0,256,897,752,544,liboqs,gateway
Falcon-512,verify,35328,0.035328,3.9,0.0,256,897,752,545,liboqs,gateway
Falcon-512,verify,36737,0.036737,3.9,0.0,256,897,752,546,liboqs,gateway
Falcon-512,verify,35487,0.035487,3.9,0.0,256,897,752,547,liboqs,gateway
Falcon-512,verify,35617,0.035617,3.9,0.0,256,897,752,548,liboqs,gateway
Falcon-512,verify,35716,0.035716,3.9,0.0,256,897,752,549,liboqs,gateway
Falcon-512,verify,36820,0.03682,3.9,0.0,256,897,752,550,liboqs,gateway
Falcon-512,verify,81490,0.08149,3.9,0.0,256,897,752,551,liboqs,gateway
Falcon-512,verify,82810,0.08281,3.9,0.0,256,897,752,552,liboqs,gateway
Falcon-512,verify,56249,0.056249,3.9,0.0,256,897,752,553,liboqs,gateway
Falcon-512,verify,55989,0.055989,3.9,0.0,256,897,752,554,liboqs,gateway
Falcon-512,verify,37757,0.037757,3.9,0.0,256,897,752,555,liboqs,gateway
Falcon-512,verify,36569,0.036569,3.9,0.0,256,897,752,556,liboqs,gateway
Falcon-512,verify,36499,0.036499,3.9,0.0,256,897,752,557,liboqs,gateway
Falcon-512,verify,36238,0.036238,3.9,0.0,256,897,752,558,liboqs,gateway
Falcon-512,verify,37851,0.037851,3.9,0.0,256,897,752,559,liboqs,gateway
Falcon-512,verify,48120,0.04812,3.9,0.0,256,897,752,560,liboqs,gateway
Falcon-512,verify,40637,0.040637,3.9,0.0,256,897,752,561,liboqs,gateway
Falcon-512,verify,37576,0.037576,3.9,0.0,256,897,752,562,liboqs,gateway
Falcon-512,verify,36095,0.036095,3.9,0.0,256,897,752,563,liboqs,gateway
Falcon-512,verify,36196,0.036196,3.9,0.0,256,897,752,564,liboqs,gateway
Falcon-512,verify,36238,0.036238,3.9,0.0,256,897,752,565,liboqs,gateway
Falcon-512,verify,35722,0.035722,3.9,0.0,256,897,752,566,liboqs,gateway
Falcon-512,verify,35724,0.035724,3.9,0.0,256,897,752,567,liboqs,gateway
Falcon-512,verify,35595,0.035595,3.9,0.0,256,897,752,568,liboqs,gateway
Falcon-512,verify,35676,0.035676,3.9,0.0,256,897,752,569,liboqs,gateway
Falcon-512,verify,35786,0.035786,3.9,0.0,256,897,752,570,liboqs,gateway
Falcon-512,verify,35800,0.0358,3.9,0.0,256,897,752,571,liboqs,gateway
Falcon-512,verify,36063,0.036063,3.9,0.0,256,897,752,572,liboqs,gateway
Falcon-512,verify,35453,0.035453,3.9,0.0,256,897,752,573,liboqs,gateway
Falcon-512,verify,35061,0.035061,3.9,0.0,256,897,752,574,liboqs,gateway
Falcon-512,verify,35251,0.035251,3.9,0.0,256,897,752,575,liboqs,gateway
Falcon-512,verify,35967,0.035967,3.9,0.0,256,897,752,576,liboqs,gateway
Falcon-512,verify,35519,0.035519,3.9,0.0,256,897,752,577,liboqs,gateway
Falcon-512,verify,35214,0.035214,3.9,0.0,256,897,752,578,liboqs,gateway
Falcon-512,verify,35454,0.035454,3.9,0.0,256,897,752,579,liboqs,gateway
Falcon-512,verify,35595,0.035595,3.9,0.0,256,897,752,580,liboqs,gateway
Falcon-512,verify,36574,0.036574,3.9,0.0,256,897,752,581,liboqs,gateway
Falcon-512,verify,35874,0.035874,3.9,0.0,256,897,752,582,liboqs,gateway
Falcon-512,verify,37575,0.037575,3.9,0.0,256,897,752,583,liboqs,gateway
Falcon-512,verify,36381,0.036381,3.9,0.0,256,897,752,584,liboqs,gateway
Falcon-512,verify,35903,0.035903,3.9,0.0,256,897,752,585,liboqs,gateway
Falcon-512,verify,35629,0.035629,3.9,0.0,256,897,752,586,liboqs,gateway
Falcon-512,verify,36587,0.036587,3.9,0.0,256,897,752,587,liboqs,gateway
Falcon-512,verify,35419,0.035419,3.9,0.0,256,897,752,588,liboqs,gateway
Falcon-512,verify,36325,0.036325,3.9,0.0,256,897,752,589,liboqs,gateway
Falcon-512,verify,35194,0.035194,3.9,0.0,256,897,752,590,liboqs,gateway
Falcon-512,verify,36687,0.036687,3.9,0.0,256,897,752,591,liboqs,gateway
Falcon-512,verify,49257,0.049257,3.9,0.0,256,897,752,592,liboqs,gateway
Falcon-512,verify,42003,0.042003,3.9,0.0,256,897,752,593,liboqs,gateway
Falcon-512,verify,37155,0.037155,3.9,0.0,256,897,752,594,liboqs,gateway
Falcon-512,verify,37474,0.037474,3.9,0.0,256,897,752,595,liboqs,gateway
Falcon-512,verify,35784,0.035784,3.9,0.0,256,897,752,596,liboqs,gateway
Falcon-512,verify,35729,0.035729,3.9,0.0,256,897,752,597,liboqs,gateway
Falcon-512,verify,35547,0.035547,3.9,0.0,256,897,752,598,liboqs,gateway
Falcon-512,verify,35320,0.03532,3.9,0.0,256,897,752,599,liboqs,gateway
Falcon-512,verify,36919,0.036919,3.9,0.0,256,897,752,600,liboqs,gateway
Falcon-512,verify,35134,0.035134,3.9,0.0,256,897,752,601,liboqs,gateway
Falcon-512,verify,35654,0.035654,3.9,0.0,256,897,752,602,liboqs,gateway
Falcon-512,verify,35606,0.035606,3.9,0.0,256,897,752,603,liboqs,gateway
Falcon-512,verify,36793,0.036793,3.9,0.0,256,897,752,604,liboqs,gateway
Falcon-512,verify,35516,0.035516,3.9,0.0,256,897,752,605,liboqs,gateway
Falcon-512,verify,35327,0.035327,3.9,0.0,256,897,752,606,liboqs,gateway
Falcon-512,verify,35045,0.035045,3.9,0.0,256,897,752,607,liboqs,gateway
Falcon-512,verify,36056,0.036056,3.9,0.0,256,897,752,608,liboqs,gateway
Falcon-512,verify,37224,0.037224,3.9,0.0,256,897,752,609,liboqs,gateway
Falcon-512,verify,35028,0.035028,3.9,0.0,256,897,752,610,liboqs,gateway
Falcon-512,verify,35511,0.035511,3.9,0.0,256,897,752,611,liboqs,gateway
Falcon-512,verify,35464,0.035464,3.9,0.0,256,897,752,612,liboqs,gateway
Falcon-512,verify,46243,0.046243,3.9,0.0,256,897,752,613,liboqs,gateway
Falcon-512,verify,39393,0.039393,3.9,0.0,256,897,752,614,liboqs,gateway
Falcon-512,verify,36694,0.036694,3.9,0.0,256,897,752,615,liboqs,gateway
Falcon-512,verify,35815,0.035815,3.9,0.0,256,897,752,616,liboqs,gateway
Falcon-512,verify,35753,0.035753,3.9,0.0,256,897,752,617,liboqs,gateway
Falcon-512,verify,36731,0.036731,3.9,0.0,256,897,752,618,liboqs,gateway
Falcon-512,verify,35203,0.035203,3.9,0.0,256,897,752,619,liboqs,gateway
Falcon-512,verify,35528,0.035528,3.9,0.0,256,897,752,620,liboqs,gateway
Falcon-512,verify,74149,0.074149,6.36,0.0,256,897,752,621,liboqs,gateway
Falcon-512,verify,50203,0.050203,6.05,0.0,256,897,752,622,liboqs,gateway
Falcon-512,verify,37964,0.037964,3.84,0.0,256,897,752,623,liboqs,gateway
Falcon-512,verify,38932,0.038932,3.84,0.0,256,897,752,624,liboqs,gateway
Falcon-512,verify,36820,0.03682,3.9,0.0,256,897,752,625,liboqs,gateway
Falcon-512,verify,37019,0.037019,3.9,0.0,256,897,752,626,liboqs,gateway
Falcon-512,verify,44040,0.04404,3.9,0.0,256,897,752,627,liboqs,gateway
Falcon-512,verify,36554,0.036554,3.9,0.0,256,897,752,628,liboqs,gateway
Falcon-512,verify,35410,0.03541,3.9,0.0,256,897,752,629,liboqs,gateway
Falcon-512,verify,36578,0.036578,3.9,0.0,256,897,752,630,liboqs,gateway
Falcon-512,verify,35858,0.035858,3.9,0.0,256,897,752,631,liboqs,gateway
Falcon-512,verify,35693,0.035693,3.9,0.0,256,897,752,632,liboqs,gateway
Falcon-512,verify,35746,0.035746,3.9,0.0,256,897,752,633,liboqs,gateway
Falcon-512,verify,35384,0.035384,3.9,0.0,256,897,752,634,liboqs,gateway
Falcon-512,verify,36921,0.036921,3.9,0.0,256,897,752,635,liboqs,gateway
Falcon-512,verify,35469,0.035469,3.9,0.0,256,897,752,636,liboqs,gateway
Falcon-512,verify,35680,0.03568,3.9,0.0,256,897,752,637,liboqs,gateway
Falcon-512,verify,35413,0.035413,3.9,0.0,256,897,752,638,liboqs,gateway
Falcon-512,verify,36454,0.036454,3.9,0.0,256,897,752,639,liboqs,gateway
Falcon-512,verify,36051,0.036051,3.9,0.0,256,897,752,640,liboqs,gateway
Falcon-512,verify,35423,0.035423,3.9,0.0,256,897,752,641,liboqs,gateway
Falcon-512,verify,35318,0.035318,3.9,0.0,256,897,752,642,liboqs,gateway
Falcon-512,verify,43246,0.043246,3.9,0.0,256,897,752,643,liboqs,gateway
Falcon-512,verify,38991,0.038991,3.9,0.0,256,897,752,644,liboqs,gateway
Falcon-512,verify,36129,0.036129,3.9,0.0,256,897,752,645,liboqs,gateway
Falcon-512,verify,35704,0.035704,3.9,0.0,256,897,752,646,liboqs,gateway
Falcon-512,verify,35584,0.035584,3.9,0.0,256,897,752,647,liboqs,gateway
Falcon-512,verify,36944,0.036944,3.9,0.0,256,897,752,648,liboqs,gateway
Falcon-512,verify,35553,0.035553,3.9,0.0,256,897,752,649,liboqs,gateway
Falcon-512,verify,35406,0.035406,3.9,0.0,256,897,752,650,liboqs,gateway
Falcon-512,verify,35657,0.035657,3.9,0.0,256,897,752,651,liboqs,gateway
Falcon-512,verify,36435,0.036435,3.9,0.0,256,897,752,652,liboqs,gateway
Falcon-512,verify,36586,0.036586,3.9,0.0,256,897,752,653,liboqs,gateway
Falcon-512,verify,35893,0.035893,3.9,0.0,256,897,752,654,liboqs,gateway
Falcon-512,verify,35638,0.035638,3.9,0.0,256,897,752,655,liboqs,gateway
Falcon-512,verify,36137,0.036137,3.9,0.0,256,897,752,656,liboqs,gateway
Falcon-512,verify,37860,0.03786,3.9,0.0,256,897,752,657,liboqs,gateway
Falcon-512,verify,35301,0.035301,3.9,0.0,256,897,752,658,liboqs,gateway
Falcon-512,verify,35287,0.035287,3.9,0.0,256,897,752,659,liboqs,gateway
Falcon-512,verify,35525,0.035525,3.9,0.0,256,897,752,660,liboqs,gateway
Falcon-512,verify,45247,0.045247,3.9,0.0,256,897,752,661,liboqs,gateway
Falcon-512,verify,37757,0.037757,3.9,0.0,256,897,752,662,liboqs,gateway
Falcon-512,verify,36042,0.036042,3.9,0.0,256,897,752,663,liboqs,gateway
Falcon-512,verify,35705,0.035705,3.9,0.0,256,897,752,664,liboqs,gateway
Falcon-512,verify,35371,0.035371,3.9,0.0,256,897,752,665,liboqs,gateway
Falcon-512,verify,45963,0.045963,3.9,0.0,256,897,752,666,liboqs,gateway
Falcon-512,verify,37055,0.037055,3.9,0.0,256,897,752,667,liboqs,gateway
Falcon-512,verify,35278,0.035278,3.9,0.0,256,897,752,668,liboqs,gateway
Falcon-512,verify,35692,0.035692,3.9,0.0,256,897,752,669,liboqs,gateway
Falcon-512,verify,36658,0.036658,3.9,0.0,256,897,752,670,liboqs,gateway
Falcon-512,verify,35346,0.035346,3.9,0.0,256,897,752,671,liboqs,gateway
Falcon-512,verify,35696,0.035696,3.9,0.0,256,897,752,672,liboqs,gateway
Falcon-512,verify,35498,0.035498,3.9,0.0,256,897,752,673,liboqs,gateway
Falcon-512,verify,35188,0.035188,3.9,0.0,256,897,752,674,liboqs,gateway
Falcon-512,verify,36831,0.036831,3.9,0.0,256,897,752,675,liboqs,gateway
Falcon-512,verify,35382,0.035382,3.9,0.0,256,897,752,676,liboqs,gateway
Falcon-512,verify,35286,0.035286,3.9,0.0,256,897,752,677,liboqs,gateway
Falcon-512,verify,35353,0.035353,3.9,0.0,256,897,752,678,liboqs,gateway
Falcon-512,verify,39224,0.039224,3.9,0.0,256,897,752,679,liboqs,gateway
Falcon-512,verify,35532,0.035532,3.9,0.0,256,897,752,680,liboqs,gateway
Falcon-512,verify,57761,0.057761,3.9,0.0,256,897,752,681,liboqs,gateway
Falcon-512,verify,41679,0.041679,3.9,0.0,256,897,752,682,liboqs,gateway
Falcon-512,verify,37558,0.037558,3.9,0.0,256,897,752,683,liboqs,gateway
Falcon-512,verify,36251,0.036251,3.9,0.0,256,897,752,684,liboqs,gateway
Falcon-512,verify,35658,0.035658,3.9,0.0,256,897,752,685,liboqs,gateway
Falcon-512,verify,35633,0.035633,3.9,0.0,256,897,752,686,liboqs,gateway
Falcon-512,verify,35780,0.03578,3.9,0.0,256,897,752,687,liboqs,gateway
Falcon-512,verify,37232,0.037232,3.9,0.0,256,897,752,688,liboqs,gateway
Falcon-512,verify,36245,0.036245,3.9,0.0,256,897,752,689,liboqs,gateway
Falcon-512,verify,35786,0.035786,3.9,0.0,256,897,752,690,liboqs,gateway
Falcon-512,verify,35075,0.035075,3.9,0.0,256,897,752,691,liboqs,gateway
Falcon-512,verify,36850,0.03685,3.9,0.0,256,897,752,692,liboqs,gateway
Falcon-512,verify,35714,0.035714,3.9,0.0,256,897,752,693,liboqs,gateway
Falcon-512,verify,44671,0.044671,3.9,0.0,256,897,752,694,liboqs,gateway
Falcon-512,verify,44246,0.044246,3.9,0.0,256,897,752,695,liboqs,gateway
Falcon-512,verify,39043,0.039043,3.9,0.0,256,897,752,696,liboqs,gateway
Falcon-512,verify,38683,0.038683,3.9,0.0,256,897,752,697,liboqs,gateway
Falcon-512,verify,35991,0.035991,3.9,0.0,256,897,752,698,liboqs,gateway
Falcon-512,verify,35896,0.035896,3.9,0.0,256,897,752,699,liboqs,gateway
Falcon-512,verify,35675,0.035675,3.9,0.0,256,897,752,700,liboqs,gateway
Falcon-512,verify,36898,0.036898,3.9,0.0,256,897,752,701,liboqs,gateway
Falcon-512,verify,35760,0.03576,3.9,0.0,256,897,752,702,liboqs,gateway
Falcon-512,verify,35358,0.035358,3.9,0.0,256,897,752,703,liboqs,gateway
Falcon-512,verify,35784,0.035784,3.9,0.0,256,897,752,704,liboqs,gateway
Falcon-512,verify,37672,0.037672,3.9,0.0,256,897,752,705,liboqs,gateway
Falcon-512,verify,35351,0.035351,3.9,0.0,256,897,752,706,liboqs,gateway
Falcon-512,verify,35051,0.035051,3.9,0.0,256,897,752,707,liboqs,gateway
Falcon-512,verify,35842,0.035842,3.9,0.0,256,897,752,708,liboqs,gateway
Falcon-512,verify,36956,0.036956,3.9,0.0,256,897,752,709,liboqs,gateway
Falcon-512,verify,37146,0.037146,3.9,0.0,256,897,752,710,liboqs,gateway
Falcon-512,verify,36045,0.036045,3.9,0.0,256,897,752,711,liboqs,gateway
Falcon-512,verify,35643,0.035643,3.9,0.0,256,897,752,712,liboqs,gateway
Falcon-512,verify,35494,0.035494,3.9,0.0,256,897,752,713,liboqs,gateway
Falcon-512,verify,37011,0.037011,3.9,0.0,256,897,752,714,liboqs,gateway
Falcon-512,verify,35734,0.035734,3.9,0.0,256,897,752,715,liboqs,gateway
Falcon-512,verify,35659,0.035659,3.9,0.0,256,897,752,716,liboqs,gateway
Falcon-512,verify,37068,0.037068,3.9,0.0,256,897,752,717,liboqs,gateway
Falcon-512,verify,35494,0.035494,3.9,0.0,256,897,752,718,liboqs,gateway
Falcon-512,verify,36675,0.036675,3.9,0.0,256,897,752,719,liboqs,gateway
Falcon-512,verify,36131,0.036131,3.9,0.0,256,897,752,720,liboqs,gateway
Falcon-512,verify,35717,0.035717,3.9,0.0,256,897,752,721,liboqs,gateway
Falcon-512,verify,35358,0.035358,3.9,0.0,256,897,752,722,liboqs,gateway
Falcon-512,verify,36892,0.036892,3.9,0.0,256,897,752,723,liboqs,gateway
Falcon-512,verify,35087,0.035087,3.9,0.0,256,897,752,724,liboqs,gateway
Falcon-512,verify,35237,0.035237,3.9,0.0,256,897,752,725,liboqs,gateway
Falcon-512,verify,35301,0.035301,3.9,0.0,256,897,752,726,liboqs,gateway
Falcon-512,verify,36151,0.036151,3.9,0.0,256,897,752,727,liboqs,gateway
Falcon-512,verify,35624,0.035624,3.9,0.0,256,897,752,728,liboqs,gateway
Falcon-512,verify,35575,0.035575,3.9,0.0,256,897,752,729,liboqs,gateway
Falcon-512,verify,35446,0.035446,3.9,0.0,256,897,752,730,liboqs,gateway
Falcon-512,verify,35571,0.035571,3.9,0.0,256,897,752,731,liboqs,gateway
Falcon-512,verify,36623,0.036623,3.9,0.0,256,897,752,732,liboqs,gateway
Falcon-512,verify,35531,0.035531,3.9,0.0,256,897,752,733,liboqs,gateway
Falcon-512,verify,35431,0.035431,3.9,0.0,256,897,752,734,liboqs,gateway
Falcon-512,verify,35613,0.035613,3.9,0.0,256,897,752,735,liboqs,gateway
Falcon-512,verify,36505,0.036505,3.9,0.0,256,897,752,736,liboqs,gateway
Falcon-512,verify,35526,0.035526,3.9,0.0,256,897,752,737,liboqs,gateway
Falcon-512,verify,35547,0.035547,3.9,0.0,256,897,752,738,liboqs,gateway
Falcon-512,verify,35118,0.035118,3.9,0.0,256,897,752,739,liboqs,gateway
Falcon-512,verify,48748,0.048748,3.9,0.0,256,897,752,740,liboqs,gateway
Falcon-512,verify,42916,0.042916,3.9,0.0,256,897,752,741,liboqs,gateway
Falcon-512,verify,36923,0.036923,3.9,0.0,256,897,752,742,liboqs,gateway
Falcon-512,verify,35747,0.035747,3.9,0.0,256,897,752,743,liboqs,gateway
Falcon-512,verify,35785,0.035785,3.9,0.0,256,897,752,744,liboqs,gateway
Falcon-512,verify,36858,0.036858,3.9,0.0,256,897,752,745,liboqs,gateway
Falcon-512,verify,35912,0.035912,3.9,0.0,256,897,752,746,liboqs,gateway
Falcon-512,verify,35947,0.035947,3.9,0.0,256,897,752,747,liboqs,gateway
Falcon-512,verify,35753,0.035753,3.9,0.0,256,897,752,748,liboqs,gateway
Falcon-512,verify,35442,0.035442,3.9,0.0,256,897,752,749,liboqs,gateway
Falcon-512,verify,37365,0.037365,3.9,0.0,256,897,752,750,liboqs,gateway
Falcon-512,verify,37848,0.037848,3.9,0.0,256,897,752,751,liboqs,gateway
Falcon-512,verify,37367,0.037367,3.9,0.0,256,897,752,752,liboqs,gateway
Falcon-512,verify,35557,0.035557,3.9,0.0,256,897,752,753,liboqs,gateway
Falcon-512,verify,36856,0.036856,3.9,0.0,256,897,752,754,liboqs,gateway
Falcon-512,verify,35240,0.03524,3.9,0.0,256,897,752,755,liboqs,gateway
Falcon-512,verify,35575,0.035575,3.9,0.0,256,897,752,756,liboqs,gateway
Falcon-512,verify,35310,0.03531,3.9,0.0,256,897,752,757,liboqs,gateway
Falcon-512,verify,36428,0.036428,3.9,0.0,256,897,752,758,liboqs,gateway
Falcon-512,verify,35734,0.035734,3.9,0.0,256,897,752,759,liboqs,gateway
Falcon-512,verify,35435,0.035435,3.9,0.0,256,897,752,760,liboqs,gateway
Falcon-512,verify,35727,0.035727,3.9,0.0,256,897,752,761,liboqs,gateway
Falcon-512,verify,35722,0.035722,3.9,0.0,256,897,752,762,liboqs,gateway
Falcon-512,verify,36585,0.036585,3.9,0.0,256,897,752,763,liboqs,gateway
Falcon-512,verify,35391,0.035391,3.9,0.0,256,897,752,764,liboqs,gateway
Falcon-512,verify,42758,0.042758,3.9,0.0,256,897,752,765,liboqs,gateway
Falcon-512,verify,37051,0.037051,3.9,0.0,256,897,752,766,liboqs,gateway
Falcon-512,verify,37254,0.037254,3.9,0.0,256,897,752,767,liboqs,gateway
Falcon-512,verify,35562,0.035562,3.9,0.0,256,897,752,768,liboqs,gateway
Falcon-512,verify,35768,0.035768,3.9,0.0,256,897,752,769,liboqs,gateway
Falcon-512,verify,35674,0.035674,3.9,0.0,256,897,752,770,liboqs,gateway
Falcon-512,verify,35685,0.035685,3.9,0.0,256,897,752,771,liboqs,gateway
Falcon-512,verify,40052,0.040052,3.9,0.0,256,897,752,772,liboqs,gateway
Falcon-512,verify,36195,0.036195,3.9,0.0,256,897,752,773,liboqs,gateway
Falcon-512,verify,35782,0.035782,3.9,0.0,256,897,752,774,liboqs,gateway
Falcon-512,verify,35528,0.035528,3.9,0.0,256,897,752,775,liboqs,gateway
Falcon-512,verify,36561,0.036561,3.9,0.0,256,897,752,776,liboqs,gateway
Falcon-512,verify,35330,0.03533,3.9,0.0,256,897,752,777,liboqs,gateway
Falcon-512,verify,35328,0.035328,3.9,0.0,256,897,752,778,liboqs,gateway
Falcon-512,verify,35431,0.035431,3.9,0.0,256,897,752,779,liboqs,gateway
Falcon-512,verify,36640,0.03664,3.9,0.0,256,897,752,780,liboqs,gateway
Falcon-512,verify,36646,0.036646,3.9,0.0,256,897,752,781,liboqs,gateway
Falcon-512,verify,35706,0.035706,3.9,0.0,256,897,752,782,liboqs,gateway
Falcon-512,verify,35218,0.035218,3.9,0.0,256,897,752,783,liboqs,gateway
Falcon-512,verify,35645,0.035645,3.9,0.0,256,897,752,784,liboqs,gateway
Falcon-512,verify,36910,0.03691,3.9,0.0,256,897,752,785,liboqs,gateway
Falcon-512,verify,36156,0.036156,3.9,0.0,256,897,752,786,liboqs,gateway
Falcon-512,verify,35853,0.035853,3.9,0.0,256,897,752,787,liboqs,gateway
Falcon-512,verify,35782,0.035782,3.9,0.0,256,897,752,788,liboqs,gateway
Falcon-512,verify,37386,0.037386,3.9,0.0,256,897,752,789,liboqs,gateway
Falcon-512,verify,35664,0.035664,3.9,0.0,256,897,752,790,liboqs,gateway
Falcon-512,verify,35779,0.035779,3.9,0.0,256,897,752,791,liboqs,gateway
Falcon-512,verify,44912,0.044912,3.9,0.0,256,897,752,792,liboqs,gateway
Falcon-512,verify,42305,0.042305,3.9,0.0,256,897,752,793,liboqs,gateway
Falcon-512,verify,41056,0.041056,3.9,0.0,256,897,752,794,liboqs,gateway
Falcon-512,verify,36403,0.036403,3.9,0.0,256,897,752,795,liboqs,gateway
Falcon-512,verify,35615,0.035615,3.9,0.0,256,897,752,796,liboqs,gateway
Falcon-512,verify,35922,0.035922,3.9,0.0,256,897,752,797,liboqs,gateway
Falcon-512,verify,37270,0.03727,3.9,0.0,256,897,752,798,liboqs,gateway
Falcon-512,verify,36262,0.036262,3.9,0.0,256,897,752,799,liboqs,gateway
Falcon-512,verify,35943,0.035943,3.9,0.0,256,897,752,800,liboqs,gateway
Falcon-512,verify,35925,0.035925,3.9,0.0,256,897,752,801,liboqs,gateway
Falcon-512,verify,35344,0.035344,3.9,0.0,256,897,752,802,liboqs,gateway
Falcon-512,verify,36457,0.036457,3.9,0.0,256,897,752,803,liboqs,gateway
Falcon-512,verify,35561,0.035561,3.9,0.0,256,897,752,804,liboqs,gateway
Falcon-512,verify,35835,0.035835,3.9,0.0,256,897,752,805,liboqs,gateway
Falcon-512,verify,35936,0.035936,3.9,0.0,256,897,752,806,liboqs,gateway
Falcon-512,verify,37124,0.037124,3.9,0.0,256,897,752,807,liboqs,gateway
Falcon-512,verify,35568,0.035568,3.9,0.0,256,897,752,808,liboqs,gateway
Falcon-512,verify,35311,0.035311,3.9,0.0,256,897,752,809,liboqs,gateway
Falcon-512,verify,35506,0.035506,3.9,0.0,256,897,752,810,liboqs,gateway
Falcon-512,verify,36684,0.036684,3.9,0.0,256,897,752,811,liboqs,gateway
Falcon-512,verify,43876,0.043876,3.9,0.0,256,897,752,812,liboqs,gateway
Falcon-512,verify,40761,0.040761,3.9,0.0,256,897,752,813,liboqs,gateway
Falcon-512,verify,36615,0.036615,3.9,0.0,256,897,752,814,liboqs,gateway
Falcon-512,verify,35911,0.035911,3.9,0.0,256,897,752,815,liboqs,gateway
Falcon-512,verify,37378,0.037378,3.9,0.0,256,897,752,816,liboqs,gateway
Falcon-512,verify,35754,0.035754,3.9,0.0,256,897,752,817,liboqs,gateway
Falcon-512,verify,35438,0.035438,3.9,0.0,256,897,752,818,liboqs,gateway
Falcon-512,verify,35453,0.035453,3.9,0.0,256,897,752,819,liboqs,gateway
Falcon-512,verify,37105,0.037105,3.9,0.0,256,897,752,820,liboqs,gateway
Falcon-512,verify,35630,0.03563,3.9,0.0,256,897,752,821,liboqs,gateway
Falcon-512,verify,35447,0.035447,3.9,0.0,256,897,752,822,liboqs,gateway
Falcon-512,verify,35561,0.035561,3.9,0.0,256,897,752,823,liboqs,gateway
Falcon-512,verify,35196,0.035196,3.9,0.0,256,897,752,824,liboqs,gateway
Falcon-512,verify,36541,0.036541,3.9,0.0,256,897,752,825,liboqs,gateway
Falcon-512,verify,35435,0.035435,3.9,0.0,256,897,752,826,liboqs,gateway
Falcon-512,verify,35393,0.035393,3.9,0.0,256,897,752,827,liboqs,gateway
Falcon-512,verify,35318,0.035318,3.9,0.0,256,897,752,828,liboqs,gateway
Falcon-512,verify,36480,0.03648,3.9,0.0,256,897,752,829,liboqs,gateway
Falcon-512,verify,35646,0.035646,3.9,0.0,256,897,752,830,liboqs,gateway
Falcon-512,verify,35915,0.035915,3.9,0.0,256,897,752,831,liboqs,gateway
Falcon-512,verify,35771,0.035771,3.9,0.0,256,897,752,832,liboqs,gateway
Falcon-512,verify,36509,0.036509,3.9,0.0,256,897,752,833,liboqs,gateway
Falcon-512,verify,35340,0.03534,3.9,0.0,256,897,752,834,liboqs,gateway
Falcon-512,verify,35070,0.03507,3.9,0.0,256,897,752,835,liboqs,gateway
Falcon-512,verify,36304,0.036304,3.9,0.0,256,897,752,836,liboqs,gateway
Falcon-512,verify,37135,0.037135,3.9,0.0,256,897,752,837,liboqs,gateway
Falcon-512,verify,36569,0.036569,3.9,0.0,256,897,752,838,liboqs,gateway
Falcon-512,verify,35425,0.035425,3.9,0.0,256,897,752,839,liboqs,gateway
Falcon-512,verify,35516,0.035516,3.9,0.0,256,897,752,840,liboqs,gateway
Falcon-512,verify,35143,0.035143,3.9,0.0,256,897,752,841,liboqs,gateway
Falcon-512,verify,36819,0.036819,3.9,0.0,256,897,752,842,liboqs,gateway
Falcon-512,verify,35209,0.035209,3.9,0.0,256,897,752,843,liboqs,gateway
Falcon-512,verify,44510,0.04451,3.9,0.0,256,897,752,844,liboqs,gateway
Falcon-512,verify,41192,0.041192,3.9,0.0,256,897,752,845,liboqs,gateway
Falcon-512,verify,36955,0.036955,3.9,0.0,256,897,752,846,liboqs,gateway
Falcon-512,verify,37811,0.037811,3.9,0.0,256,897,752,847,liboqs,gateway
Falcon-512,verify,35972,0.035972,3.9,0.0,256,897,752,848,liboqs,gateway
Falcon-512,verify,35733,0.035733,3.9,0.0,256,897,752,849,liboqs,gateway
Falcon-512,verify,35665,0.035665,3.9,0.0,256,897,752,850,liboqs,gateway
Falcon-512,verify,36605,0.036605,3.9,0.0,256,897,752,851,liboqs,gateway
Falcon-512,verify,35480,0.03548,3.9,0.0,256,897,752,852,liboqs,gateway
Falcon-512,verify,35366,0.035366,3.9,0.0,256,897,752,853,liboqs,gateway
Falcon-512,verify,35199,0.035199,3.9,0.0,256,897,752,854,liboqs,gateway
Falcon-512,verify,36418,0.036418,3.9,0.0,256,897,752,855,liboqs,gateway
Falcon-512,verify,35296,0.035296,3.9,0.0,256,897,752,856,liboqs,gateway
Falcon-512,verify,35107,0.035107,3.9,0.0,256,897,752,857,liboqs,gateway
Falcon-512,verify,35264,0.035264,3.9,0.0,256,897,752,858,liboqs,gateway
Falcon-512,verify,35385,0.035385,3.9,0.0,256,897,752,859,liboqs,gateway
Falcon-512,verify,36417,0.036417,3.9,0.0,256,897,752,860,liboqs,gateway
Falcon-512,verify,35651,0.035651,3.9,0.0,256,897,752,861,liboqs,gateway
Falcon-512,verify,35326,0.035326,3.9,0.0,256,897,752,862,liboqs,gateway
Falcon-512,verify,35228,0.035228,3.9,0.0,256,897,752,863,liboqs,gateway
Falcon-512,verify,43518,0.043518,3.9,0.0,256,897,752,864,liboqs,gateway
Falcon-512,verify,35171,0.035171,3.9,0.0,256,897,752,865,liboqs,gateway
Falcon-512,verify,35554,0.035554,3.9,0.0,256,897,752,866,liboqs,gateway
Falcon-512,verify,35085,0.035085,3.9,0.0,256,897,752,867,liboqs,gateway
Falcon-512,verify,35212,0.035212,3.9,0.0,256,897,752,868,liboqs,gateway
Falcon-512,verify,42111,0.042111,3.9,0.0,256,897,752,869,liboqs,gateway
Falcon-512,verify,37383,0.037383,3.9,0.0,256,897,752,870,liboqs,gateway
Falcon-512,verify,35410,0.03541,3.9,0.0,256,897,752,871,liboqs,gateway
Falcon-512,verify,35273,0.035273,3.9,0.0,256,897,752,872,liboqs,gateway
Falcon-512,verify,36524,0.036524,3.9,0.0,256,897,752,873,liboqs,gateway
Falcon-512,verify,35442,0.035442,3.9,0.0,256,897,752,874,liboqs,gateway
Falcon-512,verify,35000,0.035,3.9,0.0,256,897,752,875,liboqs,gateway
Falcon-512,verify,35241,0.035241,3.9,0.0,256,897,752,876,liboqs,gateway
Falcon-512,verify,35095,0.035095,3.9,0.0,256,897,752,877,liboqs,gateway
Falcon-512,verify,36840,0.03684,3.9,0.0,256,897,752,878,liboqs,gateway
Falcon-512,verify,37366,0.037366,3.9,0.0,256,897,752,879,liboqs,gateway
Falcon-512,verify,35921,0.035921,3.9,0.0,256,897,752,880,liboqs,gateway
Falcon-512,verify,35478,0.035478,3.9,0.0,256,897,752,881,liboqs,gateway
Falcon-512,verify,36899,0.036899,3.9,0.0,256,897,752,882,liboqs,gateway
Falcon-512,verify,35219,0.035219,3.9,0.0,256,897,752,883,liboqs,gateway
Falcon-512,verify,35597,0.035597,3.9,0.0,256,897,752,884,liboqs,gateway
Falcon-512,verify,38018,0.038018,3.9,0.0,256,897,752,885,liboqs,gateway
Falcon-512,verify,36364,0.036364,3.9,0.0,256,897,752,886,liboqs,gateway
Falcon-512,verify,35341,0.035341,3.9,0.0,256,897,752,887,liboqs,gateway
Falcon-512,verify,35616,0.035616,3.9,0.0,256,897,752,888,liboqs,gateway
Falcon-512,verify,35609,0.035609,3.9,0.0,256,897,752,889,liboqs,gateway
Falcon-512,verify,46440,0.04644,3.9,0.0,256,897,752,890,liboqs,gateway
Falcon-512,verify,39047,0.039047,3.9,0.0,256,897,752,891,liboqs,gateway
Falcon-512,verify,36090,0.03609,3.9,0.0,256,897,752,892,liboqs,gateway
Falcon-512,verify,35919,0.035919,3.9,0.0,256,897,752,893,liboqs,gateway
Falcon-512,verify,35738,0.035738,3.9,0.0,256,897,752,894,liboqs,gateway
Falcon-512,verify,35612,0.035612,3.9,0.0,256,897,752,895,liboqs,gateway
Falcon-512,verify,35405,0.035405,3.9,0.0,256,897,752,896,liboqs,gateway
Falcon-512,verify,35170,0.03517,3.9,0.0,256,897,752,897,liboqs,gateway
Falcon-512,verify,35086,0.035086,3.9,0.0,256,897,752,898,liboqs,gateway
Falcon-512,verify,35020,0.03502,3.9,0.0,256,897,752,899,liboqs,gateway
Falcon-512,verify,35392,0.035392,3.9,0.0,256,897,752,900,liboqs,gateway
Falcon-512,verify,35435,0.035435,3.9,0.0,256,897,752,901,liboqs,gateway
Falcon-512,verify,35234,0.035234,3.9,0.0,256,897,752,902,liboqs,gateway
Falcon-512,verify,35533,0.035533,3.9,0.0,256,897,752,903,liboqs,gateway
Falcon-512,verify,35531,0.035531,3.9,0.0,256,897,752,904,liboqs,gateway
Falcon-512,verify,34919,0.034919,3.9,0.0,256,897,752,905,liboqs,gateway
Falcon-512,verify,35035,0.035035,3.9,0.0,256,897,752,906,liboqs,gateway
Falcon-512,verify,35178,0.035178,3.9,0.0,256,897,752,907,liboqs,gateway
Falcon-512,verify,37136,0.037136,3.9,0.0,256,897,752,908,liboqs,gateway
Falcon-512,verify,36181,0.036181,3.9,0.0,256,897,752,909,liboqs,gateway
Falcon-512,verify,37133,0.037133,3.9,0.0,256,897,752,910,liboqs,gateway
Falcon-512,verify,35522,0.035522,3.9,0.0,256,897,752,911,liboqs,gateway
Falcon-512,verify,35621,0.035621,3.9,0.0,256,897,752,912,liboqs,gateway
Falcon-512,verify,35704,0.035704,3.9,0.0,256,897,752,913,liboqs,gateway
Falcon-512,verify,39101,0.039101,3.9,0.0,256,897,752,914,liboqs,gateway
Falcon-512,verify,35483,0.035483,3.9,0.0,256,897,752,915,liboqs,gateway
Falcon-512,verify,35420,0.03542,3.9,0.0,256,897,752,916,liboqs,gateway
Falcon-512,verify,35261,0.035261,3.9,0.0,256,897,752,917,liboqs,gateway
Falcon-512,verify,35551,0.035551,3.9,0.0,256,897,752,918,liboqs,gateway
Falcon-512,verify,36721,0.036721,3.9,0.0,256,897,752,919,liboqs,gateway
Falcon-512,verify,35301,0.035301,3.9,0.0,256,897,752,920,liboqs,gateway
Falcon-512,verify,36313,0.036313,3.9,0.0,256,897,752,921,liboqs,gateway
Falcon-512,verify,35199,0.035199,3.9,0.0,256,897,752,922,liboqs,gateway
Falcon-512,verify,37496,0.037496,3.9,0.0,256,897,752,923,liboqs,gateway
Falcon-512,verify,35385,0.035385,3.9,0.0,256,897,752,924,liboqs,gateway
Falcon-512,verify,35523,0.035523,3.9,0.0,256,897,752,925,liboqs,gateway
Falcon-512,verify,35089,0.035089,3.9,0.0,256,897,752,926,liboqs,gateway
Falcon-512,verify,36710,0.03671,3.9,0.0,256,897,752,927,liboqs,gateway
Falcon-512,verify,35369,0.035369,3.9,0.0,256,897,752,928,liboqs,gateway
Falcon-512,verify,35667,0.035667,3.9,0.0,256,897,752,929,liboqs,gateway
Falcon-512,verify,35225,0.035225,3.9,0.0,256,897,752,930,liboqs,gateway
Falcon-512,verify,35002,0.035002,3.9,0.0,256,897,752,931,liboqs,gateway
Falcon-512,verify,37780,0.03778,3.9,0.0,256,897,752,932,liboqs,gateway
Falcon-512,verify,35349,0.035349,3.9,0.0,256,897,752,933,liboqs,gateway
Falcon-512,verify,35146,0.035146,3.9,0.0,256,897,752,934,liboqs,gateway
Falcon-512,verify,34828,0.034828,3.9,0.0,256,897,752,935,liboqs,gateway
Falcon-512,verify,45574,0.045574,3.9,0.0,256,897,752,936,liboqs,gateway
Falcon-512,verify,40361,0.040361,3.9,0.0,256,897,752,937,liboqs,gateway
Falcon-512,verify,36337,0.036337,3.9,0.0,256,897,752,938,liboqs,gateway
Falcon-512,verify,35693,0.035693,3.9,0.0,256,897,752,939,liboqs,gateway
Falcon-512,verify,35577,0.035577,3.9,0.0,256,897,752,940,liboqs,gateway
Falcon-512,verify,36844,0.036844,3.9,0.0,256,897,752,941,liboqs,gateway
Falcon-512,verify,35776,0.035776,3.9,0.0,256,897,752,942,liboqs,gateway
Falcon-512,verify,35574,0.035574,3.9,0.0,256,897,752,943,liboqs,gateway
Falcon-512,verify,35506,0.035506,3.9,0.0,256,897,752,944,liboqs,gateway
Falcon-512,verify,36980,0.03698,3.9,0.0,256,897,752,945,liboqs,gateway
Falcon-512,verify,35543,0.035543,3.9,0.0,256,897,752,946,liboqs,gateway
Falcon-512,verify,35301,0.035301,3.9,0.0,256,897,752,947,liboqs,gateway
Falcon-512,verify,35301,0.035301,3.9,0.0,256,897,752,948,liboqs,gateway
Falcon-512,verify,36218,0.036218,3.9,0.0,256,897,752,949,liboqs,gateway
Falcon-512,verify,35137,0.035137,3.9,0.0,256,897,752,950,liboqs,gateway
Falcon-512,verify,35307,0.035307,3.9,0.0,256,897,752,951,liboqs,gateway
Falcon-512,verify,35548,0.035548,3.9,0.0,256,897,752,952,liboqs,gateway
Falcon-512,verify,35265,0.035265,3.9,0.0,256,897,752,953,liboqs,gateway
Falcon-512,verify,36818,0.036818,3.9,0.0,256,897,752,954,liboqs,gateway
Falcon-512,verify,35249,0.035249,3.9,0.0,256,897,752,955,liboqs,gateway
Falcon-512,verify,35143,0.035143,3.9,0.0,256,897,752,956,liboqs,gateway
Falcon-512,verify,35244,0.035244,3.9,0.0,256,897,752,957,liboqs,gateway
Falcon-512,verify,36588,0.036588,3.9,0.0,256,897,752,958,liboqs,gateway
Falcon-512,verify,35626,0.035626,3.9,0.0,256,897,752,959,liboqs,gateway
Falcon-512,verify,35288,0.035288,3.9,0.0,256,897,752,960,liboqs,gateway
Falcon-512,verify,35146,0.035146,3.9,0.0,256,897,752,961,liboqs,gateway
Falcon-512,verify,35316,0.035316,3.9,0.0,256,897,752,962,liboqs,gateway
Falcon-512,verify,69244,0.069244,6.36,0.0,256,897,752,963,liboqs,gateway
Falcon-512,verify,50366,0.050366,6.05,0.0,256,897,752,964,liboqs,gateway
Falcon-512,verify,36926,0.036926,3.84,0.0,256,897,752,965,liboqs,gateway
Falcon-512,verify,37223,0.037223,3.84,0.0,256,897,752,966,liboqs,gateway
Falcon-512,verify,35542,0.035542,3.9,0.0,256,897,752,967,liboqs,gateway
Falcon-512,verify,35417,0.035417,3.9,0.0,256,897,752,968,liboqs,gateway
Falcon-512,verify,35488,0.035488,3.9,0.0,256,897,752,969,liboqs,gateway
Falcon-512,verify,35073,0.035073,3.9,0.0,256,897,752,970,liboqs,gateway
Falcon-512,verify,36494,0.036494,3.9,0.0,256,897,752,971,liboqs,gateway
Falcon-512,verify,36474,0.036474,3.9,0.0,256,897,752,972,liboqs,gateway
Falcon-512,verify,35197,0.035197,3.9,0.0,256,897,752,973,liboqs,gateway
Falcon-512,verify,61331,0.061331,3.9,0.0,256,897,752,974,liboqs,gateway
Falcon-512,verify,40740,0.04074,3.9,0.0,256,897,752,975,liboqs,gateway
Falcon-512,verify,36669,0.036669,3.9,0.0,256,897,752,976,liboqs,gateway
Falcon-512,verify,36027,0.036027,3.9,0.0,256,897,752,977,liboqs,gateway
Falcon-512,verify,36033,0.036033,3.9,0.0,256,897,752,978,liboqs,gateway
Falcon-512,verify,35632,0.035632,3.9,0.0,256,897,752,979,liboqs,gateway
Falcon-512,verify,37978,0.037978,3.9,0.0,256,897,752,980,liboqs,gateway
Falcon-512,verify,35544,0.035544,3.9,0.0,256,897,752,981,liboqs,gateway
Falcon-512,verify,35607,0.035607,3.9,0.0,256,897,752,982,liboqs,gateway
Falcon-512,verify,35355,0.035355,3.9,0.0,256,897,752,983,liboqs,gateway
Falcon-512,verify,36549,0.036549,3.9,0.0,256,897,752,984,liboqs,gateway
Falcon-512,verify,35072,0.035072,3.9,0.0,256,897,752,985,liboqs,gateway
Falcon-512,verify,35273,0.035273,3.9,0.0,256,897,752,986,liboqs,gateway
Falcon-512,verify,45377,0.045377,3.9,0.0,256,897,752,987,liboqs,gateway
Falcon-512,verify,41235,0.041235,3.9,0.0,256,897,752,988,liboqs,gateway
Falcon-512,verify,36207,0.036207,3.9,0.0,256,897,752,989,liboqs,gateway
Falcon-512,verify,35787,0.035787,3.9,0.0,256,897,752,990,liboqs,gateway
Falcon-512,verify,35999,0.035999,3.9,0.0,256,897,752,991,liboqs,gateway
Falcon-512,verify,35799,0.035799,3.9,0.0,256,897,752,992,liboqs,gateway
Falcon-512,verify,36674,0.036674,3.9,0.0,256,897,752,993,liboqs,gateway
Falcon-512,verify,35224,0.035224,3.9,0.0,256,897,752,994,liboqs,gateway
Falcon-512,verify,35275,0.035275,3.9,0.0,256,897,752,995,liboqs,gateway
Falcon-512,verify,35670,0.03567,3.9,0.0,256,897,752,996,liboqs,gateway
Falcon-512,verify,36627,0.036627,3.9,0.0,256,897,752,997,liboqs,gateway
Falcon-512,verify,35149,0.035149,3.9,0.0,256,897,752,998,liboqs,gateway
Falcon-512,verify,35371,0.035371,3.9,0.0,256,897,752,999,liboqs,gateway
ECDSA,keygen,219306,0.219306,0.5,0.0,256,64,0,0,liboqs,gateway
ECDSA,keygen,207256,0.207256,0.5,0.0,256,64,0,1,liboqs,gateway
ECDSA,keygen,197909,0.197909,0.5,0.0,256,64,0,2,liboqs,gateway
ECDSA,keygen,202520,0.20252,1.08,0.0,256,64,0,3,liboqs,gateway
ECDSA,keygen,214615,0.214615,0.5,0.0,256,64,0,4,liboqs,gateway
ECDSA,keygen,200559,0.200559,0.5,0.0,256,64,0,5,liboqs,gateway
ECDSA,keygen,197060,0.19706,0.5,0.0,256,64,0,6,liboqs,gateway
ECDSA,keygen,266742,0.266742,0.5,0.0,256,64,0,7,liboqs,gateway
ECDSA,keygen,217895,0.217895,0.5,0.0,256,64,0,8,liboqs,gateway
ECDSA,keygen,198874,0.198874,0.5,0.0,256,64,0,9,liboqs,gateway
ECDSA,keygen,197054,0.197054,0.5,0.0,256,64,0,10,liboqs,gateway
ECDSA,keygen,194409,0.194409,0.5,0.0,256,64,0,11,liboqs,gateway
ECDSA,keygen,194938,0.194938,0.5,0.0,256,64,0,12,liboqs,gateway
ECDSA,keygen,194242,0.194242,0.5,0.0,256,64,0,13,liboqs,gateway
ECDSA,keygen,194303,0.194303,0.5,0.0,256,64,0,14,liboqs,gateway
ECDSA,keygen,194100,0.1941,0.5,0.0,256,64,0,15,liboqs,gateway
ECDSA,keygen,218605,0.218605,0.5,0.0,256,64,0,16,liboqs,gateway
ECDSA,keygen,199135,0.199135,0.5,0.0,256,64,0,17,liboqs,gateway
ECDSA,keygen,196506,0.196506,0.5,0.0,256,64,0,18,liboqs,gateway
ECDSA,keygen,195172,0.195172,0.5,0.0,256,64,0,19,liboqs,gateway
ECDSA,keygen,193797,0.193797,0.5,0.0,256,64,0,20,liboqs,gateway
ECDSA,keygen,196016,0.196016,0.5,0.0,256,64,0,21,liboqs,gateway
ECDSA,keygen,194541,0.194541,0.5,0.0,256,64,0,22,liboqs,gateway
ECDSA,keygen,194638,0.194638,0.5,0.0,256,64,0,23,liboqs,gateway
ECDSA,keygen,195137,0.195137,0.5,0.0,256,64,0,24,liboqs,gateway
ECDSA,keygen,194226,0.194226,0.5,0.0,256,64,0,25,liboqs,gateway
ECDSA,keygen,218639,0.218639,0.5,0.0,256,64,0,26,liboqs,gateway
ECDSA,keygen,211232,0.211232,0.5,0.0,256,64,0,27,liboqs,gateway
ECDSA,keygen,196217,0.196217,0.5,0.0,256,64,0,28,liboqs,gateway
ECDSA,keygen,196153,0.196153,0.5,0.0,256,64,0,29,liboqs,gateway
ECDSA,keygen,194252,0.194252,0.5,0.0,256,64,0,30,liboqs,gateway
ECDSA,keygen,195032,0.195032,0.5,0.0,256,64,0,31,liboqs,gateway
ECDSA,keygen,194649,0.194649,0.5,0.0,256,64,0,32,liboqs,gateway
ECDSA,keygen,194774,0.194774,0.5,0.0,256,64,0,33,liboqs,gateway
ECDSA,keygen,195295,0.195295,0.5,0.0,256,64,0,34,liboqs,gateway
ECDSA,keygen,194894,0.194894,0.5,0.0,256,64,0,35,liboqs,gateway
ECDSA,keygen,215352,0.215352,0.5,0.0,256,64,0,36,liboqs,gateway
ECDSA,keygen,196919,0.196919,0.5,0.0,256,64,0,37,liboqs,gateway
ECDSA,keygen,276272,0.276272,0.5,0.0,256,64,0,38,liboqs,gateway
ECDSA,keygen,209181,0.209181,0.5,0.0,256,64,0,39,liboqs,gateway
ECDSA,keygen,199872,0.199872,0.5,0.0,256,64,0,40,liboqs,gateway
ECDSA,keygen,197089,0.197089,0.5,0.0,256,64,0,41,liboqs,gateway
ECDSA,keygen,195895,0.195895,0.5,0.0,256,64,0,42,liboqs,gateway
ECDSA,keygen,195096,0.195096,0.5,0.0,256,64,0,43,liboqs,gateway
ECDSA,keygen,243992,0.243992,0.5,0.0,256,64,0,44,liboqs,gateway
ECDSA,keygen,213379,0.213379,0.5,0.0,256,64,0,45,liboqs,gateway
ECDSA,keygen,216560,0.21656,0.5,0.0,256,64,0,46,liboqs,gateway
ECDSA,keygen,196213,0.196213,0.5,0.0,256,64,0,47,liboqs,gateway
ECDSA,keygen,198590,0.19859,0.5,0.0,256,64,0,48,liboqs,gateway
ECDSA,keygen,196121,0.196121,0.5,0.0,256,64,0,49,liboqs,gateway
ECDSA,keygen,194468,0.194468,0.5,0.0,256,64,0,50,liboqs,gateway
ECDSA,keygen,194209,0.194209,0.5,0.0,256,64,0,51,liboqs,gateway
ECDSA,keygen,195029,0.195029,0.5,0.0,256,64,0,52,liboqs,gateway
ECDSA,keygen,209748,0.209748,0.5,0.0,256,64,0,53,liboqs,gateway
ECDSA,keygen,205348,0.205348,0.5,0.0,256,64,0,54,liboqs,gateway
ECDSA,keygen,195424,0.195424,0.5,0.0,256,64,0,55,liboqs,gateway
ECDSA,keygen,197207,0.197207,0.5,0.0,256,64,0,56,liboqs,gateway
ECDSA,keygen,196966,0.196966,0.5,0.0,256,64,0,57,liboqs,gateway
ECDSA,keygen,194833,0.194833,0.5,0.0,256,64,0,58,liboqs,gateway
ECDSA,keygen,195380,0.19538,0.5,0.0,256,64,0,59,liboqs,gateway
ECDSA,keygen,194665,0.194665,0.5,0.0,256,64,0,60,liboqs,gateway
ECDSA,keygen,194153,0.194153,0.5,0.0,256,64,0,61,liboqs,gateway
ECDSA,keygen,195114,0.195114,0.5,0.0,256,64,0,62,liboqs,gateway
ECDSA,keygen,363822,0.363822,0.5,0.0,256,64,0,63,liboqs,gateway
ECDSA,keygen,212878,0.212878,0.5,0.0,256,64,0,64,liboqs,gateway
ECDSA,keygen,208870,0.20887,0.5,0.0,256,64,0,65,liboqs,gateway
ECDSA,keygen,194777,0.194777,0.5,0.0,256,64,0,66,liboqs,gateway
ECDSA,keygen,193471,0.193471,0.5,0.0,256,64,0,67,liboqs,gateway
ECDSA,keygen,193773,0.193773,0.5,0.0,256,64,0,68,liboqs,gateway
ECDSA,keygen,193503,0.193503,0.5,0.0,256,64,0,69,liboqs,gateway
ECDSA,keygen,192447,0.192447,0.5,0.0,256,64,0,70,liboqs,gateway
ECDSA,keygen,208487,0.208487,0.5,0.0,256,64,0,71,liboqs,gateway
ECDSA,keygen,195808,0.195808,0.5,0.0,256,64,0,72,liboqs,gateway
ECDSA,keygen,381681,0.381681,0.5,0.0,256,64,0,73,liboqs,gateway
ECDSA,keygen,195700,0.1957,0.5,0.0,256,64,0,74,liboqs,gateway
ECDSA,keygen,205426,0.205426,0.5,0.0,256,64,0,75,liboqs,gateway
ECDSA,keygen,198063,0.198063,0.5,0.0,256,64,0,76,liboqs,gateway
ECDSA,keygen,194779,0.194779,0.5,0.0,256,64,0,77,liboqs,gateway
ECDSA,keygen,194004,0.194004,0.5,0.0,256,64,0,78,liboqs,gateway
ECDSA,keygen,192618,0.192618,0.5,0.0,256,64,0,79,liboqs,gateway
ECDSA,keygen,208571,0.208571,0.5,0.0,256,64,0,80,liboqs,gateway
ECDSA,keygen,205762,0.205762,0.5,0.0,256,64,0,81,liboqs,gateway
ECDSA,keygen,194004,0.194004,0.5,0.0,256,64,0,82,liboqs,gateway
ECDSA,keygen,194347,0.194347,0.5,0.0,256,64,0,83,liboqs,gateway
ECDSA,keygen,203684,0.203684,0.5,0.0,256,64,0,84,liboqs,gateway
ECDSA,keygen,195699,0.195699,0.5,0.0,256,64,0,85,liboqs,gateway
ECDSA,keygen,194075,0.194075,0.5,0.0,256,64,0,86,liboqs,gateway
ECDSA,keygen,195100,0.1951,0.5,0.0,256,64,0,87,liboqs,gateway
ECDSA,keygen,196024,0.196024,0.5,0.0,256,64,0,88,liboqs,gateway
ECDSA,keygen,194815,0.194815,0.5,0.0,256,64,0,89,liboqs,gateway
ECDSA,keygen,206690,0.20669,0.5,0.0,256,64,0,90,liboqs,gateway
ECDSA,keygen,199056,0.199056,0.5,0.0,256,64,0,91,liboqs,gateway
ECDSA,keygen,194257,0.194257,0.5,0.0,256,64,0,92,liboqs,gateway
ECDSA,keygen,195080,0.19508,0.5,0.0,256,64,0,93,liboqs,gateway
ECDSA,keygen,197023,0.197023,0.5,0.0,256,64,0,94,liboqs,gateway
ECDSA,keygen,198745,0.198745,0.5,0.0,256,64,0,95,liboqs,gateway
ECDSA,keygen,195241,0.195241,0.5,0.0,256,64,0,96,liboqs,gateway
ECDSA,keygen,196157,0.196157,0.5,0.0,256,64,0,97,liboqs,gateway
ECDSA,keygen,195041,0.195041,0.5,0.0,256,64,0,98,liboqs,gateway
ECDSA,keygen,208464,0.208464,0.5,0.0,256,64,0,99,liboqs,gateway
ECDSA,keygen,197902,0.197902,0.5,0.0,256,64,0,100,liboqs,gateway
ECDSA,keygen,197527,0.197527,0.5,0.0,256,64,0,101,liboqs,gateway
ECDSA,keygen,198310,0.19831,0.5,0.0,256,64,0,102,liboqs,gateway
ECDSA,keygen,233423,0.233423,0.5,0.0,256,64,0,103,liboqs,gateway
ECDSA,keygen,261296,0.261296,0.5,0.0,256,64,0,104,liboqs,gateway
ECDSA,keygen,198892,0.198892,0.5,0.0,256,64,0,105,liboqs,gateway
ECDSA,keygen,197197,0.197197,0.5,0.0,256,64,0,106,liboqs,gateway
ECDSA,keygen,280004,0.280004,0.5,0.0,256,64,0,107,liboqs,gateway
ECDSA,keygen,266215,0.266215,0.5,0.0,256,64,0,108,liboqs,gateway
ECDSA,keygen,204553,0.204553,0.5,0.0,256,64,0,109,liboqs,gateway
ECDSA,keygen,236808,0.236808,0.5,0.0,256,64,0,110,liboqs,gateway
ECDSA,keygen,201740,0.20174,0.5,0.0,256,64,0,111,liboqs,gateway
ECDSA,keygen,213446,0.213446,0.5,0.0,256,64,0,112,liboqs,gateway
ECDSA,keygen,232952,0.232952,0.5,0.0,256,64,0,113,liboqs,gateway
ECDSA,keygen,199422,0.199422,0.5,0.0,256,64,0,114,liboqs,gateway
ECDSA,keygen,226934,0.226934,0.5,0.0,256,64,0,115,liboqs,gateway
ECDSA,keygen,214151,0.214151,0.5,0.0,256,64,0,116,liboqs,gateway
ECDSA,keygen,266344,0.266344,0.5,0.0,256,64,0,117,liboqs,gateway
ECDSA,keygen,200736,0.200736,0.5,0.0,256,64,0,118,liboqs,gateway
ECDSA,keygen,195929,0.195929,0.5,0.0,256,64,0,119,liboqs,gateway
ECDSA,keygen,199603,0.199603,0.5,0.0,256,64,0,120,liboqs,gateway
ECDSA,keygen,195674,0.195674,0.5,0.0,256,64,0,121,liboqs,gateway
ECDSA,keygen,236703,0.236703,0.5,0.0,256,64,0,122,liboqs,gateway
ECDSA,keygen,199495,0.199495,0.5,0.0,256,64,0,123,liboqs,gateway
ECDSA,keygen,291960,0.29196,0.5,0.0,256,64,0,124,liboqs,gateway
ECDSA,keygen,311080,0.31108,0.5,0.0,256,64,0,125,liboqs,gateway
ECDSA,keygen,264895,0.264895,0.5,0.0,256,64,0,126,liboqs,gateway
ECDSA,keygen,267980,0.26798,0.5,0.0,256,64,0,127,liboqs,gateway
ECDSA,keygen,334326,0.334326,0.5,0.0,256,64,0,128,liboqs,gateway
ECDSA,keygen,255237,0.255237,0.5,0.0,256,64,0,129,liboqs,gateway
ECDSA,keygen,253405,0.253405,0.5,0.0,256,64,0,130,liboqs,gateway
ECDSA,keygen,423957,0.423957,0.5,0.0,256,64,0,131,liboqs,gateway
ECDSA,keygen,280162,0.280162,0.5,0.0,256,64,0,132,liboqs,gateway
ECDSA,keygen,195959,0.195959,0.5,0.0,256,64,0,133,liboqs,gateway
ECDSA,keygen,193457,0.193457,0.5,0.0,256,64,0,134,liboqs,gateway
ECDSA,keygen,193086,0.193086,0.5,0.0,256,64,0,135,liboqs,gateway
ECDSA,keygen,192563,0.192563,0.5,0.0,256,64,0,136,liboqs,gateway
ECDSA,keygen,253059,0.253059,0.5,0.0,256,64,0,137,liboqs,gateway
ECDSA,keygen,211568,0.211568,0.5,0.0,256,64,0,138,liboqs,gateway
ECDSA,keygen,198552,0.198552,0.5,0.0,256,64,0,139,liboqs,gateway
ECDSA,keygen,197296,0.197296,0.5,0.0,256,64,0,140,liboqs,gateway
ECDSA,keygen,194867,0.194867,0.5,0.0,256,64,0,141,liboqs,gateway
ECDSA,keygen,209642,0.209642,0.5,0.0,256,64,0,142,liboqs,gateway
ECDSA,keygen,221578,0.221578,0.5,0.0,256,64,0,143,liboqs,gateway
ECDSA,keygen,196843,0.196843,0.5,0.0,256,64,0,144,liboqs,gateway
ECDSA,keygen,195643,0.195643,0.5,0.0,256,64,0,145,liboqs,gateway
ECDSA,keygen,194834,0.194834,0.5,0.0,256,64,0,146,liboqs,gateway
ECDSA,keygen,236967,0.236967,0.5,0.0,256,64,0,147,liboqs,gateway
ECDSA,keygen,223067,0.223067,0.5,0.0,256,64,0,148,liboqs,gateway
ECDSA,keygen,241611,0.241611,0.5,0.0,256,64,0,149,liboqs,gateway
ECDSA,keygen,211741,0.211741,0.5,0.0,256,64,0,150,liboqs,gateway
ECDSA,keygen,199123,0.199123,0.5,0.0,256,64,0,151,liboqs,gateway
ECDSA,keygen,195407,0.195407,0.5,0.0,256,64,0,152,liboqs,gateway
ECDSA,keygen,195953,0.195953,0.5,0.0,256,64,0,153,liboqs,gateway
ECDSA,keygen,195605,0.195605,0.5,0.0,256,64,0,154,liboqs,gateway
ECDSA,keygen,195255,0.195255,0.5,0.0,256,64,0,155,liboqs,gateway
ECDSA,keygen,211013,0.211013,0.5,0.0,256,64,0,156,liboqs,gateway
ECDSA,keygen,208075,0.208075,0.5,0.0,256,64,0,157,liboqs,gateway
ECDSA,keygen,200596,0.200596,0.5,0.0,256,64,0,158,liboqs,gateway
ECDSA,keygen,198331,0.198331,0.5,0.0,256,64,0,159,liboqs,gateway
ECDSA,keygen,198286,0.198286,0.5,0.0,256,64,0,160,liboqs,gateway
ECDSA,keygen,195771,0.195771,0.5,0.0,256,64,0,161,liboqs,gateway
ECDSA,keygen,194859,0.194859,0.5,0.0,256,64,0,162,liboqs,gateway
ECDSA,keygen,196628,0.196628,0.5,0.0,256,64,0,163,liboqs,gateway
ECDSA,keygen,195730,0.19573,0.5,0.0,256,64,0,164,liboqs,gateway
ECDSA,keygen,195270,0.19527,0.5,0.0,256,64,0,165,liboqs,gateway
ECDSA,keygen,207482,0.207482,0.5,0.0,256,64,0,166,liboqs,gateway
ECDSA,keygen,198761,0.198761,0.5,0.0,256,64,0,167,liboqs,gateway
ECDSA,keygen,206683,0.206683,0.5,0.0,256,64,0,168,liboqs,gateway
ECDSA,keygen,196399,0.196399,0.5,0.0,256,64,0,169,liboqs,gateway
ECDSA,keygen,196931,0.196931,0.5,0.0,256,64,0,170,liboqs,gateway
ECDSA,keygen,199190,0.19919,0.5,0.0,256,64,0,171,liboqs,gateway
ECDSA,keygen,196447,0.196447,0.5,0.0,256,64,0,172,liboqs,gateway
ECDSA,keygen,198767,0.198767,0.5,0.0,256,64,0,173,liboqs,gateway
ECDSA,keygen,198374,0.198374,0.5,0.0,256,64,0,174,liboqs,gateway
ECDSA,keygen,211722,0.211722,0.5,0.0,256,64,0,175,liboqs,gateway
ECDSA,keygen,207749,0.207749,0.5,0.0,256,64,0,176,liboqs,gateway
ECDSA,keygen,198135,0.198135,0.5,0.0,256,64,0,177,liboqs,gateway
ECDSA,keygen,195404,0.195404,0.5,0.0,256,64,0,178,liboqs,gateway
ECDSA,keygen,195604,0.195604,0.5,0.0,256,64,0,179,liboqs,gateway
ECDSA,keygen,195529,0.195529,0.5,0.0,256,64,0,180,liboqs,gateway
ECDSA,keygen,197225,0.197225,0.5,0.0,256,64,0,181,liboqs,gateway
ECDSA,keygen,194920,0.19492,0.5,0.0,256,64,0,182,liboqs,gateway
ECDSA,keygen,196966,0.196966,0.5,0.0,256,64,0,183,liboqs,gateway
ECDSA,keygen,211930,0.21193,0.5,0.0,256,64,0,184,liboqs,gateway
ECDSA,keygen,215204,0.215204,0.5,0.0,256,64,0,185,liboqs,gateway
ECDSA,keygen,203845,0.203845,0.5,0.0,256,64,0,186,liboqs,gateway
ECDSA,keygen,198034,0.198034,0.5,0.0,256,64,0,187,liboqs,gateway
ECDSA,keygen,198436,0.198436,0.5,0.0,256,64,0,188,liboqs,gateway
ECDSA,keygen,198642,0.198642,0.5,0.0,256,64,0,189,liboqs,gateway
ECDSA,keygen,195312,0.195312,0.5,0.0,256,64,0,190,liboqs,gateway
ECDSA,keygen,285346,0.285346,0.5,0.0,256,64,0,191,liboqs,gateway
ECDSA,keygen,258800,0.2588,0.5,0.0,256,64,0,192,liboqs,gateway
ECDSA,keygen,212798,0.212798,0.5,0.0,256,64,0,193,liboqs,gateway
ECDSA,keygen,209465,0.209465,0.5,0.0,256,64,0,194,liboqs,gateway
ECDSA,keygen,197553,0.197553,0.5,0.0,256,64,0,195,liboqs,gateway
ECDSA,keygen,194281,0.194281,0.5,0.0,256,64,0,196,liboqs,gateway
ECDSA,keygen,195535,0.195535,0.5,0.0,256,64,0,197,liboqs,gateway
ECDSA,keygen,194643,0.194643,0.5,0.0,256,64,0,198,liboqs,gateway
ECDSA,keygen,194456,0.194456,0.5,0.0,256,64,0,199,liboqs,gateway
ECDSA,keygen,289924,0.289924,0.5,0.0,256,64,0,200,liboqs,gateway
ECDSA,keygen,200264,0.200264,0.5,0.0,256,64,0,201,liboqs,gateway
ECDSA,keygen,196638,0.196638,0.5,0.0,256,64,0,202,liboqs,gateway
ECDSA,keygen,194617,0.194617,0.5,0.0,256,64,0,203,liboqs,gateway
ECDSA,keygen,194446,0.194446,0.5,0.0,256,64,0,204,liboqs,gateway
ECDSA,keygen,193871,0.193871,0.5,0.0,256,64,0,205,liboqs,gateway
ECDSA,keygen,194272,0.194272,0.5,0.0,256,64,0,206,liboqs,gateway
ECDSA,keygen,194325,0.194325,0.5,0.0,256,64,0,207,liboqs,gateway
ECDSA,keygen,194031,0.194031,0.5,0.0,256,64,0,208,liboqs,gateway
ECDSA,keygen,194743,0.194743,0.5,0.0,256,64,0,209,liboqs,gateway
ECDSA,keygen,204171,0.204171,0.5,0.0,256,64,0,210,liboqs,gateway
ECDSA,keygen,198211,0.198211,0.5,0.0,256,64,0,211,liboqs,gateway
ECDSA,keygen,196277,0.196277,0.5,0.0,256,64,0,212,liboqs,gateway
ECDSA,keygen,194735,0.194735,0.5,0.0,256,64,0,213,liboqs,gateway
ECDSA,keygen,202044,0.202044,0.5,0.0,256,64,0,214,liboqs,gateway
ECDSA,keygen,195415,0.195415,0.5,0.0,256,64,0,215,liboqs,gateway
ECDSA,keygen,193771,0.193771,0.5,0.0,256,64,0,216,liboqs,gateway
ECDSA,keygen,194623,0.194623,0.5,0.0,256,64,0,217,liboqs,gateway
ECDSA,keygen,205367,0.205367,0.5,0.0,256,64,0,218,liboqs,gateway
ECDSA,keygen,206824,0.206824,0.5,0.0,256,64,0,219,liboqs,gateway
ECDSA,keygen,197702,0.197702,0.5,0.0,256,64,0,220,liboqs,gateway
ECDSA,keygen,196893,0.196893,0.5,0.0,256,64,0,221,liboqs,gateway
ECDSA,keygen,194774,0.194774,0.5,0.0,256,64,0,222,liboqs,gateway
ECDSA,keygen,195159,0.195159,0.5,0.0,256,64,0,223,liboqs,gateway
ECDSA,keygen,194425,0.194425,0.5,0.0,256,64,0,224,liboqs,gateway
ECDSA,keygen,194981,0.194981,0.5,0.0,256,64,0,225,liboqs,gateway
ECDSA,keygen,269263,0.269263,0.5,0.0,256,64,0,226,liboqs,gateway
ECDSA,keygen,205074,0.205074,0.5,0.0,256,64,0,227,liboqs,gateway
ECDSA,keygen,199891,0.199891,0.5,0.0,256,64,0,228,liboqs,gateway
ECDSA,keygen,195245,0.195245,0.5,0.0,256,64,0,229,liboqs,gateway
ECDSA,keygen,194985,0.194985,0.5,0.0,256,64,0,230,liboqs,gateway
ECDSA,keygen,221539,0.221539,0.5,0.0,256,64,0,231,liboqs,gateway
ECDSA,keygen,194150,0.19415,0.5,0.0,256,64,0,232,liboqs,gateway
ECDSA,keygen,197156,0.197156,0.5,0.0,256,64,0,233,liboqs,gateway
ECDSA,keygen,215925,0.215925,0.5,0.0,256,64,0,234,liboqs,gateway
ECDSA,keygen,197788,0.197788,0.5,0.0,256,64,0,235,liboqs,gateway
ECDSA,keygen,195338,0.195338,0.5,0.0,256,64,0,236,liboqs,gateway
ECDSA,keygen,194220,0.19422,0.5,0.0,256,64,0,237,liboqs,gateway
ECDSA,keygen,194197,0.194197,0.5,0.0,256,64,0,238,liboqs,gateway
ECDSA,keygen,194484,0.194484,0.5,0.0,256,64,0,239,liboqs,gateway
ECDSA,keygen,194306,0.194306,0.5,0.0,256,64,0,240,liboqs,gateway
ECDSA,keygen,194934,0.194934,0.5,0.0,256,64,0,241,liboqs,gateway
ECDSA,keygen,193600,0.1936,0.5,0.0,256,64,0,242,liboqs,gateway
ECDSA,keygen,210981,0.210981,0.5,0.0,256,64,0,243,liboqs,gateway
ECDSA,keygen,208661,0.208661,0.5,0.0,256,64,0,244,liboqs,gateway
ECDSA,keygen,212921,0.212921,0.5,0.0,256,64,0,245,liboqs,gateway
ECDSA,keygen,197655,0.197655,0.5,0.0,256,64,0,246,liboqs,gateway
ECDSA,keygen,207308,0.207308,0.5,0.0,256,64,0,247,liboqs,gateway
ECDSA,keygen,198788,0.198788,0.5,0.0,256,64,0,248,liboqs,gateway
ECDSA,keygen,195354,0.195354,0.5,0.0,256,64,0,249,liboqs,gateway
ECDSA,keygen,194494,0.194494,0.5,0.0,256,64,0,250,liboqs,gateway
ECDSA,keygen,194113,0.194113,0.5,0.0,256,64,0,251,liboqs,gateway
ECDSA,keygen,196311,0.196311,0.5,0.0,256,64,0,252,liboqs,gateway
ECDSA,keygen,193885,0.193885,0.5,0.0,256,64,0,253,liboqs,gateway
ECDSA,keygen,214948,0.214948,0.5,0.0,256,64,0,254,liboqs,gateway
ECDSA,keygen,198420,0.19842,0.5,0.0,256,64,0,255,liboqs,gateway
ECDSA,keygen,194369,0.194369,0.5,0.0,256,64,0,256,liboqs,gateway
ECDSA,keygen,198999,0.198999,0.5,0.0,256,64,0,257,liboqs,gateway
ECDSA,keygen,194290,0.19429,0.5,0.0,256,64,0,258,liboqs,gateway
ECDSA,keygen,194673,0.194673,0.5,0.0,256,64,0,259,liboqs,gateway
ECDSA,keygen,194078,0.194078,0.5,0.0,256,64,0,260,liboqs,gateway
ECDSA,keygen,194302,0.194302,0.5,0.0,256,64,0,261,liboqs,gateway
ECDSA,keygen,195797,0.195797,0.5,0.0,256,64,0,262,liboqs,gateway
ECDSA,keygen,206078,0.206078,0.5,0.0,256,64,0,263,liboqs,gateway
ECDSA,keygen,197648,0.197648,0.5,0.0,256,64,0,264,liboqs,gateway
ECDSA,keygen,194937,0.194937,0.5,0.0,256,64,0,265,liboqs,gateway
ECDSA,keygen,195138,0.195138,0.5,0.0,256,64,0,266,liboqs,gateway
ECDSA,keygen,194967,0.194967,0.5,0.0,256,64,0,267,liboqs,gateway
ECDSA,keygen,196056,0.196056,0.5,0.0,256,64,0,268,liboqs,gateway
ECDSA,keygen,197588,0.197588,0.5,0.0,256,64,0,269,liboqs,gateway
ECDSA,keygen,194592,0.194592,0.5,0.0,256,64,0,270,liboqs,gateway
ECDSA,keygen,195674,0.195674,0.5,0.0,256,64,0,271,liboqs,gateway
ECDSA,keygen,208067,0.208067,0.5,0.0,256,64,0,272,liboqs,gateway
ECDSA,keygen,197714,0.197714,0.5,0.0,256,64,0,273,liboqs,gateway
ECDSA,keygen,220022,0.220022,0.5,0.0,256,64,0,274,liboqs,gateway
ECDSA,keygen,196744,0.196744,0.5,0.0,256,64,0,275,liboqs,gateway
ECDSA,keygen,194515,0.194515,0.5,0.0,256,64,0,276,liboqs,gateway
ECDSA,keygen,194352,0.194352,0.5,0.0,256,64,0,277,liboqs,gateway
ECDSA,keygen,194455,0.194455,0.5,0.0,256,64,0,278,liboqs,gateway
ECDSA,keygen,194872,0.194872,0.5,0.0,256,64,0,279,liboqs,gateway
ECDSA,keygen,194290,0.19429,0.5,0.0,256,64,0,280,liboqs,gateway
ECDSA,keygen,194079,0.194079,0.5,0.0,256,64,0,281,liboqs,gateway
ECDSA,keygen,217787,0.217787,0.5,0.0,256,64,0,282,liboqs,gateway
ECDSA,keygen,199054,0.199054,0.5,0.0,256,64,0,283,liboqs,gateway
ECDSA,keygen,195262,0.195262,0.5,0.0,256,64,0,284,liboqs,gateway
ECDSA,keygen,194289,0.194289,0.5,0.0,256,64,0,285,liboqs,gateway
ECDSA,keygen,196620,0.19662,0.5,0.0,256,64,0,286,liboqs,gateway
ECDSA,keygen,194642,0.194642,0.5,0.0,256,64,0,287,liboqs,gateway
ECDSA,keygen,194637,0.194637,0.5,0.0,256,64,0,288,liboqs,gateway
ECDSA,keygen,194467,0.194467,0.5,0.0,256,64,0,289,liboqs,gateway
ECDSA,keygen,204923,0.204923,0.5,0.0,256,64,0,290,liboqs,gateway
ECDSA,keygen,200181,0.200181,0.5,0.0,256,64,0,291,liboqs,gateway
ECDSA,keygen,197267,0.197267,0.5,0.0,256,64,0,292,liboqs,gateway
ECDSA,keygen,194388,0.194388,0.5,0.0,256,64,0,293,liboqs,gateway
ECDSA,keygen,202628,0.202628,0.5,0.0,256,64,0,294,liboqs,gateway
ECDSA,keygen,194622,0.194622,0.5,0.0,256,64,0,295,liboqs,gateway
ECDSA,keygen,194921,0.194921,0.5,0.0,256,64,0,296,liboqs,gateway
ECDSA,keygen,194384,0.194384,0.5,0.0,256,64,0,297,liboqs,gateway
ECDSA,keygen,194740,0.19474,0.5,0.0,256,64,0,298,liboqs,gateway
ECDSA,keygen,208263,0.208263,0.5,0.0,256,64,0,299,liboqs,gateway
ECDSA,keygen,199890,0.19989,0.5,0.0,256,64,0,300,liboqs,gateway
ECDSA,keygen,196046,0.196046,0.5,0.0,256,64,0,301,liboqs,gateway
ECDSA,keygen,195686,0.195686,0.5,0.0,256,64,0,302,liboqs,gateway
ECDSA,keygen,260105,0.260105,0.5,0.0,256,64,0,303,liboqs,gateway
ECDSA,keygen,210137,0.210137,0.5,0.0,256,64,0,304,liboqs,gateway
ECDSA,keygen,196435,0.196435,0.5,0.0,256,64,0,305,liboqs,gateway
ECDSA,keygen,195179,0.195179,0.5,0.0,256,64,0,306,liboqs,gateway
ECDSA,keygen,194869,0.194869,0.5,0.0,256,64,0,307,liboqs,gateway
ECDSA,keygen,195682,0.195682,0.5,0.0,256,64,0,308,liboqs,gateway
ECDSA,keygen,198881,0.198881,0.5,0.0,256,64,0,309,liboqs,gateway
ECDSA,keygen,195409,0.195409,0.5,0.0,256,64,0,310,liboqs,gateway
ECDSA,keygen,212348,0.212348,0.5,0.0,256,64,0,311,liboqs,gateway
ECDSA,keygen,197308,0.197308,0.5,0.0,256,64,0,312,liboqs,gateway
ECDSA,keygen,213308,0.213308,0.5,0.0,256,64,0,313,liboqs,gateway
ECDSA,keygen,196853,0.196853,0.5,0.0,256,64,0,314,liboqs,gateway
ECDSA,keygen,194497,0.194497,0.5,0.0,256,64,0,315,liboqs,gateway
ECDSA,keygen,194315,0.194315,0.5,0.0,256,64,0,316,liboqs,gateway
ECDSA,keygen,193774,0.193774,0.5,0.0,256,64,0,317,liboqs,gateway
ECDSA,keygen,194725,0.194725,0.5,0.0,256,64,0,318,liboqs,gateway
ECDSA,keygen,193921,0.193921,0.5,0.0,256,64,0,319,liboqs,gateway
ECDSA,keygen,194800,0.1948,0.5,0.0,256,64,0,320,liboqs,gateway
ECDSA,keygen,205538,0.205538,0.5,0.0,256,64,0,321,liboqs,gateway
ECDSA,keygen,196286,0.196286,0.5,0.0,256,64,0,322,liboqs,gateway
ECDSA,keygen,194569,0.194569,0.5,0.0,256,64,0,323,liboqs,gateway
ECDSA,keygen,195084,0.195084,0.5,0.0,256,64,0,324,liboqs,gateway
ECDSA,keygen,195436,0.195436,0.5,0.0,256,64,0,325,liboqs,gateway
ECDSA,keygen,193626,0.193626,0.5,0.0,256,64,0,326,liboqs,gateway
ECDSA,keygen,195513,0.195513,0.5,0.0,256,64,0,327,liboqs,gateway
ECDSA,keygen,194306,0.194306,0.5,0.0,256,64,0,328,liboqs,gateway
ECDSA,keygen,211222,0.211222,0.5,0.0,256,64,0,329,liboqs,gateway
ECDSA,keygen,208034,0.208034,0.5,0.0,256,64,0,330,liboqs,gateway
ECDSA,keygen,196765,0.196765,0.5,0.0,256,64,0,331,liboqs,gateway
ECDSA,keygen,194315,0.194315,0.5,0.0,256,64,0,332,liboqs,gateway
ECDSA,keygen,199656,0.199656,0.5,0.0,256,64,0,333,liboqs,gateway
ECDSA,keygen,196363,0.196363,0.5,0.0,256,64,0,334,liboqs,gateway
ECDSA,keygen,194623,0.194623,0.5,0.0,256,64,0,335,liboqs,gateway
ECDSA,keygen,195161,0.195161,0.5,0.0,256,64,0,336,liboqs,gateway
ECDSA,keygen,194917,0.194917,0.5,0.0,256,64,0,337,liboqs,gateway
ECDSA,keygen,194729,0.194729,0.5,0.0,256,64,0,338,liboqs,gateway
ECDSA,keygen,194088,0.194088,0.5,0.0,256,64,0,339,liboqs,gateway
ECDSA,keygen,206733,0.206733,0.5,0.0,256,64,0,340,liboqs,gateway
ECDSA,keygen,198191,0.198191,0.5,0.0,256,64,0,341,liboqs,gateway
ECDSA,keygen,195385,0.195385,0.5,0.0,256,64,0,342,liboqs,gateway
ECDSA,keygen,197089,0.197089,0.5,0.0,256,64,0,343,liboqs,gateway
ECDSA,keygen,196244,0.196244,0.5,0.0,256,64,0,344,liboqs,gateway
ECDSA,keygen,204221,0.204221,0.5,0.0,256,64,0,345,liboqs,gateway
ECDSA,keygen,196745,0.196745,0.5,0.0,256,64,0,346,liboqs,gateway
ECDSA,keygen,197496,0.197496,0.5,0.0,256,64,0,347,liboqs,gateway
ECDSA,keygen,194225,0.194225,0.5,0.0,256,64,0,348,liboqs,gateway
ECDSA,keygen,205919,0.205919,0.5,0.0,256,64,0,349,liboqs,gateway
ECDSA,keygen,264313,0.264313,0.5,0.0,256,64,0,350,liboqs,gateway
ECDSA,keygen,206008,0.206008,0.5,0.0,256,64,0,351,liboqs,gateway
ECDSA,keygen,193172,0.193172,0.5,0.0,256,64,0,352,liboqs,gateway
ECDSA,keygen,208076,0.208076,0.5,0.0,256,64,0,353,liboqs,gateway
ECDSA,keygen,195754,0.195754,0.5,0.0,256,64,0,354,liboqs,gateway
ECDSA,keygen,194082,0.194082,0.5,0.0,256,64,0,355,liboqs,gateway
ECDSA,keygen,199388,0.199388,0.5,0.0,256,64,0,356,liboqs,gateway
ECDSA,keygen,205724,0.205724,0.5,0.0,256,64,0,357,liboqs,gateway
ECDSA,keygen,195534,0.195534,0.5,0.0,256,64,0,358,liboqs,gateway
ECDSA,keygen,193945,0.193945,0.5,0.0,256,64,0,359,liboqs,gateway
ECDSA,keygen,194936,0.194936,0.5,0.0,256,64,0,360,liboqs,gateway
ECDSA,keygen,193311,0.193311,0.5,0.0,256,64,0,361,liboqs,gateway
ECDSA,keygen,193106,0.193106,0.5,0.0,256,64,0,362,liboqs,gateway
ECDSA,keygen,192810,0.19281,0.5,0.0,256,64,0,363,liboqs,gateway
ECDSA,keygen,193683,0.193683,0.5,0.0,256,64,0,364,liboqs,gateway
ECDSA,keygen,194161,0.194161,0.5,0.0,256,64,0,365,liboqs,gateway
ECDSA,keygen,197198,0.197198,0.5,0.0,256,64,0,366,liboqs,gateway
ECDSA,keygen,205252,0.205252,0.5,0.0,256,64,0,367,liboqs,gateway
ECDSA,keygen,196877,0.196877,0.5,0.0,256,64,0,368,liboqs,gateway
ECDSA,keygen,195452,0.195452,0.5,0.0,256,64,0,369,liboqs,gateway
ECDSA,keygen,193317,0.193317,0.5,0.0,256,64,0,370,liboqs,gateway
ECDSA,keygen,193013,0.193013,0.5,0.0,256,64,0,371,liboqs,gateway
ECDSA,keygen,193805,0.193805,0.5,0.0,256,64,0,372,liboqs,gateway
ECDSA,keygen,199524,0.199524,0.5,0.0,256,64,0,373,liboqs,gateway
ECDSA,keygen,194215,0.194215,0.5,0.0,256,64,0,374,liboqs,gateway
ECDSA,keygen,195742,0.195742,0.5,0.0,256,64,0,375,liboqs,gateway
ECDSA,keygen,205098,0.205098,0.5,0.0,256,64,0,376,liboqs,gateway
ECDSA,keygen,211318,0.211318,0.5,0.0,256,64,0,377,liboqs,gateway
ECDSA,keygen,195117,0.195117,0.5,0.0,256,64,0,378,liboqs,gateway
ECDSA,keygen,194300,0.1943,0.5,0.0,256,64,0,379,liboqs,gateway
ECDSA,keygen,219343,0.219343,0.5,0.0,256,64,0,380,liboqs,gateway
ECDSA,keygen,199333,0.199333,0.5,0.0,256,64,0,381,liboqs,gateway
ECDSA,keygen,195012,0.195012,0.5,0.0,256,64,0,382,liboqs,gateway
ECDSA,keygen,194523,0.194523,0.5,0.0,256,64,0,383,liboqs,gateway
ECDSA,keygen,193519,0.193519,0.5,0.0,256,64,0,384,liboqs,gateway
ECDSA,keygen,193382,0.193382,0.5,0.0,256,64,0,385,liboqs,gateway
ECDSA,keygen,206192,0.206192,0.5,0.0,256,64,0,386,liboqs,gateway
ECDSA,keygen,195256,0.195256,0.5,0.0,256,64,0,387,liboqs,gateway
ECDSA,keygen,194301,0.194301,0.5,0.0,256,64,0,388,liboqs,gateway
ECDSA,keygen,195214,0.195214,0.5,0.0,256,64,0,389,liboqs,gateway
ECDSA,keygen,194085,0.194085,0.5,0.0,256,64,0,390,liboqs,gateway
ECDSA,keygen,195516,0.195516,0.5,0.0,256,64,0,391,liboqs,gateway
ECDSA,keygen,194651,0.194651,0.5,0.0,256,64,0,392,liboqs,gateway
ECDSA,keygen,202902,0.202902,0.5,0.0,256,64,0,393,liboqs,gateway
ECDSA,keygen,198083,0.198083,0.5,0.0,256,64,0,394,liboqs,gateway
ECDSA,keygen,245364,0.245364,0.5,0.0,256,64,0,395,liboqs,gateway
ECDSA,keygen,208678,0.208678,0.5,0.0,256,64,0,396,liboqs,gateway
ECDSA,keygen,203226,0.203226,0.5,0.0,256,64,0,397,liboqs,gateway
ECDSA,keygen,195437,0.195437,0.5,0.0,256,64,0,398,liboqs,gateway
ECDSA,keygen,247684,0.247684,0.5,0.0,256,64,0,399,liboqs,gateway
ECDSA,keygen,218733,0.218733,0.5,0.0,256,64,0,400,liboqs,gateway
ECDSA,keygen,205159,0.205159,0.5,0.0,256,64,0,401,liboqs,gateway
ECDSA,keygen,198538,0.198538,0.5,0.0,256,64,0,402,liboqs,gateway
ECDSA,keygen,196273,0.196273,0.5,0.0,256,64,0,403,liboqs,gateway
ECDSA,keygen,195414,0.195414,0.5,0.0,256,64,0,404,liboqs,gateway
ECDSA,keygen,194231,0.194231,0.5,0.0,256,64,0,405,liboqs,gateway
ECDSA,keygen,194505,0.194505,0.5,0.0,256,64,0,406,liboqs,gateway
ECDSA,keygen,214885,0.214885,0.5,0.0,256,64,0,407,liboqs,gateway
ECDSA,keygen,325711,0.325711,0.5,0.0,256,64,0,408,liboqs,gateway
ECDSA,keygen,211628,0.211628,0.5,0.0,256,64,0,409,liboqs,gateway
ECDSA,keygen,195754,0.195754,0.5,0.0,256,64,0,410,liboqs,gateway
ECDSA,keygen,196894,0.196894,0.5,0.0,256,64,0,411,liboqs,gateway
ECDSA,keygen,204732,0.204732,0.5,0.0,256,64,0,412,liboqs,gateway
ECDSA,keygen,194737,0.194737,0.5,0.0,256,64,0,413,liboqs,gateway
ECDSA,keygen,194118,0.194118,0.5,0.0,256,64,0,414,liboqs,gateway
ECDSA,keygen,193601,0.193601,0.5,0.0,256,64,0,415,liboqs,gateway
ECDSA,keygen,209591,0.209591,0.5,0.0,256,64,0,416,liboqs,gateway
ECDSA,keygen,196836,0.196836,0.5,0.0,256,64,0,417,liboqs,gateway
ECDSA,keygen,193147,0.193147,0.5,0.0,256,64,0,418,liboqs,gateway
ECDSA,keygen,195945,0.195945,0.5,0.0,256,64,0,419,liboqs,gateway
ECDSA,keygen,193462,0.193462,0.5,0.0,256,64,0,420,liboqs,gateway
ECDSA,keygen,193795,0.193795,0.5,0.0,256,64,0,421,liboqs,gateway
ECDSA,keygen,193291,0.193291,0.5,0.0,256,64,0,422,liboqs,gateway
ECDSA,keygen,194299,0.194299,0.5,0.0,256,64,0,423,liboqs,gateway
ECDSA,keygen,192994,0.192994,0.5,0.0,256,64,0,424,liboqs,gateway
ECDSA,keygen,193811,0.193811,0.5,0.0,256,64,0,425,liboqs,gateway
ECDSA,keygen,204552,0.204552,0.5,0.0,256,64,0,426,liboqs,gateway
ECDSA,keygen,197632,0.197632,0.5,0.0,256,64,0,427,liboqs,gateway
ECDSA,keygen,192657,0.192657,0.5,0.0,256,64,0,428,liboqs,gateway
ECDSA,keygen,193103,0.193103,0.5,0.0,256,64,0,429,liboqs,gateway
ECDSA,keygen,193051,0.193051,0.5,0.0,256,64,0,430,liboqs,gateway
ECDSA,keygen,196618,0.196618,0.5,0.0,256,64,0,431,liboqs,gateway
ECDSA,keygen,199154,0.199154,0.5,0.0,256,64,0,432,liboqs,gateway
ECDSA,keygen,195941,0.195941,0.5,0.0,256,64,0,433,liboqs,gateway
ECDSA,keygen,193776,0.193776,0.5,0.0,256,64,0,434,liboqs,gateway
ECDSA,keygen,204710,0.20471,0.5,0.0,256,64,0,435,liboqs,gateway
ECDSA,keygen,195049,0.195049,0.5,0.0,256,64,0,436,liboqs,gateway
ECDSA,keygen,193031,0.193031,0.5,0.0,256,64,0,437,liboqs,gateway
ECDSA,keygen,192943,0.192943,0.5,0.0,256,64,0,438,liboqs,gateway
ECDSA,keygen,194899,0.194899,0.5,0.0,256,64,0,439,liboqs,gateway
ECDSA,keygen,193198,0.193198,0.5,0.0,256,64,0,440,liboqs,gateway
ECDSA,keygen,193087,0.193087,0.5,0.0,256,64,0,441,liboqs,gateway
ECDSA,keygen,196533,0.196533,0.5,0.0,256,64,0,442,liboqs,gateway
ECDSA,keygen,193527,0.193527,0.5,0.0,256,64,0,443,liboqs,gateway
ECDSA,keygen,203446,0.203446,0.5,0.0,256,64,0,444,liboqs,gateway
ECDSA,keygen,206649,0.206649,0.5,0.0,256,64,0,445,liboqs,gateway
ECDSA,keygen,196726,0.196726,0.5,0.0,256,64,0,446,liboqs,gateway
ECDSA,keygen,193949,0.193949,0.5,0.0,256,64,0,447,liboqs,gateway
ECDSA,keygen,194175,0.194175,0.5,0.0,256,64,0,448,liboqs,gateway
ECDSA,keygen,194071,0.194071,0.5,0.0,256,64,0,449,liboqs,gateway
ECDSA,keygen,194169,0.194169,0.5,0.0,256,64,0,450,liboqs,gateway
ECDSA,keygen,198110,0.19811,0.5,0.0,256,64,0,451,liboqs,gateway
ECDSA,keygen,208851,0.208851,0.5,0.0,256,64,0,452,liboqs,gateway
ECDSA,keygen,209267,0.209267,0.5,0.0,256,64,0,453,liboqs,gateway
ECDSA,keygen,196415,0.196415,0.5,0.0,256,64,0,454,liboqs,gateway
ECDSA,keygen,194349,0.194349,0.5,0.0,256,64,0,455,liboqs,gateway
ECDSA,keygen,193282,0.193282,0.5,0.0,256,64,0,456,liboqs,gateway
ECDSA,keygen,195945,0.195945,0.5,0.0,256,64,0,457,liboqs,gateway
ECDSA,keygen,192623,0.192623,0.5,0.0,256,64,0,458,liboqs,gateway
ECDSA,keygen,193537,0.193537,0.5,0.0,256,64,0,459,liboqs,gateway
ECDSA,keygen,193192,0.193192,0.5,0.0,256,64,0,460,liboqs,gateway
ECDSA,keygen,193571,0.193571,0.5,0.0,256,64,0,461,liboqs,gateway
ECDSA,keygen,194328,0.194328,0.5,0.0,256,64,0,462,liboqs,gateway
ECDSA,keygen,206743,0.206743,0.5,0.0,256,64,0,463,liboqs,gateway
ECDSA,keygen,195527,0.195527,0.5,0.0,256,64,0,464,liboqs,gateway
ECDSA,keygen,193655,0.193655,0.5,0.0,256,64,0,465,liboqs,gateway
ECDSA,keygen,193406,0.193406,0.5,0.0,256,64,0,466,liboqs,gateway
ECDSA,keygen,195406,0.195406,0.5,0.0,256,64,0,467,liboqs,gateway
ECDSA,keygen,193286,0.193286,0.5,0.0,256,64,0,468,liboqs,gateway
ECDSA,keygen,192873,0.192873,0.5,0.0,256,64,0,469,liboqs,gateway
ECDSA,keygen,192952,0.192952,0.5,0.0,256,64,0,470,liboqs,gateway
ECDSA,keygen,192807,0.192807,0.5,0.0,256,64,0,471,liboqs,gateway
ECDSA,keygen,199206,0.199206,0.5,0.0,256,64,0,472,liboqs,gateway
ECDSA,keygen,206524,0.206524,0.5,0.0,256,64,0,473,liboqs,gateway
ECDSA,keygen,196656,0.196656,0.5,0.0,256,64,0,474,liboqs,gateway
ECDSA,keygen,193724,0.193724,0.5,0.0,256,64,0,475,liboqs,gateway
ECDSA,keygen,193913,0.193913,0.5,0.0,256,64,0,476,liboqs,gateway
ECDSA,keygen,193938,0.193938,0.5,0.0,256,64,0,477,liboqs,gateway
ECDSA,keygen,209780,0.20978,0.5,0.0,256,64,0,478,liboqs,gateway
ECDSA,keygen,196996,0.196996,0.5,0.0,256,64,0,479,liboqs,gateway
ECDSA,keygen,194878,0.194878,0.5,0.0,256,64,0,480,liboqs,gateway
ECDSA,keygen,193568,0.193568,0.5,0.0,256,64,0,481,liboqs,gateway
ECDSA,keygen,205048,0.205048,0.5,0.0,256,64,0,482,liboqs,gateway
ECDSA,keygen,196074,0.196074,0.5,0.0,256,64,0,483,liboqs,gateway
ECDSA,keygen,193105,0.193105,0.5,0.0,256,64,0,484,liboqs,gateway
ECDSA,keygen,195079,0.195079,0.5,0.0,256,64,0,485,liboqs,gateway
ECDSA,keygen,193899,0.193899,0.5,0.0,256,64,0,486,liboqs,gateway
ECDSA,keygen,192422,0.192422,0.5,0.0,256,64,0,487,liboqs,gateway
ECDSA,keygen,194458,0.194458,0.5,0.0,256,64,0,488,liboqs,gateway
ECDSA,keygen,193783,0.193783,0.5,0.0,256,64,0,489,liboqs,gateway
ECDSA,keygen,203792,0.203792,0.5,0.0,256,64,0,490,liboqs,gateway
ECDSA,keygen,195760,0.19576,0.5,0.0,256,64,0,491,liboqs,gateway
ECDSA,keygen,200174,0.200174,0.5,0.0,256,64,0,492,liboqs,gateway
ECDSA,keygen,194202,0.194202,0.5,0.0,256,64,0,493,liboqs,gateway
ECDSA,keygen,193558,0.193558,0.5,0.0,256,64,0,494,liboqs,gateway
ECDSA,keygen,193693,0.193693,0.5,0.0,256,64,0,495,liboqs,gateway
ECDSA,keygen,193489,0.193489,0.5,0.0,256,64,0,496,liboqs,gateway
ECDSA,keygen,193462,0.193462,0.5,0.0,256,64,0,497,liboqs,gateway
ECDSA,keygen,192779,0.192779,0.5,0.0,256,64,0,498,liboqs,gateway
ECDSA,keygen,259200,0.2592,0.5,0.0,256,64,0,499,liboqs,gateway
ECDSA,keygen,207722,0.207722,0.5,0.0,256,64,0,500,liboqs,gateway
ECDSA,keygen,197796,0.197796,0.5,0.0,256,64,0,501,liboqs,gateway
ECDSA,keygen,193878,0.193878,0.5,0.0,256,64,0,502,liboqs,gateway
ECDSA,keygen,195415,0.195415,0.5,0.0,256,64,0,503,liboqs,gateway
ECDSA,keygen,199540,0.19954,0.5,0.0,256,64,0,504,liboqs,gateway
ECDSA,keygen,193830,0.19383,0.5,0.0,256,64,0,505,liboqs,gateway
ECDSA,keygen,193528,0.193528,0.5,0.0,256,64,0,506,liboqs,gateway
ECDSA,keygen,192884,0.192884,0.5,0.0,256,64,0,507,liboqs,gateway
ECDSA,keygen,192900,0.1929,0.5,0.0,256,64,0,508,liboqs,gateway
ECDSA,keygen,203775,0.203775,0.5,0.0,256,64,0,509,liboqs,gateway
ECDSA,keygen,197501,0.197501,0.5,0.0,256,64,0,510,liboqs,gateway
ECDSA,keygen,203856,0.203856,0.5,0.0,256,64,0,511,liboqs,gateway
ECDSA,keygen,204722,0.204722,0.5,0.0,256,64,0,512,liboqs,gateway
ECDSA,keygen,195094,0.195094,0.5,0.0,256,64,0,513,liboqs,gateway
ECDSA,keygen,193538,0.193538,0.5,0.0,256,64,0,514,liboqs,gateway
ECDSA,keygen,193333,0.193333,0.5,0.0,256,64,0,515,liboqs,gateway
ECDSA,keygen,193442,0.193442,0.5,0.0,256,64,0,516,liboqs,gateway
ECDSA,keygen,193612,0.193612,0.5,0.0,256,64,0,517,liboqs,gateway
ECDSA,keygen,206603,0.206603,0.5,0.0,256,64,0,518,liboqs,gateway
ECDSA,keygen,195597,0.195597,0.5,0.0,256,64,0,519,liboqs,gateway
ECDSA,keygen,193275,0.193275,0.5,0.0,256,64,0,520,liboqs,gateway
ECDSA,keygen,196005,0.196005,0.5,0.0,256,64,0,521,liboqs,gateway
ECDSA,keygen,195670,0.19567,0.5,0.0,256,64,0,522,liboqs,gateway
ECDSA,keygen,193690,0.19369,0.5,0.0,256,64,0,523,liboqs,gateway
ECDSA,keygen,193645,0.193645,0.5,0.0,256,64,0,524,liboqs,gateway
ECDSA,keygen,193651,0.193651,0.5,0.0,256,64,0,525,liboqs,gateway
ECDSA,keygen,196309,0.196309,0.5,0.0,256,64,0,526,liboqs,gateway
ECDSA,keygen,193908,0.193908,0.5,0.0,256,64,0,527,liboqs,gateway
ECDSA,keygen,206935,0.206935,0.5,0.0,256,64,0,528,liboqs,gateway
ECDSA,keygen,194804,0.194804,0.5,0.0,256,64,0,529,liboqs,gateway
ECDSA,keygen,194810,0.19481,0.5,0.0,256,64,0,530,liboqs,gateway
ECDSA,keygen,196311,0.196311,0.5,0.0,256,64,0,531,liboqs,gateway
ECDSA,keygen,204919,0.204919,0.5,0.0,256,64,0,532,liboqs,gateway
ECDSA,keygen,196557,0.196557,0.5,0.0,256,64,0,533,liboqs,gateway
ECDSA,keygen,193788,0.193788,0.5,0.0,256,64,0,534,liboqs,gateway
ECDSA,keygen,193609,0.193609,0.5,0.0,256,64,0,535,liboqs,gateway
ECDSA,keygen,193601,0.193601,0.5,0.0,256,64,0,536,liboqs,gateway
ECDSA,keygen,192361,0.192361,0.5,0.0,256,64,0,537,liboqs,gateway
ECDSA,keygen,209478,0.209478,0.5,0.0,256,64,0,538,liboqs,gateway
ECDSA,keygen,197855,0.197855,0.5,0.0,256,64,0,539,liboqs,gateway
ECDSA,keygen,193877,0.193877,0.5,0.0,256,64,0,540,liboqs,gateway
ECDSA,keygen,194302,0.194302,0.5,0.0,256,64,0,541,liboqs,gateway
ECDSA,keygen,193946,0.193946,0.5,0.0,256,64,0,542,liboqs,gateway
ECDSA,keygen,193576,0.193576,0.5,0.0,256,64,0,543,liboqs,gateway
ECDSA,keygen,193289,0.193289,0.5,0.0,256,64,0,544,liboqs,gateway
ECDSA,keygen,193757,0.193757,0.5,0.0,256,64,0,545,liboqs,gateway
ECDSA,keygen,196570,0.19657,0.5,0.0,256,64,0,546,liboqs,gateway
ECDSA,keygen,194569,0.194569,0.5,0.0,256,64,0,547,liboqs,gateway
ECDSA,keygen,205717,0.205717,0.5,0.0,256,64,0,548,liboqs,gateway
ECDSA,keygen,196731,0.196731,0.5,0.0,256,64,0,549,liboqs,gateway
ECDSA,keygen,194556,0.194556,0.5,0.0,256,64,0,550,liboqs,gateway
ECDSA,keygen,194309,0.194309,0.5,0.0,256,64,0,551,liboqs,gateway
ECDSA,keygen,201620,0.20162,0.5,0.0,256,64,0,552,liboqs,gateway
ECDSA,keygen,195659,0.195659,0.5,0.0,256,64,0,553,liboqs,gateway
ECDSA,keygen,195253,0.195253,0.5,0.0,256,64,0,554,liboqs,gateway
ECDSA,keygen,196886,0.196886,0.5,0.0,256,64,0,555,liboqs,gateway
ECDSA,keygen,193887,0.193887,0.5,0.0,256,64,0,556,liboqs,gateway
ECDSA,keygen,194454,0.194454,0.5,0.0,256,64,0,557,liboqs,gateway
ECDSA,keygen,205516,0.205516,0.5,0.0,256,64,0,558,liboqs,gateway
ECDSA,keygen,195849,0.195849,0.5,0.0,256,64,0,559,liboqs,gateway
ECDSA,keygen,193459,0.193459,0.5,0.0,256,64,0,560,liboqs,gateway
ECDSA,keygen,196441,0.196441,0.5,0.0,256,64,0,561,liboqs,gateway
ECDSA,keygen,196457,0.196457,0.5,0.0,256,64,0,562,liboqs,gateway
ECDSA,keygen,195076,0.195076,0.5,0.0,256,64,0,563,liboqs,gateway
ECDSA,keygen,194392,0.194392,0.5,0.0,256,64,0,564,liboqs,gateway
ECDSA,keygen,210628,0.210628,0.5,0.0,256,64,0,565,liboqs,gateway
ECDSA,keygen,199285,0.199285,0.5,0.0,256,64,0,566,liboqs,gateway
ECDSA,keygen,205767,0.205767,0.5,0.0,256,64,0,567,liboqs,gateway
ECDSA,keygen,195381,0.195381,0.5,0.0,256,64,0,568,liboqs,gateway
ECDSA,keygen,192840,0.19284,0.5,0.0,256,64,0,569,liboqs,gateway
ECDSA,keygen,193345,0.193345,0.5,0.0,256,64,0,570,liboqs,gateway
ECDSA,keygen,194336,0.194336,0.5,0.0,256,64,0,571,liboqs,gateway
ECDSA,keygen,200735,0.200735,0.5,0.0,256,64,0,572,liboqs,gateway
ECDSA,keygen,198724,0.198724,0.5,0.0,256,64,0,573,liboqs,gateway
ECDSA,keygen,194858,0.194858,0.5,0.0,256,64,0,574,liboqs,gateway
ECDSA,keygen,194642,0.194642,0.5,0.0,256,64,0,575,liboqs,gateway
ECDSA,keygen,193346,0.193346,0.5,0.0,256,64,0,576,liboqs,gateway
ECDSA,keygen,205371,0.205371,0.5,0.0,256,64,0,577,liboqs,gateway
ECDSA,keygen,194861,0.194861,0.5,0.0,256,64,0,578,liboqs,gateway
ECDSA,keygen,194176,0.194176,0.5,0.0,256,64,0,579,liboqs,gateway
ECDSA,keygen,201853,0.201853,0.5,0.0,256,64,0,580,liboqs,gateway
ECDSA,keygen,193335,0.193335,0.5,0.0,256,64,0,581,liboqs,gateway
ECDSA,keygen,193858,0.193858,0.5,0.0,256,64,0,582,liboqs,gateway
ECDSA,keygen,194262,0.194262,0.5,0.0,256,64,0,583,liboqs,gateway
ECDSA,keygen,194228,0.194228,0.5,0.0,256,64,0,584,liboqs,gateway
ECDSA,keygen,193131,0.193131,0.5,0.0,256,64,0,585,liboqs,gateway
ECDSA,keygen,193975,0.193975,0.5,0.0,256,64,0,586,liboqs,gateway
ECDSA,keygen,206022,0.206022,0.5,0.0,256,64,0,587,liboqs,gateway
ECDSA,keygen,196720,0.19672,0.5,0.0,256,64,0,588,liboqs,gateway
ECDSA,keygen,205010,0.20501,0.5,0.0,256,64,0,589,liboqs,gateway
ECDSA,keygen,193894,0.193894,0.5,0.0,256,64,0,590,liboqs,gateway
ECDSA,keygen,194137,0.194137,0.5,0.0,256,64,0,591,liboqs,gateway
ECDSA,keygen,207049,0.207049,0.5,0.0,256,64,0,592,liboqs,gateway
ECDSA,keygen,202590,0.20259,0.5,0.0,256,64,0,593,liboqs,gateway
ECDSA,keygen,194159,0.194159,0.5,0.0,256,64,0,594,liboqs,gateway
ECDSA,keygen,194303,0.194303,0.5,0.0,256,64,0,595,liboqs,gateway
ECDSA,keygen,204321,0.204321,0.5,0.0,256,64,0,596,liboqs,gateway
ECDSA,keygen,198194,0.198194,0.5,0.0,256,64,0,597,liboqs,gateway
ECDSA,keygen,194573,0.194573,0.5,0.0,256,64,0,598,liboqs,gateway
ECDSA,keygen,194406,0.194406,0.5,0.0,256,64,0,599,liboqs,gateway
ECDSA,keygen,193550,0.19355,0.5,0.0,256,64,0,600,liboqs,gateway
ECDSA,keygen,193862,0.193862,0.5,0.0,256,64,0,601,liboqs,gateway
ECDSA,keygen,193695,0.193695,0.5,0.0,256,64,0,602,liboqs,gateway
ECDSA,keygen,192966,0.192966,0.5,0.0,256,64,0,603,liboqs,gateway
ECDSA,keygen,193803,0.193803,0.5,0.0,256,64,0,604,liboqs,gateway
ECDSA,keygen,204789,0.204789,0.5,0.0,256,64,0,605,liboqs,gateway
ECDSA,keygen,196537,0.196537,0.5,0.0,256,64,0,606,liboqs,gateway
ECDSA,keygen,194155,0.194155,0.5,0.0,256,64,0,607,liboqs,gateway
ECDSA,keygen,194186,0.194186,0.5,0.0,256,64,0,608,liboqs,gateway
ECDSA,keygen,193460,0.19346,0.5,0.0,256,64,0,609,liboqs,gateway
ECDSA,keygen,192717,0.192717,0.5,0.0,256,64,0,610,liboqs,gateway
ECDSA,keygen,195456,0.195456,0.5,0.0,256,64,0,611,liboqs,gateway
ECDSA,keygen,259801,0.259801,0.5,0.0,256,64,0,612,liboqs,gateway
ECDSA,keygen,220766,0.220766,0.5,0.0,256,64,0,613,liboqs,gateway
ECDSA,keygen,197715,0.197715,0.5,0.0,256,64,0,614,liboqs,gateway
ECDSA,keygen,208373,0.208373,0.5,0.0,256,64,0,615,liboqs,gateway
ECDSA,keygen,198458,0.198458,0.5,0.0,256,64,0,616,liboqs,gateway
ECDSA,keygen,196574,0.196574,0.5,0.0,256,64,0,617,liboqs,gateway
ECDSA,keygen,196210,0.19621,0.5,0.0,256,64,0,618,liboqs,gateway
ECDSA,keygen,196451,0.196451,0.5,0.0,256,64,0,619,liboqs,gateway
ECDSA,keygen,210420,0.21042,0.5,0.0,256,64,0,620,liboqs,gateway
ECDSA,keygen,198347,0.198347,0.5,0.0,256,64,0,621,liboqs,gateway
ECDSA,keygen,211847,0.211847,0.5,0.0,256,64,0,622,liboqs,gateway
ECDSA,keygen,202775,0.202775,0.5,0.0,256,64,0,623,liboqs,gateway
ECDSA,keygen,195387,0.195387,0.5,0.0,256,64,0,624,liboqs,gateway
ECDSA,keygen,199468,0.199468,0.5,0.0,256,64,0,625,liboqs,gateway
ECDSA,keygen,195087,0.195087,0.5,0.0,256,64,0,626,liboqs,gateway
ECDSA,keygen,195677,0.195677,0.5,0.0,256,64,0,627,liboqs,gateway
ECDSA,keygen,195514,0.195514,0.5,0.0,256,64,0,628,liboqs,gateway
ECDSA,keygen,196957,0.196957,0.5,0.0,256,64,0,629,liboqs,gateway
ECDSA,keygen,210642,0.210642,0.5,0.0,256,64,0,630,liboqs,gateway
ECDSA,keygen,197977,0.197977,0.5,0.0,256,64,0,631,liboqs,gateway
ECDSA,keygen,207094,0.207094,0.5,0.0,256,64,0,632,liboqs,gateway
ECDSA,keygen,198394,0.198394,0.5,0.0,256,64,0,633,liboqs,gateway
ECDSA,keygen,198296,0.198296,0.5,0.0,256,64,0,634,liboqs,gateway
ECDSA,keygen,198305,0.198305,0.5,0.0,256,64,0,635,liboqs,gateway
ECDSA,keygen,197426,0.197426,0.5,0.0,256,64,0,636,liboqs,gateway
ECDSA,keygen,197246,0.197246,0.5,0.0,256,64,0,637,liboqs,gateway
ECDSA,keygen,210298,0.210298,0.5,0.0,256,64,0,638,liboqs,gateway
ECDSA,keygen,198777,0.198777,0.5,0.0,256,64,0,639,liboqs,gateway
ECDSA,keygen,195519,0.195519,0.5,0.0,256,64,0,640,liboqs,gateway
ECDSA,keygen,194797,0.194797,0.5,0.0,256,64,0,641,liboqs,gateway
ECDSA,keygen,195528,0.195528,0.5,0.0,256,64,0,642,liboqs,gateway
ECDSA,keygen,196460,0.19646,0.5,0.0,256,64,0,643,liboqs,gateway
ECDSA,keygen,195404,0.195404,0.5,0.0,256,64,0,644,liboqs,gateway
ECDSA,keygen,195043,0.195043,0.5,0.0,256,64,0,645,liboqs,gateway
ECDSA,keygen,195223,0.195223,0.5,0.0,256,64,0,646,liboqs,gateway
ECDSA,keygen,195136,0.195136,0.5,0.0,256,64,0,647,liboqs,gateway
ECDSA,keygen,202440,0.20244,0.5,0.0,256,64,0,648,liboqs,gateway
ECDSA,keygen,200180,0.20018,0.5,0.0,256,64,0,649,liboqs,gateway
ECDSA,keygen,196002,0.196002,0.5,0.0,256,64,0,650,liboqs,gateway
ECDSA,keygen,266648,0.266648,0.5,0.0,256,64,0,651,liboqs,gateway
ECDSA,keygen,205896,0.205896,0.5,0.0,256,64,0,652,liboqs,gateway
ECDSA,keygen,208121,0.208121,0.5,0.0,256,64,0,653,liboqs,gateway
ECDSA,keygen,196918,0.196918,0.5,0.0,256,64,0,654,liboqs,gateway
ECDSA,keygen,195580,0.19558,0.5,0.0,256,64,0,655,liboqs,gateway
ECDSA,keygen,194459,0.194459,0.5,0.0,256,64,0,656,liboqs,gateway
ECDSA,keygen,206398,0.206398,0.5,0.0,256,64,0,657,liboqs,gateway
ECDSA,keygen,198358,0.198358,0.5,0.0,256,64,0,658,liboqs,gateway
ECDSA,keygen,195461,0.195461,0.5,0.0,256,64,0,659,liboqs,gateway
ECDSA,keygen,194187,0.194187,0.5,0.0,256,64,0,660,liboqs,gateway
ECDSA,keygen,197563,0.197563,0.5,0.0,256,64,0,661,liboqs,gateway
ECDSA,keygen,203864,0.203864,0.5,0.0,256,64,0,662,liboqs,gateway
ECDSA,keygen,198531,0.198531,0.5,0.0,256,64,0,663,liboqs,gateway
ECDSA,keygen,198000,0.198,0.5,0.0,256,64,0,664,liboqs,gateway
ECDSA,keygen,194837,0.194837,0.5,0.0,256,64,0,665,liboqs,gateway
ECDSA,keygen,196753,0.196753,0.5,0.0,256,64,0,666,liboqs,gateway
ECDSA,keygen,209121,0.209121,0.5,0.0,256,64,0,667,liboqs,gateway
ECDSA,keygen,197111,0.197111,0.5,0.0,256,64,0,668,liboqs,gateway
ECDSA,keygen,194740,0.19474,0.5,0.0,256,64,0,669,liboqs,gateway
ECDSA,keygen,194141,0.194141,0.5,0.0,256,64,0,670,liboqs,gateway
ECDSA,keygen,193963,0.193963,0.5,0.0,256,64,0,671,liboqs,gateway
ECDSA,keygen,202648,0.202648,0.5,0.0,256,64,0,672,liboqs,gateway
ECDSA,keygen,201918,0.201918,0.5,0.0,256,64,0,673,liboqs,gateway
ECDSA,keygen,196713,0.196713,0.5,0.0,256,64,0,674,liboqs,gateway
ECDSA,keygen,204189,0.204189,0.5,0.0,256,64,0,675,liboqs,gateway
ECDSA,keygen,197601,0.197601,0.5,0.0,256,64,0,676,liboqs,gateway
ECDSA,keygen,196421,0.196421,0.5,0.0,256,64,0,677,liboqs,gateway
ECDSA,keygen,194163,0.194163,0.5,0.0,256,64,0,678,liboqs,gateway
ECDSA,keygen,196252,0.196252,0.5,0.0,256,64,0,679,liboqs,gateway
ECDSA,keygen,194633,0.194633,0.5,0.0,256,64,0,680,liboqs,gateway
ECDSA,keygen,195715,0.195715,0.5,0.0,256,64,0,681,liboqs,gateway
ECDSA,keygen,193717,0.193717,0.5,0.0,256,64,0,682,liboqs,gateway
ECDSA,keygen,195018,0.195018,0.5,0.0,256,64,0,683,liboqs,gateway
ECDSA,keygen,204976,0.204976,0.5,0.0,256,64,0,684,liboqs,gateway
ECDSA,keygen,197056,0.197056,0.5,0.0,256,64,0,685,liboqs,gateway
ECDSA,keygen,194276,0.194276,0.5,0.0,256,64,0,686,liboqs,gateway
ECDSA,keygen,195457,0.195457,0.5,0.0,256,64,0,687,liboqs,gateway
ECDSA,keygen,194255,0.194255,0.5,0.0,256,64,0,688,liboqs,gateway
ECDSA,keygen,194069,0.194069,0.5,0.0,256,64,0,689,liboqs,gateway
ECDSA,keygen,291148,0.291148,0.5,0.0,256,64,0,690,liboqs,gateway
ECDSA,keygen,211253,0.211253,0.5,0.0,256,64,0,691,liboqs,gateway
ECDSA,keygen,215299,0.215299,0.5,0.0,256,64,0,692,liboqs,gateway
ECDSA,keygen,198775,0.198775,0.5,0.0,256,64,0,693,liboqs,gateway
ECDSA,keygen,199602,0.199602,0.5,0.0,256,64,0,694,liboqs,gateway
ECDSA,keygen,195769,0.195769,0.5,0.0,256,64,0,695,liboqs,gateway
ECDSA,keygen,197170,0.19717,0.5,0.0,256,64,0,696,liboqs,gateway
ECDSA,keygen,195904,0.195904,0.5,0.0,256,64,0,697,liboqs,gateway
ECDSA,keygen,194600,0.1946,0.5,0.0,256,64,0,698,liboqs,gateway
ECDSA,keygen,195885,0.195885,0.5,0.0,256,64,0,699,liboqs,gateway
ECDSA,keygen,194274,0.194274,0.5,0.0,256,64,0,700,liboqs,gateway
ECDSA,keygen,194645,0.194645,0.5,0.0,256,64,0,701,liboqs,gateway
ECDSA,keygen,206313,0.206313,0.5,0.0,256,64,0,702,liboqs,gateway
ECDSA,keygen,197520,0.19752,0.5,0.0,256,64,0,703,liboqs,gateway
ECDSA,keygen,195245,0.195245,0.5,0.0,256,64,0,704,liboqs,gateway
ECDSA,keygen,194569,0.194569,0.5,0.0,256,64,0,705,liboqs,gateway
ECDSA,keygen,194940,0.19494,0.5,0.0,256,64,0,706,liboqs,gateway
ECDSA,keygen,194054,0.194054,0.5,0.0,256,64,0,707,liboqs,gateway
ECDSA,keygen,194531,0.194531,0.5,0.0,256,64,0,708,liboqs,gateway
ECDSA,keygen,194966,0.194966,0.5,0.0,256,64,0,709,liboqs,gateway
ECDSA,keygen,194964,0.194964,0.5,0.0,256,64,0,710,liboqs,gateway
ECDSA,keygen,297958,0.297958,0.5,0.0,256,64,0,711,liboqs,gateway
ECDSA,keygen,217463,0.217463,0.5,0.0,256,64,0,712,liboqs,gateway
ECDSA,keygen,202063,0.202063,0.5,0.0,256,64,0,713,liboqs,gateway
ECDSA,keygen,296148,0.296148,0.5,0.0,256,64,0,714,liboqs,gateway
ECDSA,keygen,215243,0.215243,0.5,0.0,256,64,0,715,liboqs,gateway
ECDSA,keygen,204773,0.204773,0.5,0.0,256,64,0,716,liboqs,gateway
ECDSA,keygen,196764,0.196764,0.5,0.0,256,64,0,717,liboqs,gateway
ECDSA,keygen,195701,0.195701,0.5,0.0,256,64,0,718,liboqs,gateway
ECDSA,keygen,195279,0.195279,0.5,0.0,256,64,0,719,liboqs,gateway
ECDSA,keygen,194524,0.194524,0.5,0.0,256,64,0,720,liboqs,gateway
ECDSA,keygen,194620,0.19462,0.5,0.0,256,64,0,721,liboqs,gateway
ECDSA,keygen,194412,0.194412,0.5,0.0,256,64,0,722,liboqs,gateway
ECDSA,keygen,211051,0.211051,0.5,0.0,256,64,0,723,liboqs,gateway
ECDSA,keygen,196776,0.196776,0.5,0.0,256,64,0,724,liboqs,gateway
ECDSA,keygen,226968,0.226968,0.5,0.0,256,64,0,725,liboqs,gateway
ECDSA,keygen,229128,0.229128,0.5,0.0,256,64,0,726,liboqs,gateway
ECDSA,keygen,203238,0.203238,0.5,0.0,256,64,0,727,liboqs,gateway
ECDSA,keygen,196510,0.19651,0.5,0.0,256,64,0,728,liboqs,gateway
ECDSA,keygen,239899,0.239899,0.5,0.0,256,64,0,729,liboqs,gateway
ECDSA,keygen,206120,0.20612,0.5,0.0,256,64,0,730,liboqs,gateway
ECDSA,keygen,201639,0.201639,0.5,0.0,256,64,0,731,liboqs,gateway
ECDSA,keygen,194297,0.194297,0.5,0.0,256,64,0,732,liboqs,gateway
ECDSA,keygen,194401,0.194401,0.5,0.0,256,64,0,733,liboqs,gateway
ECDSA,keygen,193116,0.193116,0.5,0.0,256,64,0,734,liboqs,gateway
ECDSA,keygen,194615,0.194615,0.5,0.0,256,64,0,735,liboqs,gateway
ECDSA,keygen,193786,0.193786,0.5,0.0,256,64,0,736,liboqs,gateway
ECDSA,keygen,193621,0.193621,0.5,0.0,256,64,0,737,liboqs,gateway
ECDSA,keygen,209234,0.209234,0.5,0.0,256,64,0,738,liboqs,gateway
ECDSA,keygen,195959,0.195959,0.5,0.0,256,64,0,739,liboqs,gateway
ECDSA,keygen,193339,0.193339,0.5,0.0,256,64,0,740,liboqs,gateway
ECDSA,keygen,194232,0.194232,0.5,0.0,256,64,0,741,liboqs,gateway
ECDSA,keygen,194452,0.194452,0.5,0.0,256,64,0,742,liboqs,gateway
ECDSA,keygen,193635,0.193635,0.5,0.0,256,64,0,743,liboqs,gateway
ECDSA,keygen,193522,0.193522,0.5,0.0,256,64,0,744,liboqs,gateway
ECDSA,keygen,208439,0.208439,0.5,0.0,256,64,0,745,liboqs,gateway
ECDSA,keygen,195632,0.195632,0.5,0.0,256,64,0,746,liboqs,gateway
ECDSA,keygen,193793,0.193793,0.5,0.0,256,64,0,747,liboqs,gateway
ECDSA,keygen,206677,0.206677,0.5,0.0,256,64,0,748,liboqs,gateway
ECDSA,keygen,203193,0.203193,0.5,0.0,256,64,0,749,liboqs,gateway
ECDSA,keygen,196745,0.196745,0.5,0.0,256,64,0,750,liboqs,gateway
ECDSA,keygen,193372,0.193372,0.5,0.0,256,64,0,751,liboqs,gateway
ECDSA,keygen,194006,0.194006,0.5,0.0,256,64,0,752,liboqs,gateway
ECDSA,keygen,193166,0.193166,0.5,0.0,256,64,0,753,liboqs,gateway
ECDSA,keygen,192988,0.192988,0.5,0.0,256,64,0,754,liboqs,gateway
ECDSA,keygen,193207,0.193207,0.5,0.0,256,64,0,755,liboqs,gateway
ECDSA,keygen,194600,0.1946,0.5,0.0,256,64,0,756,liboqs,gateway
ECDSA,keygen,207203,0.207203,0.5,0.0,256,64,0,757,liboqs,gateway
ECDSA,keygen,200917,0.200917,0.5,0.0,256,64,0,758,liboqs,gateway
ECDSA,keygen,196508,0.196508,0.5,0.0,256,64,0,759,liboqs,gateway
ECDSA,keygen,195767,0.195767,0.5,0.0,256,64,0,760,liboqs,gateway
ECDSA,keygen,196779,0.196779,0.5,0.0,256,64,0,761,liboqs,gateway
ECDSA,keygen,193282,0.193282,0.5,0.0,256,64,0,762,liboqs,gateway
ECDSA,keygen,192928,0.192928,0.5,0.0,256,64,0,763,liboqs,gateway
ECDSA,keygen,203784,0.203784,0.5,0.0,256,64,0,764,liboqs,gateway
ECDSA,keygen,195497,0.195497,0.5,0.0,256,64,0,765,liboqs,gateway
ECDSA,keygen,193544,0.193544,0.5,0.0,256,64,0,766,liboqs,gateway
ECDSA,keygen,207182,0.207182,0.5,0.0,256,64,0,767,liboqs,gateway
ECDSA,keygen,195412,0.195412,0.5,0.0,256,64,0,768,liboqs,gateway
ECDSA,keygen,193436,0.193436,0.5,0.0,256,64,0,769,liboqs,gateway
ECDSA,keygen,215261,0.215261,0.5,0.0,256,64,0,770,liboqs,gateway
ECDSA,keygen,195481,0.195481,0.5,0.0,256,64,0,771,liboqs,gateway
ECDSA,keygen,193711,0.193711,0.5,0.0,256,64,0,772,liboqs,gateway
ECDSA,keygen,193323,0.193323,0.5,0.0,256,64,0,773,liboqs,gateway
ECDSA,keygen,261255,0.261255,0.5,0.0,256,64,0,774,liboqs,gateway
ECDSA,keygen,197789,0.197789,0.5,0.0,256,64,0,775,liboqs,gateway
ECDSA,keygen,206404,0.206404,0.5,0.0,256,64,0,776,liboqs,gateway
ECDSA,keygen,196694,0.196694,0.5,0.0,256,64,0,777,liboqs,gateway
ECDSA,keygen,195159,0.195159,0.5,0.0,256,64,0,778,liboqs,gateway
ECDSA,keygen,193823,0.193823,0.5,0.0,256,64,0,779,liboqs,gateway
ECDSA,keygen,198910,0.19891,0.5,0.0,256,64,0,780,liboqs,gateway
ECDSA,keygen,195618,0.195618,0.5,0.0,256,64,0,781,liboqs,gateway
ECDSA,keygen,195763,0.195763,0.5,0.0,256,64,0,782,liboqs,gateway
ECDSA,keygen,195075,0.195075,0.5,0.0,256,64,0,783,liboqs,gateway
ECDSA,keygen,193042,0.193042,0.5,0.0,256,64,0,784,liboqs,gateway
ECDSA,keygen,192705,0.192705,0.5,0.0,256,64,0,785,liboqs,gateway
ECDSA,keygen,206748,0.206748,0.5,0.0,256,64,0,786,liboqs,gateway
ECDSA,keygen,196496,0.196496,0.5,0.0,256,64,0,787,liboqs,gateway
ECDSA,keygen,194621,0.194621,0.5,0.0,256,64,0,788,liboqs,gateway
ECDSA,keygen,201885,0.201885,0.5,0.0,256,64,0,789,liboqs,gateway
ECDSA,keygen,194266,0.194266,0.5,0.0,256,64,0,790,liboqs,gateway
ECDSA,keygen,194986,0.194986,0.5,0.0,256,64,0,791,liboqs,gateway
ECDSA,keygen,194499,0.194499,0.5,0.0,256,64,0,792,liboqs,gateway
ECDSA,keygen,193388,0.193388,0.5,0.0,256,64,0,793,liboqs,gateway
ECDSA,keygen,193953,0.193953,0.5,0.0,256,64,0,794,liboqs,gateway
ECDSA,keygen,205552,0.205552,0.5,0.0,256,64,0,795,liboqs,gateway
ECDSA,keygen,214178,0.214178,0.5,0.0,256,64,0,796,liboqs,gateway
ECDSA,keygen,196704,0.196704,0.5,0.0,256,64,0,797,liboqs,gateway
ECDSA,keygen,193972,0.193972,0.5,0.0,256,64,0,798,liboqs,gateway
ECDSA,keygen,193294,0.193294,0.5,0.0,256,64,0,799,liboqs,gateway
ECDSA,keygen,193778,0.193778,0.5,0.0,256,64,0,800,liboqs,gateway
ECDSA,keygen,196456,0.196456,0.5,0.0,256,64,0,801,liboqs,gateway
ECDSA,keygen,212501,0.212501,0.5,0.0,256,64,0,802,liboqs,gateway
ECDSA,keygen,196754,0.196754,0.5,0.0,256,64,0,803,liboqs,gateway
ECDSA,keygen,203678,0.203678,0.5,0.0,256,64,0,804,liboqs,gateway
ECDSA,keygen,195478,0.195478,0.5,0.0,256,64,0,805,liboqs,gateway
ECDSA,keygen,194025,0.194025,0.5,0.0,256,64,0,806,liboqs,gateway
ECDSA,keygen,315390,0.31539,0.5,0.0,256,64,0,807,liboqs,gateway
ECDSA,keygen,249872,0.249872,0.5,0.0,256,64,0,808,liboqs,gateway
ECDSA,keygen,258655,0.258655,0.5,0.0,256,64,0,809,liboqs,gateway
ECDSA,keygen,341450,0.34145,0.5,0.0,256,64,0,810,liboqs,gateway
ECDSA,keygen,215506,0.215506,0.5,0.0,256,64,0,811,liboqs,gateway
ECDSA,keygen,195854,0.195854,0.5,0.0,256,64,0,812,liboqs,gateway
ECDSA,keygen,194268,0.194268,0.5,0.0,256,64,0,813,liboqs,gateway
ECDSA,keygen,194153,0.194153,0.5,0.0,256,64,0,814,liboqs,gateway
ECDSA,keygen,193529,0.193529,0.5,0.0,256,64,0,815,liboqs,gateway
ECDSA,keygen,193840,0.19384,0.5,0.0,256,64,0,816,liboqs,gateway
ECDSA,keygen,193721,0.193721,0.5,0.0,256,64,0,817,liboqs,gateway
ECDSA,keygen,208574,0.208574,0.5,0.0,256,64,0,818,liboqs,gateway
ECDSA,keygen,227732,0.227732,0.5,0.0,256,64,0,819,liboqs,gateway
ECDSA,keygen,196662,0.196662,0.5,0.0,256,64,0,820,liboqs,gateway
ECDSA,keygen,196410,0.19641,0.5,0.0,256,64,0,821,liboqs,gateway
ECDSA,keygen,193125,0.193125,0.5,0.0,256,64,0,822,liboqs,gateway
ECDSA,keygen,194626,0.194626,0.5,0.0,256,64,0,823,liboqs,gateway
ECDSA,keygen,194064,0.194064,0.5,0.0,256,64,0,824,liboqs,gateway
ECDSA,keygen,191928,0.191928,0.5,0.0,256,64,0,825,liboqs,gateway
ECDSA,keygen,193354,0.193354,0.5,0.0,256,64,0,826,liboqs,gateway
ECDSA,keygen,205005,0.205005,0.5,0.0,256,64,0,827,liboqs,gateway
ECDSA,keygen,209484,0.209484,0.5,0.0,256,64,0,828,liboqs,gateway
ECDSA,keygen,197241,0.197241,0.5,0.0,256,64,0,829,liboqs,gateway
ECDSA,keygen,194808,0.194808,0.5,0.0,256,64,0,830,liboqs,gateway
ECDSA,keygen,193213,0.193213,0.5,0.0,256,64,0,831,liboqs,gateway
ECDSA,keygen,194511,0.194511,0.5,0.0,256,64,0,832,liboqs,gateway
ECDSA,keygen,192964,0.192964,0.5,0.0,256,64,0,833,liboqs,gateway
ECDSA,keygen,204741,0.204741,0.5,0.0,256,64,0,834,liboqs,gateway
ECDSA,keygen,195809,0.195809,0.5,0.0,256,64,0,835,liboqs,gateway
ECDSA,keygen,230304,0.230304,0.5,0.0,256,64,0,836,liboqs,gateway
ECDSA,keygen,215576,0.215576,0.5,0.0,256,64,0,837,liboqs,gateway
ECDSA,keygen,202072,0.202072,0.5,0.0,256,64,0,838,liboqs,gateway
ECDSA,keygen,214522,0.214522,0.5,0.0,256,64,0,839,liboqs,gateway
ECDSA,keygen,197027,0.197027,0.5,0.0,256,64,0,840,liboqs,gateway
ECDSA,keygen,293115,0.293115,0.5,0.0,256,64,0,841,liboqs,gateway
ECDSA,keygen,210275,0.210275,0.5,0.0,256,64,0,842,liboqs,gateway
ECDSA,keygen,196041,0.196041,0.5,0.0,256,64,0,843,liboqs,gateway
ECDSA,keygen,199642,0.199642,0.5,0.0,256,64,0,844,liboqs,gateway
ECDSA,keygen,193257,0.193257,0.5,0.0,256,64,0,845,liboqs,gateway
ECDSA,keygen,208713,0.208713,0.5,0.0,256,64,0,846,liboqs,gateway
ECDSA,keygen,194491,0.194491,0.5,0.0,256,64,0,847,liboqs,gateway
ECDSA,keygen,193391,0.193391,0.5,0.0,256,64,0,848,liboqs,gateway
ECDSA,keygen,210004,0.210004,0.5,0.0,256,64,0,849,liboqs,gateway
ECDSA,keygen,195964,0.195964,0.5,0.0,256,64,0,850,liboqs,gateway
ECDSA,keygen,193788,0.193788,0.5,0.0,256,64,0,851,liboqs,gateway
ECDSA,keygen,192975,0.192975,0.5,0.0,256,64,0,852,liboqs,gateway
ECDSA,keygen,195506,0.195506,0.5,0.0,256,64,0,853,liboqs,gateway
ECDSA,keygen,194453,0.194453,0.5,0.0,256,64,0,854,liboqs,gateway
ECDSA,keygen,255916,0.255916,0.5,0.0,256,64,0,855,liboqs,gateway
ECDSA,keygen,200737,0.200737,0.5,0.0,256,64,0,856,liboqs,gateway
ECDSA,keygen,193037,0.193037,0.5,0.0,256,64,0,857,liboqs,gateway
ECDSA,keygen,193533,0.193533,0.5,0.0,256,64,0,858,liboqs,gateway
ECDSA,keygen,253937,0.253937,0.5,0.0,256,64,0,859,liboqs,gateway
ECDSA,keygen,197360,0.19736,0.5,0.0,256,64,0,860,liboqs,gateway
ECDSA,keygen,198277,0.198277,0.5,0.0,256,64,0,861,liboqs,gateway
ECDSA,keygen,193806,0.193806,0.5,0.0,256,64,0,862,liboqs,gateway
ECDSA,keygen,193909,0.193909,0.5,0.0,256,64,0,863,liboqs,gateway
ECDSA,keygen,195118,0.195118,0.5,0.0,256,64,0,864,liboqs,gateway
ECDSA,keygen,194627,0.194627,0.5,0.0,256,64,0,865,liboqs,gateway
ECDSA,keygen,213518,0.213518,0.5,0.0,256,64,0,866,liboqs,gateway
ECDSA,keygen,196012,0.196012,0.5,0.0,256,64,0,867,liboqs,gateway
ECDSA,keygen,193486,0.193486,0.5,0.0,256,64,0,868,liboqs,gateway
ECDSA,keygen,207318,0.207318,0.5,0.0,256,64,0,869,liboqs,gateway
ECDSA,keygen,197440,0.19744,0.5,0.0,256,64,0,870,liboqs,gateway
ECDSA,keygen,195656,0.195656,0.5,0.0,256,64,0,871,liboqs,gateway
ECDSA,keygen,193899,0.193899,0.5,0.0,256,64,0,872,liboqs,gateway
ECDSA,keygen,193621,0.193621,0.5,0.0,256,64,0,873,liboqs,gateway
ECDSA,keygen,193690,0.19369,0.5,0.0,256,64,0,874,liboqs,gateway
ECDSA,keygen,192990,0.19299,0.5,0.0,256,64,0,875,liboqs,gateway
ECDSA,keygen,193234,0.193234,0.5,0.0,256,64,0,876,liboqs,gateway
ECDSA,keygen,203487,0.203487,0.5,0.0,256,64,0,877,liboqs,gateway
ECDSA,keygen,197098,0.197098,0.5,0.0,256,64,0,878,liboqs,gateway
ECDSA,keygen,194317,0.194317,0.5,0.0,256,64,0,879,liboqs,gateway
ECDSA,keygen,193624,0.193624,0.5,0.0,256,64,0,880,liboqs,gateway
ECDSA,keygen,193553,0.193553,0.5,0.0,256,64,0,881,liboqs,gateway
ECDSA,keygen,193913,0.193913,0.5,0.0,256,64,0,882,liboqs,gateway
ECDSA,keygen,193490,0.19349,0.5,0.0,256,64,0,883,liboqs,gateway
ECDSA,keygen,192971,0.192971,0.5,0.0,256,64,0,884,liboqs,gateway
ECDSA,keygen,195360,0.19536,0.5,0.0,256,64,0,885,liboqs,gateway
ECDSA,keygen,204720,0.20472,0.5,0.0,256,64,0,886,liboqs,gateway
ECDSA,keygen,361908,0.361908,0.5,0.0,256,64,0,887,liboqs,gateway
ECDSA,keygen,201734,0.201734,0.5,0.0,256,64,0,888,liboqs,gateway
ECDSA,keygen,198922,0.198922,0.5,0.0,256,64,0,889,liboqs,gateway
ECDSA,keygen,197762,0.197762,0.5,0.0,256,64,0,890,liboqs,gateway
ECDSA,keygen,232237,0.232237,0.5,0.0,256,64,0,891,liboqs,gateway
ECDSA,keygen,332968,0.332968,0.5,0.0,256,64,0,892,liboqs,gateway
ECDSA,keygen,263612,0.263612,0.5,0.0,256,64,0,893,liboqs,gateway
ECDSA,keygen,257681,0.257681,0.5,0.0,256,64,0,894,liboqs,gateway
ECDSA,keygen,210767,0.210767,0.5,0.0,256,64,0,895,liboqs,gateway
ECDSA,keygen,195971,0.195971,0.5,0.0,256,64,0,896,liboqs,gateway
ECDSA,keygen,193153,0.193153,0.5,0.0,256,64,0,897,liboqs,gateway
ECDSA,keygen,193184,0.193184,0.5,0.0,256,64,0,898,liboqs,gateway
ECDSA,keygen,194210,0.19421,0.5,0.0,256,64,0,899,liboqs,gateway
ECDSA,keygen,192700,0.1927,0.5,0.0,256,64,0,900,liboqs,gateway
ECDSA,keygen,194234,0.194234,0.5,0.0,256,64,0,901,liboqs,gateway
ECDSA,keygen,194002,0.194002,0.5,0.0,256,64,0,902,liboqs,gateway
ECDSA,keygen,193803,0.193803,0.5,0.0,256,64,0,903,liboqs,gateway
ECDSA,keygen,211447,0.211447,0.5,0.0,256,64,0,904,liboqs,gateway
ECDSA,keygen,195641,0.195641,0.5,0.0,256,64,0,905,liboqs,gateway
ECDSA,keygen,195397,0.195397,0.5,0.0,256,64,0,906,liboqs,gateway
ECDSA,keygen,193825,0.193825,0.5,0.0,256,64,0,907,liboqs,gateway
ECDSA,keygen,193064,0.193064,0.5,0.0,256,64,0,908,liboqs,gateway
ECDSA,keygen,193337,0.193337,0.5,0.0,256,64,0,909,liboqs,gateway
ECDSA,keygen,193197,0.193197,0.5,0.0,256,64,0,910,liboqs,gateway
ECDSA,keygen,192402,0.192402,0.5,0.0,256,64,0,911,liboqs,gateway
ECDSA,keygen,193810,0.19381,0.5,0.0,256,64,0,912,liboqs,gateway
ECDSA,keygen,193466,0.193466,0.5,0.0,256,64,0,913,liboqs,gateway
ECDSA,keygen,205993,0.205993,0.5,0.0,256,64,0,914,liboqs,gateway
ECDSA,keygen,344148,0.344148,0.5,0.0,256,64,0,915,liboqs,gateway
ECDSA,keygen,217240,0.21724,0.5,0.0,256,64,0,916,liboqs,gateway
ECDSA,keygen,204376,0.204376,0.5,0.0,256,64,0,917,liboqs,gateway
ECDSA,keygen,195036,0.195036,0.5,0.0,256,64,0,918,liboqs,gateway
ECDSA,keygen,211338,0.211338,0.5,0.0,256,64,0,919,liboqs,gateway
ECDSA,keygen,198530,0.19853,0.5,0.0,256,64,0,920,liboqs,gateway
ECDSA,keygen,195230,0.19523,0.5,0.0,256,64,0,921,liboqs,gateway
ECDSA,keygen,193944,0.193944,0.5,0.0,256,64,0,922,liboqs,gateway
ECDSA,keygen,214148,0.214148,0.5,0.0,256,64,0,923,liboqs,gateway
ECDSA,keygen,241028,0.241028,0.5,0.0,256,64,0,924,liboqs,gateway
ECDSA,keygen,216901,0.216901,0.5,0.0,256,64,0,925,liboqs,gateway
ECDSA,keygen,197151,0.197151,0.5,0.0,256,64,0,926,liboqs,gateway
ECDSA,keygen,194211,0.194211,0.5,0.0,256,64,0,927,liboqs,gateway
ECDSA,keygen,193622,0.193622,0.5,0.0,256,64,0,928,liboqs,gateway
ECDSA,keygen,204112,0.204112,0.5,0.0,256,64,0,929,liboqs,gateway
ECDSA,keygen,193579,0.193579,0.5,0.0,256,64,0,930,liboqs,gateway
ECDSA,keygen,194026,0.194026,0.5,0.0,256,64,0,931,liboqs,gateway
ECDSA,keygen,247328,0.247328,0.5,0.0,256,64,0,932,liboqs,gateway
ECDSA,keygen,206198,0.206198,0.5,0.0,256,64,0,933,liboqs,gateway
ECDSA,keygen,196060,0.19606,0.5,0.0,256,64,0,934,liboqs,gateway
ECDSA,keygen,193963,0.193963,0.5,0.0,256,64,0,935,liboqs,gateway
ECDSA,keygen,194359,0.194359,0.5,0.0,256,64,0,936,liboqs,gateway
ECDSA,keygen,193253,0.193253,0.5,0.0,256,64,0,937,liboqs,gateway
ECDSA,keygen,195276,0.195276,0.5,0.0,256,64,0,938,liboqs,gateway
ECDSA,keygen,213495,0.213495,0.5,0.0,256,64,0,939,liboqs,gateway
ECDSA,keygen,212079,0.212079,0.5,0.0,256,64,0,940,liboqs,gateway
ECDSA,keygen,195747,0.195747,0.5,0.0,256,64,0,941,liboqs,gateway
ECDSA,keygen,221758,0.221758,0.5,0.0,256,64,0,942,liboqs,gateway
ECDSA,keygen,197525,0.197525,0.5,0.0,256,64,0,943,liboqs,gateway
ECDSA,keygen,194047,0.194047,0.5,0.0,256,64,0,944,liboqs,gateway
ECDSA,keygen,193958,0.193958,0.5,0.0,256,64,0,945,liboqs,gateway
ECDSA,keygen,192473,0.192473,0.5,0.0,256,64,0,946,liboqs,gateway
ECDSA,keygen,195022,0.195022,0.53,0.0,256,64,0,947,liboqs,gateway
ECDSA,keygen,193587,0.193587,0.5,0.0,256,64,0,948,liboqs,gateway
ECDSA,keygen,194907,0.194907,0.5,0.0,256,64,0,949,liboqs,gateway
ECDSA,keygen,206191,0.206191,0.5,0.0,256,64,0,950,liboqs,gateway
ECDSA,keygen,199282,0.199282,0.5,0.0,256,64,0,951,liboqs,gateway
ECDSA,keygen,193957,0.193957,0.5,0.0,256,64,0,952,liboqs,gateway
ECDSA,keygen,194021,0.194021,0.5,0.0,256,64,0,953,liboqs,gateway
ECDSA,keygen,194240,0.19424,0.5,0.0,256,64,0,954,liboqs,gateway
ECDSA,keygen,192918,0.192918,0.5,0.0,256,64,0,955,liboqs,gateway
ECDSA,keygen,193160,0.19316,0.5,0.0,256,64,0,956,liboqs,gateway
ECDSA,keygen,192945,0.192945,0.5,0.0,256,64,0,957,liboqs,gateway
ECDSA,keygen,194176,0.194176,0.5,0.0,256,64,0,958,liboqs,gateway
ECDSA,keygen,205620,0.20562,0.5,0.0,256,64,0,959,liboqs,gateway
ECDSA,keygen,196237,0.196237,0.5,0.0,256,64,0,960,liboqs,gateway
ECDSA,keygen,206507,0.206507,0.5,0.0,256,64,0,961,liboqs,gateway
ECDSA,keygen,201108,0.201108,0.5,0.0,256,64,0,962,liboqs,gateway
ECDSA,keygen,194224,0.194224,0.5,0.0,256,64,0,963,liboqs,gateway
ECDSA,keygen,194260,0.19426,0.5,0.0,256,64,0,964,liboqs,gateway
ECDSA,keygen,192766,0.192766,0.5,0.0,256,64,0,965,liboqs,gateway
ECDSA,keygen,331598,0.331598,0.5,0.0,256,64,0,966,liboqs,gateway
ECDSA,keygen,196722,0.196722,0.5,0.0,256,64,0,967,liboqs,gateway
ECDSA,keygen,208065,0.208065,0.5,0.0,256,64,0,968,liboqs,gateway
ECDSA,keygen,196137,0.196137,0.5,0.0,256,64,0,969,liboqs,gateway
ECDSA,keygen,194243,0.194243,0.5,0.0,256,64,0,970,liboqs,gateway
ECDSA,keygen,197775,0.197775,0.5,0.0,256,64,0,971,liboqs,gateway
ECDSA,keygen,193402,0.193402,0.5,0.0,256,64,0,972,liboqs,gateway
ECDSA,keygen,196730,0.19673,0.5,0.0,256,64,0,973,liboqs,gateway
ECDSA,keygen,193416,0.193416,0.5,0.0,256,64,0,974,liboqs,gateway
ECDSA,keygen,193131,0.193131,0.5,0.0,256,64,0,975,liboqs,gateway
ECDSA,keygen,193706,0.193706,0.5,0.0,256,64,0,976,liboqs,gateway
ECDSA,keygen,206022,0.206022,0.5,0.0,256,64,0,977,liboqs,gateway
ECDSA,keygen,195230,0.19523,0.5,0.0,256,64,0,978,liboqs,gateway
ECDSA,keygen,193266,0.193266,0.5,0.0,256,64,0,979,liboqs,gateway
ECDSA,keygen,194295,0.194295,0.5,0.0,256,64,0,980,liboqs,gateway
ECDSA,keygen,194065,0.194065,0.5,0.0,256,64,0,981,liboqs,gateway
ECDSA,keygen,200442,0.200442,0.5,0.0,256,64,0,982,liboqs,gateway
ECDSA,keygen,193362,0.193362,0.5,0.0,256,64,0,983,liboqs,gateway
ECDSA,keygen,193864,0.193864,0.5,0.0,256,64,0,984,liboqs,gateway
ECDSA,keygen,193167,0.193167,0.5,0.0,256,64,0,985,liboqs,gateway
ECDSA,keygen,192656,0.192656,0.5,0.0,256,64,0,986,liboqs,gateway
ECDSA,keygen,216388,0.216388,0.5,0.0,256,64,0,987,liboqs,gateway
ECDSA,keygen,195347,0.195347,0.5,0.0,256,64,0,988,liboqs,gateway
ECDSA,keygen,243807,0.243807,0.5,0.0,256,64,0,989,liboqs,gateway
ECDSA,keygen,197885,0.197885,0.5,0.0,256,64,0,990,liboqs,gateway
ECDSA,keygen,289514,0.289514,0.5,0.0,256,64,0,991,liboqs,gateway
ECDSA,keygen,207887,0.207887,0.5,0.0,256,64,0,992,liboqs,gateway
ECDSA,keygen,201251,0.201251,0.5,0.0,256,64,0,993,liboqs,gateway
ECDSA,keygen,197135,0.197135,0.5,0.0,256,64,0,994,liboqs,gateway
ECDSA,keygen,195171,0.195171,0.5,0.0,256,64,0,995,liboqs,gateway
ECDSA,keygen,196558,0.196558,0.5,0.0,256,64,0,996,liboqs,gateway
ECDSA,keygen,195531,0.195531,0.5,0.0,256,64,0,997,liboqs,gateway
ECDSA,keygen,195475,0.195475,0.5,0.0,256,64,0,998,liboqs,gateway
ECDSA,keygen,210851,0.210851,0.5,0.0,256,64,0,999,liboqs,gateway
ECDSA,sign,662242,0.662242,0.71,0.0,256,64,64,0,liboqs,gateway
ECDSA,sign,628508,0.628508,0.71,0.0,256,64,64,1,liboqs,gateway
ECDSA,sign,600487,0.600487,0.71,0.0,256,64,64,2,liboqs,gateway
ECDSA,sign,588048,0.588048,1.2,0.0,256,64,64,3,liboqs,gateway
ECDSA,sign,591339,0.591339,0.71,0.0,256,64,64,4,liboqs,gateway
ECDSA,sign,576991,0.576991,0.72,0.0,256,64,64,5,liboqs,gateway
ECDSA,sign,594521,0.594521,0.71,0.0,256,64,64,6,liboqs,gateway
ECDSA,sign,586300,0.5863,0.72,0.0,256,64,64,7,liboqs,gateway
ECDSA,sign,577260,0.57726,0.71,0.0,256,64,64,8,liboqs,gateway
ECDSA,sign,670880,0.67088,0.71,0.0,256,64,64,9,liboqs,gateway
ECDSA,sign,789510,0.78951,0.72,0.0,256,64,64,10,liboqs,gateway
ECDSA,sign,620406,0.620406,0.71,0.0,256,64,64,11,liboqs,gateway
ECDSA,sign,587842,0.587842,0.72,0.0,256,64,64,12,liboqs,gateway
ECDSA,sign,621281,0.621281,0.72,0.0,256,64,64,13,liboqs,gateway
ECDSA,sign,583547,0.583547,0.72,0.0,256,64,64,14,liboqs,gateway
ECDSA,sign,577177,0.577177,0.72,0.0,256,64,64,15,liboqs,gateway
ECDSA,sign,590667,0.590667,0.71,0.0,256,64,64,16,liboqs,gateway
ECDSA,sign,584073,0.584073,0.72,0.0,256,64,64,17,liboqs,gateway
ECDSA,sign,576883,0.576883,0.72,0.0,256,64,64,18,liboqs,gateway
ECDSA,sign,583642,0.583642,0.71,0.0,256,64,64,19,liboqs,gateway
ECDSA,sign,584233,0.584233,0.71,0.0,256,64,64,20,liboqs,gateway
ECDSA,sign,576686,0.576686,0.72,0.0,256,64,64,21,liboqs,gateway
ECDSA,sign,584115,0.584115,0.71,0.0,256,64,64,22,liboqs,gateway
ECDSA,sign,586002,0.586002,0.71,0.0,256,64,64,23,liboqs,gateway
ECDSA,sign,586967,0.586967,0.72,0.0,256,64,64,24,liboqs,gateway
ECDSA,sign,588482,0.588482,0.72,0.0,256,64,64,25,liboqs,gateway
ECDSA,sign,585164,0.585164,0.71,0.0,256,64,64,26,liboqs,gateway
ECDSA,sign,578610,0.57861,0.71,0.0,256,64,64,27,liboqs,gateway
ECDSA,sign,654527,0.654527,0.72,0.0,256,64,64,28,liboqs,gateway
ECDSA,sign,600523,0.600523,0.71,0.0,256,64,64,29,liboqs,gateway
ECDSA,sign,577954,0.577954,0.72,0.0,256,64,64,30,liboqs,gateway
ECDSA,sign,639203,0.639203,0.72,0.0,256,64,64,31,liboqs,gateway
ECDSA,sign,594691,0.594691,0.71,0.0,256,64,64,32,liboqs,gateway
ECDSA,sign,661897,0.661897,0.72,0.0,256,64,64,33,liboqs,gateway
ECDSA,sign,596005,0.596005,0.72,0.0,256,64,64,34,liboqs,gateway
ECDSA,sign,624378,0.624378,0.71,0.0,256,64,64,35,liboqs,gateway
ECDSA,sign,663715,0.663715,0.71,0.0,256,64,64,36,liboqs,gateway
ECDSA,sign,590977,0.590977,0.71,0.0,256,64,64,37,liboqs,gateway
ECDSA,sign,582290,0.58229,0.71,0.0,256,64,64,38,liboqs,gateway
ECDSA,sign,605040,0.60504,0.71,0.0,256,64,64,39,liboqs,gateway
ECDSA,sign,585987,0.585987,0.71,0.0,256,64,64,40,liboqs,gateway
ECDSA,sign,580182,0.580182,0.71,0.0,256,64,64,41,liboqs,gateway
ECDSA,sign,588987,0.588987,0.71,0.0,256,64,64,42,liboqs,gateway
ECDSA,sign,648350,0.64835,0.72,0.0,256,64,64,43,liboqs,gateway
ECDSA,sign,618764,0.618764,0.72,0.0,256,64,64,44,liboqs,gateway
ECDSA,sign,584766,0.584766,0.71,0.0,256,64,64,45,liboqs,gateway
ECDSA,sign,608402,0.608402,0.72,0.0,256,64,64,46,liboqs,gateway
ECDSA,sign,658273,0.658273,0.71,0.0,256,64,64,47,liboqs,gateway
ECDSA,sign,598998,0.598998,0.71,0.0,256,64,64,48,liboqs,gateway
ECDSA,sign,599146,0.599146,0.72,0.0,256,64,64,49,liboqs,gateway
ECDSA,sign,582991,0.582991,0.71,0.0,256,64,64,50,liboqs,gateway
ECDSA,sign,596340,0.59634,0.71,0.0,256,64,64,51,liboqs,gateway
ECDSA,sign,621566,0.621566,0.71,0.0,256,64,64,52,liboqs,gateway
ECDSA,sign,589036,0.589036,0.72,0.0,256,64,64,53,liboqs,gateway
ECDSA,sign,608377,0.608377,0.72,0.0,256,64,64,54,liboqs,gateway
ECDSA,sign,587951,0.587951,0.72,0.0,256,64,64,55,liboqs,gateway
ECDSA,sign,630463,0.630463,0.72,0.0,256,64,64,56,liboqs,gateway
ECDSA,sign,621718,0.621718,0.71,0.0,256,64,64,57,liboqs,gateway
ECDSA,sign,599362,0.599362,0.72,0.0,256,64,64,58,liboqs,gateway
ECDSA,sign,630589,0.630589,0.72,0.0,256,64,64,59,liboqs,gateway
ECDSA,sign,583922,0.583922,0.72,0.0,256,64,64,60,liboqs,gateway
ECDSA,sign,594179,0.594179,0.72,0.0,256,64,64,61,liboqs,gateway
ECDSA,sign,590975,0.590975,0.72,0.0,256,64,64,62,liboqs,gateway
ECDSA,sign,586322,0.586322,0.72,0.0,256,64,64,63,liboqs,gateway
ECDSA,sign,590765,0.590765,0.71,0.0,256,64,64,64,liboqs,gateway
ECDSA,sign,603586,0.603586,0.72,0.0,256,64,64,65,liboqs,gateway
ECDSA,sign,598064,0.598064,0.72,0.0,256,64,64,66,liboqs,gateway
ECDSA,sign,579023,0.579023,0.71,0.0,256,64,64,67,liboqs,gateway
ECDSA,sign,590166,0.590166,0.71,0.0,256,64,64,68,liboqs,gateway
ECDSA,sign,581525,0.581525,0.72,0.0,256,64,64,69,liboqs,gateway
ECDSA,sign,595401,0.595401,0.72,0.0,256,64,64,70,liboqs,gateway
ECDSA,sign,752257,0.752257,0.71,0.0,256,64,64,71,liboqs,gateway
ECDSA,sign,616319,0.616319,0.72,0.0,256,64,64,72,liboqs,gateway
ECDSA,sign,908240,0.90824,0.71,0.0,256,64,64,73,liboqs,gateway
ECDSA,sign,632414,0.632414,0.71,0.0,256,64,64,74,liboqs,gateway
ECDSA,sign,794515,0.794515,0.71,0.0,256,64,64,75,liboqs,gateway
ECDSA,sign,693022,0.693022,0.71,0.0,256,64,64,76,liboqs,gateway
ECDSA,sign,615673,0.615673,0.71,0.0,256,64,64,77,liboqs,gateway
ECDSA,sign,618826,0.618826,0.71,0.0,256,64,64,78,liboqs,gateway
ECDSA,sign,599827,0.599827,0.71,0.0,256,64,64,79,liboqs,gateway
ECDSA,sign,583533,0.583533,0.72,0.0,256,64,64,80,liboqs,gateway
ECDSA,sign,581383,0.581383,0.71,0.0,256,64,64,81,liboqs,gateway
ECDSA,sign,602093,0.602093,0.71,0.0,256,64,64,82,liboqs,gateway
ECDSA,sign,593603,0.593603,0.71,0.0,256,64,64,83,liboqs,gateway
ECDSA,sign,591648,0.591648,0.72,0.0,256,64,64,84,liboqs,gateway
ECDSA,sign,610232,0.610232,0.71,0.0,256,64,64,85,liboqs,gateway
ECDSA,sign,605483,0.605483,0.71,0.0,256,64,64,86,liboqs,gateway
ECDSA,sign,592849,0.592849,0.71,0.0,256,64,64,87,liboqs,gateway
ECDSA,sign,598574,0.598574,0.71,0.0,256,64,64,88,liboqs,gateway
ECDSA,sign,600881,0.600881,0.71,0.0,256,64,64,89,liboqs,gateway
ECDSA,sign,589685,0.589685,0.71,0.0,256,64,64,90,liboqs,gateway
ECDSA,sign,606311,0.606311,0.72,0.0,256,64,64,91,liboqs,gateway
ECDSA,sign,629105,0.629105,0.71,0.0,256,64,64,92,liboqs,gateway
ECDSA,sign,601522,0.601522,0.71,0.0,256,64,64,93,liboqs,gateway
ECDSA,sign,586252,0.586252,0.72,0.0,256,64,64,94,liboqs,gateway
ECDSA,sign,613457,0.613457,0.72,0.0,256,64,64,95,liboqs,gateway
ECDSA,sign,584783,0.584783,0.71,0.0,256,64,64,96,liboqs,gateway
ECDSA,sign,768016,0.768016,0.71,0.0,256,64,64,97,liboqs,gateway
ECDSA,sign,603786,0.603786,0.72,0.0,256,64,64,98,liboqs,gateway
ECDSA,sign,580504,0.580504,0.71,0.0,256,64,64,99,liboqs,gateway
ECDSA,sign,592980,0.59298,0.72,0.0,256,64,64,100,liboqs,gateway
ECDSA,sign,582301,0.582301,0.72,0.0,256,64,64,101,liboqs,gateway
ECDSA,sign,580660,0.58066,0.72,0.0,256,64,64,102,liboqs,gateway
ECDSA,sign,585350,0.58535,0.71,0.0,256,64,64,103,liboqs,gateway
ECDSA,sign,592100,0.5921,0.72,0.0,256,64,64,104,liboqs,gateway
ECDSA,sign,583403,0.583403,0.71,0.0,256,64,64,105,liboqs,gateway
ECDSA,sign,576796,0.576796,0.72,0.0,256,64,64,106,liboqs,gateway
ECDSA,sign,599533,0.599533,0.71,0.0,256,64,64,107,liboqs,gateway
ECDSA,sign,582985,0.582985,0.71,0.0,256,64,64,108,liboqs,gateway
ECDSA,sign,582975,0.582975,0.72,0.0,256,64,64,109,liboqs,gateway
ECDSA,sign,598557,0.598557,0.71,0.0,256,64,64,110,liboqs,gateway
ECDSA,sign,592478,0.592478,0.72,0.0,256,64,64,111,liboqs,gateway
ECDSA,sign,588641,0.588641,0.72,0.0,256,64,64,112,liboqs,gateway
ECDSA,sign,596327,0.596327,0.72,0.0,256,64,64,113,liboqs,gateway
ECDSA,sign,583051,0.583051,0.72,0.0,256,64,64,114,liboqs,gateway
ECDSA,sign,584882,0.584882,0.72,0.0,256,64,64,115,liboqs,gateway
ECDSA,sign,595225,0.595225,0.71,0.0,256,64,64,116,liboqs,gateway
ECDSA,sign,592571,0.592571,0.72,0.0,256,64,64,117,liboqs,gateway
ECDSA,sign,591105,0.591105,0.72,0.0,256,64,64,118,liboqs,gateway
ECDSA,sign,609611,0.609611,0.72,0.0,256,64,64,119,liboqs,gateway
ECDSA,sign,597669,0.597669,0.71,0.0,256,64,64,120,liboqs,gateway
ECDSA,sign,599208,0.599208,0.71,0.0,256,64,64,121,liboqs,gateway
ECDSA,sign,593955,0.593955,0.71,0.0,256,64,64,122,liboqs,gateway
ECDSA,sign,583290,0.58329,0.71,0.0,256,64,64,123,liboqs,gateway
ECDSA,sign,600693,0.600693,0.72,0.0,256,64,64,124,liboqs,gateway
ECDSA,sign,598994,0.598994,0.71,0.0,256,64,64,125,liboqs,gateway
ECDSA,sign,687491,0.687491,0.71,0.0,256,64,64,126,liboqs,gateway
ECDSA,sign,587618,0.587618,0.71,0.0,256,64,64,127,liboqs,gateway
ECDSA,sign,609741,0.609741,0.71,0.0,256,64,64,128,liboqs,gateway
ECDSA,sign,582987,0.582987,0.71,0.0,256,64,64,129,liboqs,gateway
ECDSA,sign,573232,0.573232,0.72,0.0,256,64,64,130,liboqs,gateway
ECDSA,sign,595314,0.595314,0.72,0.0,256,64,64,131,liboqs,gateway
ECDSA,sign,575301,0.575301,0.71,0.0,256,64,64,132,liboqs,gateway
ECDSA,sign,585537,0.585537,0.71,0.0,256,64,64,133,liboqs,gateway
ECDSA,sign,583249,0.583249,0.71,0.0,256,64,64,134,liboqs,gateway
ECDSA,sign,576946,0.576946,0.72,0.0,256,64,64,135,liboqs,gateway
ECDSA,sign,584359,0.584359,0.72,0.0,256,64,64,136,liboqs,gateway
ECDSA,sign,582053,0.582053,0.71,0.0,256,64,64,137,liboqs,gateway
ECDSA,sign,614153,0.614153,0.72,0.0,256,64,64,138,liboqs,gateway
ECDSA,sign,597623,0.597623,0.72,0.0,256,64,64,139,liboqs,gateway
ECDSA,sign,581166,0.581166,0.72,0.0,256,64,64,140,liboqs,gateway
ECDSA,sign,576303,0.576303,0.71,0.0,256,64,64,141,liboqs,gateway
ECDSA,sign,577073,0.577073,0.72,0.0,256,64,64,142,liboqs,gateway
ECDSA,sign,592303,0.592303,0.71,0.0,256,64,64,143,liboqs,gateway
ECDSA,sign,585824,0.585824,0.71,0.0,256,64,64,144,liboqs,gateway
ECDSA,sign,686010,0.68601,0.71,0.0,256,64,64,145,liboqs,gateway
ECDSA,sign,596927,0.596927,0.72,0.0,256,64,64,146,liboqs,gateway
ECDSA,sign,585597,0.585597,0.72,0.0,256,64,64,147,liboqs,gateway
ECDSA,sign,608577,0.608577,0.71,0.0,256,64,64,148,liboqs,gateway
ECDSA,sign,584003,0.584003,0.72,0.0,256,64,64,149,liboqs,gateway
ECDSA,sign,580822,0.580822,0.71,0.0,256,64,64,150,liboqs,gateway
ECDSA,sign,600648,0.600648,0.71,0.0,256,64,64,151,liboqs,gateway
ECDSA,sign,583252,0.583252,0.72,0.0,256,64,64,152,liboqs,gateway
ECDSA,sign,579120,0.57912,0.72,0.0,256,64,64,153,liboqs,gateway
ECDSA,sign,579196,0.579196,0.71,0.0,256,64,64,154,liboqs,gateway
ECDSA,sign,598972,0.598972,0.71,0.0,256,64,64,155,liboqs,gateway
ECDSA,sign,580385,0.580385,0.71,0.0,256,64,64,156,liboqs,gateway
ECDSA,sign,577432,0.577432,0.71,0.0,256,64,64,157,liboqs,gateway
ECDSA,sign,604401,0.604401,0.72,0.0,256,64,64,158,liboqs,gateway
ECDSA,sign,597875,0.597875,0.71,0.0,256,64,64,159,liboqs,gateway
ECDSA,sign,584413,0.584413,0.71,0.0,256,64,64,160,liboqs,gateway
ECDSA,sign,586907,0.586907,0.72,0.0,256,64,64,161,liboqs,gateway
ECDSA,sign,580410,0.58041,0.71,0.0,256,64,64,162,liboqs,gateway
ECDSA,sign,578947,0.578947,0.71,0.0,256,64,64,163,liboqs,gateway
ECDSA,sign,583902,0.583902,0.72,0.0,256,64,64,164,liboqs,gateway
ECDSA,sign,595957,0.595957,0.72,0.0,256,64,64,165,liboqs,gateway
ECDSA,sign,582514,0.582514,0.71,0.0,256,64,64,166,liboqs,gateway
ECDSA,sign,576549,0.576549,0.72,0.0,256,64,64,167,liboqs,gateway
ECDSA,sign,592945,0.592945,0.72,0.0,256,64,64,168,liboqs,gateway
ECDSA,sign,577040,0.57704,0.72,0.0,256,64,64,169,liboqs,gateway
ECDSA,sign,584206,0.584206,0.72,0.0,256,64,64,170,liboqs,gateway
ECDSA,sign,602347,0.602347,0.72,0.0,256,64,64,171,liboqs,gateway
ECDSA,sign,583538,0.583538,0.71,0.0,256,64,64,172,liboqs,gateway
ECDSA,sign,578678,0.578678,0.71,0.0,256,64,64,173,liboqs,gateway
ECDSA,sign,591494,0.591494,0.72,0.0,256,64,64,174,liboqs,gateway
ECDSA,sign,577961,0.577961,0.72,0.0,256,64,64,175,liboqs,gateway
ECDSA,sign,574163,0.574163,0.71,0.0,256,64,64,176,liboqs,gateway
ECDSA,sign,608777,0.608777,0.71,0.0,256,64,64,177,liboqs,gateway
ECDSA,sign,590048,0.590048,0.71,0.0,256,64,64,178,liboqs,gateway
ECDSA,sign,584706,0.584706,0.72,0.0,256,64,64,179,liboqs,gateway
ECDSA,sign,598422,0.598422,0.71,0.0,256,64,64,180,liboqs,gateway
ECDSA,sign,576691,0.576691,0.72,0.0,256,64,64,181,liboqs,gateway
ECDSA,sign,577413,0.577413,0.72,0.0,256,64,64,182,liboqs,gateway
ECDSA,sign,590955,0.590955,0.71,0.0,256,64,64,183,liboqs,gateway
ECDSA,sign,577449,0.577449,0.72,0.0,256,64,64,184,liboqs,gateway
ECDSA,sign,585393,0.585393,0.72,0.0,256,64,64,185,liboqs,gateway
ECDSA,sign,586024,0.586024,0.72,0.0,256,64,64,186,liboqs,gateway
ECDSA,sign,584767,0.584767,0.72,0.0,256,64,64,187,liboqs,gateway
ECDSA,sign,573694,0.573694,0.71,0.0,256,64,64,188,liboqs,gateway
ECDSA,sign,590671,0.590671,0.71,0.0,256,64,64,189,liboqs,gateway
ECDSA,sign,595028,0.595028,0.71,0.0,256,64,64,190,liboqs,gateway
ECDSA,sign,577613,0.577613,0.71,0.0,256,64,64,191,liboqs,gateway
ECDSA,sign,586346,0.586346,0.71,0.0,256,64,64,192,liboqs,gateway
ECDSA,sign,592279,0.592279,0.71,0.0,256,64,64,193,liboqs,gateway
ECDSA,sign,579999,0.579999,0.71,0.0,256,64,64,194,liboqs,gateway
ECDSA,sign,578512,0.578512,0.71,0.0,256,64,64,195,liboqs,gateway
ECDSA,sign,587087,0.587087,0.71,0.0,256,64,64,196,liboqs,gateway
ECDSA,sign,571541,0.571541,0.72,0.0,256,64,64,197,liboqs,gateway
ECDSA,sign,584967,0.584967,0.71,0.0,256,64,64,198,liboqs,gateway
ECDSA,sign,683143,0.683143,0.71,0.0,256,64,64,199,liboqs,gateway
ECDSA,sign,632706,0.632706,0.72,0.0,256,64,64,200,liboqs,gateway
ECDSA,sign,616684,0.616684,0.72,0.0,256,64,64,201,liboqs,gateway
ECDSA,sign,663082,0.663082,0.72,0.0,256,64,64,202,liboqs,gateway
ECDSA,sign,966406,0.966406,0.72,0.0,256,64,64,203,liboqs,gateway
ECDSA,sign,619130,0.61913,0.71,0.0,256,64,64,204,liboqs,gateway
ECDSA,sign,581712,0.581712,0.71,0.0,256,64,64,205,liboqs,gateway
ECDSA,sign,616591,0.616591,0.72,0.0,256,64,64,206,liboqs,gateway
ECDSA,sign,580331,0.580331,0.72,0.0,256,64,64,207,liboqs,gateway
ECDSA,sign,573276,0.573276,0.71,0.0,256,64,64,208,liboqs,gateway
ECDSA,sign,584008,0.584008,0.72,0.0,256,64,64,209,liboqs,gateway
ECDSA,sign,580446,0.580446,0.71,0.0,256,64,64,210,liboqs,gateway
ECDSA,sign,584189,0.584189,0.72,0.0,256,64,64,211,liboqs,gateway
ECDSA,sign,580193,0.580193,0.72,0.0,256,64,64,212,liboqs,gateway
ECDSA,sign,578360,0.57836,0.71,0.0,256,64,64,213,liboqs,gateway
ECDSA,sign,575570,0.57557,0.72,0.0,256,64,64,214,liboqs,gateway
ECDSA,sign,600859,0.600859,0.72,0.0,256,64,64,215,liboqs,gateway
ECDSA,sign,576255,0.576255,0.71,0.0,256,64,64,216,liboqs,gateway
ECDSA,sign,574658,0.574658,0.71,0.0,256,64,64,217,liboqs,gateway
ECDSA,sign,588156,0.588156,0.71,0.0,256,64,64,218,liboqs,gateway
ECDSA,sign,577474,0.577474,0.72,0.0,256,64,64,219,liboqs,gateway
ECDSA,sign,571018,0.571018,0.71,0.0,256,64,64,220,liboqs,gateway
ECDSA,sign,579848,0.579848,0.72,0.0,256,64,64,221,liboqs,gateway
ECDSA,sign,576373,0.576373,0.71,0.0,256,64,64,222,liboqs,gateway
ECDSA,sign,579870,0.57987,0.72,0.0,256,64,64,223,liboqs,gateway
ECDSA,sign,585679,0.585679,0.71,0.0,256,64,64,224,liboqs,gateway
ECDSA,sign,585448,0.585448,0.72,0.0,256,64,64,225,liboqs,gateway
ECDSA,sign,574242,0.574242,0.72,0.0,256,64,64,226,liboqs,gateway
ECDSA,sign,647194,0.647194,0.72,0.0,256,64,64,227,liboqs,gateway
ECDSA,sign,576177,0.576177,0.72,0.0,256,64,64,228,liboqs,gateway
ECDSA,sign,689218,0.689218,0.72,0.0,256,64,64,229,liboqs,gateway
ECDSA,sign,604276,0.604276,0.72,0.0,256,64,64,230,liboqs,gateway
ECDSA,sign,594763,0.594763,0.72,0.0,256,64,64,231,liboqs,gateway
ECDSA,sign,585459,0.585459,0.71,0.0,256,64,64,232,liboqs,gateway
ECDSA,sign,589675,0.589675,0.72,0.0,256,64,64,233,liboqs,gateway
ECDSA,sign,582343,0.582343,0.71,0.0,256,64,64,234,liboqs,gateway
ECDSA,sign,583259,0.583259,0.71,0.0,256,64,64,235,liboqs,gateway
ECDSA,sign,594387,0.594387,0.71,0.0,256,64,64,236,liboqs,gateway
ECDSA,sign,596218,0.596218,0.72,0.0,256,64,64,237,liboqs,gateway
ECDSA,sign,591526,0.591526,0.71,0.0,256,64,64,238,liboqs,gateway
ECDSA,sign,584113,0.584113,0.71,0.0,256,64,64,239,liboqs,gateway
ECDSA,sign,591901,0.591901,0.71,0.0,256,64,64,240,liboqs,gateway
ECDSA,sign,580272,0.580272,0.71,0.0,256,64,64,241,liboqs,gateway
ECDSA,sign,578108,0.578108,0.71,0.0,256,64,64,242,liboqs,gateway
ECDSA,sign,589357,0.589357,0.71,0.0,256,64,64,243,liboqs,gateway
ECDSA,sign,574379,0.574379,0.72,0.0,256,64,64,244,liboqs,gateway
ECDSA,sign,594020,0.59402,0.72,0.0,256,64,64,245,liboqs,gateway
ECDSA,sign,597680,0.59768,0.72,0.0,256,64,64,246,liboqs,gateway
ECDSA,sign,581122,0.581122,0.71,0.0,256,64,64,247,liboqs,gateway
ECDSA,sign,595301,0.595301,0.71,0.0,256,64,64,248,liboqs,gateway
ECDSA,sign,576462,0.576462,0.72,0.0,256,64,64,249,liboqs,gateway
ECDSA,sign,588576,0.588576,0.71,0.0,256,64,64,250,liboqs,gateway
ECDSA,sign,576875,0.576875,0.72,0.0,256,64,64,251,liboqs,gateway
ECDSA,sign,576839,0.576839,0.71,0.0,256,64,64,252,liboqs,gateway
ECDSA,sign,584553,0.584553,0.72,0.0,256,64,64,253,liboqs,gateway
ECDSA,sign,579960,0.57996,0.71,0.0,256,64,64,254,liboqs,gateway
ECDSA,sign,682520,0.68252,0.71,0.0,256,64,64,255,liboqs,gateway
ECDSA,sign,599095,0.599095,0.72,0.0,256,64,64,256,liboqs,gateway
ECDSA,sign,581939,0.581939,0.71,0.0,256,64,64,257,liboqs,gateway
ECDSA,sign,607499,0.607499,0.72,0.0,256,64,64,258,liboqs,gateway
ECDSA,sign,582509,0.582509,0.72,0.0,256,64,64,259,liboqs,gateway
ECDSA,sign,576911,0.576911,0.71,0.0,256,64,64,260,liboqs,gateway
ECDSA,sign,589184,0.589184,0.72,0.0,256,64,64,261,liboqs,gateway
ECDSA,sign,582501,0.582501,0.72,0.0,256,64,64,262,liboqs,gateway
ECDSA,sign,591317,0.591317,0.71,0.0,256,64,64,263,liboqs,gateway
ECDSA,sign,718674,0.718674,0.71,0.0,256,64,64,264,liboqs,gateway
ECDSA,sign,590591,0.590591,0.72,0.0,256,64,64,265,liboqs,gateway
ECDSA,sign,576838,0.576838,0.71,0.0,256,64,64,266,liboqs,gateway
ECDSA,sign,586313,0.586313,0.72,0.0,256,64,64,267,liboqs,gateway
ECDSA,sign,590062,0.590062,0.71,0.0,256,64,64,268,liboqs,gateway
ECDSA,sign,581070,0.58107,0.71,0.0,256,64,64,269,liboqs,gateway
ECDSA,sign,584341,0.584341,0.71,0.0,256,64,64,270,liboqs,gateway
ECDSA,sign,646417,0.646417,0.72,0.0,256,64,64,271,liboqs,gateway
ECDSA,sign,579919,0.579919,0.72,0.0,256,64,64,272,liboqs,gateway
ECDSA,sign,587608,0.587608,0.71,0.0,256,64,64,273,liboqs,gateway
ECDSA,sign,581798,0.581798,0.72,0.0,256,64,64,274,liboqs,gateway
ECDSA,sign,575739,0.575739,0.71,0.0,256,64,64,275,liboqs,gateway
ECDSA,sign,574392,0.574392,0.71,0.0,256,64,64,276,liboqs,gateway
ECDSA,sign,660312,0.660312,0.72,0.0,256,64,64,277,liboqs,gateway
ECDSA,sign,592238,0.592238,0.71,0.0,256,64,64,278,liboqs,gateway
ECDSA,sign,579328,0.579328,0.71,0.0,256,64,64,279,liboqs,gateway
ECDSA,sign,605025,0.605025,0.71,0.0,256,64,64,280,liboqs,gateway
ECDSA,sign,593198,0.593198,0.71,0.0,256,64,64,281,liboqs,gateway
ECDSA,sign,578723,0.578723,0.72,0.0,256,64,64,282,liboqs,gateway
ECDSA,sign,590528,0.590528,0.72,0.0,256,64,64,283,liboqs,gateway
ECDSA,sign,579583,0.579583,0.72,0.0,256,64,64,284,liboqs,gateway
ECDSA,sign,584851,0.584851,0.72,0.0,256,64,64,285,liboqs,gateway
ECDSA,sign,656235,0.656235,0.72,0.0,256,64,64,286,liboqs,gateway
ECDSA,sign,592956,0.592956,0.72,0.0,256,64,64,287,liboqs,gateway
ECDSA,sign,582863,0.582863,0.72,0.0,256,64,64,288,liboqs,gateway
ECDSA,sign,594449,0.594449,0.71,0.0,256,64,64,289,liboqs,gateway
ECDSA,sign,577988,0.577988,0.71,0.0,256,64,64,290,liboqs,gateway
ECDSA,sign,575449,0.575449,0.71,0.0,256,64,64,291,liboqs,gateway
ECDSA,sign,597462,0.597462,0.71,0.0,256,64,64,292,liboqs,gateway
ECDSA,sign,590650,0.59065,0.71,0.0,256,64,64,293,liboqs,gateway
ECDSA,sign,576088,0.576088,0.71,0.0,256,64,64,294,liboqs,gateway
ECDSA,sign,585859,0.585859,0.71,0.0,256,64,64,295,liboqs,gateway
ECDSA,sign,579766,0.579766,0.71,0.0,256,64,64,296,liboqs,gateway
ECDSA,sign,574806,0.574806,0.72,0.0,256,64,64,297,liboqs,gateway
ECDSA,sign,592197,0.592197,0.72,0.0,256,64,64,298,liboqs,gateway
ECDSA,sign,579305,0.579305,0.72,0.0,256,64,64,299,liboqs,gateway
ECDSA,sign,573076,0.573076,0.72,0.0,256,64,64,300,liboqs,gateway
ECDSA,sign,575669,0.575669,0.71,0.0,256,64,64,301,liboqs,gateway
ECDSA,sign,584690,0.58469,0.72,0.0,256,64,64,302,liboqs,gateway
ECDSA,sign,573937,0.573937,0.71,0.0,256,64,64,303,liboqs,gateway
ECDSA,sign,572124,0.572124,0.72,0.0,256,64,64,304,liboqs,gateway
ECDSA,sign,596082,0.596082,0.71,0.0,256,64,64,305,liboqs,gateway
ECDSA,sign,577562,0.577562,0.72,0.0,256,64,64,306,liboqs,gateway
ECDSA,sign,575215,0.575215,0.71,0.0,256,64,64,307,liboqs,gateway
ECDSA,sign,589718,0.589718,0.72,0.0,256,64,64,308,liboqs,gateway
ECDSA,sign,573544,0.573544,0.72,0.0,256,64,64,309,liboqs,gateway
ECDSA,sign,574425,0.574425,0.72,0.0,256,64,64,310,liboqs,gateway
ECDSA,sign,581605,0.581605,0.72,0.0,256,64,64,311,liboqs,gateway
ECDSA,sign,586567,0.586567,0.71,0.0,256,64,64,312,liboqs,gateway
ECDSA,sign,574453,0.574453,0.71,0.0,256,64,64,313,liboqs,gateway
ECDSA,sign,571535,0.571535,0.71,0.0,256,64,64,314,liboqs,gateway
ECDSA,sign,589820,0.58982,0.72,0.0,256,64,64,315,liboqs,gateway
ECDSA,sign,575200,0.5752,0.72,0.0,256,64,64,316,liboqs,gateway
ECDSA,sign,595086,0.595086,0.72,0.0,256,64,64,317,liboqs,gateway
ECDSA,sign,594958,0.594958,0.71,0.0,256,64,64,318,liboqs,gateway
ECDSA,sign,583500,0.5835,0.71,0.0,256,64,64,319,liboqs,gateway
ECDSA,sign,646827,0.646827,0.71,0.0,256,64,64,320,liboqs,gateway
ECDSA,sign,617526,0.617526,0.72,0.0,256,64,64,321,liboqs,gateway
ECDSA,sign,679035,0.679035,0.72,0.0,256,64,64,322,liboqs,gateway
ECDSA,sign,661490,0.66149,0.72,0.0,256,64,64,323,liboqs,gateway
ECDSA,sign,583129,0.583129,0.72,0.0,256,64,64,324,liboqs,gateway
ECDSA,sign,608307,0.608307,0.71,0.0,256,64,64,325,liboqs,gateway
ECDSA,sign,582639,0.582639,0.71,0.0,256,64,64,326,liboqs,gateway
ECDSA,sign,645693,0.645693,0.72,0.0,256,64,64,327,liboqs,gateway
ECDSA,sign,589799,0.589799,0.72,0.0,256,64,64,328,liboqs,gateway
ECDSA,sign,583214,0.583214,0.71,0.0,256,64,64,329,liboqs,gateway
ECDSA,sign,592395,0.592395,0.71,0.0,256,64,64,330,liboqs,gateway
ECDSA,sign,575522,0.575522,0.71,0.0,256,64,64,331,liboqs,gateway
ECDSA,sign,589430,0.58943,0.71,0.0,256,64,64,332,liboqs,gateway
ECDSA,sign,589231,0.589231,0.71,0.0,256,64,64,333,liboqs,gateway
ECDSA,sign,573904,0.573904,0.72,0.0,256,64,64,334,liboqs,gateway
ECDSA,sign,571110,0.57111,0.71,0.0,256,64,64,335,liboqs,gateway
ECDSA,sign,592527,0.592527,0.72,0.0,256,64,64,336,liboqs,gateway
ECDSA,sign,581912,0.581912,0.71,0.0,256,64,64,337,liboqs,gateway
ECDSA,sign,574099,0.574099,0.72,0.0,256,64,64,338,liboqs,gateway
ECDSA,sign,594179,0.594179,0.72,0.0,256,64,64,339,liboqs,gateway
ECDSA,sign,584048,0.584048,0.72,0.0,256,64,64,340,liboqs,gateway
ECDSA,sign,586905,0.586905,0.72,0.0,256,64,64,341,liboqs,gateway
ECDSA,sign,586684,0.586684,0.71,0.0,256,64,64,342,liboqs,gateway
ECDSA,sign,579383,0.579383,0.72,0.0,256,64,64,343,liboqs,gateway
ECDSA,sign,574319,0.574319,0.71,0.0,256,64,64,344,liboqs,gateway
ECDSA,sign,574166,0.574166,0.71,0.0,256,64,64,345,liboqs,gateway
ECDSA,sign,595688,0.595688,0.72,0.0,256,64,64,346,liboqs,gateway
ECDSA,sign,594378,0.594378,0.72,0.0,256,64,64,347,liboqs,gateway
ECDSA,sign,575433,0.575433,0.72,0.0,256,64,64,348,liboqs,gateway
ECDSA,sign,589820,0.58982,0.72,0.0,256,64,64,349,liboqs,gateway
ECDSA,sign,588442,0.588442,0.72,0.0,256,64,64,350,liboqs,gateway
ECDSA,sign,582469,0.582469,0.72,0.0,256,64,64,351,liboqs,gateway
ECDSA,sign,588222,0.588222,0.72,0.0,256,64,64,352,liboqs,gateway
ECDSA,sign,592656,0.592656,0.72,0.0,256,64,64,353,liboqs,gateway
ECDSA,sign,580666,0.580666,0.72,0.0,256,64,64,354,liboqs,gateway
ECDSA,sign,622788,0.622788,0.71,0.0,256,64,64,355,liboqs,gateway
ECDSA,sign,615472,0.615472,0.72,0.0,256,64,64,356,liboqs,gateway
ECDSA,sign,644358,0.644358,0.72,0.0,256,64,64,357,liboqs,gateway
ECDSA,sign,600089,0.600089,0.72,0.0,256,64,64,358,liboqs,gateway
ECDSA,sign,611341,0.611341,0.71,0.0,256,64,64,359,liboqs,gateway
ECDSA,sign,714553,0.714553,0.72,0.0,256,64,64,360,liboqs,gateway
ECDSA,sign,601762,0.601762,0.71,0.0,256,64,64,361,liboqs,gateway
ECDSA,sign,585112,0.585112,0.72,0.0,256,64,64,362,liboqs,gateway
ECDSA,sign,602559,0.602559,0.72,0.0,256,64,64,363,liboqs,gateway
ECDSA,sign,603653,0.603653,0.72,0.0,256,64,64,364,liboqs,gateway
ECDSA,sign,608260,0.60826,0.71,0.0,256,64,64,365,liboqs,gateway
ECDSA,sign,577488,0.577488,0.72,0.0,256,64,64,366,liboqs,gateway
ECDSA,sign,593898,0.593898,0.72,0.0,256,64,64,367,liboqs,gateway
ECDSA,sign,590886,0.590886,0.72,0.0,256,64,64,368,liboqs,gateway
ECDSA,sign,575259,0.575259,0.71,0.0,256,64,64,369,liboqs,gateway
ECDSA,sign,590342,0.590342,0.71,0.0,256,64,64,370,liboqs,gateway
ECDSA,sign,577493,0.577493,0.72,0.0,256,64,64,371,liboqs,gateway
ECDSA,sign,579538,0.579538,0.71,0.0,256,64,64,372,liboqs,gateway
ECDSA,sign,589820,0.58982,0.71,0.0,256,64,64,373,liboqs,gateway
ECDSA,sign,579032,0.579032,0.72,0.0,256,64,64,374,liboqs,gateway
ECDSA,sign,573938,0.573938,0.71,0.0,256,64,64,375,liboqs,gateway
ECDSA,sign,584878,0.584878,0.71,0.0,256,64,64,376,liboqs,gateway
ECDSA,sign,635641,0.635641,0.71,0.0,256,64,64,377,liboqs,gateway
ECDSA,sign,577807,0.577807,0.71,0.0,256,64,64,378,liboqs,gateway
ECDSA,sign,592885,0.592885,0.72,0.0,256,64,64,379,liboqs,gateway
ECDSA,sign,592814,0.592814,0.72,0.0,256,64,64,380,liboqs,gateway
ECDSA,sign,578248,0.578248,0.71,0.0,256,64,64,381,liboqs,gateway
ECDSA,sign,583402,0.583402,0.72,0.0,256,64,64,382,liboqs,gateway
ECDSA,sign,581107,0.581107,0.72,0.0,256,64,64,383,liboqs,gateway
ECDSA,sign,574818,0.574818,0.72,0.0,256,64,64,384,liboqs,gateway
ECDSA,sign,584576,0.584576,0.71,0.0,256,64,64,385,liboqs,gateway
ECDSA,sign,585503,0.585503,0.71,0.0,256,64,64,386,liboqs,gateway
ECDSA,sign,657569,0.657569,0.72,0.0,256,64,64,387,liboqs,gateway
ECDSA,sign,724969,0.724969,0.71,0.0,256,64,64,388,liboqs,gateway
ECDSA,sign,602043,0.602043,0.71,0.0,256,64,64,389,liboqs,gateway
ECDSA,sign,579830,0.57983,0.71,0.0,256,64,64,390,liboqs,gateway
ECDSA,sign,591773,0.591773,0.71,0.0,256,64,64,391,liboqs,gateway
ECDSA,sign,647788,0.647788,0.72,0.0,256,64,64,392,liboqs,gateway
ECDSA,sign,603428,0.603428,0.72,0.0,256,64,64,393,liboqs,gateway
ECDSA,sign,578974,0.578974,0.71,0.0,256,64,64,394,liboqs,gateway
ECDSA,sign,593357,0.593357,0.72,0.0,256,64,64,395,liboqs,gateway
ECDSA,sign,577294,0.577294,0.71,0.0,256,64,64,396,liboqs,gateway
ECDSA,sign,578958,0.578958,0.71,0.0,256,64,64,397,liboqs,gateway
ECDSA,sign,591186,0.591186,0.71,0.0,256,64,64,398,liboqs,gateway
ECDSA,sign,583580,0.58358,0.72,0.0,256,64,64,399,liboqs,gateway
ECDSA,sign,571855,0.571855,0.71,0.0,256,64,64,400,liboqs,gateway
ECDSA,sign,582342,0.582342,0.72,0.0,256,64,64,401,liboqs,gateway
ECDSA,sign,576410,0.57641,0.72,0.0,256,64,64,402,liboqs,gateway
ECDSA,sign,572871,0.572871,0.72,0.0,256,64,64,403,liboqs,gateway
ECDSA,sign,719228,0.719228,0.71,0.0,256,64,64,404,liboqs,gateway
ECDSA,sign,647400,0.6474,0.71,0.0,256,64,64,405,liboqs,gateway
ECDSA,sign,580173,0.580173,0.72,0.0,256,64,64,406,liboqs,gateway
ECDSA,sign,588759,0.588759,0.72,0.0,256,64,64,407,liboqs,gateway
ECDSA,sign,639534,0.639534,0.71,0.0,256,64,64,408,liboqs,gateway
ECDSA,sign,576097,0.576097,0.72,0.0,256,64,64,409,liboqs,gateway
ECDSA,sign,582075,0.582075,0.71,0.0,256,64,64,410,liboqs,gateway
ECDSA,sign,582159,0.582159,0.71,0.0,256,64,64,411,liboqs,gateway
ECDSA,sign,578468,0.578468,0.71,0.0,256,64,64,412,liboqs,gateway
ECDSA,sign,589995,0.589995,0.72,0.0,256,64,64,413,liboqs,gateway
ECDSA,sign,583164,0.583164,0.71,0.0,256,64,64,414,liboqs,gateway
ECDSA,sign,583146,0.583146,0.72,0.0,256,64,64,415,liboqs,gateway
ECDSA,sign,602940,0.60294,0.72,0.0,256,64,64,416,liboqs,gateway
ECDSA,sign,830455,0.830455,0.71,0.0,256,64,64,417,liboqs,gateway
ECDSA,sign,630704,0.630704,0.72,0.0,256,64,64,418,liboqs,gateway
ECDSA,sign,633218,0.633218,0.72,0.0,256,64,64,419,liboqs,gateway
ECDSA,sign,714678,0.714678,0.72,0.0,256,64,64,420,liboqs,gateway
ECDSA,sign,593129,0.593129,0.72,0.0,256,64,64,421,liboqs,gateway
ECDSA,sign,580057,0.580057,0.72,0.0,256,64,64,422,liboqs,gateway
ECDSA,sign,594108,0.594108,0.72,0.0,256,64,64,423,liboqs,gateway
ECDSA,sign,577015,0.577015,0.71,0.0,256,64,64,424,liboqs,gateway
ECDSA,sign,597190,0.59719,0.72,0.0,256,64,64,425,liboqs,gateway
ECDSA,sign,588917,0.588917,0.72,0.0,256,64,64,426,liboqs,gateway
ECDSA,sign,698653,0.698653,0.72,0.0,256,64,64,427,liboqs,gateway
ECDSA,sign,593084,0.593084,0.72,0.0,256,64,64,428,liboqs,gateway
ECDSA,sign,579382,0.579382,0.72,0.0,256,64,64,429,liboqs,gateway
ECDSA,sign,604117,0.604117,0.71,0.0,256,64,64,430,liboqs,gateway
ECDSA,sign,625526,0.625526,0.71,0.0,256,64,64,431,liboqs,gateway
ECDSA,sign,576751,0.576751,0.71,0.0,256,64,64,432,liboqs,gateway
ECDSA,sign,590264,0.590264,0.72,0.0,256,64,64,433,liboqs,gateway
ECDSA,sign,587941,0.587941,0.72,0.0,256,64,64,434,liboqs,gateway
ECDSA,sign,577192,0.577192,0.71,0.0,256,64,64,435,liboqs,gateway
ECDSA,sign,582282,0.582282,0.71,0.0,256,64,64,436,liboqs,gateway
ECDSA,sign,580585,0.580585,0.72,0.0,256,64,64,437,liboqs,gateway
ECDSA,sign,585445,0.585445,0.72,0.0,256,64,64,438,liboqs,gateway
ECDSA,sign,593895,0.593895,0.71,0.0,256,64,64,439,liboqs,gateway
ECDSA,sign,578513,0.578513,0.72,0.0,256,64,64,440,liboqs,gateway
ECDSA,sign,576511,0.576511,0.72,0.0,256,64,64,441,liboqs,gateway
ECDSA,sign,576203,0.576203,0.72,0.0,256,64,64,442,liboqs,gateway
ECDSA,sign,593071,0.593071,0.71,0.0,256,64,64,443,liboqs,gateway
ECDSA,sign,575451,0.575451,0.72,0.0,256,64,64,444,liboqs,gateway
ECDSA,sign,601408,0.601408,0.72,0.0,256,64,64,445,liboqs,gateway
ECDSA,sign,744525,0.744525,0.71,0.0,256,64,64,446,liboqs,gateway
ECDSA,sign,594501,0.594501,0.72,0.0,256,64,64,447,liboqs,gateway
ECDSA,sign,578863,0.578863,0.71,0.0,256,64,64,448,liboqs,gateway
ECDSA,sign,594210,0.59421,0.71,0.0,256,64,64,449,liboqs,gateway
ECDSA,sign,576858,0.576858,0.72,0.0,256,64,64,450,liboqs,gateway
ECDSA,sign,590006,0.590006,0.71,0.0,256,64,64,451,liboqs,gateway
ECDSA,sign,584807,0.584807,0.72,0.0,256,64,64,452,liboqs,gateway
ECDSA,sign,578636,0.578636,0.72,0.0,256,64,64,453,liboqs,gateway
ECDSA,sign,579325,0.579325,0.71,0.0,256,64,64,454,liboqs,gateway
ECDSA,sign,580967,0.580967,0.71,0.0,256,64,64,455,liboqs,gateway
ECDSA,sign,589661,0.589661,0.71,0.0,256,64,64,456,liboqs,gateway
ECDSA,sign,573127,0.573127,0.71,0.0,256,64,64,457,liboqs,gateway
ECDSA,sign,584380,0.58438,0.71,0.0,256,64,64,458,liboqs,gateway
ECDSA,sign,581109,0.581109,0.71,0.0,256,64,64,459,liboqs,gateway
ECDSA,sign,574868,0.574868,0.71,0.0,256,64,64,460,liboqs,gateway
ECDSA,sign,583155,0.583155,0.72,0.0,256,64,64,461,liboqs,gateway
ECDSA,sign,575549,0.575549,0.72,0.0,256,64,64,462,liboqs,gateway
ECDSA,sign,576388,0.576388,0.72,0.0,256,64,64,463,liboqs,gateway
ECDSA,sign,583629,0.583629,0.71,0.0,256,64,64,464,liboqs,gateway
ECDSA,sign,583151,0.583151,0.72,0.0,256,64,64,465,liboqs,gateway
ECDSA,sign,578189,0.578189,0.72,0.0,256,64,64,466,liboqs,gateway
ECDSA,sign,572467,0.572467,0.71,0.0,256,64,64,467,liboqs,gateway
ECDSA,sign,589243,0.589243,0.72,0.0,256,64,64,468,liboqs,gateway
ECDSA,sign,592003,0.592003,0.72,0.0,256,64,64,469,liboqs,gateway
ECDSA,sign,577891,0.577891,0.71,0.0,256,64,64,470,liboqs,gateway
ECDSA,sign,587497,0.587497,0.72,0.0,256,64,64,471,liboqs,gateway
ECDSA,sign,591917,0.591917,0.71,0.0,256,64,64,472,liboqs,gateway
ECDSA,sign,600797,0.600797,0.72,0.0,256,64,64,473,liboqs,gateway
ECDSA,sign,580676,0.580676,0.72,0.0,256,64,64,474,liboqs,gateway
ECDSA,sign,600267,0.600267,0.72,0.0,256,64,64,475,liboqs,gateway
ECDSA,sign,583600,0.5836,0.71,0.0,256,64,64,476,liboqs,gateway
ECDSA,sign,591013,0.591013,0.71,0.0,256,64,64,477,liboqs,gateway
ECDSA,sign,611571,0.611571,0.71,0.0,256,64,64,478,liboqs,gateway
ECDSA,sign,596544,0.596544,0.72,0.0,256,64,64,479,liboqs,gateway
ECDSA,sign,600712,0.600712,0.71,0.0,256,64,64,480,liboqs,gateway
ECDSA,sign,595824,0.595824,0.72,0.0,256,64,64,481,liboqs,gateway
ECDSA,sign,618716,0.618716,0.72,0.0,256,64,64,482,liboqs,gateway
ECDSA,sign,584766,0.584766,0.72,0.0,256,64,64,483,liboqs,gateway
ECDSA,sign,599161,0.599161,0.72,0.0,256,64,64,484,liboqs,gateway
ECDSA,sign,590329,0.590329,0.71,0.0,256,64,64,485,liboqs,gateway
ECDSA,sign,587567,0.587567,0.71,0.0,256,64,64,486,liboqs,gateway
ECDSA,sign,600202,0.600202,0.71,0.0,256,64,64,487,liboqs,gateway
ECDSA,sign,588402,0.588402,0.72,0.0,256,64,64,488,liboqs,gateway
ECDSA,sign,589347,0.589347,0.71,0.0,256,64,64,489,liboqs,gateway
ECDSA,sign,593293,0.593293,0.72,0.0,256,64,64,490,liboqs,gateway
ECDSA,sign,983311,0.983311,0.71,0.0,256,64,64,491,liboqs,gateway
ECDSA,sign,650878,0.650878,0.71,0.0,256,64,64,492,liboqs,gateway
ECDSA,sign,580854,0.580854,0.72,0.0,256,64,64,493,liboqs,gateway
ECDSA,sign,620450,0.62045,0.72,0.0,256,64,64,494,liboqs,gateway
ECDSA,sign,582144,0.582144,0.71,0.0,256,64,64,495,liboqs,gateway
ECDSA,sign,573692,0.573692,0.72,0.0,256,64,64,496,liboqs,gateway
ECDSA,sign,573970,0.57397,0.71,0.0,256,64,64,497,liboqs,gateway
ECDSA,sign,600988,0.600988,0.72,0.0,256,64,64,498,liboqs,gateway
ECDSA,sign,574365,0.574365,0.71,0.0,256,64,64,499,liboqs,gateway
ECDSA,sign,576848,0.576848,0.71,0.0,256,64,64,500,liboqs,gateway
ECDSA,sign,588917,0.588917,0.72,0.0,256,64,64,501,liboqs,gateway
ECDSA,sign,575310,0.57531,0.72,0.0,256,64,64,502,liboqs,gateway
ECDSA,sign,571490,0.57149,0.72,0.0,256,64,64,503,liboqs,gateway
ECDSA,sign,588991,0.588991,0.71,0.0,256,64,64,504,liboqs,gateway
ECDSA,sign,582741,0.582741,0.71,0.0,256,64,64,505,liboqs,gateway
ECDSA,sign,575422,0.575422,0.71,0.0,256,64,64,506,liboqs,gateway
ECDSA,sign,594825,0.594825,0.72,0.0,256,64,64,507,liboqs,gateway
ECDSA,sign,575234,0.575234,0.72,0.0,256,64,64,508,liboqs,gateway
ECDSA,sign,574568,0.574568,0.72,0.0,256,64,64,509,liboqs,gateway
ECDSA,sign,581848,0.581848,0.72,0.0,256,64,64,510,liboqs,gateway
ECDSA,sign,580702,0.580702,0.72,0.0,256,64,64,511,liboqs,gateway
ECDSA,sign,585591,0.585591,0.71,0.0,256,64,64,512,liboqs,gateway
ECDSA,sign,584094,0.584094,0.72,0.0,256,64,64,513,liboqs,gateway
ECDSA,sign,578455,0.578455,0.71,0.0,256,64,64,514,liboqs,gateway
ECDSA,sign,582922,0.582922,0.71,0.0,256,64,64,515,liboqs,gateway
ECDSA,sign,595217,0.595217,0.71,0.0,256,64,64,516,liboqs,gateway
ECDSA,sign,589072,0.589072,0.72,0.0,256,64,64,517,liboqs,gateway
ECDSA,sign,593812,0.593812,0.71,0.0,256,64,64,518,liboqs,gateway
ECDSA,sign,587713,0.587713,0.71,0.0,256,64,64,519,liboqs,gateway
ECDSA,sign,606351,0.606351,0.71,0.0,256,64,64,520,liboqs,gateway
ECDSA,sign,587834,0.587834,0.71,0.0,256,64,64,521,liboqs,gateway
ECDSA,sign,702132,0.702132,0.71,0.0,256,64,64,522,liboqs,gateway
ECDSA,sign,680232,0.680232,0.71,0.0,256,64,64,523,liboqs,gateway
ECDSA,sign,649250,0.64925,0.71,0.0,256,64,64,524,liboqs,gateway
ECDSA,sign,621370,0.62137,0.71,0.0,256,64,64,525,liboqs,gateway
ECDSA,sign,584213,0.584213,0.71,0.0,256,64,64,526,liboqs,gateway
ECDSA,sign,650542,0.650542,0.72,0.0,256,64,64,527,liboqs,gateway
ECDSA,sign,581360,0.58136,0.71,0.0,256,64,64,528,liboqs,gateway
ECDSA,sign,601985,0.601985,0.71,0.0,256,64,64,529,liboqs,gateway
ECDSA,sign,593168,0.593168,0.72,0.0,256,64,64,530,liboqs,gateway
ECDSA,sign,585114,0.585114,0.71,0.0,256,64,64,531,liboqs,gateway
ECDSA,sign,612242,0.612242,0.71,0.0,256,64,64,532,liboqs,gateway
ECDSA,sign,593026,0.593026,0.71,0.0,256,64,64,533,liboqs,gateway
ECDSA,sign,580657,0.580657,0.71,0.0,256,64,64,534,liboqs,gateway
ECDSA,sign,581025,0.581025,0.72,0.0,256,64,64,535,liboqs,gateway
ECDSA,sign,591607,0.591607,0.71,0.0,256,64,64,536,liboqs,gateway
ECDSA,sign,578037,0.578037,0.72,0.0,256,64,64,537,liboqs,gateway
ECDSA,sign,583572,0.583572,0.71,0.0,256,64,64,538,liboqs,gateway
ECDSA,sign,587562,0.587562,0.71,0.0,256,64,64,539,liboqs,gateway
ECDSA,sign,589586,0.589586,0.71,0.0,256,64,64,540,liboqs,gateway
ECDSA,sign,586087,0.586087,0.72,0.0,256,64,64,541,liboqs,gateway
ECDSA,sign,590201,0.590201,0.72,0.0,256,64,64,542,liboqs,gateway
ECDSA,sign,587689,0.587689,0.72,0.0,256,64,64,543,liboqs,gateway
ECDSA,sign,588031,0.588031,0.71,0.0,256,64,64,544,liboqs,gateway
ECDSA,sign,592469,0.592469,0.71,0.0,256,64,64,545,liboqs,gateway
ECDSA,sign,595284,0.595284,0.72,0.0,256,64,64,546,liboqs,gateway
ECDSA,sign,583356,0.583356,0.71,0.0,256,64,64,547,liboqs,gateway
ECDSA,sign,577475,0.577475,0.71,0.0,256,64,64,548,liboqs,gateway
ECDSA,sign,592144,0.592144,0.71,0.0,256,64,64,549,liboqs,gateway
ECDSA,sign,581946,0.581946,0.72,0.0,256,64,64,550,liboqs,gateway
ECDSA,sign,587783,0.587783,0.71,0.0,256,64,64,551,liboqs,gateway
ECDSA,sign,600184,0.600184,0.72,0.0,256,64,64,552,liboqs,gateway
ECDSA,sign,578400,0.5784,0.72,0.0,256,64,64,553,liboqs,gateway
ECDSA,sign,577050,0.57705,0.71,0.0,256,64,64,554,liboqs,gateway
ECDSA,sign,589356,0.589356,0.72,0.0,256,64,64,555,liboqs,gateway
ECDSA,sign,584232,0.584232,0.72,0.0,256,64,64,556,liboqs,gateway
ECDSA,sign,586568,0.586568,0.71,0.0,256,64,64,557,liboqs,gateway
ECDSA,sign,589699,0.589699,0.72,0.0,256,64,64,558,liboqs,gateway
ECDSA,sign,580405,0.580405,0.72,0.0,256,64,64,559,liboqs,gateway
ECDSA,sign,573477,0.573477,0.71,0.0,256,64,64,560,liboqs,gateway
ECDSA,sign,573349,0.573349,0.72,0.0,256,64,64,561,liboqs,gateway
ECDSA,sign,596950,0.59695,0.72,0.0,256,64,64,562,liboqs,gateway
ECDSA,sign,575106,0.575106,0.72,0.0,256,64,64,563,liboqs,gateway
ECDSA,sign,572825,0.572825,0.71,0.0,256,64,64,564,liboqs,gateway
ECDSA,sign,590825,0.590825,0.71,0.0,256,64,64,565,liboqs,gateway
ECDSA,sign,576737,0.576737,0.71,0.0,256,64,64,566,liboqs,gateway
ECDSA,sign,574654,0.574654,0.71,0.0,256,64,64,567,liboqs,gateway
ECDSA,sign,590330,0.59033,0.71,0.0,256,64,64,568,liboqs,gateway
ECDSA,sign,577711,0.577711,0.72,0.0,256,64,64,569,liboqs,gateway
ECDSA,sign,577516,0.577516,0.71,0.0,256,64,64,570,liboqs,gateway
ECDSA,sign,587065,0.587065,0.72,0.0,256,64,64,571,liboqs,gateway
ECDSA,sign,588453,0.588453,0.71,0.0,256,64,64,572,liboqs,gateway
ECDSA,sign,584419,0.584419,0.71,0.0,256,64,64,573,liboqs,gateway
ECDSA,sign,574567,0.574567,0.71,0.0,256,64,64,574,liboqs,gateway
ECDSA,sign,591922,0.591922,0.71,0.0,256,64,64,575,liboqs,gateway
ECDSA,sign,575170,0.57517,0.72,0.0,256,64,64,576,liboqs,gateway
ECDSA,sign,572792,0.572792,0.72,0.0,256,64,64,577,liboqs,gateway
ECDSA,sign,641828,0.641828,0.71,0.0,256,64,64,578,liboqs,gateway
ECDSA,sign,582331,0.582331,0.71,0.0,256,64,64,579,liboqs,gateway
ECDSA,sign,574582,0.574582,0.72,0.0,256,64,64,580,liboqs,gateway
ECDSA,sign,586257,0.586257,0.72,0.0,256,64,64,581,liboqs,gateway
ECDSA,sign,590964,0.590964,0.71,0.0,256,64,64,582,liboqs,gateway
ECDSA,sign,581879,0.581879,0.72,0.0,256,64,64,583,liboqs,gateway
ECDSA,sign,589731,0.589731,0.71,0.0,256,64,64,584,liboqs,gateway
ECDSA,sign,664924,0.664924,0.71,0.0,256,64,64,585,liboqs,gateway
ECDSA,sign,609072,0.609072,0.71,0.0,256,64,64,586,liboqs,gateway
ECDSA,sign,656668,0.656668,0.72,0.0,256,64,64,587,liboqs,gateway
ECDSA,sign,645814,0.645814,0.71,0.0,256,64,64,588,liboqs,gateway
ECDSA,sign,595750,0.59575,0.71,0.0,256,64,64,589,liboqs,gateway
ECDSA,sign,595822,0.595822,0.72,0.0,256,64,64,590,liboqs,gateway
ECDSA,sign,587547,0.587547,0.71,0.0,256,64,64,591,liboqs,gateway
ECDSA,sign,601190,0.60119,0.71,0.0,256,64,64,592,liboqs,gateway
ECDSA,sign,579108,0.579108,0.71,0.0,256,64,64,593,liboqs,gateway
ECDSA,sign,595043,0.595043,0.71,0.0,256,64,64,594,liboqs,gateway
ECDSA,sign,578360,0.57836,0.72,0.0,256,64,64,595,liboqs,gateway
ECDSA,sign,644477,0.644477,0.71,0.0,256,64,64,596,liboqs,gateway
ECDSA,sign,677651,0.677651,0.72,0.0,256,64,64,597,liboqs,gateway
ECDSA,sign,595182,0.595182,0.71,0.0,256,64,64,598,liboqs,gateway
ECDSA,sign,610563,0.610563,0.71,0.0,256,64,64,599,liboqs,gateway
ECDSA,sign,589745,0.589745,0.72,0.0,256,64,64,600,liboqs,gateway
ECDSA,sign,583464,0.583464,0.72,0.0,256,64,64,601,liboqs,gateway
ECDSA,sign,584011,0.584011,0.71,0.0,256,64,64,602,liboqs,gateway
ECDSA,sign,599237,0.599237,0.72,0.0,256,64,64,603,liboqs,gateway
ECDSA,sign,608636,0.608636,0.71,0.0,256,64,64,604,liboqs,gateway
ECDSA,sign,595170,0.59517,0.71,0.0,256,64,64,605,liboqs,gateway
ECDSA,sign,596615,0.596615,0.71,0.0,256,64,64,606,liboqs,gateway
ECDSA,sign,579108,0.579108,0.72,0.0,256,64,64,607,liboqs,gateway
ECDSA,sign,574841,0.574841,0.72,0.0,256,64,64,608,liboqs,gateway
ECDSA,sign,593828,0.593828,0.71,0.0,256,64,64,609,liboqs,gateway
ECDSA,sign,584043,0.584043,0.71,0.0,256,64,64,610,liboqs,gateway
ECDSA,sign,575319,0.575319,0.72,0.0,256,64,64,611,liboqs,gateway
ECDSA,sign,593316,0.593316,0.71,0.0,256,64,64,612,liboqs,gateway
ECDSA,sign,582202,0.582202,0.72,0.0,256,64,64,613,liboqs,gateway
ECDSA,sign,584411,0.584411,0.71,0.0,256,64,64,614,liboqs,gateway
ECDSA,sign,579207,0.579207,0.71,0.0,256,64,64,615,liboqs,gateway
ECDSA,sign,605368,0.605368,0.72,0.0,256,64,64,616,liboqs,gateway
ECDSA,sign,580590,0.58059,0.72,0.0,256,64,64,617,liboqs,gateway
ECDSA,sign,573721,0.573721,0.72,0.0,256,64,64,618,liboqs,gateway
ECDSA,sign,596871,0.596871,0.71,0.0,256,64,64,619,liboqs,gateway
ECDSA,sign,578394,0.578394,0.71,0.0,256,64,64,620,liboqs,gateway
ECDSA,sign,579018,0.579018,0.71,0.0,256,64,64,621,liboqs,gateway
ECDSA,sign,833893,0.833893,0.72,0.0,256,64,64,622,liboqs,gateway
ECDSA,sign,1038039,1.038039,0.71,0.0,256,64,64,623,liboqs,gateway
ECDSA,sign,633494,0.633494,0.72,0.0,256,64,64,624,liboqs,gateway
ECDSA,sign,587883,0.587883,0.72,0.0,256,64,64,625,liboqs,gateway
ECDSA,sign,708059,0.708059,0.71,0.0,256,64,64,626,liboqs,gateway
ECDSA,sign,598562,0.598562,0.72,0.0,256,64,64,627,liboqs,gateway
ECDSA,sign,589711,0.589711,0.71,0.0,256,64,64,628,liboqs,gateway
ECDSA,sign,595448,0.595448,0.72,0.0,256,64,64,629,liboqs,gateway
ECDSA,sign,578681,0.578681,0.72,0.0,256,64,64,630,liboqs,gateway
ECDSA,sign,589585,0.589585,0.72,0.0,256,64,64,631,liboqs,gateway
ECDSA,sign,586082,0.586082,0.72,0.0,256,64,64,632,liboqs,gateway
ECDSA,sign,597245,0.597245,0.71,0.0,256,64,64,633,liboqs,gateway
ECDSA,sign,578470,0.57847,0.71,0.0,256,64,64,634,liboqs,gateway
ECDSA,sign,590136,0.590136,0.71,0.0,256,64,64,635,liboqs,gateway
ECDSA,sign,581250,0.58125,0.71,0.0,256,64,64,636,liboqs,gateway
ECDSA,sign,578384,0.578384,0.72,0.0,256,64,64,637,liboqs,gateway
ECDSA,sign,587050,0.58705,0.72,0.0,256,64,64,638,liboqs,gateway
ECDSA,sign,595054,0.595054,0.72,0.0,256,64,64,639,liboqs,gateway
ECDSA,sign,580101,0.580101,0.72,0.0,256,64,64,640,liboqs,gateway
ECDSA,sign,575164,0.575164,0.71,0.0,256,64,64,641,liboqs,gateway
ECDSA,sign,591910,0.59191,0.72,0.0,256,64,64,642,liboqs,gateway
ECDSA,sign,577569,0.577569,0.71,0.0,256,64,64,643,liboqs,gateway
ECDSA,sign,576846,0.576846,0.71,0.0,256,64,64,644,liboqs,gateway
ECDSA,sign,601691,0.601691,0.72,0.0,256,64,64,645,liboqs,gateway
ECDSA,sign,583830,0.58383,0.71,0.0,256,64,64,646,liboqs,gateway
ECDSA,sign,580571,0.580571,0.71,0.0,256,64,64,647,liboqs,gateway
ECDSA,sign,577413,0.577413,0.71,0.0,256,64,64,648,liboqs,gateway
ECDSA,sign,592664,0.592664,0.71,0.0,256,64,64,649,liboqs,gateway
ECDSA,sign,577201,0.577201,0.72,0.0,256,64,64,650,liboqs,gateway
ECDSA,sign,600257,0.600257,0.71,0.0,256,64,64,651,liboqs,gateway
ECDSA,sign,592269,0.592269,0.72,0.0,256,64,64,652,liboqs,gateway
ECDSA,sign,778450,0.77845,0.71,0.0,256,64,64,653,liboqs,gateway
ECDSA,sign,615696,0.615696,0.71,0.0,256,64,64,654,liboqs,gateway
ECDSA,sign,657003,0.657003,0.72,0.0,256,64,64,655,liboqs,gateway
ECDSA,sign,727970,0.72797,0.72,0.0,256,64,64,656,liboqs,gateway
ECDSA,sign,607783,0.607783,0.71,0.0,256,64,64,657,liboqs,gateway
ECDSA,sign,588151,0.588151,0.72,0.0,256,64,64,658,liboqs,gateway
ECDSA,sign,581683,0.581683,0.71,0.0,256,64,64,659,liboqs,gateway
ECDSA,sign,576338,0.576338,0.72,0.0,256,64,64,660,liboqs,gateway
ECDSA,sign,590956,0.590956,0.71,0.0,256,64,64,661,liboqs,gateway
ECDSA,sign,580970,0.58097,0.72,0.0,256,64,64,662,liboqs,gateway
ECDSA,sign,590214,0.590214,0.71,0.0,256,64,64,663,liboqs,gateway
ECDSA,sign,599095,0.599095,0.71,0.0,256,64,64,664,liboqs,gateway
ECDSA,sign,584059,0.584059,0.71,0.0,256,64,64,665,liboqs,gateway
ECDSA,sign,577567,0.577567,0.72,0.0,256,64,64,666,liboqs,gateway
ECDSA,sign,574617,0.574617,0.72,0.0,256,64,64,667,liboqs,gateway
ECDSA,sign,599615,0.599615,0.72,0.0,256,64,64,668,liboqs,gateway
ECDSA,sign,621392,0.621392,0.72,0.0,256,64,64,669,liboqs,gateway
ECDSA,sign,581914,0.581914,0.71,0.0,256,64,64,670,liboqs,gateway
ECDSA,sign,591068,0.591068,0.72,0.0,256,64,64,671,liboqs,gateway
ECDSA,sign,575737,0.575737,0.72,0.0,256,64,64,672,liboqs,gateway
ECDSA,sign,588367,0.588367,0.72,0.0,256,64,64,673,liboqs,gateway
ECDSA,sign,592503,0.592503,0.71,0.0,256,64,64,674,liboqs,gateway
ECDSA,sign,573886,0.573886,0.71,0.0,256,64,64,675,liboqs,gateway
ECDSA,sign,595238,0.595238,0.71,0.0,256,64,64,676,liboqs,gateway
ECDSA,sign,589889,0.589889,0.72,0.0,256,64,64,677,liboqs,gateway
ECDSA,sign,583386,0.583386,0.72,0.0,256,64,64,678,liboqs,gateway
ECDSA,sign,572743,0.572743,0.72,0.0,256,64,64,679,liboqs,gateway
ECDSA,sign,724006,0.724006,0.71,0.0,256,64,64,680,liboqs,gateway
ECDSA,sign,735419,0.735419,0.72,0.0,256,64,64,681,liboqs,gateway
ECDSA,sign,728999,0.728999,0.72,0.0,256,64,64,682,liboqs,gateway
ECDSA,sign,577097,0.577097,0.71,0.0,256,64,64,683,liboqs,gateway
ECDSA,sign,584826,0.584826,0.72,0.0,256,64,64,684,liboqs,gateway
ECDSA,sign,657224,0.657224,0.72,0.0,256,64,64,685,liboqs,gateway
ECDSA,sign,580020,0.58002,0.72,0.0,256,64,64,686,liboqs,gateway
ECDSA,sign,573594,0.573594,0.71,0.0,256,64,64,687,liboqs,gateway
ECDSA,sign,585933,0.585933,0.71,0.0,256,64,64,688,liboqs,gateway
ECDSA,sign,574539,0.574539,0.71,0.0,256,64,64,689,liboqs,gateway
ECDSA,sign,598670,0.59867,0.71,0.0,256,64,64,690,liboqs,gateway
ECDSA,sign,596645,0.596645,0.72,0.0,256,64,64,691,liboqs,gateway
ECDSA,sign,575481,0.575481,0.72,0.0,256,64,64,692,liboqs,gateway
ECDSA,sign,589049,0.589049,0.72,0.0,256,64,64,693,liboqs,gateway
ECDSA,sign,636522,0.636522,0.72,0.0,256,64,64,694,liboqs,gateway
ECDSA,sign,645529,0.645529,0.71,0.0,256,64,64,695,liboqs,gateway
ECDSA,sign,590267,0.590267,0.71,0.0,256,64,64,696,liboqs,gateway
ECDSA,sign,608248,0.608248,0.71,0.0,256,64,64,697,liboqs,gateway
ECDSA,sign,584878,0.584878,0.71,0.0,256,64,64,698,liboqs,gateway
ECDSA,sign,612726,0.612726,0.72,0.0,256,64,64,699,liboqs,gateway
ECDSA,sign,595146,0.595146,0.71,0.0,256,64,64,700,liboqs,gateway
ECDSA,sign,597826,0.597826,0.71,0.0,256,64,64,701,liboqs,gateway
ECDSA,sign,575991,0.575991,0.71,0.0,256,64,64,702,liboqs,gateway
ECDSA,sign,574509,0.574509,0.72,0.0,256,64,64,703,liboqs,gateway
ECDSA,sign,598841,0.598841,0.71,0.0,256,64,64,704,liboqs,gateway
ECDSA,sign,580736,0.580736,0.71,0.0,256,64,64,705,liboqs,gateway
ECDSA,sign,576668,0.576668,0.72,0.0,256,64,64,706,liboqs,gateway
ECDSA,sign,733694,0.733694,0.72,0.0,256,64,64,707,liboqs,gateway
ECDSA,sign,619468,0.619468,0.71,0.0,256,64,64,708,liboqs,gateway
ECDSA,sign,578259,0.578259,0.72,0.0,256,64,64,709,liboqs,gateway
ECDSA,sign,600498,0.600498,0.71,0.0,256,64,64,710,liboqs,gateway
ECDSA,sign,581440,0.58144,0.71,0.0,256,64,64,711,liboqs,gateway
ECDSA,sign,596607,0.596607,0.71,0.0,256,64,64,712,liboqs,gateway
ECDSA,sign,580209,0.580209,0.72,0.0,256,64,64,713,liboqs,gateway
ECDSA,sign,608169,0.608169,0.72,0.0,256,64,64,714,liboqs,gateway
ECDSA,sign,575942,0.575942,0.72,0.0,256,64,64,715,liboqs,gateway
ECDSA,sign,574004,0.574004,0.71,0.0,256,64,64,716,liboqs,gateway
ECDSA,sign,591596,0.591596,0.72,0.0,256,64,64,717,liboqs,gateway
ECDSA,sign,573958,0.573958,0.72,0.0,256,64,64,718,liboqs,gateway
ECDSA,sign,572855,0.572855,0.72,0.0,256,64,64,719,liboqs,gateway
ECDSA,sign,572549,0.572549,0.71,0.0,256,64,64,720,liboqs,gateway
ECDSA,sign,608308,0.608308,0.71,0.0,256,64,64,721,liboqs,gateway
ECDSA,sign,583361,0.583361,0.72,0.0,256,64,64,722,liboqs,gateway
ECDSA,sign,581694,0.581694,0.71,0.0,256,64,64,723,liboqs,gateway
ECDSA,sign,592454,0.592454,0.71,0.0,256,64,64,724,liboqs,gateway
ECDSA,sign,576680,0.57668,0.72,0.0,256,64,64,725,liboqs,gateway
ECDSA,sign,573420,0.57342,0.71,0.0,256,64,64,726,liboqs,gateway
ECDSA,sign,653143,0.653143,0.71,0.0,256,64,64,727,liboqs,gateway
ECDSA,sign,580620,0.58062,0.71,0.0,256,64,64,728,liboqs,gateway
ECDSA,sign,573089,0.573089,0.72,0.0,256,64,64,729,liboqs,gateway
ECDSA,sign,582026,0.582026,0.72,0.0,256,64,64,730,liboqs,gateway
ECDSA,sign,586787,0.586787,0.72,0.0,256,64,64,731,liboqs,gateway
ECDSA,sign,571690,0.57169,0.72,0.0,256,64,64,732,liboqs,gateway
ECDSA,sign,594870,0.59487,0.72,0.0,256,64,64,733,liboqs,gateway
ECDSA,sign,579046,0.579046,0.71,0.0,256,64,64,734,liboqs,gateway
ECDSA,sign,572393,0.572393,0.71,0.0,256,64,64,735,liboqs,gateway
ECDSA,sign,601029,0.601029,0.71,0.0,256,64,64,736,liboqs,gateway
ECDSA,sign,598304,0.598304,0.72,0.0,256,64,64,737,liboqs,gateway
ECDSA,sign,580035,0.580035,0.71,0.0,256,64,64,738,liboqs,gateway
ECDSA,sign,590719,0.590719,0.71,0.0,256,64,64,739,liboqs,gateway
ECDSA,sign,577309,0.577309,0.71,0.0,256,64,64,740,liboqs,gateway
ECDSA,sign,576275,0.576275,0.71,0.0,256,64,64,741,liboqs,gateway
ECDSA,sign,586324,0.586324,0.72,0.0,256,64,64,742,liboqs,gateway
ECDSA,sign,585036,0.585036,0.72,0.0,256,64,64,743,liboqs,gateway
ECDSA,sign,588255,0.588255,0.71,0.0,256,64,64,744,liboqs,gateway
ECDSA,sign,593736,0.593736,0.71,0.0,256,64,64,745,liboqs,gateway
ECDSA,sign,575027,0.575027,0.71,0.0,256,64,64,746,liboqs,gateway
ECDSA,sign,571517,0.571517,0.71,0.0,256,64,64,747,liboqs,gateway
ECDSA,sign,584154,0.584154,0.72,0.0,256,64,64,748,liboqs,gateway
ECDSA,sign,582032,0.582032,0.71,0.0,256,64,64,749,liboqs,gateway
ECDSA,sign,608618,0.608618,0.72,0.0,256,64,64,750,liboqs,gateway
ECDSA,sign,646349,0.646349,0.72,0.0,256,64,64,751,liboqs,gateway
ECDSA,sign,590122,0.590122,0.71,0.0,256,64,64,752,liboqs,gateway
ECDSA,sign,737204,0.737204,0.71,0.0,256,64,64,753,liboqs,gateway
ECDSA,sign,640927,0.640927,0.72,0.0,256,64,64,754,liboqs,gateway
ECDSA,sign,585630,0.58563,0.71,0.0,256,64,64,755,liboqs,gateway
ECDSA,sign,596362,0.596362,0.71,0.0,256,64,64,756,liboqs,gateway
ECDSA,sign,652891,0.652891,0.72,0.0,256,64,64,757,liboqs,gateway
ECDSA,sign,598502,0.598502,0.72,0.0,256,64,64,758,liboqs,gateway
ECDSA,sign,620290,0.62029,0.72,0.0,256,64,64,759,liboqs,gateway
ECDSA,sign,583370,0.58337,0.71,0.0,256,64,64,760,liboqs,gateway
ECDSA,sign,596391,0.596391,0.72,0.0,256,64,64,761,liboqs,gateway
ECDSA,sign,591466,0.591466,0.71,0.0,256,64,64,762,liboqs,gateway
ECDSA,sign,584386,0.584386,0.72,0.0,256,64,64,763,liboqs,gateway
ECDSA,sign,612365,0.612365,0.71,0.0,256,64,64,764,liboqs,gateway
ECDSA,sign,620953,0.620953,0.72,0.0,256,64,64,765,liboqs,gateway
ECDSA,sign,612812,0.612812,0.72,0.0,256,64,64,766,liboqs,gateway
ECDSA,sign,600296,0.600296,0.71,0.0,256,64,64,767,liboqs,gateway
ECDSA,sign,582341,0.582341,0.72,0.0,256,64,64,768,liboqs,gateway
ECDSA,sign,597587,0.597587,0.72,0.0,256,64,64,769,liboqs,gateway
ECDSA,sign,606060,0.60606,0.72,0.0,256,64,64,770,liboqs,gateway
ECDSA,sign,592212,0.592212,0.72,0.0,256,64,64,771,liboqs,gateway
ECDSA,sign,590016,0.590016,0.71,0.0,256,64,64,772,liboqs,gateway
ECDSA,sign,582459,0.582459,0.72,0.0,256,64,64,773,liboqs,gateway
ECDSA,sign,604053,0.604053,0.71,0.0,256,64,64,774,liboqs,gateway
ECDSA,sign,582971,0.582971,0.72,0.0,256,64,64,775,liboqs,gateway
ECDSA,sign,624883,0.624883,0.72,0.0,256,64,64,776,liboqs,gateway
ECDSA,sign,600030,0.60003,0.71,0.0,256,64,64,777,liboqs,gateway
ECDSA,sign,603363,0.603363,0.72,0.0,256,64,64,778,liboqs,gateway
ECDSA,sign,591185,0.591185,0.72,0.0,256,64,64,779,liboqs,gateway
ECDSA,sign,693801,0.693801,0.71,0.0,256,64,64,780,liboqs,gateway
ECDSA,sign,593741,0.593741,0.71,0.0,256,64,64,781,liboqs,gateway
ECDSA,sign,577973,0.577973,0.72,0.0,256,64,64,782,liboqs,gateway
ECDSA,sign,606550,0.60655,0.72,0.0,256,64,64,783,liboqs,gateway
ECDSA,sign,595681,0.595681,0.71,0.0,256,64,64,784,liboqs,gateway
ECDSA,sign,591730,0.59173,0.72,0.0,256,64,64,785,liboqs,gateway
ECDSA,sign,596335,0.596335,0.72,0.0,256,64,64,786,liboqs,gateway
ECDSA,sign,588400,0.5884,0.72,0.0,256,64,64,787,liboqs,gateway
ECDSA,sign,606259,0.606259,0.72,0.0,256,64,64,788,liboqs,gateway
ECDSA,sign,612589,0.612589,0.71,0.0,256,64,64,789,liboqs,gateway
ECDSA,sign,589496,0.589496,0.72,0.0,256,64,64,790,liboqs,gateway
ECDSA,sign,697942,0.697942,0.71,0.0,256,64,64,791,liboqs,gateway
ECDSA,sign,845076,0.845076,0.71,0.0,256,64,64,792,liboqs,gateway
ECDSA,sign,651508,0.651508,0.71,0.0,256,64,64,793,liboqs,gateway
ECDSA,sign,598622,0.598622,0.71,0.0,256,64,64,794,liboqs,gateway
ECDSA,sign,577859,0.577859,0.72,0.0,256,64,64,795,liboqs,gateway
ECDSA,sign,591175,0.591175,0.71,0.0,256,64,64,796,liboqs,gateway
ECDSA,sign,593721,0.593721,0.72,0.0,256,64,64,797,liboqs,gateway
ECDSA,sign,579299,0.579299,0.72,0.0,256,64,64,798,liboqs,gateway
ECDSA,sign,585485,0.585485,0.71,0.0,256,64,64,799,liboqs,gateway
ECDSA,sign,593309,0.593309,0.71,0.0,256,64,64,800,liboqs,gateway
ECDSA,sign,576336,0.576336,0.72,0.0,256,64,64,801,liboqs,gateway
ECDSA,sign,579427,0.579427,0.72,0.0,256,64,64,802,liboqs,gateway
ECDSA,sign,598321,0.598321,0.72,0.0,256,64,64,803,liboqs,gateway
ECDSA,sign,581985,0.581985,0.71,0.0,256,64,64,804,liboqs,gateway
ECDSA,sign,670241,0.670241,0.72,0.0,256,64,64,805,liboqs,gateway
ECDSA,sign,623177,0.623177,0.72,0.0,256,64,64,806,liboqs,gateway
ECDSA,sign,587780,0.58778,0.71,0.0,256,64,64,807,liboqs,gateway
ECDSA,sign,578295,0.578295,0.71,0.0,256,64,64,808,liboqs,gateway
ECDSA,sign,574010,0.57401,0.72,0.0,256,64,64,809,liboqs,gateway
ECDSA,sign,597442,0.597442,0.71,0.0,256,64,64,810,liboqs,gateway
ECDSA,sign,596850,0.59685,0.72,0.0,256,64,64,811,liboqs,gateway
ECDSA,sign,585833,0.585833,0.71,0.0,256,64,64,812,liboqs,gateway
ECDSA,sign,581110,0.58111,0.72,0.0,256,64,64,813,liboqs,gateway
ECDSA,sign,574493,0.574493,0.72,0.0,256,64,64,814,liboqs,gateway
ECDSA,sign,573489,0.573489,0.71,0.0,256,64,64,815,liboqs,gateway
ECDSA,sign,598957,0.598957,0.72,0.0,256,64,64,816,liboqs,gateway
ECDSA,sign,583016,0.583016,0.71,0.0,256,64,64,817,liboqs,gateway
ECDSA,sign,923470,0.92347,0.71,0.0,256,64,64,818,liboqs,gateway
ECDSA,sign,750783,0.750783,0.71,0.0,256,64,64,819,liboqs,gateway
ECDSA,sign,686293,0.686293,0.72,0.0,256,64,64,820,liboqs,gateway
ECDSA,sign,605862,0.605862,0.71,0.0,256,64,64,821,liboqs,gateway
ECDSA,sign,628143,0.628143,0.71,0.0,256,64,64,822,liboqs,gateway
ECDSA,sign,581391,0.581391,0.71,0.0,256,64,64,823,liboqs,gateway
ECDSA,sign,579108,0.579108,0.71,0.0,256,64,64,824,liboqs,gateway
ECDSA,sign,663228,0.663228,0.72,0.0,256,64,64,825,liboqs,gateway
ECDSA,sign,613555,0.613555,0.72,0.0,256,64,64,826,liboqs,gateway
ECDSA,sign,581789,0.581789,0.72,0.0,256,64,64,827,liboqs,gateway
ECDSA,sign,594813,0.594813,0.71,0.0,256,64,64,828,liboqs,gateway
ECDSA,sign,593734,0.593734,0.71,0.0,256,64,64,829,liboqs,gateway
ECDSA,sign,577931,0.577931,0.72,0.0,256,64,64,830,liboqs,gateway
ECDSA,sign,575508,0.575508,0.72,0.0,256,64,64,831,liboqs,gateway
ECDSA,sign,673260,0.67326,0.71,0.0,256,64,64,832,liboqs,gateway
ECDSA,sign,578471,0.578471,0.71,0.0,256,64,64,833,liboqs,gateway
ECDSA,sign,588518,0.588518,0.71,0.0,256,64,64,834,liboqs,gateway
ECDSA,sign,608474,0.608474,0.71,0.0,256,64,64,835,liboqs,gateway
ECDSA,sign,586159,0.586159,0.72,0.0,256,64,64,836,liboqs,gateway
ECDSA,sign,599239,0.599239,0.71,0.0,256,64,64,837,liboqs,gateway
ECDSA,sign,584077,0.584077,0.72,0.0,256,64,64,838,liboqs,gateway
ECDSA,sign,585493,0.585493,0.72,0.0,256,64,64,839,liboqs,gateway
ECDSA,sign,663220,0.66322,0.71,0.0,256,64,64,840,liboqs,gateway
ECDSA,sign,587027,0.587027,0.72,0.0,256,64,64,841,liboqs,gateway
ECDSA,sign,592702,0.592702,0.71,0.0,256,64,64,842,liboqs,gateway
ECDSA,sign,593399,0.593399,0.71,0.0,256,64,64,843,liboqs,gateway
ECDSA,sign,763235,0.763235,0.72,0.0,256,64,64,844,liboqs,gateway
ECDSA,sign,595426,0.595426,0.71,0.0,256,64,64,845,liboqs,gateway
ECDSA,sign,833309,0.833309,0.71,0.0,256,64,64,846,liboqs,gateway
ECDSA,sign,742957,0.742957,0.72,0.0,256,64,64,847,liboqs,gateway
ECDSA,sign,638133,0.638133,0.71,0.0,256,64,64,848,liboqs,gateway
ECDSA,sign,589427,0.589427,0.71,0.0,256,64,64,849,liboqs,gateway
ECDSA,sign,578338,0.578338,0.72,0.0,256,64,64,850,liboqs,gateway
ECDSA,sign,596071,0.596071,0.72,0.0,256,64,64,851,liboqs,gateway
ECDSA,sign,597576,0.597576,0.72,0.0,256,64,64,852,liboqs,gateway
ECDSA,sign,656601,0.656601,0.72,0.0,256,64,64,853,liboqs,gateway
ECDSA,sign,712022,0.712022,0.72,0.0,256,64,64,854,liboqs,gateway
ECDSA,sign,647374,0.647374,0.72,0.0,256,64,64,855,liboqs,gateway
ECDSA,sign,747907,0.747907,0.72,0.0,256,64,64,856,liboqs,gateway
ECDSA,sign,596596,0.596596,0.71,0.0,256,64,64,857,liboqs,gateway
ECDSA,sign,599681,0.599681,0.71,0.0,256,64,64,858,liboqs,gateway
ECDSA,sign,791403,0.791403,0.71,0.0,256,64,64,859,liboqs,gateway
ECDSA,sign,594043,0.594043,0.72,0.0,256,64,64,860,liboqs,gateway
ECDSA,sign,576858,0.576858,0.72,0.0,256,64,64,861,liboqs,gateway
ECDSA,sign,598648,0.598648,0.71,0.0,256,64,64,862,liboqs,gateway
ECDSA,sign,578083,0.578083,0.72,0.0,256,64,64,863,liboqs,gateway
ECDSA,sign,658355,0.658355,0.71,0.0,256,64,64,864,liboqs,gateway
ECDSA,sign,591560,0.59156,0.71,0.0,256,64,64,865,liboqs,gateway
ECDSA,sign,583504,0.583504,0.72,0.0,256,64,64,866,liboqs,gateway
ECDSA,sign,591506,0.591506,0.72,0.0,256,64,64,867,liboqs,gateway
ECDSA,sign,600665,0.600665,0.71,0.0,256,64,64,868,liboqs,gateway
ECDSA,sign,589431,0.589431,0.71,0.0,256,64,64,869,liboqs,gateway
ECDSA,sign,734676,0.734676,0.72,0.0,256,64,64,870,liboqs,gateway
ECDSA,sign,687753,0.687753,0.72,0.0,256,64,64,871,liboqs,gateway
ECDSA,sign,626171,0.626171,0.72,0.0,256,64,64,872,liboqs,gateway
ECDSA,sign,604102,0.604102,0.71,0.0,256,64,64,873,liboqs,gateway
ECDSA,sign,591967,0.591967,0.71,0.0,256,64,64,874,liboqs,gateway
ECDSA,sign,577530,0.57753,0.71,0.0,256,64,64,875,liboqs,gateway
ECDSA,sign,574815,0.574815,0.71,0.0,256,64,64,876,liboqs,gateway
ECDSA,sign,591938,0.591938,0.71,0.0,256,64,64,877,liboqs,gateway
ECDSA,sign,578979,0.578979,0.72,0.0,256,64,64,878,liboqs,gateway
ECDSA,sign,734439,0.734439,0.71,0.0,256,64,64,879,liboqs,gateway
ECDSA,sign,610579,0.610579,0.72,0.0,256,64,64,880,liboqs,gateway
ECDSA,sign,597367,0.597367,0.72,0.0,256,64,64,881,liboqs,gateway
ECDSA,sign,581306,0.581306,0.72,0.0,256,64,64,882,liboqs,gateway
ECDSA,sign,576453,0.576453,0.72,0.0,256,64,64,883,liboqs,gateway
ECDSA,sign,577494,0.577494,0.71,0.0,256,64,64,884,liboqs,gateway
ECDSA,sign,591520,0.59152,0.72,0.0,256,64,64,885,liboqs,gateway
ECDSA,sign,583221,0.583221,0.72,0.0,256,64,64,886,liboqs,gateway
ECDSA,sign,575892,0.575892,0.71,0.0,256,64,64,887,liboqs,gateway
ECDSA,sign,583179,0.583179,0.71,0.0,256,64,64,888,liboqs,gateway
ECDSA,sign,578878,0.578878,0.72,0.0,256,64,64,889,liboqs,gateway
ECDSA,sign,574183,0.574183,0.71,0.0,256,64,64,890,liboqs,gateway
ECDSA,sign,577278,0.577278,0.72,0.0,256,64,64,891,liboqs,gateway
ECDSA,sign,592187,0.592187,0.71,0.0,256,64,64,892,liboqs,gateway
ECDSA,sign,592360,0.59236,0.71,0.0,256,64,64,893,liboqs,gateway
ECDSA,sign,575425,0.575425,0.71,0.0,256,64,64,894,liboqs,gateway
ECDSA,sign,592393,0.592393,0.72,0.0,256,64,64,895,liboqs,gateway
ECDSA,sign,581193,0.581193,0.72,0.0,256,64,64,896,liboqs,gateway
ECDSA,sign,573439,0.573439,0.71,0.0,256,64,64,897,liboqs,gateway
ECDSA,sign,585148,0.585148,0.71,0.0,256,64,64,898,liboqs,gateway
ECDSA,sign,574104,0.574104,0.72,0.0,256,64,64,899,liboqs,gateway
ECDSA,sign,581051,0.581051,0.71,0.0,256,64,64,900,liboqs,gateway
ECDSA,sign,600401,0.600401,0.72,0.0,256,64,64,901,liboqs,gateway
ECDSA,sign,572749,0.572749,0.72,0.0,256,64,64,902,liboqs,gateway
ECDSA,sign,571700,0.5717,0.71,0.0,256,64,64,903,liboqs,gateway
ECDSA,sign,591959,0.591959,0.71,0.0,256,64,64,904,liboqs,gateway
ECDSA,sign,609032,0.609032,0.71,0.0,256,64,64,905,liboqs,gateway
ECDSA,sign,586783,0.586783,0.71,0.0,256,64,64,906,liboqs,gateway
ECDSA,sign,605598,0.605598,0.72,0.0,256,64,64,907,liboqs,gateway
ECDSA,sign,573999,0.573999,0.71,0.0,256,64,64,908,liboqs,gateway
ECDSA,sign,582963,0.582963,0.72,0.0,256,64,64,909,liboqs,gateway
ECDSA,sign,577609,0.577609,0.72,0.0,256,64,64,910,liboqs,gateway
ECDSA,sign,577323,0.577323,0.72,0.0,256,64,64,911,liboqs,gateway
ECDSA,sign,579570,0.57957,0.71,0.0,256,64,64,912,liboqs,gateway
ECDSA,sign,587206,0.587206,0.72,0.0,256,64,64,913,liboqs,gateway
ECDSA,sign,579415,0.579415,0.71,0.0,256,64,64,914,liboqs,gateway
ECDSA,sign,582181,0.582181,0.71,0.0,256,64,64,915,liboqs,gateway
ECDSA,sign,591134,0.591134,0.72,0.0,256,64,64,916,liboqs,gateway
ECDSA,sign,579224,0.579224,0.72,0.0,256,64,64,917,liboqs,gateway
ECDSA,sign,582241,0.582241,0.72,0.0,256,64,64,918,liboqs,gateway
ECDSA,sign,577650,0.57765,0.72,0.0,256,64,64,919,liboqs,gateway
ECDSA,sign,580202,0.580202,0.72,0.0,256,64,64,920,liboqs,gateway
ECDSA,sign,589007,0.589007,0.71,0.0,256,64,64,921,liboqs,gateway
ECDSA,sign,577103,0.577103,0.71,0.0,256,64,64,922,liboqs,gateway
ECDSA,sign,648679,0.648679,0.72,0.0,256,64,64,923,liboqs,gateway
ECDSA,sign,577644,0.577644,0.72,0.0,256,64,64,924,liboqs,gateway
ECDSA,sign,591060,0.59106,0.72,0.0,256,64,64,925,liboqs,gateway
ECDSA,sign,574416,0.574416,0.71,0.0,256,64,64,926,liboqs,gateway
ECDSA,sign,596252,0.596252,0.72,0.0,256,64,64,927,liboqs,gateway
ECDSA,sign,597326,0.597326,0.72,0.0,256,64,64,928,liboqs,gateway
ECDSA,sign,584675,0.584675,0.71,0.0,256,64,64,929,liboqs,gateway
ECDSA,sign,615343,0.615343,0.72,0.0,256,64,64,930,liboqs,gateway
ECDSA,sign,588507,0.588507,0.71,0.0,256,64,64,931,liboqs,gateway
ECDSA,sign,585030,0.58503,0.71,0.0,256,64,64,932,liboqs,gateway
ECDSA,sign,577751,0.577751,0.71,0.0,256,64,64,933,liboqs,gateway
ECDSA,sign,597812,0.597812,0.72,0.0,256,64,64,934,liboqs,gateway
ECDSA,sign,582666,0.582666,0.72,0.0,256,64,64,935,liboqs,gateway
ECDSA,sign,577880,0.57788,0.72,0.0,256,64,64,936,liboqs,gateway
ECDSA,sign,575076,0.575076,0.71,0.0,256,64,64,937,liboqs,gateway
ECDSA,sign,589704,0.589704,0.71,0.0,256,64,64,938,liboqs,gateway
ECDSA,sign,591750,0.59175,0.71,0.0,256,64,64,939,liboqs,gateway
ECDSA,sign,576093,0.576093,0.72,0.0,256,64,64,940,liboqs,gateway
ECDSA,sign,593956,0.593956,0.71,0.0,256,64,64,941,liboqs,gateway
ECDSA,sign,579848,0.579848,0.71,0.0,256,64,64,942,liboqs,gateway
ECDSA,sign,575349,0.575349,0.72,0.0,256,64,64,943,liboqs,gateway
ECDSA,sign,577072,0.577072,0.72,0.0,256,64,64,944,liboqs,gateway
ECDSA,sign,589661,0.589661,0.72,0.0,256,64,64,945,liboqs,gateway
ECDSA,sign,575369,0.575369,0.72,0.0,256,64,64,946,liboqs,gateway
ECDSA,sign,577381,0.577381,0.71,0.0,256,64,64,947,liboqs,gateway
ECDSA,sign,596654,0.596654,0.71,0.0,256,64,64,948,liboqs,gateway
ECDSA,sign,584741,0.584741,0.71,0.0,256,64,64,949,liboqs,gateway
ECDSA,sign,574638,0.574638,0.71,0.0,256,64,64,950,liboqs,gateway
ECDSA,sign,587522,0.587522,0.71,0.0,256,64,64,951,liboqs,gateway
ECDSA,sign,575190,0.57519,0.72,0.0,256,64,64,952,liboqs,gateway
ECDSA,sign,571367,0.571367,0.72,0.0,256,64,64,953,liboqs,gateway
ECDSA,sign,589750,0.58975,0.71,0.0,256,64,64,954,liboqs,gateway
ECDSA,sign,578339,0.578339,0.71,0.0,256,64,64,955,liboqs,gateway
ECDSA,sign,572860,0.57286,0.72,0.0,256,64,64,956,liboqs,gateway
ECDSA,sign,586364,0.586364,0.72,0.0,256,64,64,957,liboqs,gateway
ECDSA,sign,585823,0.585823,0.71,0.0,256,64,64,958,liboqs,gateway
ECDSA,sign,582948,0.582948,0.71,0.0,256,64,64,959,liboqs,gateway
ECDSA,sign,588803,0.588803,0.72,0.0,256,64,64,960,liboqs,gateway
ECDSA,sign,585843,0.585843,0.71,0.0,256,64,64,961,liboqs,gateway
ECDSA,sign,575447,0.575447,0.71,0.0,256,64,64,962,liboqs,gateway
ECDSA,sign,585848,0.585848,0.72,0.0,256,64,64,963,liboqs,gateway
ECDSA,sign,584910,0.58491,0.71,0.0,256,64,64,964,liboqs,gateway
ECDSA,sign,574547,0.574547,0.72,0.0,256,64,64,965,liboqs,gateway
ECDSA,sign,586147,0.586147,0.72,0.0,256,64,64,966,liboqs,gateway
ECDSA,sign,588172,0.588172,0.72,0.0,256,64,64,967,liboqs,gateway
ECDSA,sign,602417,0.602417,0.72,0.0,256,64,64,968,liboqs,gateway
ECDSA,sign,582680,0.58268,0.71,0.0,256,64,64,969,liboqs,gateway
ECDSA,sign,579235,0.579235,0.71,0.0,256,64,64,970,liboqs,gateway
ECDSA,sign,574198,0.574198,0.72,0.0,256,64,64,971,liboqs,gateway
ECDSA,sign,582513,0.582513,0.71,0.0,256,64,64,972,liboqs,gateway
ECDSA,sign,586293,0.586293,0.71,0.0,256,64,64,973,liboqs,gateway
ECDSA,sign,588607,0.588607,0.71,0.0,256,64,64,974,liboqs,gateway
ECDSA,sign,587032,0.587032,0.71,0.0,256,64,64,975,liboqs,gateway
ECDSA,sign,590109,0.590109,0.72,0.0,256,64,64,976,liboqs,gateway
ECDSA,sign,587483,0.587483,0.72,0.0,256,64,64,977,liboqs,gateway
ECDSA,sign,577223,0.577223,0.72,0.0,256,64,64,978,liboqs,gateway
ECDSA,sign,593112,0.593112,0.72,0.0,256,64,64,979,liboqs,gateway
ECDSA,sign,573522,0.573522,0.71,0.0,256,64,64,980,liboqs,gateway
ECDSA,sign,570661,0.570661,0.72,0.0,256,64,64,981,liboqs,gateway
ECDSA,sign,593316,0.593316,0.72,0.0,256,64,64,982,liboqs,gateway
ECDSA,sign,694576,0.694576,0.72,0.0,256,64,64,983,liboqs,gateway
ECDSA,sign,596281,0.596281,0.72,0.0,256,64,64,984,liboqs,gateway
ECDSA,sign,744029,0.744029,0.72,0.0,256,64,64,985,liboqs,gateway
ECDSA,sign,598164,0.598164,0.72,0.0,256,64,64,986,liboqs,gateway
ECDSA,sign,678032,0.678032,0.71,0.0,256,64,64,987,liboqs,gateway
ECDSA,sign,600061,0.600061,0.71,0.0,256,64,64,988,liboqs,gateway
ECDSA,sign,594185,0.594185,0.71,0.0,256,64,64,989,liboqs,gateway
ECDSA,sign,583843,0.583843,0.72,0.0,256,64,64,990,liboqs,gateway
ECDSA,sign,574045,0.574045,0.72,0.0,256,64,64,991,liboqs,gateway
ECDSA,sign,590653,0.590653,0.71,0.0,256,64,64,992,liboqs,gateway
ECDSA,sign,573516,0.573516,0.71,0.0,256,64,64,993,liboqs,gateway
ECDSA,sign,593488,0.593488,0.72,0.0,256,64,64,994,liboqs,gateway
ECDSA,sign,600611,0.600611,0.71,0.0,256,64,64,995,liboqs,gateway
ECDSA,sign,575208,0.575208,0.72,0.0,256,64,64,996,liboqs,gateway
ECDSA,sign,571532,0.571532,0.71,0.0,256,64,64,997,liboqs,gateway
ECDSA,sign,586902,0.586902,0.72,0.0,256,64,64,998,liboqs,gateway
ECDSA,sign,573169,0.573169,0.72,0.0,256,64,64,999,liboqs,gateway
ECDSA,verify,227008,0.227008,1.05,0.0,256,64,64,0,liboqs,gateway
ECDSA,verify,246356,0.246356,0.99,0.0,256,64,64,1,liboqs,gateway
ECDSA,verify,213755,0.213755,0.99,0.0,256,64,64,2,liboqs,gateway
ECDSA,verify,218070,0.21807,1.73,0.0,256,64,64,3,liboqs,gateway
ECDSA,verify,215256,0.215256,0.99,0.0,256,64,64,4,liboqs,gateway
ECDSA,verify,208185,0.208185,0.99,0.0,256,64,64,5,liboqs,gateway
ECDSA,verify,203275,0.203275,0.99,0.0,256,64,64,6,liboqs,gateway
ECDSA,verify,205396,0.205396,0.99,0.0,256,64,64,7,liboqs,gateway
ECDSA,verify,208723,0.208723,0.99,0.0,256,64,64,8,liboqs,gateway
ECDSA,verify,209488,0.209488,0.99,0.0,256,64,64,9,liboqs,gateway
ECDSA,verify,202276,0.202276,0.99,0.0,256,64,64,10,liboqs,gateway
ECDSA,verify,202427,0.202427,0.99,0.0,256,64,64,11,liboqs,gateway
ECDSA,verify,213843,0.213843,0.99,0.0,256,64,64,12,liboqs,gateway
ECDSA,verify,204136,0.204136,0.99,0.0,256,64,64,13,liboqs,gateway
ECDSA,verify,202673,0.202673,0.99,0.0,256,64,64,14,liboqs,gateway
ECDSA,verify,202284,0.202284,0.99,0.0,256,64,64,15,liboqs,gateway
ECDSA,verify,204838,0.204838,0.99,0.0,256,64,64,16,liboqs,gateway
ECDSA,verify,207503,0.207503,0.99,0.0,256,64,64,17,liboqs,gateway
ECDSA,verify,203047,0.203047,0.99,0.0,256,64,64,18,liboqs,gateway
ECDSA,verify,202059,0.202059,0.99,0.0,256,64,64,19,liboqs,gateway
ECDSA,verify,211800,0.2118,0.99,0.0,256,64,64,20,liboqs,gateway
ECDSA,verify,210029,0.210029,0.99,0.0,256,64,64,21,liboqs,gateway
ECDSA,verify,202763,0.202763,0.99,0.0,256,64,64,22,liboqs,gateway
ECDSA,verify,207823,0.207823,0.99,0.0,256,64,64,23,liboqs,gateway
ECDSA,verify,205321,0.205321,0.99,0.0,256,64,64,24,liboqs,gateway
ECDSA,verify,201984,0.201984,0.99,0.0,256,64,64,25,liboqs,gateway
ECDSA,verify,202454,0.202454,0.99,0.0,256,64,64,26,liboqs,gateway
ECDSA,verify,200739,0.200739,0.99,0.0,256,64,64,27,liboqs,gateway
ECDSA,verify,200917,0.200917,0.99,0.0,256,64,64,28,liboqs,gateway
ECDSA,verify,200354,0.200354,0.99,0.0,256,64,64,29,liboqs,gateway
ECDSA,verify,341372,0.341372,0.99,0.0,256,64,64,30,liboqs,gateway
ECDSA,verify,213107,0.213107,0.99,0.0,256,64,64,31,liboqs,gateway
ECDSA,verify,213299,0.213299,0.99,0.0,256,64,64,32,liboqs,gateway
ECDSA,verify,207773,0.207773,0.99,0.0,256,64,64,33,liboqs,gateway
ECDSA,verify,203214,0.203214,0.99,0.0,256,64,64,34,liboqs,gateway
ECDSA,verify,234840,0.23484,0.99,0.0,256,64,64,35,liboqs,gateway
ECDSA,verify,210600,0.2106,0.99,0.0,256,64,64,36,liboqs,gateway
ECDSA,verify,214006,0.214006,0.99,0.0,256,64,64,37,liboqs,gateway
ECDSA,verify,208917,0.208917,0.99,0.0,256,64,64,38,liboqs,gateway
ECDSA,verify,202999,0.202999,0.99,0.0,256,64,64,39,liboqs,gateway
ECDSA,verify,201643,0.201643,0.99,0.0,256,64,64,40,liboqs,gateway
ECDSA,verify,200423,0.200423,0.99,0.0,256,64,64,41,liboqs,gateway
ECDSA,verify,208205,0.208205,0.99,0.0,256,64,64,42,liboqs,gateway
ECDSA,verify,204158,0.204158,0.99,0.0,256,64,64,43,liboqs,gateway
ECDSA,verify,201299,0.201299,0.99,0.0,256,64,64,44,liboqs,gateway
ECDSA,verify,202430,0.20243,0.99,0.0,256,64,64,45,liboqs,gateway
ECDSA,verify,200984,0.200984,0.99,0.0,256,64,64,46,liboqs,gateway
ECDSA,verify,210994,0.210994,0.99,0.0,256,64,64,47,liboqs,gateway
ECDSA,verify,208792,0.208792,0.99,0.0,256,64,64,48,liboqs,gateway
ECDSA,verify,203637,0.203637,0.99,0.0,256,64,64,49,liboqs,gateway
ECDSA,verify,203135,0.203135,0.99,0.0,256,64,64,50,liboqs,gateway
ECDSA,verify,201150,0.20115,0.99,0.0,256,64,64,51,liboqs,gateway
ECDSA,verify,200818,0.200818,0.99,0.0,256,64,64,52,liboqs,gateway
ECDSA,verify,203484,0.203484,0.99,0.0,256,64,64,53,liboqs,gateway
ECDSA,verify,199689,0.199689,0.99,0.0,256,64,64,54,liboqs,gateway
ECDSA,verify,210303,0.210303,0.99,0.0,256,64,64,55,liboqs,gateway
ECDSA,verify,208956,0.208956,0.99,0.0,256,64,64,56,liboqs,gateway
ECDSA,verify,203636,0.203636,0.99,0.0,256,64,64,57,liboqs,gateway
ECDSA,verify,201477,0.201477,0.99,0.0,256,64,64,58,liboqs,gateway
ECDSA,verify,201799,0.201799,0.99,0.0,256,64,64,59,liboqs,gateway
ECDSA,verify,202206,0.202206,0.99,0.0,256,64,64,60,liboqs,gateway
ECDSA,verify,205114,0.205114,0.99,0.0,256,64,64,61,liboqs,gateway
ECDSA,verify,207504,0.207504,0.99,0.0,256,64,64,62,liboqs,gateway
ECDSA,verify,201210,0.20121,0.99,0.0,256,64,64,63,liboqs,gateway
ECDSA,verify,211757,0.211757,0.99,0.0,256,64,64,64,liboqs,gateway
ECDSA,verify,209559,0.209559,0.99,0.0,256,64,64,65,liboqs,gateway
ECDSA,verify,202458,0.202458,0.99,0.0,256,64,64,66,liboqs,gateway
ECDSA,verify,201096,0.201096,0.99,0.0,256,64,64,67,liboqs,gateway
ECDSA,verify,201332,0.201332,0.99,0.0,256,64,64,68,liboqs,gateway
ECDSA,verify,265492,0.265492,0.99,0.0,256,64,64,69,liboqs,gateway
ECDSA,verify,204782,0.204782,0.99,0.0,256,64,64,70,liboqs,gateway
ECDSA,verify,203001,0.203001,0.99,0.0,256,64,64,71,liboqs,gateway
ECDSA,verify,204091,0.204091,0.99,0.0,256,64,64,72,liboqs,gateway
ECDSA,verify,210892,0.210892,0.99,0.0,256,64,64,73,liboqs,gateway
ECDSA,verify,208252,0.208252,0.99,0.0,256,64,64,74,liboqs,gateway
ECDSA,verify,202282,0.202282,0.99,0.0,256,64,64,75,liboqs,gateway
ECDSA,verify,201682,0.201682,0.99,0.0,256,64,64,76,liboqs,gateway
ECDSA,verify,201151,0.201151,0.99,0.0,256,64,64,77,liboqs,gateway
ECDSA,verify,198970,0.19897,0.99,0.0,256,64,64,78,liboqs,gateway
ECDSA,verify,211245,0.211245,0.99,0.0,256,64,64,79,liboqs,gateway
ECDSA,verify,255101,0.255101,0.99,0.0,256,64,64,80,liboqs,gateway
ECDSA,verify,250537,0.250537,0.99,0.0,256,64,64,81,liboqs,gateway
ECDSA,verify,222467,0.222467,0.99,0.0,256,64,64,82,liboqs,gateway
ECDSA,verify,209535,0.209535,0.99,0.0,256,64,64,83,liboqs,gateway
ECDSA,verify,216819,0.216819,0.99,0.0,256,64,64,84,liboqs,gateway
ECDSA,verify,212573,0.212573,0.99,0.0,256,64,64,85,liboqs,gateway
ECDSA,verify,206330,0.20633,0.99,0.0,256,64,64,86,liboqs,gateway
ECDSA,verify,203178,0.203178,0.99,0.0,256,64,64,87,liboqs,gateway
ECDSA,verify,201427,0.201427,0.99,0.0,256,64,64,88,liboqs,gateway
ECDSA,verify,245389,0.245389,0.99,0.0,256,64,64,89,liboqs,gateway
ECDSA,verify,227836,0.227836,0.99,0.0,256,64,64,90,liboqs,gateway
ECDSA,verify,261028,0.261028,0.99,0.0,256,64,64,91,liboqs,gateway
ECDSA,verify,216596,0.216596,0.99,0.0,256,64,64,92,liboqs,gateway
ECDSA,verify,204255,0.204255,0.99,0.0,256,64,64,93,liboqs,gateway
ECDSA,verify,199366,0.199366,0.99,0.0,256,64,64,94,liboqs,gateway
ECDSA,verify,222436,0.222436,0.99,0.0,256,64,64,95,liboqs,gateway
ECDSA,verify,235087,0.235087,0.99,0.0,256,64,64,96,liboqs,gateway
ECDSA,verify,205345,0.205345,0.99,0.0,256,64,64,97,liboqs,gateway
ECDSA,verify,256313,0.256313,0.99,0.0,256,64,64,98,liboqs,gateway
ECDSA,verify,242499,0.242499,0.99,0.0,256,64,64,99,liboqs,gateway
ECDSA,verify,210240,0.21024,0.99,0.0,256,64,64,100,liboqs,gateway
ECDSA,verify,213905,0.213905,0.99,0.0,256,64,64,101,liboqs,gateway
ECDSA,verify,216840,0.21684,0.99,0.0,256,64,64,102,liboqs,gateway
ECDSA,verify,204818,0.204818,0.99,0.0,256,64,64,103,liboqs,gateway
ECDSA,verify,202901,0.202901,0.99,0.0,256,64,64,104,liboqs,gateway
ECDSA,verify,201870,0.20187,0.99,0.0,256,64,64,105,liboqs,gateway
ECDSA,verify,214555,0.214555,0.99,0.0,256,64,64,106,liboqs,gateway
ECDSA,verify,266093,0.266093,0.99,0.0,256,64,64,107,liboqs,gateway
ECDSA,verify,243304,0.243304,0.99,0.0,256,64,64,108,liboqs,gateway
ECDSA,verify,211739,0.211739,0.99,0.0,256,64,64,109,liboqs,gateway
ECDSA,verify,206426,0.206426,0.99,0.0,256,64,64,110,liboqs,gateway
ECDSA,verify,202264,0.202264,0.99,0.0,256,64,64,111,liboqs,gateway
ECDSA,verify,216698,0.216698,0.99,0.0,256,64,64,112,liboqs,gateway
ECDSA,verify,203332,0.203332,0.99,0.0,256,64,64,113,liboqs,gateway
ECDSA,verify,201925,0.201925,0.99,0.0,256,64,64,114,liboqs,gateway
ECDSA,verify,217296,0.217296,0.99,0.0,256,64,64,115,liboqs,gateway
ECDSA,verify,222077,0.222077,0.99,0.0,256,64,64,116,liboqs,gateway
ECDSA,verify,207601,0.207601,0.99,0.0,256,64,64,117,liboqs,gateway
ECDSA,verify,201285,0.201285,0.99,0.0,256,64,64,118,liboqs,gateway
ECDSA,verify,203702,0.203702,0.99,0.0,256,64,64,119,liboqs,gateway
ECDSA,verify,201426,0.201426,0.99,0.0,256,64,64,120,liboqs,gateway
ECDSA,verify,200837,0.200837,0.99,0.0,256,64,64,121,liboqs,gateway
ECDSA,verify,204585,0.204585,0.99,0.0,256,64,64,122,liboqs,gateway
ECDSA,verify,202848,0.202848,0.99,0.0,256,64,64,123,liboqs,gateway
ECDSA,verify,201841,0.201841,0.99,0.0,256,64,64,124,liboqs,gateway
ECDSA,verify,212903,0.212903,0.99,0.0,256,64,64,125,liboqs,gateway
ECDSA,verify,204490,0.20449,0.99,0.0,256,64,64,126,liboqs,gateway
ECDSA,verify,201508,0.201508,0.99,0.0,256,64,64,127,liboqs,gateway
ECDSA,verify,201529,0.201529,0.99,0.0,256,64,64,128,liboqs,gateway
ECDSA,verify,201013,0.201013,0.99,0.0,256,64,64,129,liboqs,gateway
ECDSA,verify,200705,0.200705,0.99,0.0,256,64,64,130,liboqs,gateway
ECDSA,verify,202272,0.202272,0.99,0.0,256,64,64,131,liboqs,gateway
ECDSA,verify,201681,0.201681,0.99,0.0,256,64,64,132,liboqs,gateway
ECDSA,verify,201997,0.201997,0.99,0.0,256,64,64,133,liboqs,gateway
ECDSA,verify,208834,0.208834,0.99,0.0,256,64,64,134,liboqs,gateway
ECDSA,verify,211848,0.211848,0.99,0.0,256,64,64,135,liboqs,gateway
ECDSA,verify,207261,0.207261,0.99,0.0,256,64,64,136,liboqs,gateway
ECDSA,verify,204209,0.204209,0.99,0.0,256,64,64,137,liboqs,gateway
ECDSA,verify,208362,0.208362,0.99,0.0,256,64,64,138,liboqs,gateway
ECDSA,verify,208607,0.208607,0.99,0.0,256,64,64,139,liboqs,gateway
ECDSA,verify,202887,0.202887,0.99,0.0,256,64,64,140,liboqs,gateway
ECDSA,verify,203444,0.203444,0.99,0.0,256,64,64,141,liboqs,gateway
ECDSA,verify,201431,0.201431,0.99,0.0,256,64,64,142,liboqs,gateway
ECDSA,verify,213348,0.213348,0.99,0.0,256,64,64,143,liboqs,gateway
ECDSA,verify,205433,0.205433,0.99,0.0,256,64,64,144,liboqs,gateway
ECDSA,verify,203208,0.203208,0.99,0.0,256,64,64,145,liboqs,gateway
ECDSA,verify,204222,0.204222,0.99,0.0,256,64,64,146,liboqs,gateway
ECDSA,verify,202530,0.20253,0.99,0.0,256,64,64,147,liboqs,gateway
ECDSA,verify,201860,0.20186,0.99,0.0,256,64,64,148,liboqs,gateway
ECDSA,verify,201427,0.201427,0.99,0.0,256,64,64,149,liboqs,gateway
ECDSA,verify,202996,0.202996,0.99,0.0,256,64,64,150,liboqs,gateway
ECDSA,verify,202371,0.202371,0.99,0.0,256,64,64,151,liboqs,gateway
ECDSA,verify,209486,0.209486,0.99,0.0,256,64,64,152,liboqs,gateway
ECDSA,verify,207914,0.207914,0.99,0.0,256,64,64,153,liboqs,gateway
ECDSA,verify,201040,0.20104,0.99,0.0,256,64,64,154,liboqs,gateway
ECDSA,verify,205949,0.205949,0.99,0.0,256,64,64,155,liboqs,gateway
ECDSA,verify,205573,0.205573,0.99,0.0,256,64,64,156,liboqs,gateway
ECDSA,verify,201531,0.201531,0.99,0.0,256,64,64,157,liboqs,gateway
ECDSA,verify,201742,0.201742,0.99,0.0,256,64,64,158,liboqs,gateway
ECDSA,verify,201010,0.20101,0.99,0.0,256,64,64,159,liboqs,gateway
ECDSA,verify,201437,0.201437,0.99,0.0,256,64,64,160,liboqs,gateway
ECDSA,verify,200488,0.200488,0.99,0.0,256,64,64,161,liboqs,gateway
ECDSA,verify,209055,0.209055,0.99,0.0,256,64,64,162,liboqs,gateway
ECDSA,verify,207020,0.20702,0.99,0.0,256,64,64,163,liboqs,gateway
ECDSA,verify,202869,0.202869,0.99,0.0,256,64,64,164,liboqs,gateway
ECDSA,verify,201450,0.20145,0.99,0.0,256,64,64,165,liboqs,gateway
ECDSA,verify,213794,0.213794,0.99,0.0,256,64,64,166,liboqs,gateway
ECDSA,verify,209156,0.209156,0.99,0.0,256,64,64,167,liboqs,gateway
ECDSA,verify,202642,0.202642,0.99,0.0,256,64,64,168,liboqs,gateway
ECDSA,verify,200829,0.200829,0.99,0.0,256,64,64,169,liboqs,gateway
ECDSA,verify,200272,0.200272,0.99,0.0,256,64,64,170,liboqs,gateway
ECDSA,verify,201948,0.201948,0.99,0.0,256,64,64,171,liboqs,gateway
ECDSA,verify,207703,0.207703,0.99,0.0,256,64,64,172,liboqs,gateway
ECDSA,verify,209733,0.209733,0.99,0.0,256,64,64,173,liboqs,gateway
ECDSA,verify,206999,0.206999,0.99,0.0,256,64,64,174,liboqs,gateway
ECDSA,verify,206215,0.206215,0.99,0.0,256,64,64,175,liboqs,gateway
ECDSA,verify,202665,0.202665,0.99,0.0,256,64,64,176,liboqs,gateway
ECDSA,verify,201942,0.201942,0.99,0.0,256,64,64,177,liboqs,gateway
ECDSA,verify,204616,0.204616,0.99,0.0,256,64,64,178,liboqs,gateway
ECDSA,verify,200167,0.200167,0.99,0.0,256,64,64,179,liboqs,gateway
ECDSA,verify,200090,0.20009,0.99,0.0,256,64,64,180,liboqs,gateway
ECDSA,verify,213034,0.213034,0.99,0.0,256,64,64,181,liboqs,gateway
ECDSA,verify,270367,0.270367,0.99,0.0,256,64,64,182,liboqs,gateway
ECDSA,verify,266033,0.266033,0.99,0.0,256,64,64,183,liboqs,gateway
ECDSA,verify,244344,0.244344,0.99,0.0,256,64,64,184,liboqs,gateway
ECDSA,verify,230292,0.230292,0.99,0.0,256,64,64,185,liboqs,gateway
ECDSA,verify,216834,0.216834,0.99,0.0,256,64,64,186,liboqs,gateway
ECDSA,verify,209406,0.209406,0.99,0.0,256,64,64,187,liboqs,gateway
ECDSA,verify,273334,0.273334,0.99,0.0,256,64,64,188,liboqs,gateway
ECDSA,verify,288269,0.288269,0.99,0.0,256,64,64,189,liboqs,gateway
ECDSA,verify,261259,0.261259,0.99,0.0,256,64,64,190,liboqs,gateway
ECDSA,verify,238745,0.238745,0.99,0.0,256,64,64,191,liboqs,gateway
ECDSA,verify,215739,0.215739,0.99,0.0,256,64,64,192,liboqs,gateway
ECDSA,verify,206629,0.206629,0.99,0.0,256,64,64,193,liboqs,gateway
ECDSA,verify,275505,0.275505,0.99,0.0,256,64,64,194,liboqs,gateway
ECDSA,verify,210670,0.21067,0.99,0.0,256,64,64,195,liboqs,gateway
ECDSA,verify,204193,0.204193,0.99,0.0,256,64,64,196,liboqs,gateway
ECDSA,verify,203721,0.203721,0.99,0.0,256,64,64,197,liboqs,gateway
ECDSA,verify,217007,0.217007,0.99,0.0,256,64,64,198,liboqs,gateway
ECDSA,verify,211596,0.211596,0.99,0.0,256,64,64,199,liboqs,gateway
ECDSA,verify,211590,0.21159,0.99,0.0,256,64,64,200,liboqs,gateway
ECDSA,verify,204485,0.204485,0.99,0.0,256,64,64,201,liboqs,gateway
ECDSA,verify,202023,0.202023,0.99,0.0,256,64,64,202,liboqs,gateway
ECDSA,verify,209426,0.209426,0.99,0.0,256,64,64,203,liboqs,gateway
ECDSA,verify,210094,0.210094,0.99,0.0,256,64,64,204,liboqs,gateway
ECDSA,verify,202490,0.20249,0.99,0.0,256,64,64,205,liboqs,gateway
ECDSA,verify,202311,0.202311,0.99,0.0,256,64,64,206,liboqs,gateway
ECDSA,verify,240335,0.240335,0.99,0.0,256,64,64,207,liboqs,gateway
ECDSA,verify,217151,0.217151,0.99,0.0,256,64,64,208,liboqs,gateway
ECDSA,verify,203537,0.203537,0.99,0.0,256,64,64,209,liboqs,gateway
ECDSA,verify,234093,0.234093,0.99,0.0,256,64,64,210,liboqs,gateway
ECDSA,verify,211640,0.21164,0.99,0.0,256,64,64,211,liboqs,gateway
ECDSA,verify,219559,0.219559,0.99,0.0,256,64,64,212,liboqs,gateway
ECDSA,verify,208296,0.208296,0.99,0.0,256,64,64,213,liboqs,gateway
ECDSA,verify,213716,0.213716,0.99,0.0,256,64,64,214,liboqs,gateway
ECDSA,verify,210402,0.210402,0.99,0.0,256,64,64,215,liboqs,gateway
ECDSA,verify,204702,0.204702,0.99,0.0,256,64,64,216,liboqs,gateway
ECDSA,verify,203128,0.203128,0.99,0.0,256,64,64,217,liboqs,gateway
ECDSA,verify,201769,0.201769,0.99,0.0,256,64,64,218,liboqs,gateway
ECDSA,verify,211729,0.211729,0.99,0.0,256,64,64,219,liboqs,gateway
ECDSA,verify,211741,0.211741,0.99,0.0,256,64,64,220,liboqs,gateway
ECDSA,verify,204247,0.204247,0.99,0.0,256,64,64,221,liboqs,gateway
ECDSA,verify,203058,0.203058,0.99,0.0,256,64,64,222,liboqs,gateway
ECDSA,verify,204443,0.204443,0.99,0.0,256,64,64,223,liboqs,gateway
ECDSA,verify,217650,0.21765,0.99,0.0,256,64,64,224,liboqs,gateway
ECDSA,verify,211494,0.211494,0.99,0.0,256,64,64,225,liboqs,gateway
ECDSA,verify,204059,0.204059,0.99,0.0,256,64,64,226,liboqs,gateway
ECDSA,verify,207992,0.207992,0.99,0.0,256,64,64,227,liboqs,gateway
ECDSA,verify,219811,0.219811,0.99,0.0,256,64,64,228,liboqs,gateway
ECDSA,verify,210730,0.21073,0.99,0.0,256,64,64,229,liboqs,gateway
ECDSA,verify,207391,0.207391,0.99,0.0,256,64,64,230,liboqs,gateway
ECDSA,verify,203456,0.203456,0.99,0.0,256,64,64,231,liboqs,gateway
ECDSA,verify,202825,0.202825,0.99,0.0,256,64,64,232,liboqs,gateway
ECDSA,verify,214363,0.214363,0.99,0.0,256,64,64,233,liboqs,gateway
ECDSA,verify,208962,0.208962,0.99,0.0,256,64,64,234,liboqs,gateway
ECDSA,verify,204936,0.204936,0.99,0.0,256,64,64,235,liboqs,gateway
ECDSA,verify,202151,0.202151,0.99,0.0,256,64,64,236,liboqs,gateway
ECDSA,verify,202661,0.202661,0.99,0.0,256,64,64,237,liboqs,gateway
ECDSA,verify,210958,0.210958,0.99,0.0,256,64,64,238,liboqs,gateway
ECDSA,verify,210901,0.210901,0.99,0.0,256,64,64,239,liboqs,gateway
ECDSA,verify,204753,0.204753,0.99,0.0,256,64,64,240,liboqs,gateway
ECDSA,verify,203470,0.20347,0.99,0.0,256,64,64,241,liboqs,gateway
ECDSA,verify,205767,0.205767,0.99,0.0,256,64,64,242,liboqs,gateway
ECDSA,verify,218030,0.21803,0.99,0.0,256,64,64,243,liboqs,gateway
ECDSA,verify,215343,0.215343,0.99,0.0,256,64,64,244,liboqs,gateway
ECDSA,verify,204065,0.204065,0.99,0.0,256,64,64,245,liboqs,gateway
ECDSA,verify,203795,0.203795,0.99,0.0,256,64,64,246,liboqs,gateway
ECDSA,verify,201172,0.201172,0.99,0.0,256,64,64,247,liboqs,gateway
ECDSA,verify,223478,0.223478,0.99,0.0,256,64,64,248,liboqs,gateway
ECDSA,verify,206331,0.206331,0.99,0.0,256,64,64,249,liboqs,gateway
ECDSA,verify,202739,0.202739,0.99,0.0,256,64,64,250,liboqs,gateway
ECDSA,verify,203627,0.203627,0.99,0.0,256,64,64,251,liboqs,gateway
ECDSA,verify,241524,0.241524,0.99,0.0,256,64,64,252,liboqs,gateway
ECDSA,verify,214069,0.214069,0.99,0.0,256,64,64,253,liboqs,gateway
ECDSA,verify,203072,0.203072,0.99,0.0,256,64,64,254,liboqs,gateway
ECDSA,verify,201485,0.201485,0.99,0.0,256,64,64,255,liboqs,gateway
ECDSA,verify,201571,0.201571,0.99,0.0,256,64,64,256,liboqs,gateway
ECDSA,verify,211806,0.211806,0.99,0.0,256,64,64,257,liboqs,gateway
ECDSA,verify,212444,0.212444,0.99,0.0,256,64,64,258,liboqs,gateway
ECDSA,verify,208529,0.208529,0.99,0.0,256,64,64,259,liboqs,gateway
ECDSA,verify,202721,0.202721,0.99,0.0,256,64,64,260,liboqs,gateway
ECDSA,verify,204804,0.204804,0.99,0.0,256,64,64,261,liboqs,gateway
ECDSA,verify,213172,0.213172,0.99,0.0,256,64,64,262,liboqs,gateway
ECDSA,verify,220977,0.220977,0.99,0.0,256,64,64,263,liboqs,gateway
ECDSA,verify,285913,0.285913,0.99,0.0,256,64,64,264,liboqs,gateway
ECDSA,verify,213294,0.213294,0.99,0.0,256,64,64,265,liboqs,gateway
ECDSA,verify,213796,0.213796,0.99,0.0,256,64,64,266,liboqs,gateway
ECDSA,verify,208526,0.208526,0.99,0.0,256,64,64,267,liboqs,gateway
ECDSA,verify,207521,0.207521,0.99,0.0,256,64,64,268,liboqs,gateway
ECDSA,verify,210769,0.210769,0.99,0.0,256,64,64,269,liboqs,gateway
ECDSA,verify,202863,0.202863,0.99,0.0,256,64,64,270,liboqs,gateway
ECDSA,verify,212815,0.212815,0.99,0.0,256,64,64,271,liboqs,gateway
ECDSA,verify,210589,0.210589,0.99,0.0,256,64,64,272,liboqs,gateway
ECDSA,verify,209377,0.209377,0.99,0.0,256,64,64,273,liboqs,gateway
ECDSA,verify,203149,0.203149,0.99,0.0,256,64,64,274,liboqs,gateway
ECDSA,verify,202374,0.202374,0.99,0.0,256,64,64,275,liboqs,gateway
ECDSA,verify,201620,0.20162,0.99,0.0,256,64,64,276,liboqs,gateway
ECDSA,verify,202404,0.202404,0.99,0.0,256,64,64,277,liboqs,gateway
ECDSA,verify,201586,0.201586,0.99,0.0,256,64,64,278,liboqs,gateway
ECDSA,verify,199949,0.199949,0.99,0.0,256,64,64,279,liboqs,gateway
ECDSA,verify,200067,0.200067,0.99,0.0,256,64,64,280,liboqs,gateway
ECDSA,verify,210462,0.210462,0.99,0.0,256,64,64,281,liboqs,gateway
ECDSA,verify,225094,0.225094,0.99,0.0,256,64,64,282,liboqs,gateway
ECDSA,verify,229438,0.229438,0.99,0.0,256,64,64,283,liboqs,gateway
ECDSA,verify,210323,0.210323,0.99,0.0,256,64,64,284,liboqs,gateway
ECDSA,verify,208585,0.208585,0.99,0.0,256,64,64,285,liboqs,gateway
ECDSA,verify,205706,0.205706,0.99,0.0,256,64,64,286,liboqs,gateway
ECDSA,verify,203516,0.203516,0.99,0.0,256,64,64,287,liboqs,gateway
ECDSA,verify,202582,0.202582,0.99,0.0,256,64,64,288,liboqs,gateway
ECDSA,verify,213441,0.213441,0.99,0.0,256,64,64,289,liboqs,gateway
ECDSA,verify,216591,0.216591,0.99,0.0,256,64,64,290,liboqs,gateway
ECDSA,verify,210713,0.210713,0.99,0.0,256,64,64,291,liboqs,gateway
ECDSA,verify,201773,0.201773,0.99,0.0,256,64,64,292,liboqs,gateway
ECDSA,verify,201252,0.201252,0.99,0.0,256,64,64,293,liboqs,gateway
ECDSA,verify,294626,0.294626,0.99,0.0,256,64,64,294,liboqs,gateway
ECDSA,verify,249387,0.249387,0.99,0.0,256,64,64,295,liboqs,gateway
ECDSA,verify,213004,0.213004,0.99,0.0,256,64,64,296,liboqs,gateway
ECDSA,verify,206833,0.206833,0.99,0.0,256,64,64,297,liboqs,gateway
ECDSA,verify,205080,0.20508,0.99,0.0,256,64,64,298,liboqs,gateway
ECDSA,verify,202600,0.2026,0.99,0.0,256,64,64,299,liboqs,gateway
ECDSA,verify,203213,0.203213,0.99,0.0,256,64,64,300,liboqs,gateway
ECDSA,verify,204767,0.204767,0.99,0.0,256,64,64,301,liboqs,gateway
ECDSA,verify,215953,0.215953,0.99,0.0,256,64,64,302,liboqs,gateway
ECDSA,verify,218750,0.21875,0.99,0.0,256,64,64,303,liboqs,gateway
ECDSA,verify,207931,0.207931,0.99,0.0,256,64,64,304,liboqs,gateway
ECDSA,verify,202145,0.202145,0.99,0.0,256,64,64,305,liboqs,gateway
ECDSA,verify,201798,0.201798,0.99,0.0,256,64,64,306,liboqs,gateway
ECDSA,verify,201352,0.201352,0.99,0.0,256,64,64,307,liboqs,gateway
ECDSA,verify,204287,0.204287,0.99,0.0,256,64,64,308,liboqs,gateway
ECDSA,verify,201671,0.201671,0.99,0.0,256,64,64,309,liboqs,gateway
ECDSA,verify,201057,0.201057,0.99,0.0,256,64,64,310,liboqs,gateway
ECDSA,verify,201660,0.20166,0.99,0.0,256,64,64,311,liboqs,gateway
ECDSA,verify,217846,0.217846,0.99,0.0,256,64,64,312,liboqs,gateway
ECDSA,verify,210650,0.21065,0.99,0.0,256,64,64,313,liboqs,gateway
ECDSA,verify,205079,0.205079,0.99,0.0,256,64,64,314,liboqs,gateway
ECDSA,verify,207299,0.207299,0.99,0.0,256,64,64,315,liboqs,gateway
ECDSA,verify,202327,0.202327,0.99,0.0,256,64,64,316,liboqs,gateway
ECDSA,verify,201749,0.201749,0.99,0.0,256,64,64,317,liboqs,gateway
ECDSA,verify,200793,0.200793,0.99,0.0,256,64,64,318,liboqs,gateway
ECDSA,verify,201031,0.201031,0.99,0.0,256,64,64,319,liboqs,gateway
ECDSA,verify,209770,0.20977,0.99,0.0,256,64,64,320,liboqs,gateway
ECDSA,verify,201966,0.201966,0.99,0.0,256,64,64,321,liboqs,gateway
ECDSA,verify,215853,0.215853,0.99,0.0,256,64,64,322,liboqs,gateway
ECDSA,verify,212849,0.212849,0.99,0.0,256,64,64,323,liboqs,gateway
ECDSA,verify,205372,0.205372,0.99,0.0,256,64,64,324,liboqs,gateway
ECDSA,verify,202342,0.202342,0.99,0.0,256,64,64,325,liboqs,gateway
ECDSA,verify,201087,0.201087,0.99,0.0,256,64,64,326,liboqs,gateway
ECDSA,verify,200965,0.200965,0.99,0.0,256,64,64,327,liboqs,gateway
ECDSA,verify,201593,0.201593,0.99,0.0,256,64,64,328,liboqs,gateway
ECDSA,verify,201195,0.201195,0.99,0.0,256,64,64,329,liboqs,gateway
ECDSA,verify,213456,0.213456,0.99,0.0,256,64,64,330,liboqs,gateway
ECDSA,verify,211227,0.211227,0.99,0.0,256,64,64,331,liboqs,gateway
ECDSA,verify,206225,0.206225,0.99,0.0,256,64,64,332,liboqs,gateway
ECDSA,verify,204758,0.204758,0.99,0.0,256,64,64,333,liboqs,gateway
ECDSA,verify,201001,0.201001,0.99,0.0,256,64,64,334,liboqs,gateway
ECDSA,verify,202630,0.20263,0.99,0.0,256,64,64,335,liboqs,gateway
ECDSA,verify,202329,0.202329,0.99,0.0,256,64,64,336,liboqs,gateway
ECDSA,verify,201753,0.201753,0.99,0.0,256,64,64,337,liboqs,gateway
ECDSA,verify,212432,0.212432,0.99,0.0,256,64,64,338,liboqs,gateway
ECDSA,verify,210576,0.210576,0.99,0.0,256,64,64,339,liboqs,gateway
ECDSA,verify,202591,0.202591,0.99,0.0,256,64,64,340,liboqs,gateway
ECDSA,verify,203357,0.203357,0.99,0.0,256,64,64,341,liboqs,gateway
ECDSA,verify,206083,0.206083,0.99,0.0,256,64,64,342,liboqs,gateway
ECDSA,verify,208540,0.20854,0.99,0.0,256,64,64,343,liboqs,gateway
ECDSA,verify,201499,0.201499,0.99,0.0,256,64,64,344,liboqs,gateway
ECDSA,verify,200578,0.200578,0.99,0.0,256,64,64,345,liboqs,gateway
ECDSA,verify,200955,0.200955,0.99,0.0,256,64,64,346,liboqs,gateway
ECDSA,verify,209967,0.209967,0.99,0.0,256,64,64,347,liboqs,gateway
ECDSA,verify,210165,0.210165,0.99,0.0,256,64,64,348,liboqs,gateway
ECDSA,verify,264206,0.264206,0.99,0.0,256,64,64,349,liboqs,gateway
ECDSA,verify,210446,0.210446,0.99,0.0,256,64,64,350,liboqs,gateway
ECDSA,verify,203779,0.203779,0.99,0.0,256,64,64,351,liboqs,gateway
ECDSA,verify,203724,0.203724,0.99,0.0,256,64,64,352,liboqs,gateway
ECDSA,verify,215588,0.215588,0.99,0.0,256,64,64,353,liboqs,gateway
ECDSA,verify,200091,0.200091,0.99,0.0,256,64,64,354,liboqs,gateway
ECDSA,verify,200495,0.200495,0.99,0.0,256,64,64,355,liboqs,gateway
ECDSA,verify,212950,0.21295,0.99,0.0,256,64,64,356,liboqs,gateway
ECDSA,verify,209314,0.209314,0.99,0.0,256,64,64,357,liboqs,gateway
ECDSA,verify,202668,0.202668,0.99,0.0,256,64,64,358,liboqs,gateway
ECDSA,verify,201706,0.201706,0.99,0.0,256,64,64,359,liboqs,gateway
ECDSA,verify,199979,0.199979,0.99,0.0,256,64,64,360,liboqs,gateway
ECDSA,verify,206119,0.206119,0.99,0.0,256,64,64,361,liboqs,gateway
ECDSA,verify,207085,0.207085,0.99,0.0,256,64,64,362,liboqs,gateway
ECDSA,verify,200536,0.200536,0.99,0.0,256,64,64,363,liboqs,gateway
ECDSA,verify,208313,0.208313,0.99,0.0,256,64,64,364,liboqs,gateway
ECDSA,verify,212664,0.212664,0.99,0.0,256,64,64,365,liboqs,gateway
ECDSA,verify,203815,0.203815,0.99,0.0,256,64,64,366,liboqs,gateway
ECDSA,verify,216107,0.216107,0.99,0.0,256,64,64,367,liboqs,gateway
ECDSA,verify,207897,0.207897,0.99,0.0,256,64,64,368,liboqs,gateway
ECDSA,verify,202561,0.202561,0.99,0.0,256,64,64,369,liboqs,gateway
ECDSA,verify,201551,0.201551,0.99,0.0,256,64,64,370,liboqs,gateway
ECDSA,verify,201553,0.201553,0.99,0.0,256,64,64,371,liboqs,gateway
ECDSA,verify,202488,0.202488,0.99,0.0,256,64,64,372,liboqs,gateway
ECDSA,verify,210277,0.210277,0.99,0.0,256,64,64,373,liboqs,gateway
ECDSA,verify,211309,0.211309,0.99,0.0,256,64,64,374,liboqs,gateway
ECDSA,verify,201240,0.20124,0.99,0.0,256,64,64,375,liboqs,gateway
ECDSA,verify,201517,0.201517,0.99,0.0,256,64,64,376,liboqs,gateway
ECDSA,verify,201337,0.201337,0.99,0.0,256,64,64,377,liboqs,gateway
ECDSA,verify,201740,0.20174,0.99,0.0,256,64,64,378,liboqs,gateway
ECDSA,verify,202255,0.202255,0.99,0.0,256,64,64,379,liboqs,gateway
ECDSA,verify,206262,0.206262,0.99,0.0,256,64,64,380,liboqs,gateway
ECDSA,verify,216465,0.216465,0.99,0.0,256,64,64,381,liboqs,gateway
ECDSA,verify,213536,0.213536,0.99,0.0,256,64,64,382,liboqs,gateway
ECDSA,verify,204503,0.204503,0.99,0.0,256,64,64,383,liboqs,gateway
ECDSA,verify,201113,0.201113,0.99,0.0,256,64,64,384,liboqs,gateway
ECDSA,verify,201090,0.20109,0.99,0.0,256,64,64,385,liboqs,gateway
ECDSA,verify,201780,0.20178,0.99,0.0,256,64,64,386,liboqs,gateway
ECDSA,verify,201505,0.201505,0.99,0.0,256,64,64,387,liboqs,gateway
ECDSA,verify,200431,0.200431,0.99,0.0,256,64,64,388,liboqs,gateway
ECDSA,verify,200421,0.200421,0.99,0.0,256,64,64,389,liboqs,gateway
ECDSA,verify,201023,0.201023,0.99,0.0,256,64,64,390,liboqs,gateway
ECDSA,verify,208571,0.208571,0.99,0.0,256,64,64,391,liboqs,gateway
ECDSA,verify,246588,0.246588,0.99,0.0,256,64,64,392,liboqs,gateway
ECDSA,verify,257350,0.25735,0.99,0.0,256,64,64,393,liboqs,gateway
ECDSA,verify,215269,0.215269,0.99,0.0,256,64,64,394,liboqs,gateway
ECDSA,verify,213109,0.213109,0.99,0.0,256,64,64,395,liboqs,gateway
ECDSA,verify,204355,0.204355,0.99,0.0,256,64,64,396,liboqs,gateway
ECDSA,verify,203138,0.203138,0.99,0.0,256,64,64,397,liboqs,gateway
ECDSA,verify,203407,0.203407,0.99,0.0,256,64,64,398,liboqs,gateway
ECDSA,verify,212153,0.212153,0.99,0.0,256,64,64,399,liboqs,gateway
ECDSA,verify,217282,0.217282,0.99,0.0,256,64,64,400,liboqs,gateway
ECDSA,verify,288496,0.288496,0.99,0.0,256,64,64,401,liboqs,gateway
ECDSA,verify,257023,0.257023,0.99,0.0,256,64,64,402,liboqs,gateway
ECDSA,verify,232840,0.23284,0.99,0.0,256,64,64,403,liboqs,gateway
ECDSA,verify,215614,0.215614,0.99,0.0,256,64,64,404,liboqs,gateway
ECDSA,verify,207482,0.207482,0.99,0.0,256,64,64,405,liboqs,gateway
ECDSA,verify,205369,0.205369,0.99,0.0,256,64,64,406,liboqs,gateway
ECDSA,verify,205158,0.205158,0.99,0.0,256,64,64,407,liboqs,gateway
ECDSA,verify,205920,0.20592,0.99,0.0,256,64,64,408,liboqs,gateway
ECDSA,verify,216343,0.216343,0.99,0.0,256,64,64,409,liboqs,gateway
ECDSA,verify,211080,0.21108,0.99,0.0,256,64,64,410,liboqs,gateway
ECDSA,verify,204679,0.204679,0.99,0.0,256,64,64,411,liboqs,gateway
ECDSA,verify,205754,0.205754,0.99,0.0,256,64,64,412,liboqs,gateway
ECDSA,verify,203439,0.203439,0.99,0.0,256,64,64,413,liboqs,gateway
ECDSA,verify,201944,0.201944,0.99,0.0,256,64,64,414,liboqs,gateway
ECDSA,verify,201271,0.201271,0.99,0.0,256,64,64,415,liboqs,gateway
ECDSA,verify,202579,0.202579,0.99,0.0,256,64,64,416,liboqs,gateway
ECDSA,verify,215002,0.215002,0.99,0.0,256,64,64,417,liboqs,gateway
ECDSA,verify,218485,0.218485,0.99,0.0,256,64,64,418,liboqs,gateway
ECDSA,verify,214244,0.214244,0.99,0.0,256,64,64,419,liboqs,gateway
ECDSA,verify,204124,0.204124,0.99,0.0,256,64,64,420,liboqs,gateway
ECDSA,verify,204216,0.204216,0.99,0.0,256,64,64,421,liboqs,gateway
ECDSA,verify,227935,0.227935,0.99,0.0,256,64,64,422,liboqs,gateway
ECDSA,verify,215032,0.215032,0.99,0.0,256,64,64,423,liboqs,gateway
ECDSA,verify,217094,0.217094,0.99,0.0,256,64,64,424,liboqs,gateway
ECDSA,verify,213638,0.213638,0.99,0.0,256,64,64,425,liboqs,gateway
ECDSA,verify,230587,0.230587,0.99,0.0,256,64,64,426,liboqs,gateway
ECDSA,verify,231195,0.231195,0.99,0.0,256,64,64,427,liboqs,gateway
ECDSA,verify,237347,0.237347,0.99,0.0,256,64,64,428,liboqs,gateway
ECDSA,verify,216053,0.216053,0.99,0.0,256,64,64,429,liboqs,gateway
ECDSA,verify,218314,0.218314,0.99,0.0,256,64,64,430,liboqs,gateway
ECDSA,verify,221617,0.221617,0.99,0.0,256,64,64,431,liboqs,gateway
ECDSA,verify,206762,0.206762,0.99,0.0,256,64,64,432,liboqs,gateway
ECDSA,verify,210385,0.210385,0.99,0.0,256,64,64,433,liboqs,gateway
ECDSA,verify,230233,0.230233,0.99,0.0,256,64,64,434,liboqs,gateway
ECDSA,verify,237865,0.237865,0.99,0.0,256,64,64,435,liboqs,gateway
ECDSA,verify,219010,0.21901,0.99,0.0,256,64,64,436,liboqs,gateway
ECDSA,verify,211468,0.211468,0.99,0.0,256,64,64,437,liboqs,gateway
ECDSA,verify,211223,0.211223,0.99,0.0,256,64,64,438,liboqs,gateway
ECDSA,verify,222709,0.222709,0.99,0.0,256,64,64,439,liboqs,gateway
ECDSA,verify,218358,0.218358,0.99,0.0,256,64,64,440,liboqs,gateway
ECDSA,verify,216619,0.216619,0.99,0.0,256,64,64,441,liboqs,gateway
ECDSA,verify,209348,0.209348,0.99,0.0,256,64,64,442,liboqs,gateway
ECDSA,verify,220629,0.220629,0.99,0.0,256,64,64,443,liboqs,gateway
ECDSA,verify,213867,0.213867,0.99,0.0,256,64,64,444,liboqs,gateway
ECDSA,verify,206488,0.206488,0.99,0.0,256,64,64,445,liboqs,gateway
ECDSA,verify,206477,0.206477,0.99,0.0,256,64,64,446,liboqs,gateway
ECDSA,verify,206315,0.206315,0.99,0.0,256,64,64,447,liboqs,gateway
ECDSA,verify,205191,0.205191,0.99,0.0,256,64,64,448,liboqs,gateway
ECDSA,verify,204469,0.204469,0.99,0.0,256,64,64,449,liboqs,gateway
ECDSA,verify,204821,0.204821,0.99,0.0,256,64,64,450,liboqs,gateway
ECDSA,verify,207869,0.207869,0.99,0.0,256,64,64,451,liboqs,gateway
ECDSA,verify,202113,0.202113,0.99,0.0,256,64,64,452,liboqs,gateway
ECDSA,verify,218355,0.218355,0.99,0.0,256,64,64,453,liboqs,gateway
ECDSA,verify,226752,0.226752,0.99,0.0,256,64,64,454,liboqs,gateway
ECDSA,verify,211863,0.211863,0.99,0.0,256,64,64,455,liboqs,gateway
ECDSA,verify,205058,0.205058,0.99,0.0,256,64,64,456,liboqs,gateway
ECDSA,verify,205940,0.20594,0.99,0.0,256,64,64,457,liboqs,gateway
ECDSA,verify,204803,0.204803,0.99,0.0,256,64,64,458,liboqs,gateway
ECDSA,verify,203377,0.203377,0.99,0.0,256,64,64,459,liboqs,gateway
ECDSA,verify,204304,0.204304,0.99,0.0,256,64,64,460,liboqs,gateway
ECDSA,verify,217326,0.217326,0.99,0.0,256,64,64,461,liboqs,gateway
ECDSA,verify,213956,0.213956,0.99,0.0,256,64,64,462,liboqs,gateway
ECDSA,verify,206290,0.20629,0.99,0.0,256,64,64,463,liboqs,gateway
ECDSA,verify,202489,0.202489,0.99,0.0,256,64,64,464,liboqs,gateway
ECDSA,verify,204933,0.204933,0.99,0.0,256,64,64,465,liboqs,gateway
ECDSA,verify,201831,0.201831,0.99,0.0,256,64,64,466,liboqs,gateway
ECDSA,verify,203826,0.203826,0.99,0.0,256,64,64,467,liboqs,gateway
ECDSA,verify,202906,0.202906,0.99,0.0,256,64,64,468,liboqs,gateway
ECDSA,verify,201124,0.201124,0.99,0.0,256,64,64,469,liboqs,gateway
ECDSA,verify,214645,0.214645,0.99,0.0,256,64,64,470,liboqs,gateway
ECDSA,verify,212884,0.212884,0.99,0.0,256,64,64,471,liboqs,gateway
ECDSA,verify,202321,0.202321,0.99,0.0,256,64,64,472,liboqs,gateway
ECDSA,verify,209422,0.209422,0.99,0.0,256,64,64,473,liboqs,gateway
ECDSA,verify,205723,0.205723,0.99,0.0,256,64,64,474,liboqs,gateway
ECDSA,verify,203659,0.203659,0.99,0.0,256,64,64,475,liboqs,gateway
ECDSA,verify,288906,0.288906,0.99,0.0,256,64,64,476,liboqs,gateway
ECDSA,verify,237107,0.237107,0.99,0.0,256,64,64,477,liboqs,gateway
ECDSA,verify,204290,0.20429,0.99,0.0,256,64,64,478,liboqs,gateway
ECDSA,verify,208886,0.208886,0.99,0.0,256,64,64,479,liboqs,gateway
ECDSA,verify,204828,0.204828,0.99,0.0,256,64,64,480,liboqs,gateway
ECDSA,verify,201856,0.201856,0.99,0.0,256,64,64,481,liboqs,gateway
ECDSA,verify,201796,0.201796,0.99,0.0,256,64,64,482,liboqs,gateway
ECDSA,verify,202863,0.202863,0.99,0.0,256,64,64,483,liboqs,gateway
ECDSA,verify,200919,0.200919,0.99,0.0,256,64,64,484,liboqs,gateway
ECDSA,verify,211056,0.211056,0.99,0.0,256,64,64,485,liboqs,gateway
ECDSA,verify,209281,0.209281,0.99,0.0,256,64,64,486,liboqs,gateway
ECDSA,verify,204496,0.204496,0.99,0.0,256,64,64,487,liboqs,gateway
ECDSA,verify,202883,0.202883,0.99,0.0,256,64,64,488,liboqs,gateway
ECDSA,verify,248627,0.248627,0.99,0.0,256,64,64,489,liboqs,gateway
ECDSA,verify,210865,0.210865,0.99,0.0,256,64,64,490,liboqs,gateway
ECDSA,verify,232768,0.232768,0.99,0.0,256,64,64,491,liboqs,gateway
ECDSA,verify,214720,0.21472,0.99,0.0,256,64,64,492,liboqs,gateway
ECDSA,verify,218979,0.218979,0.99,0.0,256,64,64,493,liboqs,gateway
ECDSA,verify,207396,0.207396,0.99,0.0,256,64,64,494,liboqs,gateway
ECDSA,verify,205346,0.205346,0.99,0.0,256,64,64,495,liboqs,gateway
ECDSA,verify,202140,0.20214,0.99,0.0,256,64,64,496,liboqs,gateway
ECDSA,verify,203442,0.203442,0.99,0.0,256,64,64,497,liboqs,gateway
ECDSA,verify,300823,0.300823,0.99,0.0,256,64,64,498,liboqs,gateway
ECDSA,verify,273986,0.273986,0.99,0.0,256,64,64,499,liboqs,gateway
ECDSA,verify,223805,0.223805,0.99,0.0,256,64,64,500,liboqs,gateway
ECDSA,verify,204987,0.204987,0.99,0.0,256,64,64,501,liboqs,gateway
ECDSA,verify,204769,0.204769,0.99,0.0,256,64,64,502,liboqs,gateway
ECDSA,verify,203857,0.203857,0.99,0.0,256,64,64,503,liboqs,gateway
ECDSA,verify,204683,0.204683,0.99,0.0,256,64,64,504,liboqs,gateway
ECDSA,verify,201825,0.201825,0.99,0.0,256,64,64,505,liboqs,gateway
ECDSA,verify,222023,0.222023,0.99,0.0,256,64,64,506,liboqs,gateway
ECDSA,verify,208958,0.208958,0.99,0.0,256,64,64,507,liboqs,gateway
ECDSA,verify,204036,0.204036,0.99,0.0,256,64,64,508,liboqs,gateway
ECDSA,verify,221134,0.221134,0.99,0.0,256,64,64,509,liboqs,gateway
ECDSA,verify,215592,0.215592,0.99,0.0,256,64,64,510,liboqs,gateway
ECDSA,verify,210982,0.210982,0.99,0.0,256,64,64,511,liboqs,gateway
ECDSA,verify,207233,0.207233,0.99,0.0,256,64,64,512,liboqs,gateway
ECDSA,verify,207018,0.207018,0.99,0.0,256,64,64,513,liboqs,gateway
ECDSA,verify,211435,0.211435,0.99,0.0,256,64,64,514,liboqs,gateway
ECDSA,verify,221423,0.221423,0.99,0.0,256,64,64,515,liboqs,gateway
ECDSA,verify,219833,0.219833,0.99,0.0,256,64,64,516,liboqs,gateway
ECDSA,verify,213493,0.213493,0.99,0.0,256,64,64,517,liboqs,gateway
ECDSA,verify,213853,0.213853,0.99,0.0,256,64,64,518,liboqs,gateway
ECDSA,verify,214313,0.214313,0.99,0.0,256,64,64,519,liboqs,gateway
ECDSA,verify,222087,0.222087,0.99,0.0,256,64,64,520,liboqs,gateway
ECDSA,verify,219169,0.219169,0.99,0.0,256,64,64,521,liboqs,gateway
ECDSA,verify,206446,0.206446,0.99,0.0,256,64,64,522,liboqs,gateway
ECDSA,verify,215255,0.215255,0.99,0.0,256,64,64,523,liboqs,gateway
ECDSA,verify,215199,0.215199,0.99,0.0,256,64,64,524,liboqs,gateway
ECDSA,verify,208840,0.20884,0.99,0.0,256,64,64,525,liboqs,gateway
ECDSA,verify,205538,0.205538,0.99,0.0,256,64,64,526,liboqs,gateway
ECDSA,verify,204015,0.204015,0.99,0.0,256,64,64,527,liboqs,gateway
ECDSA,verify,210545,0.210545,0.99,0.0,256,64,64,528,liboqs,gateway
ECDSA,verify,212263,0.212263,0.99,0.0,256,64,64,529,liboqs,gateway
ECDSA,verify,206741,0.206741,0.99,0.0,256,64,64,530,liboqs,gateway
ECDSA,verify,215505,0.215505,0.99,0.0,256,64,64,531,liboqs,gateway
ECDSA,verify,213558,0.213558,0.99,0.0,256,64,64,532,liboqs,gateway
ECDSA,verify,208002,0.208002,0.99,0.0,256,64,64,533,liboqs,gateway
ECDSA,verify,221946,0.221946,0.99,0.0,256,64,64,534,liboqs,gateway
ECDSA,verify,214447,0.214447,0.99,0.0,256,64,64,535,liboqs,gateway
ECDSA,verify,214837,0.214837,0.99,0.0,256,64,64,536,liboqs,gateway
ECDSA,verify,209781,0.209781,0.99,0.0,256,64,64,537,liboqs,gateway
ECDSA,verify,207604,0.207604,0.99,0.0,256,64,64,538,liboqs,gateway
ECDSA,verify,219587,0.219587,0.99,0.0,256,64,64,539,liboqs,gateway
ECDSA,verify,211154,0.211154,0.99,0.0,256,64,64,540,liboqs,gateway
ECDSA,verify,205814,0.205814,0.99,0.0,256,64,64,541,liboqs,gateway
ECDSA,verify,205142,0.205142,0.99,0.0,256,64,64,542,liboqs,gateway
ECDSA,verify,203894,0.203894,0.99,0.0,256,64,64,543,liboqs,gateway
ECDSA,verify,203985,0.203985,0.99,0.0,256,64,64,544,liboqs,gateway
ECDSA,verify,201647,0.201647,0.99,0.0,256,64,64,545,liboqs,gateway
ECDSA,verify,210764,0.210764,0.99,0.0,256,64,64,546,liboqs,gateway
ECDSA,verify,208126,0.208126,0.99,0.0,256,64,64,547,liboqs,gateway
ECDSA,verify,204164,0.204164,0.99,0.0,256,64,64,548,liboqs,gateway
ECDSA,verify,216001,0.216001,0.99,0.0,256,64,64,549,liboqs,gateway
ECDSA,verify,210906,0.210906,0.99,0.0,256,64,64,550,liboqs,gateway
ECDSA,verify,204115,0.204115,0.99,0.0,256,64,64,551,liboqs,gateway
ECDSA,verify,203036,0.203036,0.99,0.0,256,64,64,552,liboqs,gateway
ECDSA,verify,203859,0.203859,0.99,0.0,256,64,64,553,liboqs,gateway
ECDSA,verify,205535,0.205535,0.99,0.0,256,64,64,554,liboqs,gateway
ECDSA,verify,205583,0.205583,0.99,0.0,256,64,64,555,liboqs,gateway
ECDSA,verify,203325,0.203325,0.99,0.0,256,64,64,556,liboqs,gateway
ECDSA,verify,214512,0.214512,0.99,0.0,256,64,64,557,liboqs,gateway
ECDSA,verify,211613,0.211613,0.99,0.0,256,64,64,558,liboqs,gateway
ECDSA,verify,209014,0.209014,0.99,0.0,256,64,64,559,liboqs,gateway
ECDSA,verify,201037,0.201037,0.99,0.0,256,64,64,560,liboqs,gateway
ECDSA,verify,210086,0.210086,0.99,0.0,256,64,64,561,liboqs,gateway
ECDSA,verify,202449,0.202449,0.99,0.0,256,64,64,562,liboqs,gateway
ECDSA,verify,202513,0.202513,0.99,0.0,256,64,64,563,liboqs,gateway
ECDSA,verify,200058,0.200058,0.99,0.0,256,64,64,564,liboqs,gateway
ECDSA,verify,276751,0.276751,0.99,0.0,256,64,64,565,liboqs,gateway
ECDSA,verify,331763,0.331763,0.99,0.0,256,64,64,566,liboqs,gateway
ECDSA,verify,270333,0.270333,0.99,0.0,256,64,64,567,liboqs,gateway
ECDSA,verify,211108,0.211108,0.99,0.0,256,64,64,568,liboqs,gateway
ECDSA,verify,204843,0.204843,0.99,0.0,256,64,64,569,liboqs,gateway
ECDSA,verify,202740,0.20274,0.99,0.0,256,64,64,570,liboqs,gateway
ECDSA,verify,202578,0.202578,0.99,0.0,256,64,64,571,liboqs,gateway
ECDSA,verify,201600,0.2016,0.99,0.0,256,64,64,572,liboqs,gateway
ECDSA,verify,201656,0.201656,0.99,0.0,256,64,64,573,liboqs,gateway
ECDSA,verify,213890,0.21389,0.99,0.0,256,64,64,574,liboqs,gateway
ECDSA,verify,209061,0.209061,0.99,0.0,256,64,64,575,liboqs,gateway
ECDSA,verify,202290,0.20229,0.99,0.0,256,64,64,576,liboqs,gateway
ECDSA,verify,202198,0.202198,0.99,0.0,256,64,64,577,liboqs,gateway
ECDSA,verify,201974,0.201974,0.99,0.0,256,64,64,578,liboqs,gateway
ECDSA,verify,202398,0.202398,0.99,0.0,256,64,64,579,liboqs,gateway
ECDSA,verify,202354,0.202354,0.99,0.0,256,64,64,580,liboqs,gateway
ECDSA,verify,201295,0.201295,0.99,0.0,256,64,64,581,liboqs,gateway
ECDSA,verify,200998,0.200998,0.99,0.0,256,64,64,582,liboqs,gateway
ECDSA,verify,231588,0.231588,0.99,0.0,256,64,64,583,liboqs,gateway
ECDSA,verify,210906,0.210906,0.99,0.0,256,64,64,584,liboqs,gateway
ECDSA,verify,204154,0.204154,0.99,0.0,256,64,64,585,liboqs,gateway
ECDSA,verify,202213,0.202213,0.99,0.0,256,64,64,586,liboqs,gateway
ECDSA,verify,203965,0.203965,0.99,0.0,256,64,64,587,liboqs,gateway
ECDSA,verify,202458,0.202458,0.99,0.0,256,64,64,588,liboqs,gateway
ECDSA,verify,200961,0.200961,0.99,0.0,256,64,64,589,liboqs,gateway
ECDSA,verify,200682,0.200682,0.99,0.0,256,64,64,590,liboqs,gateway
ECDSA,verify,200846,0.200846,0.99,0.0,256,64,64,591,liboqs,gateway
ECDSA,verify,210604,0.210604,0.99,0.0,256,64,64,592,liboqs,gateway
ECDSA,verify,209813,0.209813,0.99,0.0,256,64,64,593,liboqs,gateway
ECDSA,verify,202300,0.2023,0.99,0.0,256,64,64,594,liboqs,gateway
ECDSA,verify,210638,0.210638,0.99,0.0,256,64,64,595,liboqs,gateway
ECDSA,verify,211055,0.211055,0.99,0.0,256,64,64,596,liboqs,gateway
ECDSA,verify,203186,0.203186,0.99,0.0,256,64,64,597,liboqs,gateway
ECDSA,verify,201731,0.201731,0.99,0.0,256,64,64,598,liboqs,gateway
ECDSA,verify,200840,0.20084,0.99,0.0,256,64,64,599,liboqs,gateway
ECDSA,verify,202012,0.202012,0.99,0.0,256,64,64,600,liboqs,gateway
ECDSA,verify,210475,0.210475,0.99,0.0,256,64,64,601,liboqs,gateway
ECDSA,verify,210679,0.210679,0.99,0.0,256,64,64,602,liboqs,gateway
ECDSA,verify,207923,0.207923,0.99,0.0,256,64,64,603,liboqs,gateway
ECDSA,verify,205726,0.205726,0.99,0.0,256,64,64,604,liboqs,gateway
ECDSA,verify,201641,0.201641,0.99,0.0,256,64,64,605,liboqs,gateway
ECDSA,verify,201817,0.201817,0.99,0.0,256,64,64,606,liboqs,gateway
ECDSA,verify,201694,0.201694,0.99,0.0,256,64,64,607,liboqs,gateway
ECDSA,verify,199949,0.199949,0.99,0.0,256,64,64,608,liboqs,gateway
ECDSA,verify,201090,0.20109,0.99,0.0,256,64,64,609,liboqs,gateway
ECDSA,verify,211293,0.211293,0.99,0.0,256,64,64,610,liboqs,gateway
ECDSA,verify,209101,0.209101,0.99,0.0,256,64,64,611,liboqs,gateway
ECDSA,verify,206009,0.206009,0.99,0.0,256,64,64,612,liboqs,gateway
ECDSA,verify,200983,0.200983,0.99,0.0,256,64,64,613,liboqs,gateway
ECDSA,verify,216207,0.216207,0.99,0.0,256,64,64,614,liboqs,gateway
ECDSA,verify,208799,0.208799,0.99,0.0,256,64,64,615,liboqs,gateway
ECDSA,verify,201398,0.201398,0.99,0.0,256,64,64,616,liboqs,gateway
ECDSA,verify,202287,0.202287,0.99,0.0,256,64,64,617,liboqs,gateway
ECDSA,verify,201612,0.201612,0.99,0.0,256,64,64,618,liboqs,gateway
ECDSA,verify,200357,0.200357,0.99,0.0,256,64,64,619,liboqs,gateway
ECDSA,verify,217103,0.217103,0.99,0.0,256,64,64,620,liboqs,gateway
ECDSA,verify,207250,0.20725,0.99,0.0,256,64,64,621,liboqs,gateway
ECDSA,verify,210011,0.210011,0.99,0.0,256,64,64,622,liboqs,gateway
ECDSA,verify,210279,0.210279,0.99,0.0,256,64,64,623,liboqs,gateway
ECDSA,verify,216569,0.216569,0.99,0.0,256,64,64,624,liboqs,gateway
ECDSA,verify,201933,0.201933,0.99,0.0,256,64,64,625,liboqs,gateway
ECDSA,verify,204205,0.204205,0.99,0.0,256,64,64,626,liboqs,gateway
ECDSA,verify,202282,0.202282,0.99,0.0,256,64,64,627,liboqs,gateway
ECDSA,verify,274206,0.274206,0.99,0.0,256,64,64,628,liboqs,gateway
ECDSA,verify,220510,0.22051,0.99,0.0,256,64,64,629,liboqs,gateway
ECDSA,verify,210431,0.210431,0.99,0.0,256,64,64,630,liboqs,gateway
ECDSA,verify,209018,0.209018,0.99,0.0,256,64,64,631,liboqs,gateway
ECDSA,verify,217672,0.217672,0.99,0.0,256,64,64,632,liboqs,gateway
ECDSA,verify,205739,0.205739,0.99,0.0,256,64,64,633,liboqs,gateway
ECDSA,verify,202624,0.202624,0.99,0.0,256,64,64,634,liboqs,gateway
ECDSA,verify,202452,0.202452,0.99,0.0,256,64,64,635,liboqs,gateway
ECDSA,verify,202346,0.202346,0.99,0.0,256,64,64,636,liboqs,gateway
ECDSA,verify,210082,0.210082,0.99,0.0,256,64,64,637,liboqs,gateway
ECDSA,verify,210076,0.210076,0.99,0.0,256,64,64,638,liboqs,gateway
ECDSA,verify,205292,0.205292,0.99,0.0,256,64,64,639,liboqs,gateway
ECDSA,verify,202366,0.202366,0.99,0.0,256,64,64,640,liboqs,gateway
ECDSA,verify,225357,0.225357,0.99,0.0,256,64,64,641,liboqs,gateway
ECDSA,verify,208641,0.208641,0.99,0.0,256,64,64,642,liboqs,gateway
ECDSA,verify,203153,0.203153,0.99,0.0,256,64,64,643,liboqs,gateway
ECDSA,verify,201231,0.201231,0.99,0.0,256,64,64,644,liboqs,gateway
ECDSA,verify,209337,0.209337,0.99,0.0,256,64,64,645,liboqs,gateway
ECDSA,verify,208814,0.208814,0.99,0.0,256,64,64,646,liboqs,gateway
ECDSA,verify,201596,0.201596,0.99,0.0,256,64,64,647,liboqs,gateway
ECDSA,verify,204649,0.204649,0.99,0.0,256,64,64,648,liboqs,gateway
ECDSA,verify,201197,0.201197,0.99,0.0,256,64,64,649,liboqs,gateway
ECDSA,verify,201135,0.201135,0.99,0.0,256,64,64,650,liboqs,gateway
ECDSA,verify,203793,0.203793,0.99,0.0,256,64,64,651,liboqs,gateway
ECDSA,verify,203821,0.203821,0.99,0.0,256,64,64,652,liboqs,gateway
ECDSA,verify,201112,0.201112,0.99,0.0,256,64,64,653,liboqs,gateway
ECDSA,verify,208800,0.2088,0.99,0.0,256,64,64,654,liboqs,gateway
ECDSA,verify,212203,0.212203,0.99,0.0,256,64,64,655,liboqs,gateway
ECDSA,verify,221431,0.221431,0.99,0.0,256,64,64,656,liboqs,gateway
ECDSA,verify,209467,0.209467,0.99,0.0,256,64,64,657,liboqs,gateway
ECDSA,verify,209067,0.209067,0.99,0.0,256,64,64,658,liboqs,gateway
ECDSA,verify,206457,0.206457,0.99,0.0,256,64,64,659,liboqs,gateway
ECDSA,verify,207904,0.207904,0.99,0.0,256,64,64,660,liboqs,gateway
ECDSA,verify,208190,0.20819,0.99,0.0,256,64,64,661,liboqs,gateway
ECDSA,verify,217485,0.217485,0.99,0.0,256,64,64,662,liboqs,gateway
ECDSA,verify,214282,0.214282,0.99,0.0,256,64,64,663,liboqs,gateway
ECDSA,verify,202487,0.202487,0.99,0.0,256,64,64,664,liboqs,gateway
ECDSA,verify,201694,0.201694,0.99,0.0,256,64,64,665,liboqs,gateway
ECDSA,verify,217217,0.217217,0.99,0.0,256,64,64,666,liboqs,gateway
ECDSA,verify,411724,0.411724,0.99,0.0,256,64,64,667,liboqs,gateway
ECDSA,verify,214417,0.214417,0.99,0.0,256,64,64,668,liboqs,gateway
ECDSA,verify,215706,0.215706,0.99,0.0,256,64,64,669,liboqs,gateway
ECDSA,verify,212046,0.212046,0.99,0.0,256,64,64,670,liboqs,gateway
ECDSA,verify,221621,0.221621,0.99,0.0,256,64,64,671,liboqs,gateway
ECDSA,verify,202876,0.202876,0.99,0.0,256,64,64,672,liboqs,gateway
ECDSA,verify,203561,0.203561,0.99,0.0,256,64,64,673,liboqs,gateway
ECDSA,verify,203546,0.203546,0.99,0.0,256,64,64,674,liboqs,gateway
ECDSA,verify,200105,0.200105,0.99,0.0,256,64,64,675,liboqs,gateway
ECDSA,verify,201967,0.201967,0.99,0.0,256,64,64,676,liboqs,gateway
ECDSA,verify,209538,0.209538,0.99,0.0,256,64,64,677,liboqs,gateway
ECDSA,verify,218162,0.218162,0.99,0.0,256,64,64,678,liboqs,gateway
ECDSA,verify,206607,0.206607,0.99,0.0,256,64,64,679,liboqs,gateway
ECDSA,verify,206597,0.206597,0.99,0.0,256,64,64,680,liboqs,gateway
ECDSA,verify,203614,0.203614,0.99,0.0,256,64,64,681,liboqs,gateway
ECDSA,verify,201198,0.201198,0.99,0.0,256,64,64,682,liboqs,gateway
ECDSA,verify,201491,0.201491,0.99,0.0,256,64,64,683,liboqs,gateway
ECDSA,verify,204662,0.204662,0.99,0.0,256,64,64,684,liboqs,gateway
ECDSA,verify,201410,0.20141,0.99,0.0,256,64,64,685,liboqs,gateway
ECDSA,verify,211857,0.211857,0.99,0.0,256,64,64,686,liboqs,gateway
ECDSA,verify,207548,0.207548,0.99,0.0,256,64,64,687,liboqs,gateway
ECDSA,verify,204221,0.204221,0.99,0.0,256,64,64,688,liboqs,gateway
ECDSA,verify,201254,0.201254,0.99,0.0,256,64,64,689,liboqs,gateway
ECDSA,verify,200930,0.20093,0.99,0.0,256,64,64,690,liboqs,gateway
ECDSA,verify,203270,0.20327,0.99,0.0,256,64,64,691,liboqs,gateway
ECDSA,verify,200762,0.200762,0.99,0.0,256,64,64,692,liboqs,gateway
ECDSA,verify,200961,0.200961,0.99,0.0,256,64,64,693,liboqs,gateway
ECDSA,verify,326228,0.326228,0.99,0.0,256,64,64,694,liboqs,gateway
ECDSA,verify,282164,0.282164,0.99,0.0,256,64,64,695,liboqs,gateway
ECDSA,verify,228622,0.228622,0.99,0.0,256,64,64,696,liboqs,gateway
ECDSA,verify,209151,0.209151,0.99,0.0,256,64,64,697,liboqs,gateway
ECDSA,verify,205263,0.205263,0.99,0.0,256,64,64,698,liboqs,gateway
ECDSA,verify,210738,0.210738,0.99,0.0,256,64,64,699,liboqs,gateway
ECDSA,verify,223093,0.223093,0.99,0.0,256,64,64,700,liboqs,gateway
ECDSA,verify,217075,0.217075,0.99,0.0,256,64,64,701,liboqs,gateway
ECDSA,verify,216248,0.216248,0.99,0.0,256,64,64,702,liboqs,gateway
ECDSA,verify,203210,0.20321,0.99,0.0,256,64,64,703,liboqs,gateway
ECDSA,verify,203455,0.203455,0.99,0.0,256,64,64,704,liboqs,gateway
ECDSA,verify,202088,0.202088,0.99,0.0,256,64,64,705,liboqs,gateway
ECDSA,verify,201026,0.201026,0.99,0.0,256,64,64,706,liboqs,gateway
ECDSA,verify,200435,0.200435,0.99,0.0,256,64,64,707,liboqs,gateway
ECDSA,verify,224207,0.224207,0.99,0.0,256,64,64,708,liboqs,gateway
ECDSA,verify,208735,0.208735,0.99,0.0,256,64,64,709,liboqs,gateway
ECDSA,verify,212332,0.212332,0.99,0.0,256,64,64,710,liboqs,gateway
ECDSA,verify,212552,0.212552,0.99,0.0,256,64,64,711,liboqs,gateway
ECDSA,verify,205258,0.205258,0.99,0.0,256,64,64,712,liboqs,gateway
ECDSA,verify,201800,0.2018,0.99,0.0,256,64,64,713,liboqs,gateway
ECDSA,verify,200844,0.200844,0.99,0.0,256,64,64,714,liboqs,gateway
ECDSA,verify,207511,0.207511,0.99,0.0,256,64,64,715,liboqs,gateway
ECDSA,verify,205893,0.205893,0.99,0.0,256,64,64,716,liboqs,gateway
ECDSA,verify,201281,0.201281,0.99,0.0,256,64,64,717,liboqs,gateway
ECDSA,verify,201056,0.201056,0.99,0.0,256,64,64,718,liboqs,gateway
ECDSA,verify,201515,0.201515,0.99,0.0,256,64,64,719,liboqs,gateway
ECDSA,verify,212383,0.212383,0.99,0.0,256,64,64,720,liboqs,gateway
ECDSA,verify,208583,0.208583,0.99,0.0,256,64,64,721,liboqs,gateway
ECDSA,verify,203904,0.203904,0.99,0.0,256,64,64,722,liboqs,gateway
ECDSA,verify,203300,0.2033,0.99,0.0,256,64,64,723,liboqs,gateway
ECDSA,verify,200214,0.200214,0.99,0.0,256,64,64,724,liboqs,gateway
ECDSA,verify,200878,0.200878,0.99,0.0,256,64,64,725,liboqs,gateway
ECDSA,verify,211535,0.211535,0.99,0.0,256,64,64,726,liboqs,gateway
ECDSA,verify,209069,0.209069,0.99,0.0,256,64,64,727,liboqs,gateway
ECDSA,verify,210465,0.210465,0.99,0.0,256,64,64,728,liboqs,gateway
ECDSA,verify,211155,0.211155,0.99,0.0,256,64,64,729,liboqs,gateway
ECDSA,verify,203550,0.20355,0.99,0.0,256,64,64,730,liboqs,gateway
ECDSA,verify,200912,0.200912,0.99,0.0,256,64,64,731,liboqs,gateway
ECDSA,verify,201105,0.201105,0.99,0.0,256,64,64,732,liboqs,gateway
ECDSA,verify,205068,0.205068,0.99,0.0,256,64,64,733,liboqs,gateway
ECDSA,verify,208107,0.208107,0.99,0.0,256,64,64,734,liboqs,gateway
ECDSA,verify,209705,0.209705,0.99,0.0,256,64,64,735,liboqs,gateway
ECDSA,verify,204775,0.204775,0.99,0.0,256,64,64,736,liboqs,gateway
ECDSA,verify,214690,0.21469,0.99,0.0,256,64,64,737,liboqs,gateway
ECDSA,verify,215518,0.215518,0.99,0.0,256,64,64,738,liboqs,gateway
ECDSA,verify,205359,0.205359,0.99,0.0,256,64,64,739,liboqs,gateway
ECDSA,verify,203503,0.203503,0.99,0.0,256,64,64,740,liboqs,gateway
ECDSA,verify,201943,0.201943,0.99,0.0,256,64,64,741,liboqs,gateway
ECDSA,verify,201521,0.201521,0.99,0.0,256,64,64,742,liboqs,gateway
ECDSA,verify,202235,0.202235,0.99,0.0,256,64,64,743,liboqs,gateway
ECDSA,verify,202089,0.202089,0.99,0.0,256,64,64,744,liboqs,gateway
ECDSA,verify,210297,0.210297,0.99,0.0,256,64,64,745,liboqs,gateway
ECDSA,verify,211141,0.211141,0.99,0.0,256,64,64,746,liboqs,gateway
ECDSA,verify,203855,0.203855,0.99,0.0,256,64,64,747,liboqs,gateway
ECDSA,verify,202433,0.202433,0.99,0.0,256,64,64,748,liboqs,gateway
ECDSA,verify,201061,0.201061,0.99,0.0,256,64,64,749,liboqs,gateway
ECDSA,verify,213574,0.213574,0.99,0.0,256,64,64,750,liboqs,gateway
ECDSA,verify,203001,0.203001,0.99,0.0,256,64,64,751,liboqs,gateway
ECDSA,verify,201014,0.201014,0.99,0.0,256,64,64,752,liboqs,gateway
ECDSA,verify,206067,0.206067,0.99,0.0,256,64,64,753,liboqs,gateway
ECDSA,verify,230343,0.230343,0.99,0.0,256,64,64,754,liboqs,gateway
ECDSA,verify,210438,0.210438,0.99,0.0,256,64,64,755,liboqs,gateway
ECDSA,verify,201344,0.201344,0.99,0.0,256,64,64,756,liboqs,gateway
ECDSA,verify,203195,0.203195,0.99,0.0,256,64,64,757,liboqs,gateway
ECDSA,verify,204241,0.204241,0.99,0.0,256,64,64,758,liboqs,gateway
ECDSA,verify,202981,0.202981,0.99,0.0,256,64,64,759,liboqs,gateway
ECDSA,verify,203500,0.2035,0.99,0.0,256,64,64,760,liboqs,gateway
ECDSA,verify,202924,0.202924,0.99,0.0,256,64,64,761,liboqs,gateway
ECDSA,verify,201068,0.201068,0.99,0.0,256,64,64,762,liboqs,gateway
ECDSA,verify,213096,0.213096,0.99,0.0,256,64,64,763,liboqs,gateway
ECDSA,verify,209084,0.209084,0.99,0.0,256,64,64,764,liboqs,gateway
ECDSA,verify,203755,0.203755,0.99,0.0,256,64,64,765,liboqs,gateway
ECDSA,verify,202840,0.20284,0.99,0.0,256,64,64,766,liboqs,gateway
ECDSA,verify,307428,0.307428,0.99,0.0,256,64,64,767,liboqs,gateway
ECDSA,verify,264712,0.264712,0.99,0.0,256,64,64,768,liboqs,gateway
ECDSA,verify,221151,0.221151,0.99,0.0,256,64,64,769,liboqs,gateway
ECDSA,verify,207167,0.207167,0.99,0.0,256,64,64,770,liboqs,gateway
ECDSA,verify,217818,0.217818,0.99,0.0,256,64,64,771,liboqs,gateway
ECDSA,verify,222795,0.222795,0.99,0.0,256,64,64,772,liboqs,gateway
ECDSA,verify,206305,0.206305,0.99,0.0,256,64,64,773,liboqs,gateway
ECDSA,verify,204528,0.204528,0.99,0.0,256,64,64,774,liboqs,gateway
ECDSA,verify,227891,0.227891,0.99,0.0,256,64,64,775,liboqs,gateway
ECDSA,verify,212074,0.212074,0.99,0.0,256,64,64,776,liboqs,gateway
ECDSA,verify,205519,0.205519,0.99,0.0,256,64,64,777,liboqs,gateway
ECDSA,verify,201604,0.201604,0.99,0.0,256,64,64,778,liboqs,gateway
ECDSA,verify,205345,0.205345,0.99,0.0,256,64,64,779,liboqs,gateway
ECDSA,verify,228164,0.228164,0.99,0.0,256,64,64,780,liboqs,gateway
ECDSA,verify,210169,0.210169,0.99,0.0,256,64,64,781,liboqs,gateway
ECDSA,verify,204440,0.20444,0.99,0.0,256,64,64,782,liboqs,gateway
ECDSA,verify,202310,0.20231,0.99,0.0,256,64,64,783,liboqs,gateway
ECDSA,verify,202466,0.202466,0.99,0.0,256,64,64,784,liboqs,gateway
ECDSA,verify,211542,0.211542,0.99,0.0,256,64,64,785,liboqs,gateway
ECDSA,verify,211768,0.211768,0.99,0.0,256,64,64,786,liboqs,gateway
ECDSA,verify,202330,0.20233,0.99,0.0,256,64,64,787,liboqs,gateway
ECDSA,verify,202126,0.202126,0.99,0.0,256,64,64,788,liboqs,gateway
ECDSA,verify,204217,0.204217,0.99,0.0,256,64,64,789,liboqs,gateway
ECDSA,verify,223317,0.223317,0.99,0.0,256,64,64,790,liboqs,gateway
ECDSA,verify,206629,0.206629,0.99,0.0,256,64,64,791,liboqs,gateway
ECDSA,verify,203787,0.203787,0.99,0.0,256,64,64,792,liboqs,gateway
ECDSA,verify,204717,0.204717,0.99,0.0,256,64,64,793,liboqs,gateway
ECDSA,verify,215195,0.215195,0.99,0.0,256,64,64,794,liboqs,gateway
ECDSA,verify,212367,0.212367,0.99,0.0,256,64,64,795,liboqs,gateway
ECDSA,verify,216597,0.216597,0.99,0.0,256,64,64,796,liboqs,gateway
ECDSA,verify,209789,0.209789,0.99,0.0,256,64,64,797,liboqs,gateway
ECDSA,verify,205924,0.205924,0.99,0.0,256,64,64,798,liboqs,gateway
ECDSA,verify,205450,0.20545,0.99,0.0,256,64,64,799,liboqs,gateway
ECDSA,verify,201785,0.201785,0.99,0.0,256,64,64,800,liboqs,gateway
ECDSA,verify,229925,0.229925,0.99,0.0,256,64,64,801,liboqs,gateway
ECDSA,verify,212443,0.212443,0.99,0.0,256,64,64,802,liboqs,gateway
ECDSA,verify,203215,0.203215,0.99,0.0,256,64,64,803,liboqs,gateway
ECDSA,verify,214994,0.214994,0.99,0.0,256,64,64,804,liboqs,gateway
ECDSA,verify,210951,0.210951,0.99,0.0,256,64,64,805,liboqs,gateway
ECDSA,verify,212653,0.212653,0.99,0.0,256,64,64,806,liboqs,gateway
ECDSA,verify,209578,0.209578,0.99,0.0,256,64,64,807,liboqs,gateway
ECDSA,verify,202687,0.202687,0.99,0.0,256,64,64,808,liboqs,gateway
ECDSA,verify,209277,0.209277,0.99,0.0,256,64,64,809,liboqs,gateway
ECDSA,verify,206734,0.206734,0.99,0.0,256,64,64,810,liboqs,gateway
ECDSA,verify,214021,0.214021,0.99,0.0,256,64,64,811,liboqs,gateway
ECDSA,verify,209366,0.209366,0.99,0.0,256,64,64,812,liboqs,gateway
ECDSA,verify,202661,0.202661,0.99,0.0,256,64,64,813,liboqs,gateway
ECDSA,verify,206906,0.206906,0.99,0.0,256,64,64,814,liboqs,gateway
ECDSA,verify,221786,0.221786,0.99,0.0,256,64,64,815,liboqs,gateway
ECDSA,verify,211330,0.21133,0.99,0.0,256,64,64,816,liboqs,gateway
ECDSA,verify,203184,0.203184,0.99,0.0,256,64,64,817,liboqs,gateway
ECDSA,verify,201140,0.20114,0.99,0.0,256,64,64,818,liboqs,gateway
ECDSA,verify,204496,0.204496,0.99,0.0,256,64,64,819,liboqs,gateway
ECDSA,verify,224991,0.224991,0.99,0.0,256,64,64,820,liboqs,gateway
ECDSA,verify,210395,0.210395,0.99,0.0,256,64,64,821,liboqs,gateway
ECDSA,verify,221260,0.22126,0.99,0.0,256,64,64,822,liboqs,gateway
ECDSA,verify,209571,0.209571,0.99,0.0,256,64,64,823,liboqs,gateway
ECDSA,verify,204707,0.204707,0.99,0.0,256,64,64,824,liboqs,gateway
ECDSA,verify,211206,0.211206,0.99,0.0,256,64,64,825,liboqs,gateway
ECDSA,verify,210476,0.210476,0.99,0.0,256,64,64,826,liboqs,gateway
ECDSA,verify,203990,0.20399,0.99,0.0,256,64,64,827,liboqs,gateway
ECDSA,verify,220067,0.220067,0.99,0.0,256,64,64,828,liboqs,gateway
ECDSA,verify,210159,0.210159,0.99,0.0,256,64,64,829,liboqs,gateway
ECDSA,verify,224809,0.224809,0.99,0.0,256,64,64,830,liboqs,gateway
ECDSA,verify,205476,0.205476,0.99,0.0,256,64,64,831,liboqs,gateway
ECDSA,verify,201964,0.201964,0.99,0.0,256,64,64,832,liboqs,gateway
ECDSA,verify,202450,0.20245,0.99,0.0,256,64,64,833,liboqs,gateway
ECDSA,verify,214457,0.214457,0.99,0.0,256,64,64,834,liboqs,gateway
ECDSA,verify,210010,0.21001,0.99,0.0,256,64,64,835,liboqs,gateway
ECDSA,verify,202496,0.202496,0.99,0.0,256,64,64,836,liboqs,gateway
ECDSA,verify,202002,0.202002,0.99,0.0,256,64,64,837,liboqs,gateway
ECDSA,verify,202628,0.202628,0.99,0.0,256,64,64,838,liboqs,gateway
ECDSA,verify,328247,0.328247,0.99,0.0,256,64,64,839,liboqs,gateway
ECDSA,verify,245693,0.245693,0.99,0.0,256,64,64,840,liboqs,gateway
ECDSA,verify,216476,0.216476,0.99,0.0,256,64,64,841,liboqs,gateway
ECDSA,verify,204808,0.204808,0.99,0.0,256,64,64,842,liboqs,gateway
ECDSA,verify,203306,0.203306,0.99,0.0,256,64,64,843,liboqs,gateway
ECDSA,verify,202189,0.202189,0.99,0.0,256,64,64,844,liboqs,gateway
ECDSA,verify,202559,0.202559,0.99,0.0,256,64,64,845,liboqs,gateway
ECDSA,verify,229871,0.229871,0.99,0.0,256,64,64,846,liboqs,gateway
ECDSA,verify,221093,0.221093,0.99,0.0,256,64,64,847,liboqs,gateway
ECDSA,verify,209997,0.209997,0.99,0.0,256,64,64,848,liboqs,gateway
ECDSA,verify,213378,0.213378,0.99,0.0,256,64,64,849,liboqs,gateway
ECDSA,verify,208909,0.208909,0.99,0.0,256,64,64,850,liboqs,gateway
ECDSA,verify,214355,0.214355,0.99,0.0,256,64,64,851,liboqs,gateway
ECDSA,verify,209588,0.209588,0.99,0.0,256,64,64,852,liboqs,gateway
ECDSA,verify,201539,0.201539,0.99,0.0,256,64,64,853,liboqs,gateway
ECDSA,verify,203063,0.203063,0.99,0.0,256,64,64,854,liboqs,gateway
ECDSA,verify,200809,0.200809,0.99,0.0,256,64,64,855,liboqs,gateway
ECDSA,verify,212090,0.21209,0.99,0.0,256,64,64,856,liboqs,gateway
ECDSA,verify,207896,0.207896,0.99,0.0,256,64,64,857,liboqs,gateway
ECDSA,verify,206254,0.206254,0.99,0.0,256,64,64,858,liboqs,gateway
ECDSA,verify,204984,0.204984,0.99,0.0,256,64,64,859,liboqs,gateway
ECDSA,verify,200665,0.200665,0.99,0.0,256,64,64,860,liboqs,gateway
ECDSA,verify,201150,0.20115,0.99,0.0,256,64,64,861,liboqs,gateway
ECDSA,verify,202144,0.202144,0.99,0.0,256,64,64,862,liboqs,gateway
ECDSA,verify,200822,0.200822,0.99,0.0,256,64,64,863,liboqs,gateway
ECDSA,verify,201624,0.201624,0.99,0.0,256,64,64,864,liboqs,gateway
ECDSA,verify,215562,0.215562,0.99,0.0,256,64,64,865,liboqs,gateway
ECDSA,verify,218801,0.218801,0.99,0.0,256,64,64,866,liboqs,gateway
ECDSA,verify,208803,0.208803,0.99,0.0,256,64,64,867,liboqs,gateway
ECDSA,verify,207248,0.207248,0.99,0.0,256,64,64,868,liboqs,gateway
ECDSA,verify,201763,0.201763,0.99,0.0,256,64,64,869,liboqs,gateway
ECDSA,verify,201621,0.201621,0.99,0.0,256,64,64,870,liboqs,gateway
ECDSA,verify,201976,0.201976,0.99,0.0,256,64,64,871,liboqs,gateway
ECDSA,verify,201372,0.201372,0.99,0.0,256,64,64,872,liboqs,gateway
ECDSA,verify,201416,0.201416,0.99,0.0,256,64,64,873,liboqs,gateway
ECDSA,verify,209066,0.209066,0.99,0.0,256,64,64,874,liboqs,gateway
ECDSA,verify,216430,0.21643,0.99,0.0,256,64,64,875,liboqs,gateway
ECDSA,verify,209655,0.209655,0.99,0.0,256,64,64,876,liboqs,gateway
ECDSA,verify,203416,0.203416,0.99,0.0,256,64,64,877,liboqs,gateway
ECDSA,verify,203338,0.203338,0.99,0.0,256,64,64,878,liboqs,gateway
ECDSA,verify,200934,0.200934,0.99,0.0,256,64,64,879,liboqs,gateway
ECDSA,verify,201917,0.201917,0.99,0.0,256,64,64,880,liboqs,gateway
ECDSA,verify,201890,0.20189,0.99,0.0,256,64,64,881,liboqs,gateway
ECDSA,verify,206594,0.206594,0.99,0.0,256,64,64,882,liboqs,gateway
ECDSA,verify,211455,0.211455,0.99,0.0,256,64,64,883,liboqs,gateway
ECDSA,verify,202853,0.202853,0.99,0.0,256,64,64,884,liboqs,gateway
ECDSA,verify,217093,0.217093,0.99,0.0,256,64,64,885,liboqs,gateway
ECDSA,verify,204993,0.204993,0.99,0.0,256,64,64,886,liboqs,gateway
ECDSA,verify,200650,0.20065,0.99,0.0,256,64,64,887,liboqs,gateway
ECDSA,verify,202514,0.202514,0.99,0.0,256,64,64,888,liboqs,gateway
ECDSA,verify,200741,0.200741,0.99,0.0,256,64,64,889,liboqs,gateway
ECDSA,verify,200373,0.200373,0.99,0.0,256,64,64,890,liboqs,gateway
ECDSA,verify,201956,0.201956,0.99,0.0,256,64,64,891,liboqs,gateway
ECDSA,verify,210081,0.210081,0.99,0.0,256,64,64,892,liboqs,gateway
ECDSA,verify,210697,0.210697,0.99,0.0,256,64,64,893,liboqs,gateway
ECDSA,verify,202329,0.202329,0.99,0.0,256,64,64,894,liboqs,gateway
ECDSA,verify,200373,0.200373,0.99,0.0,256,64,64,895,liboqs,gateway
ECDSA,verify,202079,0.202079,0.99,0.0,256,64,64,896,liboqs,gateway
ECDSA,verify,201005,0.201005,0.99,0.0,256,64,64,897,liboqs,gateway
ECDSA,verify,199702,0.199702,0.99,0.0,256,64,64,898,liboqs,gateway
ECDSA,verify,201373,0.201373,0.99,0.0,256,64,64,899,liboqs,gateway
ECDSA,verify,202822,0.202822,0.99,0.0,256,64,64,900,liboqs,gateway
ECDSA,verify,222504,0.222504,0.99,0.0,256,64,64,901,liboqs,gateway
ECDSA,verify,207403,0.207403,0.99,0.0,256,64,64,902,liboqs,gateway
ECDSA,verify,205358,0.205358,0.99,0.0,256,64,64,903,liboqs,gateway
ECDSA,verify,206370,0.20637,0.99,0.0,256,64,64,904,liboqs,gateway
ECDSA,verify,206857,0.206857,0.99,0.0,256,64,64,905,liboqs,gateway
ECDSA,verify,200943,0.200943,0.99,0.0,256,64,64,906,liboqs,gateway
ECDSA,verify,201815,0.201815,0.99,0.0,256,64,64,907,liboqs,gateway
ECDSA,verify,200077,0.200077,0.99,0.0,256,64,64,908,liboqs,gateway
ECDSA,verify,200611,0.200611,0.99,0.0,256,64,64,909,liboqs,gateway
ECDSA,verify,209202,0.209202,0.99,0.0,256,64,64,910,liboqs,gateway
ECDSA,verify,209100,0.2091,0.99,0.0,256,64,64,911,liboqs,gateway
ECDSA,verify,264693,0.264693,0.99,0.0,256,64,64,912,liboqs,gateway
ECDSA,verify,269662,0.269662,0.99,0.0,256,64,64,913,liboqs,gateway
ECDSA,verify,214483,0.214483,0.99,0.0,256,64,64,914,liboqs,gateway
ECDSA,verify,205980,0.20598,0.99,0.0,256,64,64,915,liboqs,gateway
ECDSA,verify,204236,0.204236,0.99,0.0,256,64,64,916,liboqs,gateway
ECDSA,verify,203756,0.203756,0.99,0.0,256,64,64,917,liboqs,gateway
ECDSA,verify,203324,0.203324,0.99,0.0,256,64,64,918,liboqs,gateway
ECDSA,verify,202733,0.202733,0.99,0.0,256,64,64,919,liboqs,gateway
ECDSA,verify,215653,0.215653,0.99,0.0,256,64,64,920,liboqs,gateway
ECDSA,verify,209787,0.209787,0.99,0.0,256,64,64,921,liboqs,gateway
ECDSA,verify,204738,0.204738,0.99,0.0,256,64,64,922,liboqs,gateway
ECDSA,verify,217638,0.217638,0.99,0.0,256,64,64,923,liboqs,gateway
ECDSA,verify,203554,0.203554,0.99,0.0,256,64,64,924,liboqs,gateway
ECDSA,verify,201308,0.201308,0.99,0.0,256,64,64,925,liboqs,gateway
ECDSA,verify,200942,0.200942,0.99,0.0,256,64,64,926,liboqs,gateway
ECDSA,verify,214469,0.214469,0.99,0.0,256,64,64,927,liboqs,gateway
ECDSA,verify,212332,0.212332,0.99,0.0,256,64,64,928,liboqs,gateway
ECDSA,verify,213592,0.213592,0.99,0.0,256,64,64,929,liboqs,gateway
ECDSA,verify,208844,0.208844,0.99,0.0,256,64,64,930,liboqs,gateway
ECDSA,verify,202894,0.202894,0.99,0.0,256,64,64,931,liboqs,gateway
ECDSA,verify,202195,0.202195,0.99,0.0,256,64,64,932,liboqs,gateway
ECDSA,verify,315877,0.315877,0.99,0.0,256,64,64,933,liboqs,gateway
ECDSA,verify,248117,0.248117,0.99,0.0,256,64,64,934,liboqs,gateway
ECDSA,verify,215771,0.215771,0.99,0.0,256,64,64,935,liboqs,gateway
ECDSA,verify,207777,0.207777,0.99,0.0,256,64,64,936,liboqs,gateway
ECDSA,verify,203561,0.203561,0.99,0.0,256,64,64,937,liboqs,gateway
ECDSA,verify,203434,0.203434,0.99,0.0,256,64,64,938,liboqs,gateway
ECDSA,verify,204572,0.204572,0.99,0.0,256,64,64,939,liboqs,gateway
ECDSA,verify,215974,0.215974,0.99,0.0,256,64,64,940,liboqs,gateway
ECDSA,verify,222459,0.222459,0.99,0.0,256,64,64,941,liboqs,gateway
ECDSA,verify,207959,0.207959,0.99,0.0,256,64,64,942,liboqs,gateway
ECDSA,verify,202746,0.202746,0.99,0.0,256,64,64,943,liboqs,gateway
ECDSA,verify,237295,0.237295,0.99,0.0,256,64,64,944,liboqs,gateway
ECDSA,verify,228181,0.228181,0.99,0.0,256,64,64,945,liboqs,gateway
ECDSA,verify,228794,0.228794,0.99,0.0,256,64,64,946,liboqs,gateway
ECDSA,verify,210132,0.210132,0.99,0.0,256,64,64,947,liboqs,gateway
ECDSA,verify,204129,0.204129,0.99,0.0,256,64,64,948,liboqs,gateway
ECDSA,verify,208426,0.208426,0.99,0.0,256,64,64,949,liboqs,gateway
ECDSA,verify,200872,0.200872,0.99,0.0,256,64,64,950,liboqs,gateway
ECDSA,verify,201875,0.201875,0.99,0.0,256,64,64,951,liboqs,gateway
ECDSA,verify,211022,0.211022,0.99,0.0,256,64,64,952,liboqs,gateway
ECDSA,verify,210048,0.210048,0.99,0.0,256,64,64,953,liboqs,gateway
ECDSA,verify,204165,0.204165,0.99,0.0,256,64,64,954,liboqs,gateway
ECDSA,verify,201964,0.201964,0.99,0.0,256,64,64,955,liboqs,gateway
ECDSA,verify,203374,0.203374,0.99,0.0,256,64,64,956,liboqs,gateway
ECDSA,verify,201300,0.2013,0.99,0.0,256,64,64,957,liboqs,gateway
ECDSA,verify,201684,0.201684,0.99,0.0,256,64,64,958,liboqs,gateway
ECDSA,verify,212776,0.212776,0.99,0.0,256,64,64,959,liboqs,gateway
ECDSA,verify,205174,0.205174,0.99,0.0,256,64,64,960,liboqs,gateway
ECDSA,verify,210192,0.210192,0.99,0.0,256,64,64,961,liboqs,gateway
ECDSA,verify,218019,0.218019,0.99,0.0,256,64,64,962,liboqs,gateway
ECDSA,verify,208575,0.208575,0.99,0.0,256,64,64,963,liboqs,gateway
ECDSA,verify,203570,0.20357,0.99,0.0,256,64,64,964,liboqs,gateway
ECDSA,verify,202276,0.202276,0.99,0.0,256,64,64,965,liboqs,gateway
ECDSA,verify,249953,0.249953,0.99,0.0,256,64,64,966,liboqs,gateway
ECDSA,verify,371609,0.371609,0.99,0.0,256,64,64,967,liboqs,gateway
ECDSA,verify,338866,0.338866,0.99,0.0,256,64,64,968,liboqs,gateway
ECDSA,verify,255788,0.255788,0.99,0.0,256,64,64,969,liboqs,gateway
ECDSA,verify,223675,0.223675,0.99,0.0,256,64,64,970,liboqs,gateway
ECDSA,verify,212359,0.212359,0.99,0.0,256,64,64,971,liboqs,gateway
ECDSA,verify,203593,0.203593,0.99,0.0,256,64,64,972,liboqs,gateway
ECDSA,verify,202413,0.202413,0.99,0.0,256,64,64,973,liboqs,gateway
ECDSA,verify,201739,0.201739,0.99,0.0,256,64,64,974,liboqs,gateway
ECDSA,verify,202373,0.202373,0.99,0.0,256,64,64,975,liboqs,gateway
ECDSA,verify,221327,0.221327,0.99,0.0,256,64,64,976,liboqs,gateway
ECDSA,verify,208936,0.208936,0.99,0.0,256,64,64,977,liboqs,gateway
ECDSA,verify,203849,0.203849,0.99,0.0,256,64,64,978,liboqs,gateway
ECDSA,verify,204792,0.204792,0.99,0.0,256,64,64,979,liboqs,gateway
ECDSA,verify,204609,0.204609,0.99,0.0,256,64,64,980,liboqs,gateway
ECDSA,verify,205835,0.205835,0.99,0.0,256,64,64,981,liboqs,gateway
ECDSA,verify,200790,0.20079,0.99,0.0,256,64,64,982,liboqs,gateway
ECDSA,verify,200216,0.200216,0.99,0.0,256,64,64,983,liboqs,gateway
ECDSA,verify,201713,0.201713,0.99,0.0,256,64,64,984,liboqs,gateway
ECDSA,verify,216496,0.216496,0.99,0.0,256,64,64,985,liboqs,gateway
ECDSA,verify,206644,0.206644,0.99,0.0,256,64,64,986,liboqs,gateway
ECDSA,verify,205334,0.205334,0.99,0.0,256,64,64,987,liboqs,gateway
ECDSA,verify,218677,0.218677,0.99,0.0,256,64,64,988,liboqs,gateway
ECDSA,verify,202427,0.202427,0.99,0.0,256,64,64,989,liboqs,gateway
ECDSA,verify,202601,0.202601,0.99,0.0,256,64,64,990,liboqs,gateway
ECDSA,verify,201032,0.201032,0.99,0.0,256,64,64,991,liboqs,gateway
ECDSA,verify,217075,0.217075,0.99,0.0,256,64,64,992,liboqs,gateway
ECDSA,verify,218371,0.218371,0.99,0.0,256,64,64,993,liboqs,gateway
ECDSA,verify,209818,0.209818,0.99,0.0,256,64,64,994,liboqs,gateway
ECDSA,verify,215578,0.215578,0.99,0.0,256,64,64,995,liboqs,gateway
ECDSA,verify,212375,0.212375,0.99,0.0,256,64,64,996,liboqs,gateway
ECDSA,verify,203453,0.203453,0.99,0.0,256,64,64,997,liboqs,gateway
ECDSA,verify,202076,0.202076,0.99,0.0,256,64,64,998,liboqs,gateway
ECDSA,verify,205063,0.205063,0.99,0.0,256,64,64,999,liboqs,gateway
Dilithium2,keygen,44422,0.044422,7.72,0.0,256,1312,0,0,liboqs,gateway
Dilithium2,keygen,35990,0.03599,7.72,0.0,256,1312,0,1,liboqs,gateway
Dilithium2,keygen,33613,0.033613,7.72,0.0,256,1312,0,2,liboqs,gateway
Dilithium2,keygen,35973,0.035973,8.33,0.0,256,1312,0,3,liboqs,gateway
Dilithium2,keygen,33319,0.033319,7.78,0.0,256,1312,0,4,liboqs,gateway
Dilithium2,keygen,31021,0.031021,7.78,0.0,256,1312,0,5,liboqs,gateway
Dilithium2,keygen,29410,0.02941,7.78,0.0,256,1312,0,6,liboqs,gateway
Dilithium2,keygen,29195,0.029195,7.78,0.0,256,1312,0,7,liboqs,gateway
Dilithium2,keygen,29174,0.029174,7.78,0.0,256,1312,0,8,liboqs,gateway
Dilithium2,keygen,29231,0.029231,7.78,0.0,256,1312,0,9,liboqs,gateway
Dilithium2,keygen,28741,0.028741,7.78,0.0,256,1312,0,10,liboqs,gateway
Dilithium2,keygen,29866,0.029866,7.78,0.0,256,1312,0,11,liboqs,gateway
Dilithium2,keygen,30756,0.030756,7.78,0.0,256,1312,0,12,liboqs,gateway
Dilithium2,keygen,28799,0.028799,7.78,0.0,256,1312,0,13,liboqs,gateway
Dilithium2,keygen,39747,0.039747,7.78,0.0,256,1312,0,14,liboqs,gateway
Dilithium2,keygen,32441,0.032441,7.78,0.0,256,1312,0,15,liboqs,gateway
Dilithium2,keygen,30861,0.030861,7.78,0.0,256,1312,0,16,liboqs,gateway
Dilithium2,keygen,29156,0.029156,7.78,0.0,256,1312,0,17,liboqs,gateway
Dilithium2,keygen,29145,0.029145,7.78,0.0,256,1312,0,18,liboqs,gateway
Dilithium2,keygen,35253,0.035253,7.78,0.0,256,1312,0,19,liboqs,gateway
Dilithium2,keygen,29274,0.029274,7.78,0.0,256,1312,0,20,liboqs,gateway
Dilithium2,keygen,28611,0.028611,7.78,0.0,256,1312,0,21,liboqs,gateway
Dilithium2,keygen,30225,0.030225,7.78,0.0,256,1312,0,22,liboqs,gateway
Dilithium2,keygen,27738,0.027738,7.78,0.0,256,1312,0,23,liboqs,gateway
Dilithium2,keygen,28145,0.028145,7.78,0.0,256,1312,0,24,liboqs,gateway
Dilithium2,keygen,28690,0.02869,7.78,0.0,256,1312,0,25,liboqs,gateway
Dilithium2,keygen,28420,0.02842,7.78,0.0,256,1312,0,26,liboqs,gateway
Dilithium2,keygen,28686,0.028686,7.78,0.0,256,1312,0,27,liboqs,gateway
Dilithium2,keygen,28265,0.028265,7.78,0.0,256,1312,0,28,liboqs,gateway
Dilithium2,keygen,28009,0.028009,7.78,0.0,256,1312,0,29,liboqs,gateway
Dilithium2,keygen,42041,0.042041,7.78,0.0,256,1312,0,30,liboqs,gateway
Dilithium2,keygen,35025,0.035025,7.78,0.0,256,1312,0,31,liboqs,gateway
Dilithium2,keygen,29716,0.029716,7.78,0.0,256,1312,0,32,liboqs,gateway
Dilithium2,keygen,28967,0.028967,7.78,0.0,256,1312,0,33,liboqs,gateway
Dilithium2,keygen,28614,0.028614,7.78,0.0,256,1312,0,34,liboqs,gateway
Dilithium2,keygen,30267,0.030267,7.78,0.0,256,1312,0,35,liboqs,gateway
Dilithium2,keygen,28579,0.028579,7.78,0.0,256,1312,0,36,liboqs,gateway
Dilithium2,keygen,29797,0.029797,7.78,0.0,256,1312,0,37,liboqs,gateway
Dilithium2,keygen,30291,0.030291,7.78,0.0,256,1312,0,38,liboqs,gateway
Dilithium2,keygen,28097,0.028097,7.78,0.0,256,1312,0,39,liboqs,gateway
Dilithium2,keygen,29851,0.029851,7.78,0.0,256,1312,0,40,liboqs,gateway
Dilithium2,keygen,28289,0.028289,7.78,0.0,256,1312,0,41,liboqs,gateway
Dilithium2,keygen,31018,0.031018,7.78,0.0,256,1312,0,42,liboqs,gateway
Dilithium2,keygen,28561,0.028561,7.78,0.0,256,1312,0,43,liboqs,gateway
Dilithium2,keygen,30121,0.030121,7.78,0.0,256,1312,0,44,liboqs,gateway
Dilithium2,keygen,28291,0.028291,7.78,0.0,256,1312,0,45,liboqs,gateway
Dilithium2,keygen,28047,0.028047,7.78,0.0,256,1312,0,46,liboqs,gateway
Dilithium2,keygen,29059,0.029059,7.78,0.0,256,1312,0,47,liboqs,gateway
Dilithium2,keygen,28486,0.028486,7.78,0.0,256,1312,0,48,liboqs,gateway
Dilithium2,keygen,30485,0.030485,7.78,0.0,256,1312,0,49,liboqs,gateway
Dilithium2,keygen,28225,0.028225,7.78,0.0,256,1312,0,50,liboqs,gateway
Dilithium2,keygen,28131,0.028131,7.78,0.0,256,1312,0,51,liboqs,gateway
Dilithium2,keygen,30578,0.030578,7.78,0.0,256,1312,0,52,liboqs,gateway
Dilithium2,keygen,28036,0.028036,7.78,0.0,256,1312,0,53,liboqs,gateway
Dilithium2,keygen,28842,0.028842,7.78,0.0,256,1312,0,54,liboqs,gateway
Dilithium2,keygen,28459,0.028459,7.78,0.0,256,1312,0,55,liboqs,gateway
Dilithium2,keygen,29730,0.02973,7.78,0.0,256,1312,0,56,liboqs,gateway
Dilithium2,keygen,28474,0.028474,7.78,0.0,256,1312,0,57,liboqs,gateway
Dilithium2,keygen,29421,0.029421,7.78,0.0,256,1312,0,58,liboqs,gateway
Dilithium2,keygen,28236,0.028236,7.78,0.0,256,1312,0,59,liboqs,gateway
Dilithium2,keygen,29118,0.029118,7.78,0.0,256,1312,0,60,liboqs,gateway
Dilithium2,keygen,28382,0.028382,7.78,0.0,256,1312,0,61,liboqs,gateway
Dilithium2,keygen,27854,0.027854,7.78,0.0,256,1312,0,62,liboqs,gateway
Dilithium2,keygen,28646,0.028646,7.78,0.0,256,1312,0,63,liboqs,gateway
Dilithium2,keygen,29630,0.02963,7.78,0.0,256,1312,0,64,liboqs,gateway
Dilithium2,keygen,29537,0.029537,7.78,0.0,256,1312,0,65,liboqs,gateway
Dilithium2,keygen,27838,0.027838,7.78,0.0,256,1312,0,66,liboqs,gateway
Dilithium2,keygen,28844,0.028844,7.78,0.0,256,1312,0,67,liboqs,gateway
Dilithium2,keygen,28382,0.028382,7.78,0.0,256,1312,0,68,liboqs,gateway
Dilithium2,keygen,27640,0.02764,7.78,0.0,256,1312,0,69,liboqs,gateway
Dilithium2,keygen,28399,0.028399,7.78,0.0,256,1312,0,70,liboqs,gateway
Dilithium2,keygen,29004,0.029004,7.78,0.0,256,1312,0,71,liboqs,gateway
Dilithium2,keygen,38521,0.038521,7.78,0.0,256,1312,0,72,liboqs,gateway
Dilithium2,keygen,30488,0.030488,7.78,0.0,256,1312,0,73,liboqs,gateway
Dilithium2,keygen,29265,0.029265,7.78,0.0,256,1312,0,74,liboqs,gateway
Dilithium2,keygen,29174,0.029174,7.78,0.0,256,1312,0,75,liboqs,gateway
Dilithium2,keygen,38572,0.038572,7.78,0.0,256,1312,0,76,liboqs,gateway
Dilithium2,keygen,35121,0.035121,7.78,0.0,256,1312,0,77,liboqs,gateway
Dilithium2,keygen,29160,0.02916,7.78,0.0,256,1312,0,78,liboqs,gateway
Dilithium2,keygen,29360,0.02936,7.78,0.0,256,1312,0,79,liboqs,gateway
Dilithium2,keygen,29966,0.029966,7.78,0.0,256,1312,0,80,liboqs,gateway
Dilithium2,keygen,46205,0.046205,7.78,0.0,256,1312,0,81,liboqs,gateway
Dilithium2,keygen,34420,0.03442,7.78,0.0,256,1312,0,82,liboqs,gateway
Dilithium2,keygen,30635,0.030635,7.78,0.0,256,1312,0,83,liboqs,gateway
Dilithium2,keygen,31427,0.031427,7.78,0.0,256,1312,0,84,liboqs,gateway
Dilithium2,keygen,30456,0.030456,7.78,0.0,256,1312,0,85,liboqs,gateway
Dilithium2,keygen,29774,0.029774,7.78,0.0,256,1312,0,86,liboqs,gateway
Dilithium2,keygen,29914,0.029914,7.78,0.0,256,1312,0,87,liboqs,gateway
Dilithium2,keygen,28037,0.028037,7.78,0.0,256,1312,0,88,liboqs,gateway
Dilithium2,keygen,29037,0.029037,7.78,0.0,256,1312,0,89,liboqs,gateway
Dilithium2,keygen,28003,0.028003,7.78,0.0,256,1312,0,90,liboqs,gateway
Dilithium2,keygen,29636,0.029636,7.78,0.0,256,1312,0,91,liboqs,gateway
Dilithium2,keygen,29256,0.029256,7.78,0.0,256,1312,0,92,liboqs,gateway
Dilithium2,keygen,27800,0.0278,7.78,0.0,256,1312,0,93,liboqs,gateway
Dilithium2,keygen,29123,0.029123,7.78,0.0,256,1312,0,94,liboqs,gateway
Dilithium2,keygen,29421,0.029421,7.78,0.0,256,1312,0,95,liboqs,gateway
Dilithium2,keygen,27963,0.027963,7.78,0.0,256,1312,0,96,liboqs,gateway
Dilithium2,keygen,27842,0.027842,7.78,0.0,256,1312,0,97,liboqs,gateway
Dilithium2,keygen,28772,0.028772,7.78,0.0,256,1312,0,98,liboqs,gateway
Dilithium2,keygen,27516,0.027516,7.78,0.0,256,1312,0,99,liboqs,gateway
Dilithium2,keygen,28571,0.028571,7.78,0.0,256,1312,0,100,liboqs,gateway
Dilithium2,keygen,28003,0.028003,7.78,0.0,256,1312,0,101,liboqs,gateway
Dilithium2,keygen,28603,0.028603,7.78,0.0,256,1312,0,102,liboqs,gateway
Dilithium2,keygen,28083,0.028083,7.78,0.0,256,1312,0,103,liboqs,gateway
Dilithium2,keygen,27600,0.0276,7.78,0.0,256,1312,0,104,liboqs,gateway
Dilithium2,keygen,27751,0.027751,7.78,0.0,256,1312,0,105,liboqs,gateway
Dilithium2,keygen,28745,0.028745,7.78,0.0,256,1312,0,106,liboqs,gateway
Dilithium2,keygen,27358,0.027358,7.78,0.0,256,1312,0,107,liboqs,gateway
Dilithium2,keygen,27537,0.027537,7.78,0.0,256,1312,0,108,liboqs,gateway
Dilithium2,keygen,28899,0.028899,7.78,0.0,256,1312,0,109,liboqs,gateway
Dilithium2,keygen,29292,0.029292,7.78,0.0,256,1312,0,110,liboqs,gateway
Dilithium2,keygen,66049,0.066049,7.78,0.0,256,1312,0,111,liboqs,gateway
Dilithium2,keygen,31318,0.031318,7.78,0.0,256,1312,0,112,liboqs,gateway
Dilithium2,keygen,29378,0.029378,7.78,0.0,256,1312,0,113,liboqs,gateway
Dilithium2,keygen,29884,0.029884,7.78,0.0,256,1312,0,114,liboqs,gateway
Dilithium2,keygen,28440,0.02844,7.78,0.0,256,1312,0,115,liboqs,gateway
Dilithium2,keygen,28171,0.028171,7.78,0.0,256,1312,0,116,liboqs,gateway
Dilithium2,keygen,27868,0.027868,7.78,0.0,256,1312,0,117,liboqs,gateway
Dilithium2,keygen,29860,0.02986,7.78,0.0,256,1312,0,118,liboqs,gateway
Dilithium2,keygen,27881,0.027881,7.78,0.0,256,1312,0,119,liboqs,gateway
Dilithium2,keygen,27577,0.027577,7.78,0.0,256,1312,0,120,liboqs,gateway
Dilithium2,keygen,27416,0.027416,7.78,0.0,256,1312,0,121,liboqs,gateway
Dilithium2,keygen,28720,0.02872,7.78,0.0,256,1312,0,122,liboqs,gateway
Dilithium2,keygen,27540,0.02754,7.78,0.0,256,1312,0,123,liboqs,gateway
Dilithium2,keygen,29110,0.02911,7.78,0.0,256,1312,0,124,liboqs,gateway
Dilithium2,keygen,27394,0.027394,7.78,0.0,256,1312,0,125,liboqs,gateway
Dilithium2,keygen,27253,0.027253,7.78,0.0,256,1312,0,126,liboqs,gateway
Dilithium2,keygen,27371,0.027371,7.78,0.0,256,1312,0,127,liboqs,gateway
Dilithium2,keygen,28893,0.028893,7.78,0.0,256,1312,0,128,liboqs,gateway
Dilithium2,keygen,29067,0.029067,7.78,0.0,256,1312,0,129,liboqs,gateway
Dilithium2,keygen,28209,0.028209,7.78,0.0,256,1312,0,130,liboqs,gateway
Dilithium2,keygen,48028,0.048028,7.78,0.0,256,1312,0,131,liboqs,gateway
Dilithium2,keygen,38578,0.038578,7.78,0.0,256,1312,0,132,liboqs,gateway
Dilithium2,keygen,43927,0.043927,7.78,0.0,256,1312,0,133,liboqs,gateway
Dilithium2,keygen,35380,0.03538,7.78,0.0,256,1312,0,134,liboqs,gateway
Dilithium2,keygen,30727,0.030727,7.78,0.0,256,1312,0,135,liboqs,gateway
Dilithium2,keygen,30057,0.030057,7.78,0.0,256,1312,0,136,liboqs,gateway
Dilithium2,keygen,38923,0.038923,7.78,0.0,256,1312,0,137,liboqs,gateway
Dilithium2,keygen,33867,0.033867,7.78,0.0,256,1312,0,138,liboqs,gateway
Dilithium2,keygen,30939,0.030939,7.78,0.0,256,1312,0,139,liboqs,gateway
Dilithium2,keygen,68993,0.068993,7.78,0.0,256,1312,0,140,liboqs,gateway
Dilithium2,keygen,67337,0.067337,7.78,0.0,256,1312,0,141,liboqs,gateway
Dilithium2,keygen,44039,0.044039,7.78,0.0,256,1312,0,142,liboqs,gateway
Dilithium2,keygen,34286,0.034286,7.78,0.0,256,1312,0,143,liboqs,gateway
Dilithium2,keygen,30646,0.030646,7.78,0.0,256,1312,0,144,liboqs,gateway
Dilithium2,keygen,28717,0.028717,7.78,0.0,256,1312,0,145,liboqs,gateway
Dilithium2,keygen,28512,0.028512,7.78,0.0,256,1312,0,146,liboqs,gateway
Dilithium2,keygen,28342,0.028342,7.78,0.0,256,1312,0,147,liboqs,gateway
Dilithium2,keygen,29766,0.029766,7.78,0.0,256,1312,0,148,liboqs,gateway
Dilithium2,keygen,30604,0.030604,7.78,0.0,256,1312,0,149,liboqs,gateway
Dilithium2,keygen,36971,0.036971,7.78,0.0,256,1312,0,150,liboqs,gateway
Dilithium2,keygen,29797,0.029797,7.78,0.0,256,1312,0,151,liboqs,gateway
Dilithium2,keygen,29410,0.02941,7.78,0.0,256,1312,0,152,liboqs,gateway
Dilithium2,keygen,30437,0.030437,7.78,0.0,256,1312,0,153,liboqs,gateway
Dilithium2,keygen,29342,0.029342,7.78,0.0,256,1312,0,154,liboqs,gateway
Dilithium2,keygen,57461,0.057461,7.78,0.0,256,1312,0,155,liboqs,gateway
Dilithium2,keygen,31222,0.031222,7.78,0.0,256,1312,0,156,liboqs,gateway
Dilithium2,keygen,29599,0.029599,7.78,0.0,256,1312,0,157,liboqs,gateway
Dilithium2,keygen,30512,0.030512,7.78,0.0,256,1312,0,158,liboqs,gateway
Dilithium2,keygen,32892,0.032892,7.78,0.0,256,1312,0,159,liboqs,gateway
Dilithium2,keygen,30264,0.030264,7.78,0.0,256,1312,0,160,liboqs,gateway
Dilithium2,keygen,29232,0.029232,7.78,0.0,256,1312,0,161,liboqs,gateway
Dilithium2,keygen,30061,0.030061,7.78,0.0,256,1312,0,162,liboqs,gateway
Dilithium2,keygen,28908,0.028908,7.78,0.0,256,1312,0,163,liboqs,gateway
Dilithium2,keygen,30086,0.030086,7.78,0.0,256,1312,0,164,liboqs,gateway
Dilithium2,keygen,28762,0.028762,7.78,0.0,256,1312,0,165,liboqs,gateway
Dilithium2,keygen,28716,0.028716,7.78,0.0,256,1312,0,166,liboqs,gateway
Dilithium2,keygen,28493,0.028493,7.78,0.0,256,1312,0,167,liboqs,gateway
Dilithium2,keygen,29926,0.029926,7.78,0.0,256,1312,0,168,liboqs,gateway
Dilithium2,keygen,28512,0.028512,7.78,0.0,256,1312,0,169,liboqs,gateway
Dilithium2,keygen,28580,0.02858,7.78,0.0,256,1312,0,170,liboqs,gateway
Dilithium2,keygen,29274,0.029274,7.78,0.0,256,1312,0,171,liboqs,gateway
Dilithium2,keygen,28542,0.028542,7.78,0.0,256,1312,0,172,liboqs,gateway
Dilithium2,keygen,30403,0.030403,7.78,0.0,256,1312,0,173,liboqs,gateway
Dilithium2,keygen,28882,0.028882,7.78,0.0,256,1312,0,174,liboqs,gateway
Dilithium2,keygen,29760,0.02976,7.78,0.0,256,1312,0,175,liboqs,gateway
Dilithium2,keygen,29520,0.02952,7.78,0.0,256,1312,0,176,liboqs,gateway
Dilithium2,keygen,28199,0.028199,7.78,0.0,256,1312,0,177,liboqs,gateway
Dilithium2,keygen,28116,0.028116,7.78,0.0,256,1312,0,178,liboqs,gateway
Dilithium2,keygen,29136,0.029136,7.78,0.0,256,1312,0,179,liboqs,gateway
Dilithium2,keygen,30017,0.030017,7.78,0.0,256,1312,0,180,liboqs,gateway
Dilithium2,keygen,28124,0.028124,7.78,0.0,256,1312,0,181,liboqs,gateway
Dilithium2,keygen,29012,0.029012,7.78,0.0,256,1312,0,182,liboqs,gateway
Dilithium2,keygen,28329,0.028329,7.78,0.0,256,1312,0,183,liboqs,gateway
Dilithium2,keygen,30482,0.030482,7.78,0.0,256,1312,0,184,liboqs,gateway
Dilithium2,keygen,28547,0.028547,7.78,0.0,256,1312,0,185,liboqs,gateway
Dilithium2,keygen,29331,0.029331,7.78,0.0,256,1312,0,186,liboqs,gateway
Dilithium2,keygen,29678,0.029678,7.78,0.0,256,1312,0,187,liboqs,gateway
Dilithium2,keygen,28133,0.028133,7.78,0.0,256,1312,0,188,liboqs,gateway
Dilithium2,keygen,28406,0.028406,7.78,0.0,256,1312,0,189,liboqs,gateway
Dilithium2,keygen,28253,0.028253,7.78,0.0,256,1312,0,190,liboqs,gateway
Dilithium2,keygen,43658,0.043658,7.78,0.0,256,1312,0,191,liboqs,gateway
Dilithium2,keygen,36830,0.03683,7.78,0.0,256,1312,0,192,liboqs,gateway
Dilithium2,keygen,31953,0.031953,7.78,0.0,256,1312,0,193,liboqs,gateway
Dilithium2,keygen,32504,0.032504,7.78,0.0,256,1312,0,194,liboqs,gateway
Dilithium2,keygen,29086,0.029086,7.78,0.0,256,1312,0,195,liboqs,gateway
Dilithium2,keygen,29369,0.029369,7.78,0.0,256,1312,0,196,liboqs,gateway
Dilithium2,keygen,28782,0.028782,7.78,0.0,256,1312,0,197,liboqs,gateway
Dilithium2,keygen,30573,0.030573,7.78,0.0,256,1312,0,198,liboqs,gateway
Dilithium2,keygen,28388,0.028388,7.78,0.0,256,1312,0,199,liboqs,gateway
Dilithium2,keygen,28545,0.028545,7.78,0.0,256,1312,0,200,liboqs,gateway
Dilithium2,keygen,30946,0.030946,7.78,0.0,256,1312,0,201,liboqs,gateway
Dilithium2,keygen,28270,0.02827,7.78,0.0,256,1312,0,202,liboqs,gateway
Dilithium2,keygen,31067,0.031067,7.78,0.0,256,1312,0,203,liboqs,gateway
Dilithium2,keygen,29431,0.029431,7.78,0.0,256,1312,0,204,liboqs,gateway
Dilithium2,keygen,28191,0.028191,7.78,0.0,256,1312,0,205,liboqs,gateway
Dilithium2,keygen,29147,0.029147,7.78,0.0,256,1312,0,206,liboqs,gateway
Dilithium2,keygen,28643,0.028643,7.78,0.0,256,1312,0,207,liboqs,gateway
Dilithium2,keygen,30172,0.030172,7.78,0.0,256,1312,0,208,liboqs,gateway
Dilithium2,keygen,28407,0.028407,7.78,0.0,256,1312,0,209,liboqs,gateway
Dilithium2,keygen,28462,0.028462,7.78,0.0,256,1312,0,210,liboqs,gateway
Dilithium2,keygen,28654,0.028654,7.78,0.0,256,1312,0,211,liboqs,gateway
Dilithium2,keygen,29700,0.0297,7.78,0.0,256,1312,0,212,liboqs,gateway
Dilithium2,keygen,29271,0.029271,7.78,0.0,256,1312,0,213,liboqs,gateway
Dilithium2,keygen,29154,0.029154,7.78,0.0,256,1312,0,214,liboqs,gateway
Dilithium2,keygen,29943,0.029943,7.78,0.0,256,1312,0,215,liboqs,gateway
Dilithium2,keygen,28541,0.028541,7.78,0.0,256,1312,0,216,liboqs,gateway
Dilithium2,keygen,27955,0.027955,7.78,0.0,256,1312,0,217,liboqs,gateway
Dilithium2,keygen,29884,0.029884,7.78,0.0,256,1312,0,218,liboqs,gateway
Dilithium2,keygen,28709,0.028709,7.78,0.0,256,1312,0,219,liboqs,gateway
Dilithium2,keygen,28254,0.028254,7.78,0.0,256,1312,0,220,liboqs,gateway
Dilithium2,keygen,28666,0.028666,7.78,0.0,256,1312,0,221,liboqs,gateway
Dilithium2,keygen,29520,0.02952,7.78,0.0,256,1312,0,222,liboqs,gateway
Dilithium2,keygen,28790,0.02879,7.78,0.0,256,1312,0,223,liboqs,gateway
Dilithium2,keygen,28548,0.028548,7.78,0.0,256,1312,0,224,liboqs,gateway
Dilithium2,keygen,28669,0.028669,7.78,0.0,256,1312,0,225,liboqs,gateway
Dilithium2,keygen,30052,0.030052,7.78,0.0,256,1312,0,226,liboqs,gateway
Dilithium2,keygen,28825,0.028825,7.78,0.0,256,1312,0,227,liboqs,gateway
Dilithium2,keygen,28117,0.028117,7.78,0.0,256,1312,0,228,liboqs,gateway
Dilithium2,keygen,28393,0.028393,7.78,0.0,256,1312,0,229,liboqs,gateway
Dilithium2,keygen,42935,0.042935,7.78,0.0,256,1312,0,230,liboqs,gateway
Dilithium2,keygen,31894,0.031894,7.78,0.0,256,1312,0,231,liboqs,gateway
Dilithium2,keygen,28675,0.028675,7.78,0.0,256,1312,0,232,liboqs,gateway
Dilithium2,keygen,30615,0.030615,7.78,0.0,256,1312,0,233,liboqs,gateway
Dilithium2,keygen,30588,0.030588,7.78,0.0,256,1312,0,234,liboqs,gateway
Dilithium2,keygen,28961,0.028961,7.78,0.0,256,1312,0,235,liboqs,gateway
Dilithium2,keygen,28028,0.028028,7.78,0.0,256,1312,0,236,liboqs,gateway
Dilithium2,keygen,28053,0.028053,7.78,0.0,256,1312,0,237,liboqs,gateway
Dilithium2,keygen,29301,0.029301,7.78,0.0,256,1312,0,238,liboqs,gateway
Dilithium2,keygen,28869,0.028869,7.78,0.0,256,1312,0,239,liboqs,gateway
Dilithium2,keygen,28388,0.028388,7.78,0.0,256,1312,0,240,liboqs,gateway
Dilithium2,keygen,28246,0.028246,7.78,0.0,256,1312,0,241,liboqs,gateway
Dilithium2,keygen,32287,0.032287,7.78,0.0,256,1312,0,242,liboqs,gateway
Dilithium2,keygen,38732,0.038732,7.78,0.0,256,1312,0,243,liboqs,gateway
Dilithium2,keygen,28160,0.02816,7.78,0.0,256,1312,0,244,liboqs,gateway
Dilithium2,keygen,27630,0.02763,7.78,0.0,256,1312,0,245,liboqs,gateway
Dilithium2,keygen,28912,0.028912,7.78,0.0,256,1312,0,246,liboqs,gateway
Dilithium2,keygen,28070,0.02807,7.78,0.0,256,1312,0,247,liboqs,gateway
Dilithium2,keygen,28048,0.028048,7.78,0.0,256,1312,0,248,liboqs,gateway
Dilithium2,keygen,27759,0.027759,7.78,0.0,256,1312,0,249,liboqs,gateway
Dilithium2,keygen,28957,0.028957,7.78,0.0,256,1312,0,250,liboqs,gateway
Dilithium2,keygen,27553,0.027553,7.78,0.0,256,1312,0,251,liboqs,gateway
Dilithium2,keygen,28625,0.028625,7.78,0.0,256,1312,0,252,liboqs,gateway
Dilithium2,keygen,27669,0.027669,7.78,0.0,256,1312,0,253,liboqs,gateway
Dilithium2,keygen,39492,0.039492,7.78,0.0,256,1312,0,254,liboqs,gateway
Dilithium2,keygen,33468,0.033468,7.78,0.0,256,1312,0,255,liboqs,gateway
Dilithium2,keygen,29980,0.02998,7.78,0.0,256,1312,0,256,liboqs,gateway
Dilithium2,keygen,29305,0.029305,7.78,0.0,256,1312,0,257,liboqs,gateway
Dilithium2,keygen,28359,0.028359,7.78,0.0,256,1312,0,258,liboqs,gateway
Dilithium2,keygen,28317,0.028317,7.78,0.0,256,1312,0,259,liboqs,gateway
Dilithium2,keygen,29318,0.029318,7.78,0.0,256,1312,0,260,liboqs,gateway
Dilithium2,keygen,28252,0.028252,7.78,0.0,256,1312,0,261,liboqs,gateway
Dilithium2,keygen,28198,0.028198,7.78,0.0,256,1312,0,262,liboqs,gateway
Dilithium2,keygen,30068,0.030068,7.78,0.0,256,1312,0,263,liboqs,gateway
Dilithium2,keygen,32003,0.032003,7.78,0.0,256,1312,0,264,liboqs,gateway
Dilithium2,keygen,28562,0.028562,7.78,0.0,256,1312,0,265,liboqs,gateway
Dilithium2,keygen,28393,0.028393,7.78,0.0,256,1312,0,266,liboqs,gateway
Dilithium2,keygen,28462,0.028462,7.78,0.0,256,1312,0,267,liboqs,gateway
Dilithium2,keygen,28893,0.028893,7.78,0.0,256,1312,0,268,liboqs,gateway
Dilithium2,keygen,29920,0.02992,7.78,0.0,256,1312,0,269,liboqs,gateway
Dilithium2,keygen,29083,0.029083,7.78,0.0,256,1312,0,270,liboqs,gateway
Dilithium2,keygen,28755,0.028755,7.78,0.0,256,1312,0,271,liboqs,gateway
Dilithium2,keygen,31149,0.031149,7.78,0.0,256,1312,0,272,liboqs,gateway
Dilithium2,keygen,27753,0.027753,7.78,0.0,256,1312,0,273,liboqs,gateway
Dilithium2,keygen,30577,0.030577,7.78,0.0,256,1312,0,274,liboqs,gateway
Dilithium2,keygen,28797,0.028797,7.78,0.0,256,1312,0,275,liboqs,gateway
Dilithium2,keygen,30558,0.030558,7.78,0.0,256,1312,0,276,liboqs,gateway
Dilithium2,keygen,29660,0.02966,7.78,0.0,256,1312,0,277,liboqs,gateway
Dilithium2,keygen,28003,0.028003,7.78,0.0,256,1312,0,278,liboqs,gateway
Dilithium2,keygen,30995,0.030995,7.78,0.0,256,1312,0,279,liboqs,gateway
Dilithium2,keygen,28246,0.028246,7.78,0.0,256,1312,0,280,liboqs,gateway
Dilithium2,keygen,28337,0.028337,7.78,0.0,256,1312,0,281,liboqs,gateway
Dilithium2,keygen,29445,0.029445,7.78,0.0,256,1312,0,282,liboqs,gateway
Dilithium2,keygen,29670,0.02967,7.78,0.0,256,1312,0,283,liboqs,gateway
Dilithium2,keygen,28058,0.028058,7.78,0.0,256,1312,0,284,liboqs,gateway
Dilithium2,keygen,29509,0.029509,7.78,0.0,256,1312,0,285,liboqs,gateway
Dilithium2,keygen,29311,0.029311,7.78,0.0,256,1312,0,286,liboqs,gateway
Dilithium2,keygen,28520,0.02852,7.78,0.0,256,1312,0,287,liboqs,gateway
Dilithium2,keygen,29169,0.029169,7.78,0.0,256,1312,0,288,liboqs,gateway
Dilithium2,keygen,28299,0.028299,7.78,0.0,256,1312,0,289,liboqs,gateway
Dilithium2,keygen,30554,0.030554,7.78,0.0,256,1312,0,290,liboqs,gateway
Dilithium2,keygen,28562,0.028562,7.78,0.0,256,1312,0,291,liboqs,gateway
Dilithium2,keygen,28987,0.028987,7.78,0.0,256,1312,0,292,liboqs,gateway
Dilithium2,keygen,28614,0.028614,7.78,0.0,256,1312,0,293,liboqs,gateway
Dilithium2,keygen,29203,0.029203,7.78,0.0,256,1312,0,294,liboqs,gateway
Dilithium2,keygen,29902,0.029902,7.78,0.0,256,1312,0,295,liboqs,gateway
Dilithium2,keygen,28317,0.028317,7.78,0.0,256,1312,0,296,liboqs,gateway
Dilithium2,keygen,29100,0.0291,7.78,0.0,256,1312,0,297,liboqs,gateway
Dilithium2,keygen,28166,0.028166,7.78,0.0,256,1312,0,298,liboqs,gateway
Dilithium2,keygen,28858,0.028858,7.78,0.0,256,1312,0,299,liboqs,gateway
Dilithium2,keygen,28386,0.028386,7.78,0.0,256,1312,0,300,liboqs,gateway
Dilithium2,keygen,29366,0.029366,7.78,0.0,256,1312,0,301,liboqs,gateway
Dilithium2,keygen,28529,0.028529,7.78,0.0,256,1312,0,302,liboqs,gateway
Dilithium2,keygen,29551,0.029551,7.78,0.0,256,1312,0,303,liboqs,gateway
Dilithium2,keygen,28021,0.028021,7.78,0.0,256,1312,0,304,liboqs,gateway
Dilithium2,keygen,29074,0.029074,7.78,0.0,256,1312,0,305,liboqs,gateway
Dilithium2,keygen,30527,0.030527,7.78,0.0,256,1312,0,306,liboqs,gateway
Dilithium2,keygen,28236,0.028236,7.78,0.0,256,1312,0,307,liboqs,gateway
Dilithium2,keygen,28954,0.028954,7.78,0.0,256,1312,0,308,liboqs,gateway
Dilithium2,keygen,29116,0.029116,7.78,0.0,256,1312,0,309,liboqs,gateway
Dilithium2,keygen,28281,0.028281,7.78,0.0,256,1312,0,310,liboqs,gateway
Dilithium2,keygen,28910,0.02891,7.78,0.0,256,1312,0,311,liboqs,gateway
Dilithium2,keygen,28187,0.028187,7.78,0.0,256,1312,0,312,liboqs,gateway
Dilithium2,keygen,28769,0.028769,7.78,0.0,256,1312,0,313,liboqs,gateway
Dilithium2,keygen,28990,0.02899,7.78,0.0,256,1312,0,314,liboqs,gateway
Dilithium2,keygen,27983,0.027983,7.78,0.0,256,1312,0,315,liboqs,gateway
Dilithium2,keygen,29038,0.029038,7.78,0.0,256,1312,0,316,liboqs,gateway
Dilithium2,keygen,28211,0.028211,7.78,0.0,256,1312,0,317,liboqs,gateway
Dilithium2,keygen,40888,0.040888,7.78,0.0,256,1312,0,318,liboqs,gateway
Dilithium2,keygen,35775,0.035775,7.78,0.0,256,1312,0,319,liboqs,gateway
Dilithium2,keygen,29913,0.029913,7.78,0.0,256,1312,0,320,liboqs,gateway
Dilithium2,keygen,29564,0.029564,7.78,0.0,256,1312,0,321,liboqs,gateway
Dilithium2,keygen,28955,0.028955,7.78,0.0,256,1312,0,322,liboqs,gateway
Dilithium2,keygen,29348,0.029348,7.78,0.0,256,1312,0,323,liboqs,gateway
Dilithium2,keygen,28022,0.028022,7.78,0.0,256,1312,0,324,liboqs,gateway
Dilithium2,keygen,28364,0.028364,7.78,0.0,256,1312,0,325,liboqs,gateway
Dilithium2,keygen,30876,0.030876,7.78,0.0,256,1312,0,326,liboqs,gateway
Dilithium2,keygen,28769,0.028769,7.78,0.0,256,1312,0,327,liboqs,gateway
Dilithium2,keygen,29736,0.029736,7.78,0.0,256,1312,0,328,liboqs,gateway
Dilithium2,keygen,30544,0.030544,7.78,0.0,256,1312,0,329,liboqs,gateway
Dilithium2,keygen,28393,0.028393,7.78,0.0,256,1312,0,330,liboqs,gateway
Dilithium2,keygen,28703,0.028703,7.78,0.0,256,1312,0,331,liboqs,gateway
Dilithium2,keygen,27620,0.02762,7.78,0.0,256,1312,0,332,liboqs,gateway
Dilithium2,keygen,30154,0.030154,7.78,0.0,256,1312,0,333,liboqs,gateway
Dilithium2,keygen,29232,0.029232,7.78,0.0,256,1312,0,334,liboqs,gateway
Dilithium2,keygen,28343,0.028343,7.78,0.0,256,1312,0,335,liboqs,gateway
Dilithium2,keygen,28903,0.028903,7.78,0.0,256,1312,0,336,liboqs,gateway
Dilithium2,keygen,28734,0.028734,7.78,0.0,256,1312,0,337,liboqs,gateway
Dilithium2,keygen,29174,0.029174,7.78,0.0,256,1312,0,338,liboqs,gateway
Dilithium2,keygen,28219,0.028219,7.78,0.0,256,1312,0,339,liboqs,gateway
Dilithium2,keygen,46790,0.04679,7.78,0.0,256,1312,0,340,liboqs,gateway
Dilithium2,keygen,55245,0.055245,9.99,0.0,256,1312,0,341,liboqs,gateway
Dilithium2,keygen,31117,0.031117,7.78,0.0,256,1312,0,342,liboqs,gateway
Dilithium2,keygen,31033,0.031033,7.78,0.0,256,1312,0,343,liboqs,gateway
Dilithium2,keygen,28878,0.028878,7.78,0.0,256,1312,0,344,liboqs,gateway
Dilithium2,keygen,28960,0.02896,7.78,0.0,256,1312,0,345,liboqs,gateway
Dilithium2,keygen,28266,0.028266,7.78,0.0,256,1312,0,346,liboqs,gateway
Dilithium2,keygen,28513,0.028513,7.78,0.0,256,1312,0,347,liboqs,gateway
Dilithium2,keygen,29211,0.029211,7.78,0.0,256,1312,0,348,liboqs,gateway
Dilithium2,keygen,29397,0.029397,7.78,0.0,256,1312,0,349,liboqs,gateway
Dilithium2,keygen,38477,0.038477,7.78,0.0,256,1312,0,350,liboqs,gateway
Dilithium2,keygen,34434,0.034434,7.78,0.0,256,1312,0,351,liboqs,gateway
Dilithium2,keygen,29801,0.029801,7.78,0.0,256,1312,0,352,liboqs,gateway
Dilithium2,keygen,30237,0.030237,7.78,0.0,256,1312,0,353,liboqs,gateway
Dilithium2,keygen,36522,0.036522,7.78,0.0,256,1312,0,354,liboqs,gateway
Dilithium2,keygen,31278,0.031278,7.78,0.0,256,1312,0,355,liboqs,gateway
Dilithium2,keygen,28365,0.028365,7.78,0.0,256,1312,0,356,liboqs,gateway
Dilithium2,keygen,28835,0.028835,7.78,0.0,256,1312,0,357,liboqs,gateway
Dilithium2,keygen,29618,0.029618,7.78,0.0,256,1312,0,358,liboqs,gateway
Dilithium2,keygen,28497,0.028497,7.78,0.0,256,1312,0,359,liboqs,gateway
Dilithium2,keygen,28065,0.028065,7.78,0.0,256,1312,0,360,liboqs,gateway
Dilithium2,keygen,29953,0.029953,7.78,0.0,256,1312,0,361,liboqs,gateway
Dilithium2,keygen,28803,0.028803,7.78,0.0,256,1312,0,362,liboqs,gateway
Dilithium2,keygen,29524,0.029524,7.78,0.0,256,1312,0,363,liboqs,gateway
Dilithium2,keygen,28731,0.028731,7.78,0.0,256,1312,0,364,liboqs,gateway
Dilithium2,keygen,28474,0.028474,7.78,0.0,256,1312,0,365,liboqs,gateway
Dilithium2,keygen,28181,0.028181,7.78,0.0,256,1312,0,366,liboqs,gateway
Dilithium2,keygen,28209,0.028209,7.78,0.0,256,1312,0,367,liboqs,gateway
Dilithium2,keygen,27862,0.027862,7.78,0.0,256,1312,0,368,liboqs,gateway
Dilithium2,keygen,27917,0.027917,7.78,0.0,256,1312,0,369,liboqs,gateway
Dilithium2,keygen,29207,0.029207,7.78,0.0,256,1312,0,370,liboqs,gateway
Dilithium2,keygen,37495,0.037495,7.78,0.0,256,1312,0,371,liboqs,gateway
Dilithium2,keygen,34408,0.034408,7.78,0.0,256,1312,0,372,liboqs,gateway
Dilithium2,keygen,30111,0.030111,7.78,0.0,256,1312,0,373,liboqs,gateway
Dilithium2,keygen,29071,0.029071,7.78,0.0,256,1312,0,374,liboqs,gateway
Dilithium2,keygen,29957,0.029957,7.78,0.0,256,1312,0,375,liboqs,gateway
Dilithium2,keygen,29771,0.029771,7.78,0.0,256,1312,0,376,liboqs,gateway
Dilithium2,keygen,28381,0.028381,7.78,0.0,256,1312,0,377,liboqs,gateway
Dilithium2,keygen,28136,0.028136,7.78,0.0,256,1312,0,378,liboqs,gateway
Dilithium2,keygen,28384,0.028384,7.78,0.0,256,1312,0,379,liboqs,gateway
Dilithium2,keygen,28123,0.028123,7.78,0.0,256,1312,0,380,liboqs,gateway
Dilithium2,keygen,27790,0.02779,7.78,0.0,256,1312,0,381,liboqs,gateway
Dilithium2,keygen,29031,0.029031,7.78,0.0,256,1312,0,382,liboqs,gateway
Dilithium2,keygen,29328,0.029328,7.78,0.0,256,1312,0,383,liboqs,gateway
Dilithium2,keygen,28144,0.028144,7.78,0.0,256,1312,0,384,liboqs,gateway
Dilithium2,keygen,28224,0.028224,7.78,0.0,256,1312,0,385,liboqs,gateway
Dilithium2,keygen,27625,0.027625,7.78,0.0,256,1312,0,386,liboqs,gateway
Dilithium2,keygen,27554,0.027554,7.78,0.0,256,1312,0,387,liboqs,gateway
Dilithium2,keygen,28975,0.028975,7.78,0.0,256,1312,0,388,liboqs,gateway
Dilithium2,keygen,28593,0.028593,7.78,0.0,256,1312,0,389,liboqs,gateway
Dilithium2,keygen,30911,0.030911,7.78,0.0,256,1312,0,390,liboqs,gateway
Dilithium2,keygen,29372,0.029372,7.78,0.0,256,1312,0,391,liboqs,gateway
Dilithium2,keygen,32093,0.032093,7.78,0.0,256,1312,0,392,liboqs,gateway
Dilithium2,keygen,29145,0.029145,7.78,0.0,256,1312,0,393,liboqs,gateway
Dilithium2,keygen,28302,0.028302,7.78,0.0,256,1312,0,394,liboqs,gateway
Dilithium2,keygen,29801,0.029801,7.78,0.0,256,1312,0,395,liboqs,gateway
Dilithium2,keygen,31940,0.03194,7.78,0.0,256,1312,0,396,liboqs,gateway
Dilithium2,keygen,29762,0.029762,7.78,0.0,256,1312,0,397,liboqs,gateway
Dilithium2,keygen,29917,0.029917,7.78,0.0,256,1312,0,398,liboqs,gateway
Dilithium2,keygen,30416,0.030416,7.78,0.0,256,1312,0,399,liboqs,gateway
Dilithium2,keygen,28235,0.028235,7.78,0.0,256,1312,0,400,liboqs,gateway
Dilithium2,keygen,29317,0.029317,7.78,0.0,256,1312,0,401,liboqs,gateway
Dilithium2,keygen,29689,0.029689,7.78,0.0,256,1312,0,402,liboqs,gateway
Dilithium2,keygen,28196,0.028196,7.78,0.0,256,1312,0,403,liboqs,gateway
Dilithium2,keygen,29027,0.029027,7.78,0.0,256,1312,0,404,liboqs,gateway
Dilithium2,keygen,29794,0.029794,7.78,0.0,256,1312,0,405,liboqs,gateway
Dilithium2,keygen,31052,0.031052,7.78,0.0,256,1312,0,406,liboqs,gateway
Dilithium2,keygen,28384,0.028384,7.78,0.0,256,1312,0,407,liboqs,gateway
Dilithium2,keygen,28112,0.028112,7.78,0.0,256,1312,0,408,liboqs,gateway
Dilithium2,keygen,29779,0.029779,7.78,0.0,256,1312,0,409,liboqs,gateway
Dilithium2,keygen,29367,0.029367,7.78,0.0,256,1312,0,410,liboqs,gateway
Dilithium2,keygen,28159,0.028159,7.78,0.0,256,1312,0,411,liboqs,gateway
Dilithium2,keygen,29701,0.029701,7.78,0.0,256,1312,0,412,liboqs,gateway
Dilithium2,keygen,37623,0.037623,7.78,0.0,256,1312,0,413,liboqs,gateway
Dilithium2,keygen,28880,0.02888,7.78,0.0,256,1312,0,414,liboqs,gateway
Dilithium2,keygen,28584,0.028584,7.78,0.0,256,1312,0,415,liboqs,gateway
Dilithium2,keygen,29005,0.029005,7.78,0.0,256,1312,0,416,liboqs,gateway
Dilithium2,keygen,29292,0.029292,7.78,0.0,256,1312,0,417,liboqs,gateway
Dilithium2,keygen,28392,0.028392,7.78,0.0,256,1312,0,418,liboqs,gateway
Dilithium2,keygen,28780,0.02878,7.78,0.0,256,1312,0,419,liboqs,gateway
Dilithium2,keygen,28783,0.028783,7.78,0.0,256,1312,0,420,liboqs,gateway
Dilithium2,keygen,28197,0.028197,7.78,0.0,256,1312,0,421,liboqs,gateway
Dilithium2,keygen,29344,0.029344,7.78,0.0,256,1312,0,422,liboqs,gateway
Dilithium2,keygen,29016,0.029016,7.78,0.0,256,1312,0,423,liboqs,gateway
Dilithium2,keygen,28034,0.028034,7.78,0.0,256,1312,0,424,liboqs,gateway
Dilithium2,keygen,28075,0.028075,7.78,0.0,256,1312,0,425,liboqs,gateway
Dilithium2,keygen,38466,0.038466,7.78,0.0,256,1312,0,426,liboqs,gateway
Dilithium2,keygen,33945,0.033945,7.78,0.0,256,1312,0,427,liboqs,gateway
Dilithium2,keygen,31977,0.031977,7.78,0.0,256,1312,0,428,liboqs,gateway
Dilithium2,keygen,29320,0.02932,7.78,0.0,256,1312,0,429,liboqs,gateway
Dilithium2,keygen,30007,0.030007,7.78,0.0,256,1312,0,430,liboqs,gateway
Dilithium2,keygen,28763,0.028763,7.78,0.0,256,1312,0,431,liboqs,gateway
Dilithium2,keygen,29148,0.029148,7.78,0.0,256,1312,0,432,liboqs,gateway
Dilithium2,keygen,28936,0.028936,7.78,0.0,256,1312,0,433,liboqs,gateway
Dilithium2,keygen,29817,0.029817,7.78,0.0,256,1312,0,434,liboqs,gateway
Dilithium2,keygen,29390,0.02939,7.78,0.0,256,1312,0,435,liboqs,gateway
Dilithium2,keygen,28803,0.028803,7.78,0.0,256,1312,0,436,liboqs,gateway
Dilithium2,keygen,28806,0.028806,7.78,0.0,256,1312,0,437,liboqs,gateway
Dilithium2,keygen,28850,0.02885,7.78,0.0,256,1312,0,438,liboqs,gateway
Dilithium2,keygen,28339,0.028339,7.78,0.0,256,1312,0,439,liboqs,gateway
Dilithium2,keygen,30785,0.030785,7.78,0.0,256,1312,0,440,liboqs,gateway
Dilithium2,keygen,28358,0.028358,7.78,0.0,256,1312,0,441,liboqs,gateway
Dilithium2,keygen,29521,0.029521,7.78,0.0,256,1312,0,442,liboqs,gateway
Dilithium2,keygen,28410,0.02841,7.78,0.0,256,1312,0,443,liboqs,gateway
Dilithium2,keygen,28725,0.028725,7.78,0.0,256,1312,0,444,liboqs,gateway
Dilithium2,keygen,29578,0.029578,7.78,0.0,256,1312,0,445,liboqs,gateway
Dilithium2,keygen,28101,0.028101,7.78,0.0,256,1312,0,446,liboqs,gateway
Dilithium2,keygen,29414,0.029414,7.78,0.0,256,1312,0,447,liboqs,gateway
Dilithium2,keygen,29783,0.029783,7.78,0.0,256,1312,0,448,liboqs,gateway
Dilithium2,keygen,28085,0.028085,7.78,0.0,256,1312,0,449,liboqs,gateway
Dilithium2,keygen,28312,0.028312,7.78,0.0,256,1312,0,450,liboqs,gateway
Dilithium2,keygen,28416,0.028416,7.78,0.0,256,1312,0,451,liboqs,gateway
Dilithium2,keygen,28263,0.028263,7.78,0.0,256,1312,0,452,liboqs,gateway
Dilithium2,keygen,30695,0.030695,7.78,0.0,256,1312,0,453,liboqs,gateway
Dilithium2,keygen,29759,0.029759,7.78,0.0,256,1312,0,454,liboqs,gateway
Dilithium2,keygen,29765,0.029765,7.78,0.0,256,1312,0,455,liboqs,gateway
Dilithium2,keygen,29112,0.029112,7.78,0.0,256,1312,0,456,liboqs,gateway
Dilithium2,keygen,31189,0.031189,7.78,0.0,256,1312,0,457,liboqs,gateway
Dilithium2,keygen,28853,0.028853,7.78,0.0,256,1312,0,458,liboqs,gateway
Dilithium2,keygen,28222,0.028222,7.78,0.0,256,1312,0,459,liboqs,gateway
Dilithium2,keygen,27867,0.027867,7.78,0.0,256,1312,0,460,liboqs,gateway
Dilithium2,keygen,28560,0.02856,7.78,0.0,256,1312,0,461,liboqs,gateway
Dilithium2,keygen,29312,0.029312,7.78,0.0,256,1312,0,462,liboqs,gateway
Dilithium2,keygen,28184,0.028184,7.78,0.0,256,1312,0,463,liboqs,gateway
Dilithium2,keygen,28345,0.028345,7.78,0.0,256,1312,0,464,liboqs,gateway
Dilithium2,keygen,27960,0.02796,7.78,0.0,256,1312,0,465,liboqs,gateway
Dilithium2,keygen,28650,0.02865,7.78,0.0,256,1312,0,466,liboqs,gateway
Dilithium2,keygen,28342,0.028342,7.78,0.0,256,1312,0,467,liboqs,gateway
Dilithium2,keygen,27797,0.027797,7.78,0.0,256,1312,0,468,liboqs,gateway
Dilithium2,keygen,29116,0.029116,7.78,0.0,256,1312,0,469,liboqs,gateway
Dilithium2,keygen,28470,0.02847,7.78,0.0,256,1312,0,470,liboqs,gateway
Dilithium2,keygen,28615,0.028615,7.78,0.0,256,1312,0,471,liboqs,gateway
Dilithium2,keygen,28322,0.028322,7.78,0.0,256,1312,0,472,liboqs,gateway
Dilithium2,keygen,28835,0.028835,7.78,0.0,256,1312,0,473,liboqs,gateway
Dilithium2,keygen,27986,0.027986,7.78,0.0,256,1312,0,474,liboqs,gateway
Dilithium2,keygen,29904,0.029904,7.78,0.0,256,1312,0,475,liboqs,gateway
Dilithium2,keygen,28145,0.028145,7.78,0.0,256,1312,0,476,liboqs,gateway
Dilithium2,keygen,29606,0.029606,7.78,0.0,256,1312,0,477,liboqs,gateway
Dilithium2,keygen,29740,0.02974,7.78,0.0,256,1312,0,478,liboqs,gateway
Dilithium2,keygen,28196,0.028196,7.78,0.0,256,1312,0,479,liboqs,gateway
Dilithium2,keygen,28401,0.028401,7.78,0.0,256,1312,0,480,liboqs,gateway
Dilithium2,keygen,28557,0.028557,7.78,0.0,256,1312,0,481,liboqs,gateway
Dilithium2,keygen,43073,0.043073,7.78,0.0,256,1312,0,482,liboqs,gateway
Dilithium2,keygen,33884,0.033884,7.78,0.0,256,1312,0,483,liboqs,gateway
Dilithium2,keygen,29998,0.029998,7.78,0.0,256,1312,0,484,liboqs,gateway
Dilithium2,keygen,28346,0.028346,7.78,0.0,256,1312,0,485,liboqs,gateway
Dilithium2,keygen,28979,0.028979,7.78,0.0,256,1312,0,486,liboqs,gateway
Dilithium2,keygen,30477,0.030477,7.78,0.0,256,1312,0,487,liboqs,gateway
Dilithium2,keygen,28971,0.028971,7.78,0.0,256,1312,0,488,liboqs,gateway
Dilithium2,keygen,29340,0.02934,7.78,0.0,256,1312,0,489,liboqs,gateway
Dilithium2,keygen,29287,0.029287,7.78,0.0,256,1312,0,490,liboqs,gateway
Dilithium2,keygen,29275,0.029275,7.78,0.0,256,1312,0,491,liboqs,gateway
Dilithium2,keygen,27969,0.027969,7.78,0.0,256,1312,0,492,liboqs,gateway
Dilithium2,keygen,28031,0.028031,7.78,0.0,256,1312,0,493,liboqs,gateway
Dilithium2,keygen,28592,0.028592,7.78,0.0,256,1312,0,494,liboqs,gateway
Dilithium2,keygen,29568,0.029568,7.78,0.0,256,1312,0,495,liboqs,gateway
Dilithium2,keygen,28200,0.0282,7.78,0.0,256,1312,0,496,liboqs,gateway
Dilithium2,keygen,28261,0.028261,7.78,0.0,256,1312,0,497,liboqs,gateway
Dilithium2,keygen,27807,0.027807,7.78,0.0,256,1312,0,498,liboqs,gateway
Dilithium2,keygen,31443,0.031443,7.78,0.0,256,1312,0,499,liboqs,gateway
Dilithium2,keygen,28149,0.028149,7.78,0.0,256,1312,0,500,liboqs,gateway
Dilithium2,keygen,28234,0.028234,7.78,0.0,256,1312,0,501,liboqs,gateway
Dilithium2,keygen,27882,0.027882,7.78,0.0,256,1312,0,502,liboqs,gateway
Dilithium2,keygen,29131,0.029131,7.78,0.0,256,1312,0,503,liboqs,gateway
Dilithium2,keygen,28244,0.028244,7.78,0.0,256,1312,0,504,liboqs,gateway
Dilithium2,keygen,28125,0.028125,7.78,0.0,256,1312,0,505,liboqs,gateway
Dilithium2,keygen,28156,0.028156,7.78,0.0,256,1312,0,506,liboqs,gateway
Dilithium2,keygen,29244,0.029244,7.78,0.0,256,1312,0,507,liboqs,gateway
Dilithium2,keygen,27834,0.027834,7.78,0.0,256,1312,0,508,liboqs,gateway
Dilithium2,keygen,27978,0.027978,7.78,0.0,256,1312,0,509,liboqs,gateway
Dilithium2,keygen,27995,0.027995,7.78,0.0,256,1312,0,510,liboqs,gateway
Dilithium2,keygen,28847,0.028847,7.78,0.0,256,1312,0,511,liboqs,gateway
Dilithium2,keygen,27697,0.027697,7.78,0.0,256,1312,0,512,liboqs,gateway
Dilithium2,keygen,28260,0.02826,7.78,0.0,256,1312,0,513,liboqs,gateway
Dilithium2,keygen,27768,0.027768,7.78,0.0,256,1312,0,514,liboqs,gateway
Dilithium2,keygen,30601,0.030601,7.78,0.0,256,1312,0,515,liboqs,gateway
Dilithium2,keygen,27678,0.027678,7.78,0.0,256,1312,0,516,liboqs,gateway
Dilithium2,keygen,29575,0.029575,7.78,0.0,256,1312,0,517,liboqs,gateway
Dilithium2,keygen,28396,0.028396,7.78,0.0,256,1312,0,518,liboqs,gateway
Dilithium2,keygen,30497,0.030497,7.78,0.0,256,1312,0,519,liboqs,gateway
Dilithium2,keygen,29624,0.029624,7.78,0.0,256,1312,0,520,liboqs,gateway
Dilithium2,keygen,29299,0.029299,7.78,0.0,256,1312,0,521,liboqs,gateway
Dilithium2,keygen,29731,0.029731,7.78,0.0,256,1312,0,522,liboqs,gateway
Dilithium2,keygen,28856,0.028856,7.78,0.0,256,1312,0,523,liboqs,gateway
Dilithium2,keygen,29675,0.029675,7.78,0.0,256,1312,0,524,liboqs,gateway
Dilithium2,keygen,28538,0.028538,7.78,0.0,256,1312,0,525,liboqs,gateway
Dilithium2,keygen,29664,0.029664,7.78,0.0,256,1312,0,526,liboqs,gateway
Dilithium2,keygen,30479,0.030479,7.78,0.0,256,1312,0,527,liboqs,gateway
Dilithium2,keygen,29365,0.029365,7.78,0.0,256,1312,0,528,liboqs,gateway
Dilithium2,keygen,28432,0.028432,7.78,0.0,256,1312,0,529,liboqs,gateway
Dilithium2,keygen,28263,0.028263,7.78,0.0,256,1312,0,530,liboqs,gateway
Dilithium2,keygen,29408,0.029408,7.78,0.0,256,1312,0,531,liboqs,gateway
Dilithium2,keygen,28415,0.028415,7.78,0.0,256,1312,0,532,liboqs,gateway
Dilithium2,keygen,28216,0.028216,7.78,0.0,256,1312,0,533,liboqs,gateway
Dilithium2,keygen,30124,0.030124,7.78,0.0,256,1312,0,534,liboqs,gateway
Dilithium2,keygen,28729,0.028729,7.78,0.0,256,1312,0,535,liboqs,gateway
Dilithium2,keygen,29376,0.029376,7.78,0.0,256,1312,0,536,liboqs,gateway
Dilithium2,keygen,41006,0.041006,7.78,0.0,256,1312,0,537,liboqs,gateway
Dilithium2,keygen,35882,0.035882,7.78,0.0,256,1312,0,538,liboqs,gateway
Dilithium2,keygen,34223,0.034223,7.78,0.0,256,1312,0,539,liboqs,gateway
Dilithium2,keygen,29491,0.029491,7.78,0.0,256,1312,0,540,liboqs,gateway
Dilithium2,keygen,29469,0.029469,7.78,0.0,256,1312,0,541,liboqs,gateway
Dilithium2,keygen,30052,0.030052,7.78,0.0,256,1312,0,542,liboqs,gateway
Dilithium2,keygen,28952,0.028952,7.78,0.0,256,1312,0,543,liboqs,gateway
Dilithium2,keygen,30763,0.030763,7.78,0.0,256,1312,0,544,liboqs,gateway
Dilithium2,keygen,31001,0.031001,7.78,0.0,256,1312,0,545,liboqs,gateway
Dilithium2,keygen,29451,0.029451,7.78,0.0,256,1312,0,546,liboqs,gateway
Dilithium2,keygen,30112,0.030112,7.78,0.0,256,1312,0,547,liboqs,gateway
Dilithium2,keygen,28660,0.02866,7.78,0.0,256,1312,0,548,liboqs,gateway
Dilithium2,keygen,32490,0.03249,7.78,0.0,256,1312,0,549,liboqs,gateway
Dilithium2,keygen,29579,0.029579,7.78,0.0,256,1312,0,550,liboqs,gateway
Dilithium2,keygen,28725,0.028725,7.78,0.0,256,1312,0,551,liboqs,gateway
Dilithium2,keygen,30102,0.030102,7.78,0.0,256,1312,0,552,liboqs,gateway
Dilithium2,keygen,30226,0.030226,7.78,0.0,256,1312,0,553,liboqs,gateway
Dilithium2,keygen,30275,0.030275,7.78,0.0,256,1312,0,554,liboqs,gateway
Dilithium2,keygen,30197,0.030197,7.78,0.0,256,1312,0,555,liboqs,gateway
Dilithium2,keygen,29001,0.029001,7.78,0.0,256,1312,0,556,liboqs,gateway
Dilithium2,keygen,29266,0.029266,7.78,0.0,256,1312,0,557,liboqs,gateway
Dilithium2,keygen,30087,0.030087,7.78,0.0,256,1312,0,558,liboqs,gateway
Dilithium2,keygen,29476,0.029476,7.78,0.0,256,1312,0,559,liboqs,gateway
Dilithium2,keygen,28617,0.028617,7.78,0.0,256,1312,0,560,liboqs,gateway
Dilithium2,keygen,28876,0.028876,7.78,0.0,256,1312,0,561,liboqs,gateway
Dilithium2,keygen,29013,0.029013,7.78,0.0,256,1312,0,562,liboqs,gateway
Dilithium2,keygen,30305,0.030305,7.78,0.0,256,1312,0,563,liboqs,gateway
Dilithium2,keygen,28991,0.028991,7.78,0.0,256,1312,0,564,liboqs,gateway
Dilithium2,keygen,28091,0.028091,7.78,0.0,256,1312,0,565,liboqs,gateway
Dilithium2,keygen,29808,0.029808,7.78,0.0,256,1312,0,566,liboqs,gateway
Dilithium2,keygen,31544,0.031544,7.78,0.0,256,1312,0,567,liboqs,gateway
Dilithium2,keygen,29399,0.029399,7.78,0.0,256,1312,0,568,liboqs,gateway
Dilithium2,keygen,30784,0.030784,7.78,0.0,256,1312,0,569,liboqs,gateway
Dilithium2,keygen,31413,0.031413,7.78,0.0,256,1312,0,570,liboqs,gateway
Dilithium2,keygen,47255,0.047255,7.78,0.0,256,1312,0,571,liboqs,gateway
Dilithium2,keygen,37257,0.037257,7.78,0.0,256,1312,0,572,liboqs,gateway
Dilithium2,keygen,34469,0.034469,7.78,0.0,256,1312,0,573,liboqs,gateway
Dilithium2,keygen,31987,0.031987,7.78,0.0,256,1312,0,574,liboqs,gateway
Dilithium2,keygen,29286,0.029286,7.78,0.0,256,1312,0,575,liboqs,gateway
Dilithium2,keygen,30008,0.030008,7.78,0.0,256,1312,0,576,liboqs,gateway
Dilithium2,keygen,30122,0.030122,7.78,0.0,256,1312,0,577,liboqs,gateway
Dilithium2,keygen,28944,0.028944,7.78,0.0,256,1312,0,578,liboqs,gateway
Dilithium2,keygen,29703,0.029703,7.78,0.0,256,1312,0,579,liboqs,gateway
Dilithium2,keygen,30515,0.030515,7.78,0.0,256,1312,0,580,liboqs,gateway
Dilithium2,keygen,28993,0.028993,7.78,0.0,256,1312,0,581,liboqs,gateway
Dilithium2,keygen,28962,0.028962,7.78,0.0,256,1312,0,582,liboqs,gateway
Dilithium2,keygen,30147,0.030147,7.78,0.0,256,1312,0,583,liboqs,gateway
Dilithium2,keygen,34718,0.034718,7.78,0.0,256,1312,0,584,liboqs,gateway
Dilithium2,keygen,29027,0.029027,7.78,0.0,256,1312,0,585,liboqs,gateway
Dilithium2,keygen,29340,0.02934,7.78,0.0,256,1312,0,586,liboqs,gateway
Dilithium2,keygen,29623,0.029623,7.78,0.0,256,1312,0,587,liboqs,gateway
Dilithium2,keygen,32352,0.032352,7.78,0.0,256,1312,0,588,liboqs,gateway
Dilithium2,keygen,29987,0.029987,7.78,0.0,256,1312,0,589,liboqs,gateway
Dilithium2,keygen,28644,0.028644,7.78,0.0,256,1312,0,590,liboqs,gateway
Dilithium2,keygen,85083,0.085083,7.78,0.0,256,1312,0,591,liboqs,gateway
Dilithium2,keygen,81591,0.081591,7.78,0.0,256,1312,0,592,liboqs,gateway
Dilithium2,keygen,47836,0.047836,7.78,0.0,256,1312,0,593,liboqs,gateway
Dilithium2,keygen,39207,0.039207,7.78,0.0,256,1312,0,594,liboqs,gateway
Dilithium2,keygen,32362,0.032362,7.78,0.0,256,1312,0,595,liboqs,gateway
Dilithium2,keygen,37372,0.037372,7.78,0.0,256,1312,0,596,liboqs,gateway
Dilithium2,keygen,29921,0.029921,7.78,0.0,256,1312,0,597,liboqs,gateway
Dilithium2,keygen,30746,0.030746,7.78,0.0,256,1312,0,598,liboqs,gateway
Dilithium2,keygen,29285,0.029285,7.78,0.0,256,1312,0,599,liboqs,gateway
Dilithium2,keygen,29474,0.029474,7.78,0.0,256,1312,0,600,liboqs,gateway
Dilithium2,keygen,41593,0.041593,7.78,0.0,256,1312,0,601,liboqs,gateway
Dilithium2,keygen,75067,0.075067,7.78,0.0,256,1312,0,602,liboqs,gateway
Dilithium2,keygen,41272,0.041272,7.78,0.0,256,1312,0,603,liboqs,gateway
Dilithium2,keygen,32253,0.032253,7.78,0.0,256,1312,0,604,liboqs,gateway
Dilithium2,keygen,33249,0.033249,7.78,0.0,256,1312,0,605,liboqs,gateway
Dilithium2,keygen,32243,0.032243,7.78,0.0,256,1312,0,606,liboqs,gateway
Dilithium2,keygen,29522,0.029522,7.78,0.0,256,1312,0,607,liboqs,gateway
Dilithium2,keygen,29283,0.029283,7.78,0.0,256,1312,0,608,liboqs,gateway
Dilithium2,keygen,29144,0.029144,7.78,0.0,256,1312,0,609,liboqs,gateway
Dilithium2,keygen,30162,0.030162,7.78,0.0,256,1312,0,610,liboqs,gateway
Dilithium2,keygen,29784,0.029784,7.78,0.0,256,1312,0,611,liboqs,gateway
Dilithium2,keygen,28708,0.028708,7.78,0.0,256,1312,0,612,liboqs,gateway
Dilithium2,keygen,71141,0.071141,7.78,0.0,256,1312,0,613,liboqs,gateway
Dilithium2,keygen,67860,0.06786,7.78,0.0,256,1312,0,614,liboqs,gateway
Dilithium2,keygen,81290,0.08129,7.78,0.0,256,1312,0,615,liboqs,gateway
Dilithium2,keygen,94514,0.094514,7.78,0.0,256,1312,0,616,liboqs,gateway
Dilithium2,keygen,39472,0.039472,7.78,0.0,256,1312,0,617,liboqs,gateway
Dilithium2,keygen,32150,0.03215,7.78,0.0,256,1312,0,618,liboqs,gateway
Dilithium2,keygen,31485,0.031485,7.78,0.0,256,1312,0,619,liboqs,gateway
Dilithium2,keygen,48905,0.048905,7.78,0.0,256,1312,0,620,liboqs,gateway
Dilithium2,keygen,46449,0.046449,7.78,0.0,256,1312,0,621,liboqs,gateway
Dilithium2,keygen,37225,0.037225,7.78,0.0,256,1312,0,622,liboqs,gateway
Dilithium2,keygen,32065,0.032065,7.78,0.0,256,1312,0,623,liboqs,gateway
Dilithium2,keygen,31141,0.031141,7.78,0.0,256,1312,0,624,liboqs,gateway
Dilithium2,keygen,29543,0.029543,7.78,0.0,256,1312,0,625,liboqs,gateway
Dilithium2,keygen,28857,0.028857,7.78,0.0,256,1312,0,626,liboqs,gateway
Dilithium2,keygen,29427,0.029427,7.78,0.0,256,1312,0,627,liboqs,gateway
Dilithium2,keygen,31523,0.031523,7.78,0.0,256,1312,0,628,liboqs,gateway
Dilithium2,keygen,29016,0.029016,7.78,0.0,256,1312,0,629,liboqs,gateway
Dilithium2,keygen,41876,0.041876,7.78,0.0,256,1312,0,630,liboqs,gateway
Dilithium2,keygen,38280,0.03828,7.78,0.0,256,1312,0,631,liboqs,gateway
Dilithium2,keygen,31588,0.031588,7.78,0.0,256,1312,0,632,liboqs,gateway
Dilithium2,keygen,30396,0.030396,7.78,0.0,256,1312,0,633,liboqs,gateway
Dilithium2,keygen,45979,0.045979,7.78,0.0,256,1312,0,634,liboqs,gateway
Dilithium2,keygen,35035,0.035035,7.78,0.0,256,1312,0,635,liboqs,gateway
Dilithium2,keygen,32519,0.032519,7.78,0.0,256,1312,0,636,liboqs,gateway
Dilithium2,keygen,31787,0.031787,7.78,0.0,256,1312,0,637,liboqs,gateway
Dilithium2,keygen,29333,0.029333,7.78,0.0,256,1312,0,638,liboqs,gateway
Dilithium2,keygen,29031,0.029031,7.78,0.0,256,1312,0,639,liboqs,gateway
Dilithium2,keygen,30559,0.030559,7.78,0.0,256,1312,0,640,liboqs,gateway
Dilithium2,keygen,29445,0.029445,7.78,0.0,256,1312,0,641,liboqs,gateway
Dilithium2,keygen,31603,0.031603,7.78,0.0,256,1312,0,642,liboqs,gateway
Dilithium2,keygen,29991,0.029991,7.78,0.0,256,1312,0,643,liboqs,gateway
Dilithium2,keygen,30171,0.030171,7.78,0.0,256,1312,0,644,liboqs,gateway
Dilithium2,keygen,29579,0.029579,7.78,0.0,256,1312,0,645,liboqs,gateway
Dilithium2,keygen,29834,0.029834,7.78,0.0,256,1312,0,646,liboqs,gateway
Dilithium2,keygen,30858,0.030858,7.78,0.0,256,1312,0,647,liboqs,gateway
Dilithium2,keygen,29227,0.029227,7.78,0.0,256,1312,0,648,liboqs,gateway
Dilithium2,keygen,30290,0.03029,7.78,0.0,256,1312,0,649,liboqs,gateway
Dilithium2,keygen,30563,0.030563,7.78,0.0,256,1312,0,650,liboqs,gateway
Dilithium2,keygen,28738,0.028738,7.78,0.0,256,1312,0,651,liboqs,gateway
Dilithium2,keygen,29947,0.029947,7.78,0.0,256,1312,0,652,liboqs,gateway
Dilithium2,keygen,29177,0.029177,7.78,0.0,256,1312,0,653,liboqs,gateway
Dilithium2,keygen,28331,0.028331,7.78,0.0,256,1312,0,654,liboqs,gateway
Dilithium2,keygen,29853,0.029853,7.78,0.0,256,1312,0,655,liboqs,gateway
Dilithium2,keygen,29937,0.029937,7.78,0.0,256,1312,0,656,liboqs,gateway
Dilithium2,keygen,40604,0.040604,7.78,0.0,256,1312,0,657,liboqs,gateway
Dilithium2,keygen,36029,0.036029,7.78,0.0,256,1312,0,658,liboqs,gateway
Dilithium2,keygen,32311,0.032311,7.78,0.0,256,1312,0,659,liboqs,gateway
Dilithium2,keygen,30440,0.03044,7.78,0.0,256,1312,0,660,liboqs,gateway
Dilithium2,keygen,43094,0.043094,7.78,0.0,256,1312,0,661,liboqs,gateway
Dilithium2,keygen,30553,0.030553,7.78,0.0,256,1312,0,662,liboqs,gateway
Dilithium2,keygen,28946,0.028946,7.78,0.0,256,1312,0,663,liboqs,gateway
Dilithium2,keygen,28327,0.028327,7.78,0.0,256,1312,0,664,liboqs,gateway
Dilithium2,keygen,30010,0.03001,7.78,0.0,256,1312,0,665,liboqs,gateway
Dilithium2,keygen,30115,0.030115,7.78,0.0,256,1312,0,666,liboqs,gateway
Dilithium2,keygen,30325,0.030325,7.78,0.0,256,1312,0,667,liboqs,gateway
Dilithium2,keygen,31333,0.031333,7.78,0.0,256,1312,0,668,liboqs,gateway
Dilithium2,keygen,29671,0.029671,7.78,0.0,256,1312,0,669,liboqs,gateway
Dilithium2,keygen,29915,0.029915,7.78,0.0,256,1312,0,670,liboqs,gateway
Dilithium2,keygen,30302,0.030302,7.78,0.0,256,1312,0,671,liboqs,gateway
Dilithium2,keygen,28153,0.028153,7.78,0.0,256,1312,0,672,liboqs,gateway
Dilithium2,keygen,29378,0.029378,7.78,0.0,256,1312,0,673,liboqs,gateway
Dilithium2,keygen,29033,0.029033,7.78,0.0,256,1312,0,674,liboqs,gateway
Dilithium2,keygen,28863,0.028863,7.78,0.0,256,1312,0,675,liboqs,gateway
Dilithium2,keygen,28572,0.028572,7.78,0.0,256,1312,0,676,liboqs,gateway
Dilithium2,keygen,28915,0.028915,7.78,0.0,256,1312,0,677,liboqs,gateway
Dilithium2,keygen,30083,0.030083,7.78,0.0,256,1312,0,678,liboqs,gateway
Dilithium2,keygen,28656,0.028656,7.78,0.0,256,1312,0,679,liboqs,gateway
Dilithium2,keygen,28979,0.028979,7.78,0.0,256,1312,0,680,liboqs,gateway
Dilithium2,keygen,29567,0.029567,7.78,0.0,256,1312,0,681,liboqs,gateway
Dilithium2,keygen,28652,0.028652,7.78,0.0,256,1312,0,682,liboqs,gateway
Dilithium2,keygen,28690,0.02869,7.78,0.0,256,1312,0,683,liboqs,gateway
Dilithium2,keygen,46229,0.046229,7.78,0.0,256,1312,0,684,liboqs,gateway
Dilithium2,keygen,58275,0.058275,9.99,0.0,256,1312,0,685,liboqs,gateway
Dilithium2,keygen,32301,0.032301,7.78,0.0,256,1312,0,686,liboqs,gateway
Dilithium2,keygen,32874,0.032874,7.78,0.0,256,1312,0,687,liboqs,gateway
Dilithium2,keygen,29261,0.029261,7.78,0.0,256,1312,0,688,liboqs,gateway
Dilithium2,keygen,30033,0.030033,7.78,0.0,256,1312,0,689,liboqs,gateway
Dilithium2,keygen,30162,0.030162,7.78,0.0,256,1312,0,690,liboqs,gateway
Dilithium2,keygen,29221,0.029221,7.78,0.0,256,1312,0,691,liboqs,gateway
Dilithium2,keygen,29746,0.029746,7.78,0.0,256,1312,0,692,liboqs,gateway
Dilithium2,keygen,29756,0.029756,7.78,0.0,256,1312,0,693,liboqs,gateway
Dilithium2,keygen,30163,0.030163,7.78,0.0,256,1312,0,694,liboqs,gateway
Dilithium2,keygen,30131,0.030131,7.78,0.0,256,1312,0,695,liboqs,gateway
Dilithium2,keygen,30016,0.030016,7.78,0.0,256,1312,0,696,liboqs,gateway
Dilithium2,keygen,29804,0.029804,7.78,0.0,256,1312,0,697,liboqs,gateway
Dilithium2,keygen,29510,0.02951,7.78,0.0,256,1312,0,698,liboqs,gateway
Dilithium2,keygen,29689,0.029689,7.78,0.0,256,1312,0,699,liboqs,gateway
Dilithium2,keygen,28252,0.028252,7.78,0.0,256,1312,0,700,liboqs,gateway
Dilithium2,keygen,30233,0.030233,7.78,0.0,256,1312,0,701,liboqs,gateway
Dilithium2,keygen,42623,0.042623,7.78,0.0,256,1312,0,702,liboqs,gateway
Dilithium2,keygen,30645,0.030645,7.78,0.0,256,1312,0,703,liboqs,gateway
Dilithium2,keygen,29329,0.029329,7.78,0.0,256,1312,0,704,liboqs,gateway
Dilithium2,keygen,30021,0.030021,7.78,0.0,256,1312,0,705,liboqs,gateway
Dilithium2,keygen,28983,0.028983,7.78,0.0,256,1312,0,706,liboqs,gateway
Dilithium2,keygen,28626,0.028626,7.78,0.0,256,1312,0,707,liboqs,gateway
Dilithium2,keygen,28779,0.028779,7.78,0.0,256,1312,0,708,liboqs,gateway
Dilithium2,keygen,45476,0.045476,7.78,0.0,256,1312,0,709,liboqs,gateway
Dilithium2,keygen,34200,0.0342,7.78,0.0,256,1312,0,710,liboqs,gateway
Dilithium2,keygen,32073,0.032073,7.78,0.0,256,1312,0,711,liboqs,gateway
Dilithium2,keygen,29132,0.029132,7.78,0.0,256,1312,0,712,liboqs,gateway
Dilithium2,keygen,30446,0.030446,7.78,0.0,256,1312,0,713,liboqs,gateway
Dilithium2,keygen,30051,0.030051,7.78,0.0,256,1312,0,714,liboqs,gateway
Dilithium2,keygen,28781,0.028781,7.78,0.0,256,1312,0,715,liboqs,gateway
Dilithium2,keygen,28780,0.02878,7.78,0.0,256,1312,0,716,liboqs,gateway
Dilithium2,keygen,29623,0.029623,7.78,0.0,256,1312,0,717,liboqs,gateway
Dilithium2,keygen,28755,0.028755,7.78,0.0,256,1312,0,718,liboqs,gateway
Dilithium2,keygen,29841,0.029841,7.78,0.0,256,1312,0,719,liboqs,gateway
Dilithium2,keygen,30712,0.030712,7.78,0.0,256,1312,0,720,liboqs,gateway
Dilithium2,keygen,31413,0.031413,7.78,0.0,256,1312,0,721,liboqs,gateway
Dilithium2,keygen,28240,0.02824,7.78,0.0,256,1312,0,722,liboqs,gateway
Dilithium2,keygen,28759,0.028759,7.78,0.0,256,1312,0,723,liboqs,gateway
Dilithium2,keygen,29948,0.029948,7.78,0.0,256,1312,0,724,liboqs,gateway
Dilithium2,keygen,30619,0.030619,7.78,0.0,256,1312,0,725,liboqs,gateway
Dilithium2,keygen,28698,0.028698,7.78,0.0,256,1312,0,726,liboqs,gateway
Dilithium2,keygen,28577,0.028577,7.78,0.0,256,1312,0,727,liboqs,gateway
Dilithium2,keygen,27478,0.027478,7.78,0.0,256,1312,0,728,liboqs,gateway
Dilithium2,keygen,30596,0.030596,7.78,0.0,256,1312,0,729,liboqs,gateway
Dilithium2,keygen,29041,0.029041,7.78,0.0,256,1312,0,730,liboqs,gateway
Dilithium2,keygen,28202,0.028202,7.78,0.0,256,1312,0,731,liboqs,gateway
Dilithium2,keygen,31578,0.031578,7.78,0.0,256,1312,0,732,liboqs,gateway
Dilithium2,keygen,29700,0.0297,7.78,0.0,256,1312,0,733,liboqs,gateway
Dilithium2,keygen,28212,0.028212,7.78,0.0,256,1312,0,734,liboqs,gateway
Dilithium2,keygen,29120,0.02912,7.78,0.0,256,1312,0,735,liboqs,gateway
Dilithium2,keygen,28816,0.028816,7.78,0.0,256,1312,0,736,liboqs,gateway
Dilithium2,keygen,29554,0.029554,7.78,0.0,256,1312,0,737,liboqs,gateway
Dilithium2,keygen,28179,0.028179,7.78,0.0,256,1312,0,738,liboqs,gateway
Dilithium2,keygen,29873,0.029873,7.78,0.0,256,1312,0,739,liboqs,gateway
Dilithium2,keygen,28227,0.028227,7.78,0.0,256,1312,0,740,liboqs,gateway
Dilithium2,keygen,28141,0.028141,7.78,0.0,256,1312,0,741,liboqs,gateway
Dilithium2,keygen,27852,0.027852,7.78,0.0,256,1312,0,742,liboqs,gateway
Dilithium2,keygen,29547,0.029547,7.78,0.0,256,1312,0,743,liboqs,gateway
Dilithium2,keygen,28178,0.028178,7.78,0.0,256,1312,0,744,liboqs,gateway
Dilithium2,keygen,28239,0.028239,7.78,0.0,256,1312,0,745,liboqs,gateway
Dilithium2,keygen,27847,0.027847,7.78,0.0,256,1312,0,746,liboqs,gateway
Dilithium2,keygen,28859,0.028859,7.78,0.0,256,1312,0,747,liboqs,gateway
Dilithium2,keygen,28122,0.028122,7.78,0.0,256,1312,0,748,liboqs,gateway
Dilithium2,keygen,28214,0.028214,7.78,0.0,256,1312,0,749,liboqs,gateway
Dilithium2,keygen,27980,0.02798,7.78,0.0,256,1312,0,750,liboqs,gateway
Dilithium2,keygen,29439,0.029439,7.78,0.0,256,1312,0,751,liboqs,gateway
Dilithium2,keygen,27969,0.027969,7.78,0.0,256,1312,0,752,liboqs,gateway
Dilithium2,keygen,29454,0.029454,7.78,0.0,256,1312,0,753,liboqs,gateway
Dilithium2,keygen,28183,0.028183,7.78,0.0,256,1312,0,754,liboqs,gateway
Dilithium2,keygen,32320,0.03232,7.78,0.0,256,1312,0,755,liboqs,gateway
Dilithium2,keygen,28705,0.028705,7.78,0.0,256,1312,0,756,liboqs,gateway
Dilithium2,keygen,30213,0.030213,7.78,0.0,256,1312,0,757,liboqs,gateway
Dilithium2,keygen,29826,0.029826,7.78,0.0,256,1312,0,758,liboqs,gateway
Dilithium2,keygen,30058,0.030058,7.78,0.0,256,1312,0,759,liboqs,gateway
Dilithium2,keygen,34171,0.034171,7.78,0.0,256,1312,0,760,liboqs,gateway
Dilithium2,keygen,30253,0.030253,7.78,0.0,256,1312,0,761,liboqs,gateway
Dilithium2,keygen,29067,0.029067,7.78,0.0,256,1312,0,762,liboqs,gateway
Dilithium2,keygen,28777,0.028777,7.78,0.0,256,1312,0,763,liboqs,gateway
Dilithium2,keygen,28659,0.028659,7.78,0.0,256,1312,0,764,liboqs,gateway
Dilithium2,keygen,28997,0.028997,7.78,0.0,256,1312,0,765,liboqs,gateway
Dilithium2,keygen,28731,0.028731,7.78,0.0,256,1312,0,766,liboqs,gateway
Dilithium2,keygen,28119,0.028119,7.78,0.0,256,1312,0,767,liboqs,gateway
Dilithium2,keygen,39693,0.039693,7.78,0.0,256,1312,0,768,liboqs,gateway
Dilithium2,keygen,35748,0.035748,7.78,0.0,256,1312,0,769,liboqs,gateway
Dilithium2,keygen,33199,0.033199,7.78,0.0,256,1312,0,770,liboqs,gateway
Dilithium2,keygen,39244,0.039244,7.78,0.0,256,1312,0,771,liboqs,gateway
Dilithium2,keygen,36217,0.036217,7.78,0.0,256,1312,0,772,liboqs,gateway
Dilithium2,keygen,34462,0.034462,7.78,0.0,256,1312,0,773,liboqs,gateway
Dilithium2,keygen,29970,0.02997,7.78,0.0,256,1312,0,774,liboqs,gateway
Dilithium2,keygen,32650,0.03265,7.78,0.0,256,1312,0,775,liboqs,gateway
Dilithium2,keygen,29808,0.029808,7.78,0.0,256,1312,0,776,liboqs,gateway
Dilithium2,keygen,30494,0.030494,7.78,0.0,256,1312,0,777,liboqs,gateway
Dilithium2,keygen,29293,0.029293,7.78,0.0,256,1312,0,778,liboqs,gateway
Dilithium2,keygen,30495,0.030495,7.78,0.0,256,1312,0,779,liboqs,gateway
Dilithium2,keygen,30395,0.030395,7.78,0.0,256,1312,0,780,liboqs,gateway
Dilithium2,keygen,29407,0.029407,7.78,0.0,256,1312,0,781,liboqs,gateway
Dilithium2,keygen,30192,0.030192,7.78,0.0,256,1312,0,782,liboqs,gateway
Dilithium2,keygen,29956,0.029956,7.78,0.0,256,1312,0,783,liboqs,gateway
Dilithium2,keygen,30018,0.030018,7.78,0.0,256,1312,0,784,liboqs,gateway
Dilithium2,keygen,29781,0.029781,7.78,0.0,256,1312,0,785,liboqs,gateway
Dilithium2,keygen,29385,0.029385,7.78,0.0,256,1312,0,786,liboqs,gateway
Dilithium2,keygen,29724,0.029724,7.78,0.0,256,1312,0,787,liboqs,gateway
Dilithium2,keygen,28791,0.028791,7.78,0.0,256,1312,0,788,liboqs,gateway
Dilithium2,keygen,31058,0.031058,7.78,0.0,256,1312,0,789,liboqs,gateway
Dilithium2,keygen,30716,0.030716,7.78,0.0,256,1312,0,790,liboqs,gateway
Dilithium2,keygen,30436,0.030436,7.78,0.0,256,1312,0,791,liboqs,gateway
Dilithium2,keygen,30902,0.030902,7.78,0.0,256,1312,0,792,liboqs,gateway
Dilithium2,keygen,29053,0.029053,7.78,0.0,256,1312,0,793,liboqs,gateway
Dilithium2,keygen,29391,0.029391,7.78,0.0,256,1312,0,794,liboqs,gateway
Dilithium2,keygen,31213,0.031213,7.78,0.0,256,1312,0,795,liboqs,gateway
Dilithium2,keygen,30790,0.03079,7.78,0.0,256,1312,0,796,liboqs,gateway
Dilithium2,keygen,29431,0.029431,7.78,0.0,256,1312,0,797,liboqs,gateway
Dilithium2,keygen,30410,0.03041,7.78,0.0,256,1312,0,798,liboqs,gateway
Dilithium2,keygen,46499,0.046499,7.78,0.0,256,1312,0,799,liboqs,gateway
Dilithium2,keygen,35994,0.035994,7.78,0.0,256,1312,0,800,liboqs,gateway
Dilithium2,keygen,33657,0.033657,7.78,0.0,256,1312,0,801,liboqs,gateway
Dilithium2,keygen,29933,0.029933,7.78,0.0,256,1312,0,802,liboqs,gateway
Dilithium2,keygen,30571,0.030571,7.78,0.0,256,1312,0,803,liboqs,gateway
Dilithium2,keygen,29956,0.029956,7.78,0.0,256,1312,0,804,liboqs,gateway
Dilithium2,keygen,31020,0.03102,7.78,0.0,256,1312,0,805,liboqs,gateway
Dilithium2,keygen,31037,0.031037,7.78,0.0,256,1312,0,806,liboqs,gateway
Dilithium2,keygen,30113,0.030113,7.78,0.0,256,1312,0,807,liboqs,gateway
Dilithium2,keygen,29740,0.02974,7.78,0.0,256,1312,0,808,liboqs,gateway
Dilithium2,keygen,30006,0.030006,7.78,0.0,256,1312,0,809,liboqs,gateway
Dilithium2,keygen,31342,0.031342,7.78,0.0,256,1312,0,810,liboqs,gateway
Dilithium2,keygen,28376,0.028376,7.78,0.0,256,1312,0,811,liboqs,gateway
Dilithium2,keygen,29626,0.029626,7.78,0.0,256,1312,0,812,liboqs,gateway
Dilithium2,keygen,29528,0.029528,7.78,0.0,256,1312,0,813,liboqs,gateway
Dilithium2,keygen,28755,0.028755,7.78,0.0,256,1312,0,814,liboqs,gateway
Dilithium2,keygen,29715,0.029715,7.78,0.0,256,1312,0,815,liboqs,gateway
Dilithium2,keygen,30182,0.030182,7.78,0.0,256,1312,0,816,liboqs,gateway
Dilithium2,keygen,29130,0.02913,7.78,0.0,256,1312,0,817,liboqs,gateway
Dilithium2,keygen,28893,0.028893,7.78,0.0,256,1312,0,818,liboqs,gateway
Dilithium2,keygen,29574,0.029574,7.78,0.0,256,1312,0,819,liboqs,gateway
Dilithium2,keygen,30145,0.030145,7.78,0.0,256,1312,0,820,liboqs,gateway
Dilithium2,keygen,29681,0.029681,7.78,0.0,256,1312,0,821,liboqs,gateway
Dilithium2,keygen,30380,0.03038,7.78,0.0,256,1312,0,822,liboqs,gateway
Dilithium2,keygen,31295,0.031295,7.78,0.0,256,1312,0,823,liboqs,gateway
Dilithium2,keygen,35912,0.035912,7.78,0.0,256,1312,0,824,liboqs,gateway
Dilithium2,keygen,31618,0.031618,7.78,0.0,256,1312,0,825,liboqs,gateway
Dilithium2,keygen,29334,0.029334,7.78,0.0,256,1312,0,826,liboqs,gateway
Dilithium2,keygen,28663,0.028663,7.78,0.0,256,1312,0,827,liboqs,gateway
Dilithium2,keygen,30493,0.030493,7.78,0.0,256,1312,0,828,liboqs,gateway
Dilithium2,keygen,30820,0.03082,7.78,0.0,256,1312,0,829,liboqs,gateway
Dilithium2,keygen,29991,0.029991,7.78,0.0,256,1312,0,830,liboqs,gateway
Dilithium2,keygen,30003,0.030003,7.78,0.0,256,1312,0,831,liboqs,gateway
Dilithium2,keygen,44988,0.044988,7.78,0.0,256,1312,0,832,liboqs,gateway
Dilithium2,keygen,34444,0.034444,7.78,0.0,256,1312,0,833,liboqs,gateway
Dilithium2,keygen,30348,0.030348,7.78,0.0,256,1312,0,834,liboqs,gateway
Dilithium2,keygen,31134,0.031134,7.78,0.0,256,1312,0,835,liboqs,gateway
Dilithium2,keygen,29836,0.029836,7.78,0.0,256,1312,0,836,liboqs,gateway
Dilithium2,keygen,29955,0.029955,7.78,0.0,256,1312,0,837,liboqs,gateway
Dilithium2,keygen,29616,0.029616,7.78,0.0,256,1312,0,838,liboqs,gateway
Dilithium2,keygen,100406,0.100406,7.78,0.0,256,1312,0,839,liboqs,gateway
Dilithium2,keygen,40480,0.04048,7.78,0.0,256,1312,0,840,liboqs,gateway
Dilithium2,keygen,32868,0.032868,7.78,0.0,256,1312,0,841,liboqs,gateway
Dilithium2,keygen,31072,0.031072,7.78,0.0,256,1312,0,842,liboqs,gateway
Dilithium2,keygen,31115,0.031115,7.78,0.0,256,1312,0,843,liboqs,gateway
Dilithium2,keygen,28741,0.028741,7.78,0.0,256,1312,0,844,liboqs,gateway
Dilithium2,keygen,29081,0.029081,7.78,0.0,256,1312,0,845,liboqs,gateway
Dilithium2,keygen,28573,0.028573,7.78,0.0,256,1312,0,846,liboqs,gateway
Dilithium2,keygen,28182,0.028182,7.78,0.0,256,1312,0,847,liboqs,gateway
Dilithium2,keygen,28388,0.028388,7.78,0.0,256,1312,0,848,liboqs,gateway
Dilithium2,keygen,28873,0.028873,7.78,0.0,256,1312,0,849,liboqs,gateway
Dilithium2,keygen,27915,0.027915,7.78,0.0,256,1312,0,850,liboqs,gateway
Dilithium2,keygen,27649,0.027649,7.78,0.0,256,1312,0,851,liboqs,gateway
Dilithium2,keygen,27797,0.027797,7.78,0.0,256,1312,0,852,liboqs,gateway
Dilithium2,keygen,29436,0.029436,7.78,0.0,256,1312,0,853,liboqs,gateway
Dilithium2,keygen,28231,0.028231,7.78,0.0,256,1312,0,854,liboqs,gateway
Dilithium2,keygen,28274,0.028274,7.78,0.0,256,1312,0,855,liboqs,gateway
Dilithium2,keygen,28169,0.028169,7.78,0.0,256,1312,0,856,liboqs,gateway
Dilithium2,keygen,30819,0.030819,7.78,0.0,256,1312,0,857,liboqs,gateway
Dilithium2,keygen,28129,0.028129,7.78,0.0,256,1312,0,858,liboqs,gateway
Dilithium2,keygen,27668,0.027668,7.78,0.0,256,1312,0,859,liboqs,gateway
Dilithium2,keygen,31278,0.031278,7.78,0.0,256,1312,0,860,liboqs,gateway
Dilithium2,keygen,99981,0.099981,7.78,0.0,256,1312,0,861,liboqs,gateway
Dilithium2,keygen,42165,0.042165,7.78,0.0,256,1312,0,862,liboqs,gateway
Dilithium2,keygen,35512,0.035512,7.78,0.0,256,1312,0,863,liboqs,gateway
Dilithium2,keygen,30211,0.030211,7.78,0.0,256,1312,0,864,liboqs,gateway
Dilithium2,keygen,28835,0.028835,7.78,0.0,256,1312,0,865,liboqs,gateway
Dilithium2,keygen,27948,0.027948,7.78,0.0,256,1312,0,866,liboqs,gateway
Dilithium2,keygen,30704,0.030704,7.78,0.0,256,1312,0,867,liboqs,gateway
Dilithium2,keygen,28899,0.028899,7.78,0.0,256,1312,0,868,liboqs,gateway
Dilithium2,keygen,28508,0.028508,7.78,0.0,256,1312,0,869,liboqs,gateway
Dilithium2,keygen,28492,0.028492,7.78,0.0,256,1312,0,870,liboqs,gateway
Dilithium2,keygen,29945,0.029945,7.78,0.0,256,1312,0,871,liboqs,gateway
Dilithium2,keygen,32360,0.03236,7.78,0.0,256,1312,0,872,liboqs,gateway
Dilithium2,keygen,32625,0.032625,7.78,0.0,256,1312,0,873,liboqs,gateway
Dilithium2,keygen,28400,0.0284,7.78,0.0,256,1312,0,874,liboqs,gateway
Dilithium2,keygen,30184,0.030184,7.78,0.0,256,1312,0,875,liboqs,gateway
Dilithium2,keygen,30010,0.03001,7.78,0.0,256,1312,0,876,liboqs,gateway
Dilithium2,keygen,30137,0.030137,7.78,0.0,256,1312,0,877,liboqs,gateway
Dilithium2,keygen,29128,0.029128,7.78,0.0,256,1312,0,878,liboqs,gateway
Dilithium2,keygen,30049,0.030049,7.78,0.0,256,1312,0,879,liboqs,gateway
Dilithium2,keygen,28887,0.028887,7.78,0.0,256,1312,0,880,liboqs,gateway
Dilithium2,keygen,28349,0.028349,7.78,0.0,256,1312,0,881,liboqs,gateway
Dilithium2,keygen,30918,0.030918,7.78,0.0,256,1312,0,882,liboqs,gateway
Dilithium2,keygen,29026,0.029026,7.78,0.0,256,1312,0,883,liboqs,gateway
Dilithium2,keygen,32029,0.032029,7.78,0.0,256,1312,0,884,liboqs,gateway
Dilithium2,keygen,31827,0.031827,7.78,0.0,256,1312,0,885,liboqs,gateway
Dilithium2,keygen,28637,0.028637,7.78,0.0,256,1312,0,886,liboqs,gateway
Dilithium2,keygen,29764,0.029764,7.78,0.0,256,1312,0,887,liboqs,gateway
Dilithium2,keygen,28570,0.02857,7.78,0.0,256,1312,0,888,liboqs,gateway
Dilithium2,keygen,45628,0.045628,7.78,0.0,256,1312,0,889,liboqs,gateway
Dilithium2,keygen,32225,0.032225,7.78,0.0,256,1312,0,890,liboqs,gateway
Dilithium2,keygen,30254,0.030254,7.78,0.0,256,1312,0,891,liboqs,gateway
Dilithium2,keygen,29702,0.029702,7.78,0.0,256,1312,0,892,liboqs,gateway
Dilithium2,keygen,28945,0.028945,7.78,0.0,256,1312,0,893,liboqs,gateway
Dilithium2,keygen,30355,0.030355,7.78,0.0,256,1312,0,894,liboqs,gateway
Dilithium2,keygen,29483,0.029483,7.78,0.0,256,1312,0,895,liboqs,gateway
Dilithium2,keygen,29031,0.029031,7.78,0.0,256,1312,0,896,liboqs,gateway
Dilithium2,keygen,31208,0.031208,7.78,0.0,256,1312,0,897,liboqs,gateway
Dilithium2,keygen,28542,0.028542,7.78,0.0,256,1312,0,898,liboqs,gateway
Dilithium2,keygen,29852,0.029852,7.78,0.0,256,1312,0,899,liboqs,gateway
Dilithium2,keygen,29929,0.029929,7.78,0.0,256,1312,0,900,liboqs,gateway
Dilithium2,keygen,29990,0.02999,7.78,0.0,256,1312,0,901,liboqs,gateway
Dilithium2,keygen,29273,0.029273,7.78,0.0,256,1312,0,902,liboqs,gateway
Dilithium2,keygen,29289,0.029289,7.78,0.0,256,1312,0,903,liboqs,gateway
Dilithium2,keygen,28951,0.028951,7.78,0.0,256,1312,0,904,liboqs,gateway
Dilithium2,keygen,30815,0.030815,7.78,0.0,256,1312,0,905,liboqs,gateway
Dilithium2,keygen,28995,0.028995,7.78,0.0,256,1312,0,906,liboqs,gateway
Dilithium2,keygen,29798,0.029798,7.78,0.0,256,1312,0,907,liboqs,gateway
Dilithium2,keygen,28663,0.028663,7.78,0.0,256,1312,0,908,liboqs,gateway
Dilithium2,keygen,29861,0.029861,7.78,0.0,256,1312,0,909,liboqs,gateway
Dilithium2,keygen,30652,0.030652,7.78,0.0,256,1312,0,910,liboqs,gateway
Dilithium2,keygen,29140,0.02914,7.78,0.0,256,1312,0,911,liboqs,gateway
Dilithium2,keygen,29337,0.029337,7.78,0.0,256,1312,0,912,liboqs,gateway
Dilithium2,keygen,28739,0.028739,7.78,0.0,256,1312,0,913,liboqs,gateway
Dilithium2,keygen,27743,0.027743,7.78,0.0,256,1312,0,914,liboqs,gateway
Dilithium2,keygen,28883,0.028883,7.78,0.0,256,1312,0,915,liboqs,gateway
Dilithium2,keygen,29793,0.029793,7.78,0.0,256,1312,0,916,liboqs,gateway
Dilithium2,keygen,29004,0.029004,7.78,0.0,256,1312,0,917,liboqs,gateway
Dilithium2,keygen,29055,0.029055,7.78,0.0,256,1312,0,918,liboqs,gateway
Dilithium2,keygen,30481,0.030481,7.78,0.0,256,1312,0,919,liboqs,gateway
Dilithium2,keygen,29342,0.029342,7.78,0.0,256,1312,0,920,liboqs,gateway
Dilithium2,keygen,29287,0.029287,7.78,0.0,256,1312,0,921,liboqs,gateway
Dilithium2,keygen,29547,0.029547,7.78,0.0,256,1312,0,922,liboqs,gateway
Dilithium2,keygen,29994,0.029994,7.78,0.0,256,1312,0,923,liboqs,gateway
Dilithium2,keygen,31051,0.031051,7.78,0.0,256,1312,0,924,liboqs,gateway
Dilithium2,keygen,34638,0.034638,7.78,0.0,256,1312,0,925,liboqs,gateway
Dilithium2,keygen,28167,0.028167,7.78,0.0,256,1312,0,926,liboqs,gateway
Dilithium2,keygen,28911,0.028911,7.78,0.0,256,1312,0,927,liboqs,gateway
Dilithium2,keygen,30491,0.030491,7.78,0.0,256,1312,0,928,liboqs,gateway
Dilithium2,keygen,31017,0.031017,7.78,0.0,256,1312,0,929,liboqs,gateway
Dilithium2,keygen,28603,0.028603,7.78,0.0,256,1312,0,930,liboqs,gateway
Dilithium2,keygen,29540,0.02954,7.78,0.0,256,1312,0,931,liboqs,gateway
Dilithium2,keygen,31119,0.031119,7.78,0.0,256,1312,0,932,liboqs,gateway
Dilithium2,keygen,28777,0.028777,7.78,0.0,256,1312,0,933,liboqs,gateway
Dilithium2,keygen,29420,0.02942,7.78,0.0,256,1312,0,934,liboqs,gateway
Dilithium2,keygen,30363,0.030363,7.78,0.0,256,1312,0,935,liboqs,gateway
Dilithium2,keygen,28417,0.028417,7.78,0.0,256,1312,0,936,liboqs,gateway
Dilithium2,keygen,29034,0.029034,7.78,0.0,256,1312,0,937,liboqs,gateway
Dilithium2,keygen,28053,0.028053,7.78,0.0,256,1312,0,938,liboqs,gateway
Dilithium2,keygen,29076,0.029076,7.78,0.0,256,1312,0,939,liboqs,gateway
Dilithium2,keygen,29096,0.029096,7.78,0.0,256,1312,0,940,liboqs,gateway
Dilithium2,keygen,28175,0.028175,7.78,0.0,256,1312,0,941,liboqs,gateway
Dilithium2,keygen,27874,0.027874,7.78,0.0,256,1312,0,942,liboqs,gateway
Dilithium2,keygen,45900,0.0459,7.78,0.0,256,1312,0,943,liboqs,gateway
Dilithium2,keygen,36442,0.036442,7.78,0.0,256,1312,0,944,liboqs,gateway
Dilithium2,keygen,33391,0.033391,7.78,0.0,256,1312,0,945,liboqs,gateway
Dilithium2,keygen,31395,0.031395,7.78,0.0,256,1312,0,946,liboqs,gateway
Dilithium2,keygen,29028,0.029028,7.78,0.0,256,1312,0,947,liboqs,gateway
Dilithium2,keygen,28595,0.028595,7.78,0.0,256,1312,0,948,liboqs,gateway
Dilithium2,keygen,28853,0.028853,7.78,0.0,256,1312,0,949,liboqs,gateway
Dilithium2,keygen,28922,0.028922,7.78,0.0,256,1312,0,950,liboqs,gateway
Dilithium2,keygen,30764,0.030764,7.78,0.0,256,1312,0,951,liboqs,gateway
Dilithium2,keygen,28499,0.028499,7.78,0.0,256,1312,0,952,liboqs,gateway
Dilithium2,keygen,28599,0.028599,7.78,0.0,256,1312,0,953,liboqs,gateway
Dilithium2,keygen,28151,0.028151,7.78,0.0,256,1312,0,954,liboqs,gateway
Dilithium2,keygen,29133,0.029133,7.78,0.0,256,1312,0,955,liboqs,gateway
Dilithium2,keygen,28379,0.028379,7.78,0.0,256,1312,0,956,liboqs,gateway
Dilithium2,keygen,28115,0.028115,7.78,0.0,256,1312,0,957,liboqs,gateway
Dilithium2,keygen,28437,0.028437,7.78,0.0,256,1312,0,958,liboqs,gateway
Dilithium2,keygen,29057,0.029057,7.78,0.0,256,1312,0,959,liboqs,gateway
Dilithium2,keygen,27935,0.027935,7.78,0.0,256,1312,0,960,liboqs,gateway
Dilithium2,keygen,27915,0.027915,7.78,0.0,256,1312,0,961,liboqs,gateway
Dilithium2,keygen,27445,0.027445,7.78,0.0,256,1312,0,962,liboqs,gateway
Dilithium2,keygen,28673,0.028673,7.78,0.0,256,1312,0,963,liboqs,gateway
Dilithium2,keygen,27949,0.027949,7.78,0.0,256,1312,0,964,liboqs,gateway
Dilithium2,keygen,27566,0.027566,7.78,0.0,256,1312,0,965,liboqs,gateway
Dilithium2,keygen,27766,0.027766,7.78,0.0,256,1312,0,966,liboqs,gateway
Dilithium2,keygen,29303,0.029303,7.78,0.0,256,1312,0,967,liboqs,gateway
Dilithium2,keygen,38615,0.038615,7.78,0.0,256,1312,0,968,liboqs,gateway
Dilithium2,keygen,33372,0.033372,7.78,0.0,256,1312,0,969,liboqs,gateway
Dilithium2,keygen,29682,0.029682,7.78,0.0,256,1312,0,970,liboqs,gateway
Dilithium2,keygen,29717,0.029717,7.78,0.0,256,1312,0,971,liboqs,gateway
Dilithium2,keygen,27843,0.027843,7.78,0.0,256,1312,0,972,liboqs,gateway
Dilithium2,keygen,29762,0.029762,7.78,0.0,256,1312,0,973,liboqs,gateway
Dilithium2,keygen,29127,0.029127,7.78,0.0,256,1312,0,974,liboqs,gateway
Dilithium2,keygen,28955,0.028955,7.78,0.0,256,1312,0,975,liboqs,gateway
Dilithium2,keygen,46437,0.046437,7.78,0.0,256,1312,0,976,liboqs,gateway
Dilithium2,keygen,33676,0.033676,7.78,0.0,256,1312,0,977,liboqs,gateway
Dilithium2,keygen,29757,0.029757,7.78,0.0,256,1312,0,978,liboqs,gateway
Dilithium2,keygen,28946,0.028946,7.78,0.0,256,1312,0,979,liboqs,gateway
Dilithium2,keygen,29636,0.029636,7.78,0.0,256,1312,0,980,liboqs,gateway
Dilithium2,keygen,35256,0.035256,8.53,0.0,256,1312,0,981,liboqs,gateway
Dilithium2,keygen,29960,0.02996,7.78,0.0,256,1312,0,982,liboqs,gateway
Dilithium2,keygen,29641,0.029641,7.78,0.0,256,1312,0,983,liboqs,gateway
Dilithium2,keygen,28697,0.028697,7.78,0.0,256,1312,0,984,liboqs,gateway
Dilithium2,keygen,28373,0.028373,7.78,0.0,256,1312,0,985,liboqs,gateway
Dilithium2,keygen,30156,0.030156,7.78,0.0,256,1312,0,986,liboqs,gateway
Dilithium2,keygen,29813,0.029813,7.78,0.0,256,1312,0,987,liboqs,gateway
Dilithium2,keygen,29863,0.029863,7.78,0.0,256,1312,0,988,liboqs,gateway
Dilithium2,keygen,28867,0.028867,7.78,0.0,256,1312,0,989,liboqs,gateway
Dilithium2,keygen,28186,0.028186,7.78,0.0,256,1312,0,990,liboqs,gateway
Dilithium2,keygen,28617,0.028617,7.78,0.0,256,1312,0,991,liboqs,gateway
Dilithium2,keygen,29420,0.02942,7.78,0.0,256,1312,0,992,liboqs,gateway
Dilithium2,keygen,28565,0.028565,7.78,0.0,256,1312,0,993,liboqs,gateway
Dilithium2,keygen,27709,0.027709,7.78,0.0,256,1312,0,994,liboqs,gateway
Dilithium2,keygen,27784,0.027784,7.78,0.0,256,1312,0,995,liboqs,gateway
Dilithium2,keygen,30403,0.030403,7.78,0.0,256,1312,0,996,liboqs,gateway
Dilithium2,keygen,41273,0.041273,7.78,0.0,256,1312,0,997,liboqs,gateway
Dilithium2,keygen,33925,0.033925,7.78,0.0,256,1312,0,998,liboqs,gateway
Dilithium2,keygen,30692,0.030692,7.78,0.0,256,1312,0,999,liboqs,gateway
Dilithium2,sign,182935,0.182935,12.84,0.0,256,1312,2420,0,liboqs,gateway
Dilithium2,sign,49341,0.049341,9.19,0.0,256,1312,2420,1,liboqs,gateway
Dilithium2,sign,172793,0.172793,9.19,0.0,256,1312,2420,2,liboqs,gateway
Dilithium2,sign,68793,0.068793,10.01,0.0,256,1312,2420,3,liboqs,gateway
Dilithium2,sign,39322,0.039322,9.25,0.0,256,1312,2420,4,liboqs,gateway
Dilithium2,sign,91655,0.091655,9.25,0.0,256,1312,2420,5,liboqs,gateway
Dilithium2,sign,38357,0.038357,9.25,0.0,256,1312,2420,6,liboqs,gateway
Dilithium2,sign,110008,0.110008,9.25,0.0,256,1312,2420,7,liboqs,gateway
Dilithium2,sign,150645,0.150645,9.25,0.0,256,1312,2420,8,liboqs,gateway
Dilithium2,sign,37574,0.037574,9.25,0.0,256,1312,2420,9,liboqs,gateway
Dilithium2,sign,106129,0.106129,9.25,0.0,256,1312,2420,10,liboqs,gateway
Dilithium2,sign,37458,0.037458,9.25,0.0,256,1312,2420,11,liboqs,gateway
Dilithium2,sign,43629,0.043629,9.25,0.0,256,1312,2420,12,liboqs,gateway
Dilithium2,sign,43185,0.043185,9.25,0.0,256,1312,2420,13,liboqs,gateway
Dilithium2,sign,44733,0.044733,9.25,0.0,256,1312,2420,14,liboqs,gateway
Dilithium2,sign,94700,0.0947,9.25,0.0,256,1312,2420,15,liboqs,gateway
Dilithium2,sign,50960,0.05096,9.25,0.0,256,1312,2420,16,liboqs,gateway
Dilithium2,sign,49681,0.049681,9.25,0.0,256,1312,2420,17,liboqs,gateway
Dilithium2,sign,207728,0.207728,9.25,0.0,256,1312,2420,18,liboqs,gateway
Dilithium2,sign,67066,0.067066,9.25,0.0,256,1312,2420,19,liboqs,gateway
Dilithium2,sign,62971,0.062971,9.25,0.0,256,1312,2420,20,liboqs,gateway
Dilithium2,sign,37401,0.037401,9.25,0.0,256,1312,2420,21,liboqs,gateway
Dilithium2,sign,118836,0.118836,11.65,0.0,256,1312,2420,22,liboqs,gateway
Dilithium2,sign,71699,0.071699,11.41,0.0,256,1312,2420,23,liboqs,gateway
Dilithium2,sign,58713,0.058713,9.19,0.0,256,1312,2420,24,liboqs,gateway
Dilithium2,sign,52304,0.052304,9.25,0.0,256,1312,2420,25,liboqs,gateway
Dilithium2,sign,50360,0.05036,9.25,0.0,256,1312,2420,26,liboqs,gateway
Dilithium2,sign,39371,0.039371,9.25,0.0,256,1312,2420,27,liboqs,gateway
Dilithium2,sign,38148,0.038148,9.25,0.0,256,1312,2420,28,liboqs,gateway
Dilithium2,sign,64025,0.064025,9.25,0.0,256,1312,2420,29,liboqs,gateway
Dilithium2,sign,42522,0.042522,9.25,0.0,256,1312,2420,30,liboqs,gateway
Dilithium2,sign,69191,0.069191,9.25,0.0,256,1312,2420,31,liboqs,gateway
Dilithium2,sign,57066,0.057066,9.25,0.0,256,1312,2420,32,liboqs,gateway
Dilithium2,sign,124010,0.12401,9.25,0.0,256,1312,2420,33,liboqs,gateway
Dilithium2,sign,99433,0.099433,9.25,0.0,256,1312,2420,34,liboqs,gateway
Dilithium2,sign,39215,0.039215,9.25,0.0,256,1312,2420,35,liboqs,gateway
Dilithium2,sign,50905,0.050905,9.25,0.0,256,1312,2420,36,liboqs,gateway
Dilithium2,sign,57695,0.057695,9.25,0.0,256,1312,2420,37,liboqs,gateway
Dilithium2,sign,42741,0.042741,9.25,0.0,256,1312,2420,38,liboqs,gateway
Dilithium2,sign,135219,0.135219,9.25,0.0,256,1312,2420,39,liboqs,gateway
Dilithium2,sign,39260,0.03926,9.25,0.0,256,1312,2420,40,liboqs,gateway
Dilithium2,sign,68017,0.068017,9.25,0.0,256,1312,2420,41,liboqs,gateway
Dilithium2,sign,82306,0.082306,9.25,0.0,256,1312,2420,42,liboqs,gateway
Dilithium2,sign,83666,0.083666,9.25,0.0,256,1312,2420,43,liboqs,gateway
Dilithium2,sign,57322,0.057322,9.25,0.0,256,1312,2420,44,liboqs,gateway
Dilithium2,sign,36071,0.036071,9.25,0.0,256,1312,2420,45,liboqs,gateway
Dilithium2,sign,36099,0.036099,9.25,0.0,256,1312,2420,46,liboqs,gateway
Dilithium2,sign,43511,0.043511,9.25,0.0,256,1312,2420,47,liboqs,gateway
Dilithium2,sign,42349,0.042349,9.25,0.0,256,1312,2420,48,liboqs,gateway
Dilithium2,sign,80156,0.080156,9.25,0.0,256,1312,2420,49,liboqs,gateway
Dilithium2,sign,159648,0.159648,9.25,0.0,256,1312,2420,50,liboqs,gateway
Dilithium2,sign,63474,0.063474,9.25,0.0,256,1312,2420,51,liboqs,gateway
Dilithium2,sign,121210,0.12121,9.25,0.0,256,1312,2420,52,liboqs,gateway
Dilithium2,sign,63275,0.063275,9.25,0.0,256,1312,2420,53,liboqs,gateway
Dilithium2,sign,95300,0.0953,9.25,0.0,256,1312,2420,54,liboqs,gateway
Dilithium2,sign,43316,0.043316,9.25,0.0,256,1312,2420,55,liboqs,gateway
Dilithium2,sign,35730,0.03573,9.25,0.0,256,1312,2420,56,liboqs,gateway
Dilithium2,sign,48105,0.048105,9.25,0.0,256,1312,2420,57,liboqs,gateway
Dilithium2,sign,41421,0.041421,9.25,0.0,256,1312,2420,58,liboqs,gateway
Dilithium2,sign,90807,0.090807,9.25,0.0,256,1312,2420,59,liboqs,gateway
Dilithium2,sign,45487,0.045487,9.25,0.0,256,1312,2420,60,liboqs,gateway
Dilithium2,sign,39690,0.03969,9.25,0.0,256,1312,2420,61,liboqs,gateway
Dilithium2,sign,110820,0.11082,9.25,0.0,256,1312,2420,62,liboqs,gateway
Dilithium2,sign,34351,0.034351,9.25,0.0,256,1312,2420,63,liboqs,gateway
Dilithium2,sign,40977,0.040977,9.25,0.0,256,1312,2420,64,liboqs,gateway
Dilithium2,sign,35718,0.035718,9.25,0.0,256,1312,2420,65,liboqs,gateway
Dilithium2,sign,34618,0.034618,9.25,0.0,256,1312,2420,66,liboqs,gateway
Dilithium2,sign,41236,0.041236,9.25,0.0,256,1312,2420,67,liboqs,gateway
Dilithium2,sign,75407,0.075407,9.25,0.0,256,1312,2420,68,liboqs,gateway
Dilithium2,sign,98780,0.09878,9.25,0.0,256,1312,2420,69,liboqs,gateway
Dilithium2,sign,47138,0.047138,9.25,0.0,256,1312,2420,70,liboqs,gateway
Dilithium2,sign,42357,0.042357,9.25,0.0,256,1312,2420,71,liboqs,gateway
Dilithium2,sign,40603,0.040603,9.25,0.0,256,1312,2420,72,liboqs,gateway
Dilithium2,sign,66980,0.06698,9.25,0.0,256,1312,2420,73,liboqs,gateway
Dilithium2,sign,66652,0.066652,9.25,0.0,256,1312,2420,74,liboqs,gateway
Dilithium2,sign,41759,0.041759,9.25,0.0,256,1312,2420,75,liboqs,gateway
Dilithium2,sign,44775,0.044775,9.25,0.0,256,1312,2420,76,liboqs,gateway
Dilithium2,sign,49028,0.049028,9.25,0.0,256,1312,2420,77,liboqs,gateway
Dilithium2,sign,36510,0.03651,9.25,0.0,256,1312,2420,78,liboqs,gateway
Dilithium2,sign,89002,0.089002,9.25,0.0,256,1312,2420,79,liboqs,gateway
Dilithium2,sign,44020,0.04402,9.25,0.0,256,1312,2420,80,liboqs,gateway
Dilithium2,sign,36043,0.036043,9.25,0.0,256,1312,2420,81,liboqs,gateway
Dilithium2,sign,74348,0.074348,9.25,0.0,256,1312,2420,82,liboqs,gateway
Dilithium2,sign,74914,0.074914,9.25,0.0,256,1312,2420,83,liboqs,gateway
Dilithium2,sign,63317,0.063317,9.25,0.0,256,1312,2420,84,liboqs,gateway
Dilithium2,sign,56834,0.056834,9.25,0.0,256,1312,2420,85,liboqs,gateway
Dilithium2,sign,69535,0.069535,9.25,0.0,256,1312,2420,86,liboqs,gateway
Dilithium2,sign,60614,0.060614,9.25,0.0,256,1312,2420,87,liboqs,gateway
Dilithium2,sign,110564,0.110564,9.25,0.0,256,1312,2420,88,liboqs,gateway
Dilithium2,sign,51207,0.051207,9.25,0.0,256,1312,2420,89,liboqs,gateway
Dilithium2,sign,43602,0.043602,9.25,0.0,256,1312,2420,90,liboqs,gateway
Dilithium2,sign,57240,0.05724,9.25,0.0,256,1312,2420,91,liboqs,gateway
Dilithium2,sign,51702,0.051702,9.25,0.0,256,1312,2420,92,liboqs,gateway
Dilithium2,sign,132088,0.132088,9.25,0.0,256,1312,2420,93,liboqs,gateway
Dilithium2,sign,35016,0.035016,9.25,0.0,256,1312,2420,94,liboqs,gateway
Dilithium2,sign,41260,0.04126,9.25,0.0,256,1312,2420,95,liboqs,gateway
Dilithium2,sign,77320,0.07732,9.25,0.0,256,1312,2420,96,liboqs,gateway
Dilithium2,sign,48359,0.048359,9.25,0.0,256,1312,2420,97,liboqs,gateway
Dilithium2,sign,41615,0.041615,9.25,0.0,256,1312,2420,98,liboqs,gateway
Dilithium2,sign,67419,0.067419,9.25,0.0,256,1312,2420,99,liboqs,gateway
Dilithium2,sign,69296,0.069296,9.25,0.0,256,1312,2420,100,liboqs,gateway
Dilithium2,sign,62687,0.062687,9.25,0.0,256,1312,2420,101,liboqs,gateway
Dilithium2,sign,74280,0.07428,9.25,0.0,256,1312,2420,102,liboqs,gateway
Dilithium2,sign,84449,0.084449,9.25,0.0,256,1312,2420,103,liboqs,gateway
Dilithium2,sign,119449,0.119449,9.25,0.0,256,1312,2420,104,liboqs,gateway
Dilithium2,sign,100781,0.100781,9.25,0.0,256,1312,2420,105,liboqs,gateway
Dilithium2,sign,91906,0.091906,9.25,0.0,256,1312,2420,106,liboqs,gateway
Dilithium2,sign,41569,0.041569,9.25,0.0,256,1312,2420,107,liboqs,gateway
Dilithium2,sign,50393,0.050393,9.25,0.0,256,1312,2420,108,liboqs,gateway
Dilithium2,sign,88955,0.088955,9.25,0.0,256,1312,2420,109,liboqs,gateway
Dilithium2,sign,65132,0.065132,9.25,0.0,256,1312,2420,110,liboqs,gateway
Dilithium2,sign,36328,0.036328,9.25,0.0,256,1312,2420,111,liboqs,gateway
Dilithium2,sign,42441,0.042441,9.25,0.0,256,1312,2420,112,liboqs,gateway
Dilithium2,sign,74603,0.074603,9.25,0.0,256,1312,2420,113,liboqs,gateway
Dilithium2,sign,41198,0.041198,9.25,0.0,256,1312,2420,114,liboqs,gateway
Dilithium2,sign,48689,0.048689,9.25,0.0,256,1312,2420,115,liboqs,gateway
Dilithium2,sign,35979,0.035979,9.25,0.0,256,1312,2420,116,liboqs,gateway
Dilithium2,sign,34515,0.034515,9.25,0.0,256,1312,2420,117,liboqs,gateway
Dilithium2,sign,35353,0.035353,9.25,0.0,256,1312,2420,118,liboqs,gateway
Dilithium2,sign,49712,0.049712,9.25,0.0,256,1312,2420,119,liboqs,gateway
Dilithium2,sign,106398,0.106398,9.25,0.0,256,1312,2420,120,liboqs,gateway
Dilithium2,sign,42247,0.042247,9.25,0.0,256,1312,2420,121,liboqs,gateway
Dilithium2,sign,101917,0.101917,9.25,0.0,256,1312,2420,122,liboqs,gateway
Dilithium2,sign,71236,0.071236,9.25,0.0,256,1312,2420,123,liboqs,gateway
Dilithium2,sign,62031,0.062031,9.25,0.0,256,1312,2420,124,liboqs,gateway
Dilithium2,sign,49124,0.049124,9.25,0.0,256,1312,2420,125,liboqs,gateway
Dilithium2,sign,54393,0.054393,9.25,0.0,256,1312,2420,126,liboqs,gateway
Dilithium2,sign,70392,0.070392,9.25,0.0,256,1312,2420,127,liboqs,gateway
Dilithium2,sign,47824,0.047824,9.25,0.0,256,1312,2420,128,liboqs,gateway
Dilithium2,sign,48033,0.048033,9.25,0.0,256,1312,2420,129,liboqs,gateway
Dilithium2,sign,78193,0.078193,9.25,0.0,256,1312,2420,130,liboqs,gateway
Dilithium2,sign,40790,0.04079,9.25,0.0,256,1312,2420,131,liboqs,gateway
Dilithium2,sign,49330,0.04933,9.25,0.0,256,1312,2420,132,liboqs,gateway
Dilithium2,sign,37751,0.037751,9.25,0.0,256,1312,2420,133,liboqs,gateway
Dilithium2,sign,41970,0.04197,9.25,0.0,256,1312,2420,134,liboqs,gateway
Dilithium2,sign,35294,0.035294,9.25,0.0,256,1312,2420,135,liboqs,gateway
Dilithium2,sign,36275,0.036275,9.25,0.0,256,1312,2420,136,liboqs,gateway
Dilithium2,sign,50090,0.05009,9.25,0.0,256,1312,2420,137,liboqs,gateway
Dilithium2,sign,64086,0.064086,9.25,0.0,256,1312,2420,138,liboqs,gateway
Dilithium2,sign,35251,0.035251,9.25,0.0,256,1312,2420,139,liboqs,gateway
Dilithium2,sign,55608,0.055608,9.25,0.0,256,1312,2420,140,liboqs,gateway
Dilithium2,sign,34813,0.034813,9.25,0.0,256,1312,2420,141,liboqs,gateway
Dilithium2,sign,71165,0.071165,9.25,0.0,256,1312,2420,142,liboqs,gateway
Dilithium2,sign,49387,0.049387,9.25,0.0,256,1312,2420,143,liboqs,gateway
Dilithium2,sign,68247,0.068247,9.25,0.0,256,1312,2420,144,liboqs,gateway
Dilithium2,sign,48890,0.04889,9.25,0.0,256,1312,2420,145,liboqs,gateway
Dilithium2,sign,49463,0.049463,9.25,0.0,256,1312,2420,146,liboqs,gateway
Dilithium2,sign,46712,0.046712,9.25,0.0,256,1312,2420,147,liboqs,gateway
Dilithium2,sign,41832,0.041832,9.25,0.0,256,1312,2420,148,liboqs,gateway
Dilithium2,sign,42456,0.042456,9.25,0.0,256,1312,2420,149,liboqs,gateway
Dilithium2,sign,54327,0.054327,9.25,0.0,256,1312,2420,150,liboqs,gateway
Dilithium2,sign,41155,0.041155,9.25,0.0,256,1312,2420,151,liboqs,gateway
Dilithium2,sign,54924,0.054924,9.25,0.0,256,1312,2420,152,liboqs,gateway
Dilithium2,sign,73960,0.07396,9.25,0.0,256,1312,2420,153,liboqs,gateway
Dilithium2,sign,82763,0.082763,9.25,0.0,256,1312,2420,154,liboqs,gateway
Dilithium2,sign,52540,0.05254,9.25,0.0,256,1312,2420,155,liboqs,gateway
Dilithium2,sign,53947,0.053947,9.25,0.0,256,1312,2420,156,liboqs,gateway
Dilithium2,sign,42708,0.042708,9.25,0.0,256,1312,2420,157,liboqs,gateway
Dilithium2,sign,35326,0.035326,9.25,0.0,256,1312,2420,158,liboqs,gateway
Dilithium2,sign,66402,0.066402,9.25,0.0,256,1312,2420,159,liboqs,gateway
Dilithium2,sign,43474,0.043474,9.25,0.0,256,1312,2420,160,liboqs,gateway
Dilithium2,sign,41132,0.041132,9.25,0.0,256,1312,2420,161,liboqs,gateway
Dilithium2,sign,55635,0.055635,9.25,0.0,256,1312,2420,162,liboqs,gateway
Dilithium2,sign,93990,0.09399,9.25,0.0,256,1312,2420,163,liboqs,gateway
Dilithium2,sign,68029,0.068029,9.25,0.0,256,1312,2420,164,liboqs,gateway
Dilithium2,sign,36791,0.036791,9.25,0.0,256,1312,2420,165,liboqs,gateway
Dilithium2,sign,35595,0.035595,9.25,0.0,256,1312,2420,166,liboqs,gateway
Dilithium2,sign,66331,0.066331,9.25,0.0,256,1312,2420,167,liboqs,gateway
Dilithium2,sign,37599,0.037599,9.25,0.0,256,1312,2420,168,liboqs,gateway
Dilithium2,sign,34883,0.034883,9.25,0.0,256,1312,2420,169,liboqs,gateway
Dilithium2,sign,63878,0.063878,9.25,0.0,256,1312,2420,170,liboqs,gateway
Dilithium2,sign,43920,0.04392,9.25,0.0,256,1312,2420,171,liboqs,gateway
Dilithium2,sign,63850,0.06385,9.25,0.0,256,1312,2420,172,liboqs,gateway
Dilithium2,sign,70356,0.070356,9.25,0.0,256,1312,2420,173,liboqs,gateway
Dilithium2,sign,86948,0.086948,9.25,0.0,256,1312,2420,174,liboqs,gateway
Dilithium2,sign,35456,0.035456,9.25,0.0,256,1312,2420,175,liboqs,gateway
Dilithium2,sign,35031,0.035031,9.25,0.0,256,1312,2420,176,liboqs,gateway
Dilithium2,sign,34476,0.034476,9.25,0.0,256,1312,2420,177,liboqs,gateway
Dilithium2,sign,36082,0.036082,9.25,0.0,256,1312,2420,178,liboqs,gateway
Dilithium2,sign,92523,0.092523,9.25,0.0,256,1312,2420,179,liboqs,gateway
Dilithium2,sign,42530,0.04253,9.25,0.0,256,1312,2420,180,liboqs,gateway
Dilithium2,sign,55324,0.055324,9.25,0.0,256,1312,2420,181,liboqs,gateway
Dilithium2,sign,49347,0.049347,9.25,0.0,256,1312,2420,182,liboqs,gateway
Dilithium2,sign,49035,0.049035,9.25,0.0,256,1312,2420,183,liboqs,gateway
Dilithium2,sign,95172,0.095172,9.25,0.0,256,1312,2420,184,liboqs,gateway
Dilithium2,sign,35303,0.035303,9.25,0.0,256,1312,2420,185,liboqs,gateway
Dilithium2,sign,56324,0.056324,9.25,0.0,256,1312,2420,186,liboqs,gateway
Dilithium2,sign,100814,0.100814,9.25,0.0,256,1312,2420,187,liboqs,gateway
Dilithium2,sign,35238,0.035238,9.25,0.0,256,1312,2420,188,liboqs,gateway
Dilithium2,sign,52619,0.052619,9.25,0.0,256,1312,2420,189,liboqs,gateway
Dilithium2,sign,35640,0.03564,9.25,0.0,256,1312,2420,190,liboqs,gateway
Dilithium2,sign,34841,0.034841,9.25,0.0,256,1312,2420,191,liboqs,gateway
Dilithium2,sign,34087,0.034087,9.25,0.0,256,1312,2420,192,liboqs,gateway
Dilithium2,sign,92629,0.092629,9.25,0.0,256,1312,2420,193,liboqs,gateway
Dilithium2,sign,227989,0.227989,9.25,0.0,256,1312,2420,194,liboqs,gateway
Dilithium2,sign,38867,0.038867,9.25,0.0,256,1312,2420,195,liboqs,gateway
Dilithium2,sign,92432,0.092432,9.25,0.0,256,1312,2420,196,liboqs,gateway
Dilithium2,sign,35711,0.035711,9.25,0.0,256,1312,2420,197,liboqs,gateway
Dilithium2,sign,108097,0.108097,9.25,0.0,256,1312,2420,198,liboqs,gateway
Dilithium2,sign,35457,0.035457,9.25,0.0,256,1312,2420,199,liboqs,gateway
Dilithium2,sign,40801,0.040801,9.25,0.0,256,1312,2420,200,liboqs,gateway
Dilithium2,sign,54545,0.054545,9.25,0.0,256,1312,2420,201,liboqs,gateway
Dilithium2,sign,49355,0.049355,9.25,0.0,256,1312,2420,202,liboqs,gateway
Dilithium2,sign,34783,0.034783,9.25,0.0,256,1312,2420,203,liboqs,gateway
Dilithium2,sign,35502,0.035502,9.25,0.0,256,1312,2420,204,liboqs,gateway
Dilithium2,sign,34454,0.034454,9.25,0.0,256,1312,2420,205,liboqs,gateway
Dilithium2,sign,81173,0.081173,9.25,0.0,256,1312,2420,206,liboqs,gateway
Dilithium2,sign,48282,0.048282,9.25,0.0,256,1312,2420,207,liboqs,gateway
Dilithium2,sign,41949,0.041949,9.25,0.0,256,1312,2420,208,liboqs,gateway
Dilithium2,sign,46038,0.046038,9.25,0.0,256,1312,2420,209,liboqs,gateway
Dilithium2,sign,58700,0.0587,9.25,0.0,256,1312,2420,210,liboqs,gateway
Dilithium2,sign,47945,0.047945,9.25,0.0,256,1312,2420,211,liboqs,gateway
Dilithium2,sign,47999,0.047999,9.25,0.0,256,1312,2420,212,liboqs,gateway
Dilithium2,sign,34343,0.034343,9.25,0.0,256,1312,2420,213,liboqs,gateway
Dilithium2,sign,63473,0.063473,9.25,0.0,256,1312,2420,214,liboqs,gateway
Dilithium2,sign,34276,0.034276,9.25,0.0,256,1312,2420,215,liboqs,gateway
Dilithium2,sign,42342,0.042342,9.25,0.0,256,1312,2420,216,liboqs,gateway
Dilithium2,sign,71718,0.071718,9.25,0.0,256,1312,2420,217,liboqs,gateway
Dilithium2,sign,47980,0.04798,9.25,0.0,256,1312,2420,218,liboqs,gateway
Dilithium2,sign,89807,0.089807,9.25,0.0,256,1312,2420,219,liboqs,gateway
Dilithium2,sign,108338,0.108338,9.25,0.0,256,1312,2420,220,liboqs,gateway
Dilithium2,sign,109192,0.109192,9.25,0.0,256,1312,2420,221,liboqs,gateway
Dilithium2,sign,45142,0.045142,9.25,0.0,256,1312,2420,222,liboqs,gateway
Dilithium2,sign,62139,0.062139,9.25,0.0,256,1312,2420,223,liboqs,gateway
Dilithium2,sign,71642,0.071642,9.25,0.0,256,1312,2420,224,liboqs,gateway
Dilithium2,sign,67675,0.067675,9.25,0.0,256,1312,2420,225,liboqs,gateway
Dilithium2,sign,42939,0.042939,9.25,0.0,256,1312,2420,226,liboqs,gateway
Dilithium2,sign,35166,0.035166,9.25,0.0,256,1312,2420,227,liboqs,gateway
Dilithium2,sign,84754,0.084754,9.25,0.0,256,1312,2420,228,liboqs,gateway
Dilithium2,sign,86971,0.086971,9.25,0.0,256,1312,2420,229,liboqs,gateway
Dilithium2,sign,40989,0.040989,9.25,0.0,256,1312,2420,230,liboqs,gateway
Dilithium2,sign,60455,0.060455,9.25,0.0,256,1312,2420,231,liboqs,gateway
Dilithium2,sign,35299,0.035299,9.25,0.0,256,1312,2420,232,liboqs,gateway
Dilithium2,sign,115067,0.115067,9.25,0.0,256,1312,2420,233,liboqs,gateway
Dilithium2,sign,50876,0.050876,9.25,0.0,256,1312,2420,234,liboqs,gateway
Dilithium2,sign,56103,0.056103,9.25,0.0,256,1312,2420,235,liboqs,gateway
Dilithium2,sign,124891,0.124891,9.25,0.0,256,1312,2420,236,liboqs,gateway
Dilithium2,sign,62216,0.062216,9.25,0.0,256,1312,2420,237,liboqs,gateway
Dilithium2,sign,50893,0.050893,9.25,0.0,256,1312,2420,238,liboqs,gateway
Dilithium2,sign,96909,0.096909,9.25,0.0,256,1312,2420,239,liboqs,gateway
Dilithium2,sign,56805,0.056805,9.25,0.0,256,1312,2420,240,liboqs,gateway
Dilithium2,sign,155628,0.155628,9.25,0.0,256,1312,2420,241,liboqs,gateway
Dilithium2,sign,46693,0.046693,9.25,0.0,256,1312,2420,242,liboqs,gateway
Dilithium2,sign,35077,0.035077,9.25,0.0,256,1312,2420,243,liboqs,gateway
Dilithium2,sign,36319,0.036319,9.25,0.0,256,1312,2420,244,liboqs,gateway
Dilithium2,sign,62761,0.062761,9.25,0.0,256,1312,2420,245,liboqs,gateway
Dilithium2,sign,40953,0.040953,9.25,0.0,256,1312,2420,246,liboqs,gateway
Dilithium2,sign,34343,0.034343,9.25,0.0,256,1312,2420,247,liboqs,gateway
Dilithium2,sign,65531,0.065531,9.25,0.0,256,1312,2420,248,liboqs,gateway
Dilithium2,sign,41463,0.041463,9.25,0.0,256,1312,2420,249,liboqs,gateway
Dilithium2,sign,47612,0.047612,9.25,0.0,256,1312,2420,250,liboqs,gateway
Dilithium2,sign,40539,0.040539,9.25,0.0,256,1312,2420,251,liboqs,gateway
Dilithium2,sign,79947,0.079947,9.25,0.0,256,1312,2420,252,liboqs,gateway
Dilithium2,sign,87665,0.087665,9.25,0.0,256,1312,2420,253,liboqs,gateway
Dilithium2,sign,60884,0.060884,9.25,0.0,256,1312,2420,254,liboqs,gateway
Dilithium2,sign,89144,0.089144,9.25,0.0,256,1312,2420,255,liboqs,gateway
Dilithium2,sign,49437,0.049437,9.25,0.0,256,1312,2420,256,liboqs,gateway
Dilithium2,sign,76618,0.076618,9.25,0.0,256,1312,2420,257,liboqs,gateway
Dilithium2,sign,44173,0.044173,9.25,0.0,256,1312,2420,258,liboqs,gateway
Dilithium2,sign,112540,0.11254,9.25,0.0,256,1312,2420,259,liboqs,gateway
Dilithium2,sign,64240,0.06424,9.25,0.0,256,1312,2420,260,liboqs,gateway
Dilithium2,sign,57302,0.057302,9.25,0.0,256,1312,2420,261,liboqs,gateway
Dilithium2,sign,36435,0.036435,9.25,0.0,256,1312,2420,262,liboqs,gateway
Dilithium2,sign,38589,0.038589,9.25,0.0,256,1312,2420,263,liboqs,gateway
Dilithium2,sign,35950,0.03595,9.25,0.0,256,1312,2420,264,liboqs,gateway
Dilithium2,sign,80025,0.080025,9.25,0.0,256,1312,2420,265,liboqs,gateway
Dilithium2,sign,57463,0.057463,9.25,0.0,256,1312,2420,266,liboqs,gateway
Dilithium2,sign,42443,0.042443,9.25,0.0,256,1312,2420,267,liboqs,gateway
Dilithium2,sign,35974,0.035974,9.25,0.0,256,1312,2420,268,liboqs,gateway
Dilithium2,sign,56287,0.056287,9.25,0.0,256,1312,2420,269,liboqs,gateway
Dilithium2,sign,78627,0.078627,9.25,0.0,256,1312,2420,270,liboqs,gateway
Dilithium2,sign,58879,0.058879,9.25,0.0,256,1312,2420,271,liboqs,gateway
Dilithium2,sign,99780,0.09978,9.25,0.0,256,1312,2420,272,liboqs,gateway
Dilithium2,sign,38504,0.038504,9.25,0.0,256,1312,2420,273,liboqs,gateway
Dilithium2,sign,60756,0.060756,9.25,0.0,256,1312,2420,274,liboqs,gateway
Dilithium2,sign,43545,0.043545,9.25,0.0,256,1312,2420,275,liboqs,gateway
Dilithium2,sign,48457,0.048457,9.25,0.0,256,1312,2420,276,liboqs,gateway
Dilithium2,sign,86487,0.086487,9.25,0.0,256,1312,2420,277,liboqs,gateway
Dilithium2,sign,49269,0.049269,9.25,0.0,256,1312,2420,278,liboqs,gateway
Dilithium2,sign,41594,0.041594,9.25,0.0,256,1312,2420,279,liboqs,gateway
Dilithium2,sign,72081,0.072081,9.25,0.0,256,1312,2420,280,liboqs,gateway
Dilithium2,sign,41675,0.041675,9.25,0.0,256,1312,2420,281,liboqs,gateway
Dilithium2,sign,59706,0.059706,9.25,0.0,256,1312,2420,282,liboqs,gateway
Dilithium2,sign,276055,0.276055,9.25,0.0,256,1312,2420,283,liboqs,gateway
Dilithium2,sign,91198,0.091198,9.25,0.0,256,1312,2420,284,liboqs,gateway
Dilithium2,sign,56592,0.056592,9.25,0.0,256,1312,2420,285,liboqs,gateway
Dilithium2,sign,63271,0.063271,9.25,0.0,256,1312,2420,286,liboqs,gateway
Dilithium2,sign,42497,0.042497,9.25,0.0,256,1312,2420,287,liboqs,gateway
Dilithium2,sign,36661,0.036661,9.25,0.0,256,1312,2420,288,liboqs,gateway
Dilithium2,sign,94680,0.09468,9.25,0.0,256,1312,2420,289,liboqs,gateway
Dilithium2,sign,55012,0.055012,9.25,0.0,256,1312,2420,290,liboqs,gateway
Dilithium2,sign,47388,0.047388,9.25,0.0,256,1312,2420,291,liboqs,gateway
Dilithium2,sign,66919,0.066919,9.25,0.0,256,1312,2420,292,liboqs,gateway
Dilithium2,sign,47053,0.047053,9.25,0.0,256,1312,2420,293,liboqs,gateway
Dilithium2,sign,35103,0.035103,9.25,0.0,256,1312,2420,294,liboqs,gateway
Dilithium2,sign,103423,0.103423,9.25,0.0,256,1312,2420,295,liboqs,gateway
Dilithium2,sign,48487,0.048487,9.25,0.0,256,1312,2420,296,liboqs,gateway
Dilithium2,sign,60869,0.060869,9.25,0.0,256,1312,2420,297,liboqs,gateway
Dilithium2,sign,41530,0.04153,9.25,0.0,256,1312,2420,298,liboqs,gateway
Dilithium2,sign,79956,0.079956,9.25,0.0,256,1312,2420,299,liboqs,gateway
Dilithium2,sign,40261,0.040261,9.25,0.0,256,1312,2420,300,liboqs,gateway
Dilithium2,sign,54533,0.054533,9.25,0.0,256,1312,2420,301,liboqs,gateway
Dilithium2,sign,35076,0.035076,9.25,0.0,256,1312,2420,302,liboqs,gateway
Dilithium2,sign,47443,0.047443,9.25,0.0,256,1312,2420,303,liboqs,gateway
Dilithium2,sign,35717,0.035717,9.25,0.0,256,1312,2420,304,liboqs,gateway
Dilithium2,sign,48404,0.048404,9.25,0.0,256,1312,2420,305,liboqs,gateway
Dilithium2,sign,34166,0.034166,9.25,0.0,256,1312,2420,306,liboqs,gateway
Dilithium2,sign,41076,0.041076,9.25,0.0,256,1312,2420,307,liboqs,gateway
Dilithium2,sign,93984,0.093984,9.25,0.0,256,1312,2420,308,liboqs,gateway
Dilithium2,sign,42556,0.042556,9.25,0.0,256,1312,2420,309,liboqs,gateway
Dilithium2,sign,60406,0.060406,9.25,0.0,256,1312,2420,310,liboqs,gateway
Dilithium2,sign,48270,0.04827,9.25,0.0,256,1312,2420,311,liboqs,gateway
Dilithium2,sign,54375,0.054375,9.25,0.0,256,1312,2420,312,liboqs,gateway
Dilithium2,sign,34337,0.034337,9.25,0.0,256,1312,2420,313,liboqs,gateway
Dilithium2,sign,47842,0.047842,9.25,0.0,256,1312,2420,314,liboqs,gateway
Dilithium2,sign,113162,0.113162,9.25,0.0,256,1312,2420,315,liboqs,gateway
Dilithium2,sign,73944,0.073944,9.25,0.0,256,1312,2420,316,liboqs,gateway
Dilithium2,sign,40317,0.040317,9.25,0.0,256,1312,2420,317,liboqs,gateway
Dilithium2,sign,35155,0.035155,9.25,0.0,256,1312,2420,318,liboqs,gateway
Dilithium2,sign,51521,0.051521,9.25,0.0,256,1312,2420,319,liboqs,gateway
Dilithium2,sign,99436,0.099436,9.25,0.0,256,1312,2420,320,liboqs,gateway
Dilithium2,sign,196050,0.19605,9.25,0.0,256,1312,2420,321,liboqs,gateway
Dilithium2,sign,40726,0.040726,9.25,0.0,256,1312,2420,322,liboqs,gateway
Dilithium2,sign,81710,0.08171,9.25,0.0,256,1312,2420,323,liboqs,gateway
Dilithium2,sign,81444,0.081444,9.25,0.0,256,1312,2420,324,liboqs,gateway
Dilithium2,sign,77288,0.077288,9.25,0.0,256,1312,2420,325,liboqs,gateway
Dilithium2,sign,192148,0.192148,9.25,0.0,256,1312,2420,326,liboqs,gateway
Dilithium2,sign,84413,0.084413,9.25,0.0,256,1312,2420,327,liboqs,gateway
Dilithium2,sign,35656,0.035656,9.25,0.0,256,1312,2420,328,liboqs,gateway
Dilithium2,sign,70171,0.070171,9.25,0.0,256,1312,2420,329,liboqs,gateway
Dilithium2,sign,78902,0.078902,9.25,0.0,256,1312,2420,330,liboqs,gateway
Dilithium2,sign,38983,0.038983,9.25,0.0,256,1312,2420,331,liboqs,gateway
Dilithium2,sign,116264,0.116264,9.25,0.0,256,1312,2420,332,liboqs,gateway
Dilithium2,sign,47444,0.047444,9.25,0.0,256,1312,2420,333,liboqs,gateway
Dilithium2,sign,63845,0.063845,9.25,0.0,256,1312,2420,334,liboqs,gateway
Dilithium2,sign,64690,0.06469,9.25,0.0,256,1312,2420,335,liboqs,gateway
Dilithium2,sign,36865,0.036865,9.25,0.0,256,1312,2420,336,liboqs,gateway
Dilithium2,sign,41412,0.041412,9.25,0.0,256,1312,2420,337,liboqs,gateway
Dilithium2,sign,124845,0.124845,9.25,0.0,256,1312,2420,338,liboqs,gateway
Dilithium2,sign,49002,0.049002,9.25,0.0,256,1312,2420,339,liboqs,gateway
Dilithium2,sign,93437,0.093437,9.25,0.0,256,1312,2420,340,liboqs,gateway
Dilithium2,sign,54914,0.054914,9.25,0.0,256,1312,2420,341,liboqs,gateway
Dilithium2,sign,110540,0.11054,9.25,0.0,256,1312,2420,342,liboqs,gateway
Dilithium2,sign,86524,0.086524,9.25,0.0,256,1312,2420,343,liboqs,gateway
Dilithium2,sign,37812,0.037812,9.25,0.0,256,1312,2420,344,liboqs,gateway
Dilithium2,sign,36023,0.036023,9.25,0.0,256,1312,2420,345,liboqs,gateway
Dilithium2,sign,81878,0.081878,9.25,0.0,256,1312,2420,346,liboqs,gateway
Dilithium2,sign,89615,0.089615,9.25,0.0,256,1312,2420,347,liboqs,gateway
Dilithium2,sign,43888,0.043888,9.25,0.0,256,1312,2420,348,liboqs,gateway
Dilithium2,sign,41960,0.04196,9.25,0.0,256,1312,2420,349,liboqs,gateway
Dilithium2,sign,76436,0.076436,9.25,0.0,256,1312,2420,350,liboqs,gateway
Dilithium2,sign,69904,0.069904,9.25,0.0,256,1312,2420,351,liboqs,gateway
Dilithium2,sign,89664,0.089664,9.25,0.0,256,1312,2420,352,liboqs,gateway
Dilithium2,sign,95826,0.095826,9.25,0.0,256,1312,2420,353,liboqs,gateway
Dilithium2,sign,69795,0.069795,9.25,0.0,256,1312,2420,354,liboqs,gateway
Dilithium2,sign,48677,0.048677,9.25,0.0,256,1312,2420,355,liboqs,gateway
Dilithium2,sign,61255,0.061255,9.25,0.0,256,1312,2420,356,liboqs,gateway
Dilithium2,sign,82683,0.082683,9.25,0.0,256,1312,2420,357,liboqs,gateway
Dilithium2,sign,80122,0.080122,9.25,0.0,256,1312,2420,358,liboqs,gateway
Dilithium2,sign,44059,0.044059,9.25,0.0,256,1312,2420,359,liboqs,gateway
Dilithium2,sign,103340,0.10334,9.25,0.0,256,1312,2420,360,liboqs,gateway
Dilithium2,sign,70596,0.070596,9.25,0.0,256,1312,2420,361,liboqs,gateway
Dilithium2,sign,93170,0.09317,9.25,0.0,256,1312,2420,362,liboqs,gateway
Dilithium2,sign,49838,0.049838,9.25,0.0,256,1312,2420,363,liboqs,gateway
Dilithium2,sign,152010,0.15201,11.65,0.0,256,1312,2420,364,liboqs,gateway
Dilithium2,sign,73240,0.07324,11.41,0.0,256,1312,2420,365,liboqs,gateway
Dilithium2,sign,38239,0.038239,9.19,0.0,256,1312,2420,366,liboqs,gateway
Dilithium2,sign,60117,0.060117,9.25,0.0,256,1312,2420,367,liboqs,gateway
Dilithium2,sign,40130,0.04013,9.25,0.0,256,1312,2420,368,liboqs,gateway
Dilithium2,sign,39777,0.039777,9.25,0.0,256,1312,2420,369,liboqs,gateway
Dilithium2,sign,38165,0.038165,9.25,0.0,256,1312,2420,370,liboqs,gateway
Dilithium2,sign,36093,0.036093,9.25,0.0,256,1312,2420,371,liboqs,gateway
Dilithium2,sign,56191,0.056191,9.25,0.0,256,1312,2420,372,liboqs,gateway
Dilithium2,sign,36854,0.036854,9.25,0.0,256,1312,2420,373,liboqs,gateway
Dilithium2,sign,42931,0.042931,9.25,0.0,256,1312,2420,374,liboqs,gateway
Dilithium2,sign,73869,0.073869,9.25,0.0,256,1312,2420,375,liboqs,gateway
Dilithium2,sign,49063,0.049063,9.25,0.0,256,1312,2420,376,liboqs,gateway
Dilithium2,sign,35280,0.03528,9.25,0.0,256,1312,2420,377,liboqs,gateway
Dilithium2,sign,94255,0.094255,9.25,0.0,256,1312,2420,378,liboqs,gateway
Dilithium2,sign,35738,0.035738,9.25,0.0,256,1312,2420,379,liboqs,gateway
Dilithium2,sign,42737,0.042737,9.25,0.0,256,1312,2420,380,liboqs,gateway
Dilithium2,sign,117908,0.117908,9.25,0.0,256,1312,2420,381,liboqs,gateway
Dilithium2,sign,41724,0.041724,9.25,0.0,256,1312,2420,382,liboqs,gateway
Dilithium2,sign,48217,0.048217,9.25,0.0,256,1312,2420,383,liboqs,gateway
Dilithium2,sign,93351,0.093351,9.25,0.0,256,1312,2420,384,liboqs,gateway
Dilithium2,sign,59395,0.059395,9.25,0.0,256,1312,2420,385,liboqs,gateway
Dilithium2,sign,52969,0.052969,9.25,0.0,256,1312,2420,386,liboqs,gateway
Dilithium2,sign,47099,0.047099,9.25,0.0,256,1312,2420,387,liboqs,gateway
Dilithium2,sign,35347,0.035347,9.25,0.0,256,1312,2420,388,liboqs,gateway
Dilithium2,sign,48397,0.048397,9.25,0.0,256,1312,2420,389,liboqs,gateway
Dilithium2,sign,41082,0.041082,9.25,0.0,256,1312,2420,390,liboqs,gateway
Dilithium2,sign,55257,0.055257,9.25,0.0,256,1312,2420,391,liboqs,gateway
Dilithium2,sign,91711,0.091711,9.25,0.0,256,1312,2420,392,liboqs,gateway
Dilithium2,sign,59987,0.059987,9.25,0.0,256,1312,2420,393,liboqs,gateway
Dilithium2,sign,48136,0.048136,9.25,0.0,256,1312,2420,394,liboqs,gateway
Dilithium2,sign,34684,0.034684,9.25,0.0,256,1312,2420,395,liboqs,gateway
Dilithium2,sign,34481,0.034481,9.25,0.0,256,1312,2420,396,liboqs,gateway
Dilithium2,sign,75861,0.075861,9.25,0.0,256,1312,2420,397,liboqs,gateway
Dilithium2,sign,35407,0.035407,9.25,0.0,256,1312,2420,398,liboqs,gateway
Dilithium2,sign,62338,0.062338,9.25,0.0,256,1312,2420,399,liboqs,gateway
Dilithium2,sign,40824,0.040824,9.25,0.0,256,1312,2420,400,liboqs,gateway
Dilithium2,sign,80597,0.080597,9.25,0.0,256,1312,2420,401,liboqs,gateway
Dilithium2,sign,35828,0.035828,9.25,0.0,256,1312,2420,402,liboqs,gateway
Dilithium2,sign,117741,0.117741,9.25,0.0,256,1312,2420,403,liboqs,gateway
Dilithium2,sign,47028,0.047028,9.25,0.0,256,1312,2420,404,liboqs,gateway
Dilithium2,sign,109977,0.109977,9.25,0.0,256,1312,2420,405,liboqs,gateway
Dilithium2,sign,81273,0.081273,9.25,0.0,256,1312,2420,406,liboqs,gateway
Dilithium2,sign,79534,0.079534,9.25,0.0,256,1312,2420,407,liboqs,gateway
Dilithium2,sign,48597,0.048597,9.25,0.0,256,1312,2420,408,liboqs,gateway
Dilithium2,sign,41280,0.04128,9.25,0.0,256,1312,2420,409,liboqs,gateway
Dilithium2,sign,83008,0.083008,9.25,0.0,256,1312,2420,410,liboqs,gateway
Dilithium2,sign,48806,0.048806,9.25,0.0,256,1312,2420,411,liboqs,gateway
Dilithium2,sign,140662,0.140662,9.25,0.0,256,1312,2420,412,liboqs,gateway
Dilithium2,sign,147315,0.147315,9.25,0.0,256,1312,2420,413,liboqs,gateway
Dilithium2,sign,97902,0.097902,9.25,0.0,256,1312,2420,414,liboqs,gateway
Dilithium2,sign,52655,0.052655,9.25,0.0,256,1312,2420,415,liboqs,gateway
Dilithium2,sign,39369,0.039369,9.25,0.0,256,1312,2420,416,liboqs,gateway
Dilithium2,sign,70226,0.070226,9.25,0.0,256,1312,2420,417,liboqs,gateway
Dilithium2,sign,42595,0.042595,9.25,0.0,256,1312,2420,418,liboqs,gateway
Dilithium2,sign,36540,0.03654,9.25,0.0,256,1312,2420,419,liboqs,gateway
Dilithium2,sign,90296,0.090296,9.25,0.0,256,1312,2420,420,liboqs,gateway
Dilithium2,sign,54686,0.054686,9.25,0.0,256,1312,2420,421,liboqs,gateway
Dilithium2,sign,43591,0.043591,9.25,0.0,256,1312,2420,422,liboqs,gateway
Dilithium2,sign,38527,0.038527,9.25,0.0,256,1312,2420,423,liboqs,gateway
Dilithium2,sign,38043,0.038043,9.25,0.0,256,1312,2420,424,liboqs,gateway
Dilithium2,sign,127419,0.127419,9.25,0.0,256,1312,2420,425,liboqs,gateway
Dilithium2,sign,49014,0.049014,9.25,0.0,256,1312,2420,426,liboqs,gateway
Dilithium2,sign,51616,0.051616,9.25,0.0,256,1312,2420,427,liboqs,gateway
Dilithium2,sign,63277,0.063277,9.25,0.0,256,1312,2420,428,liboqs,gateway
Dilithium2,sign,81528,0.081528,9.25,0.0,256,1312,2420,429,liboqs,gateway
Dilithium2,sign,79857,0.079857,9.25,0.0,256,1312,2420,430,liboqs,gateway
Dilithium2,sign,99979,0.099979,9.25,0.0,256,1312,2420,431,liboqs,gateway
Dilithium2,sign,111891,0.111891,9.25,0.0,256,1312,2420,432,liboqs,gateway
Dilithium2,sign,51212,0.051212,9.25,0.0,256,1312,2420,433,liboqs,gateway
Dilithium2,sign,42982,0.042982,9.25,0.0,256,1312,2420,434,liboqs,gateway
Dilithium2,sign,43224,0.043224,9.25,0.0,256,1312,2420,435,liboqs,gateway
Dilithium2,sign,92681,0.092681,9.25,0.0,256,1312,2420,436,liboqs,gateway
Dilithium2,sign,113369,0.113369,9.25,0.0,256,1312,2420,437,liboqs,gateway
Dilithium2,sign,60829,0.060829,9.25,0.0,256,1312,2420,438,liboqs,gateway
Dilithium2,sign,174701,0.174701,9.25,0.0,256,1312,2420,439,liboqs,gateway
Dilithium2,sign,60480,0.06048,9.25,0.0,256,1312,2420,440,liboqs,gateway
Dilithium2,sign,38944,0.038944,9.25,0.0,256,1312,2420,441,liboqs,gateway
Dilithium2,sign,62603,0.062603,9.25,0.0,256,1312,2420,442,liboqs,gateway
Dilithium2,sign,77718,0.077718,9.25,0.0,256,1312,2420,443,liboqs,gateway
Dilithium2,sign,55635,0.055635,9.25,0.0,256,1312,2420,444,liboqs,gateway
Dilithium2,sign,73869,0.073869,9.25,0.0,256,1312,2420,445,liboqs,gateway
Dilithium2,sign,38681,0.038681,9.25,0.0,256,1312,2420,446,liboqs,gateway
Dilithium2,sign,67035,0.067035,9.25,0.0,256,1312,2420,447,liboqs,gateway
Dilithium2,sign,105604,0.105604,9.25,0.0,256,1312,2420,448,liboqs,gateway
Dilithium2,sign,64020,0.06402,9.25,0.0,256,1312,2420,449,liboqs,gateway
Dilithium2,sign,75935,0.075935,9.25,0.0,256,1312,2420,450,liboqs,gateway
Dilithium2,sign,69184,0.069184,9.25,0.0,256,1312,2420,451,liboqs,gateway
Dilithium2,sign,74930,0.07493,9.25,0.0,256,1312,2420,452,liboqs,gateway
Dilithium2,sign,43395,0.043395,9.25,0.0,256,1312,2420,453,liboqs,gateway
Dilithium2,sign,77636,0.077636,9.25,0.0,256,1312,2420,454,liboqs,gateway
Dilithium2,sign,63488,0.063488,9.25,0.0,256,1312,2420,455,liboqs,gateway
Dilithium2,sign,35859,0.035859,9.25,0.0,256,1312,2420,456,liboqs,gateway
Dilithium2,sign,51359,0.051359,9.25,0.0,256,1312,2420,457,liboqs,gateway
Dilithium2,sign,54577,0.054577,9.25,0.0,256,1312,2420,458,liboqs,gateway
Dilithium2,sign,43944,0.043944,9.25,0.0,256,1312,2420,459,liboqs,gateway
Dilithium2,sign,57905,0.057905,9.25,0.0,256,1312,2420,460,liboqs,gateway
Dilithium2,sign,48928,0.048928,9.25,0.0,256,1312,2420,461,liboqs,gateway
Dilithium2,sign,264490,0.26449,9.25,0.0,256,1312,2420,462,liboqs,gateway
Dilithium2,sign,93851,0.093851,9.25,0.0,256,1312,2420,463,liboqs,gateway
Dilithium2,sign,116320,0.11632,9.25,0.0,256,1312,2420,464,liboqs,gateway
Dilithium2,sign,44870,0.04487,9.25,0.0,256,1312,2420,465,liboqs,gateway
Dilithium2,sign,54609,0.054609,9.25,0.0,256,1312,2420,466,liboqs,gateway
Dilithium2,sign,35705,0.035705,9.25,0.0,256,1312,2420,467,liboqs,gateway
Dilithium2,sign,79696,0.079696,9.25,0.0,256,1312,2420,468,liboqs,gateway
Dilithium2,sign,35570,0.03557,9.25,0.0,256,1312,2420,469,liboqs,gateway
Dilithium2,sign,114279,0.114279,9.25,0.0,256,1312,2420,470,liboqs,gateway
Dilithium2,sign,35091,0.035091,9.25,0.0,256,1312,2420,471,liboqs,gateway
Dilithium2,sign,35730,0.03573,9.25,0.0,256,1312,2420,472,liboqs,gateway
Dilithium2,sign,118031,0.118031,9.25,0.0,256,1312,2420,473,liboqs,gateway
Dilithium2,sign,35565,0.035565,9.25,0.0,256,1312,2420,474,liboqs,gateway
Dilithium2,sign,35162,0.035162,9.25,0.0,256,1312,2420,475,liboqs,gateway
Dilithium2,sign,41995,0.041995,9.25,0.0,256,1312,2420,476,liboqs,gateway
Dilithium2,sign,41568,0.041568,9.25,0.0,256,1312,2420,477,liboqs,gateway
Dilithium2,sign,47909,0.047909,9.25,0.0,256,1312,2420,478,liboqs,gateway
Dilithium2,sign,36992,0.036992,9.25,0.0,256,1312,2420,479,liboqs,gateway
Dilithium2,sign,129429,0.129429,9.25,0.0,256,1312,2420,480,liboqs,gateway
Dilithium2,sign,78069,0.078069,9.25,0.0,256,1312,2420,481,liboqs,gateway
Dilithium2,sign,53734,0.053734,9.25,0.0,256,1312,2420,482,liboqs,gateway
Dilithium2,sign,75062,0.075062,9.25,0.0,256,1312,2420,483,liboqs,gateway
Dilithium2,sign,103346,0.103346,9.25,0.0,256,1312,2420,484,liboqs,gateway
Dilithium2,sign,35981,0.035981,9.25,0.0,256,1312,2420,485,liboqs,gateway
Dilithium2,sign,36445,0.036445,9.25,0.0,256,1312,2420,486,liboqs,gateway
Dilithium2,sign,69430,0.06943,9.25,0.0,256,1312,2420,487,liboqs,gateway
Dilithium2,sign,48005,0.048005,9.25,0.0,256,1312,2420,488,liboqs,gateway
Dilithium2,sign,35206,0.035206,9.25,0.0,256,1312,2420,489,liboqs,gateway
Dilithium2,sign,128532,0.128532,9.25,0.0,256,1312,2420,490,liboqs,gateway
Dilithium2,sign,63054,0.063054,9.25,0.0,256,1312,2420,491,liboqs,gateway
Dilithium2,sign,129299,0.129299,9.25,0.0,256,1312,2420,492,liboqs,gateway
Dilithium2,sign,45592,0.045592,9.25,0.0,256,1312,2420,493,liboqs,gateway
Dilithium2,sign,57919,0.057919,9.25,0.0,256,1312,2420,494,liboqs,gateway
Dilithium2,sign,154944,0.154944,9.25,0.0,256,1312,2420,495,liboqs,gateway
Dilithium2,sign,49895,0.049895,9.25,0.0,256,1312,2420,496,liboqs,gateway
Dilithium2,sign,48337,0.048337,9.25,0.0,256,1312,2420,497,liboqs,gateway
Dilithium2,sign,41972,0.041972,9.25,0.0,256,1312,2420,498,liboqs,gateway
Dilithium2,sign,49015,0.049015,9.25,0.0,256,1312,2420,499,liboqs,gateway
Dilithium2,sign,51332,0.051332,9.25,0.0,256,1312,2420,500,liboqs,gateway
Dilithium2,sign,84861,0.084861,9.25,0.0,256,1312,2420,501,liboqs,gateway
Dilithium2,sign,69044,0.069044,9.25,0.0,256,1312,2420,502,liboqs,gateway
Dilithium2,sign,34869,0.034869,9.25,0.0,256,1312,2420,503,liboqs,gateway
Dilithium2,sign,43463,0.043463,9.25,0.0,256,1312,2420,504,liboqs,gateway
Dilithium2,sign,41662,0.041662,9.25,0.0,256,1312,2420,505,liboqs,gateway
Dilithium2,sign,47443,0.047443,9.25,0.0,256,1312,2420,506,liboqs,gateway
Dilithium2,sign,42502,0.042502,9.25,0.0,256,1312,2420,507,liboqs,gateway
Dilithium2,sign,42809,0.042809,9.25,0.0,256,1312,2420,508,liboqs,gateway
Dilithium2,sign,60731,0.060731,9.25,0.0,256,1312,2420,509,liboqs,gateway
Dilithium2,sign,68499,0.068499,9.25,0.0,256,1312,2420,510,liboqs,gateway
Dilithium2,sign,34814,0.034814,9.25,0.0,256,1312,2420,511,liboqs,gateway
Dilithium2,sign,34446,0.034446,9.25,0.0,256,1312,2420,512,liboqs,gateway
Dilithium2,sign,51810,0.05181,9.25,0.0,256,1312,2420,513,liboqs,gateway
Dilithium2,sign,50762,0.050762,9.25,0.0,256,1312,2420,514,liboqs,gateway
Dilithium2,sign,75149,0.075149,9.25,0.0,256,1312,2420,515,liboqs,gateway
Dilithium2,sign,63391,0.063391,9.25,0.0,256,1312,2420,516,liboqs,gateway
Dilithium2,sign,56437,0.056437,9.25,0.0,256,1312,2420,517,liboqs,gateway
Dilithium2,sign,160160,0.16016,9.25,0.0,256,1312,2420,518,liboqs,gateway
Dilithium2,sign,40914,0.040914,9.25,0.0,256,1312,2420,519,liboqs,gateway
Dilithium2,sign,44796,0.044796,9.25,0.0,256,1312,2420,520,liboqs,gateway
Dilithium2,sign,47551,0.047551,9.25,0.0,256,1312,2420,521,liboqs,gateway
Dilithium2,sign,58765,0.058765,9.25,0.0,256,1312,2420,522,liboqs,gateway
Dilithium2,sign,37840,0.03784,9.25,0.0,256,1312,2420,523,liboqs,gateway
Dilithium2,sign,124853,0.124853,9.25,0.0,256,1312,2420,524,liboqs,gateway
Dilithium2,sign,233347,0.233347,9.25,0.0,256,1312,2420,525,liboqs,gateway
Dilithium2,sign,196630,0.19663,9.25,0.0,256,1312,2420,526,liboqs,gateway
Dilithium2,sign,59735,0.059735,9.25,0.0,256,1312,2420,527,liboqs,gateway
Dilithium2,sign,64937,0.064937,9.25,0.0,256,1312,2420,528,liboqs,gateway
Dilithium2,sign,65055,0.065055,9.25,0.0,256,1312,2420,529,liboqs,gateway
Dilithium2,sign,43470,0.04347,9.25,0.0,256,1312,2420,530,liboqs,gateway
Dilithium2,sign,42552,0.042552,9.25,0.0,256,1312,2420,531,liboqs,gateway
Dilithium2,sign,58034,0.058034,9.25,0.0,256,1312,2420,532,liboqs,gateway
Dilithium2,sign,47777,0.047777,9.25,0.0,256,1312,2420,533,liboqs,gateway
Dilithium2,sign,91240,0.09124,9.25,0.0,256,1312,2420,534,liboqs,gateway
Dilithium2,sign,44144,0.044144,9.25,0.0,256,1312,2420,535,liboqs,gateway
Dilithium2,sign,50871,0.050871,9.25,0.0,256,1312,2420,536,liboqs,gateway
Dilithium2,sign,58049,0.058049,9.25,0.0,256,1312,2420,537,liboqs,gateway
Dilithium2,sign,38537,0.038537,9.25,0.0,256,1312,2420,538,liboqs,gateway
Dilithium2,sign,52995,0.052995,9.25,0.0,256,1312,2420,539,liboqs,gateway
Dilithium2,sign,117122,0.117122,9.25,0.0,256,1312,2420,540,liboqs,gateway
Dilithium2,sign,136162,0.136162,9.25,0.0,256,1312,2420,541,liboqs,gateway
Dilithium2,sign,83378,0.083378,9.25,0.0,256,1312,2420,542,liboqs,gateway
Dilithium2,sign,85465,0.085465,9.25,0.0,256,1312,2420,543,liboqs,gateway
Dilithium2,sign,92614,0.092614,9.25,0.0,256,1312,2420,544,liboqs,gateway
Dilithium2,sign,113220,0.11322,9.25,0.0,256,1312,2420,545,liboqs,gateway
Dilithium2,sign,135838,0.135838,9.25,0.0,256,1312,2420,546,liboqs,gateway
Dilithium2,sign,58718,0.058718,9.25,0.0,256,1312,2420,547,liboqs,gateway
Dilithium2,sign,52730,0.05273,9.25,0.0,256,1312,2420,548,liboqs,gateway
Dilithium2,sign,45343,0.045343,9.25,0.0,256,1312,2420,549,liboqs,gateway
Dilithium2,sign,39974,0.039974,9.25,0.0,256,1312,2420,550,liboqs,gateway
Dilithium2,sign,47966,0.047966,9.25,0.0,256,1312,2420,551,liboqs,gateway
Dilithium2,sign,80008,0.080008,9.25,0.0,256,1312,2420,552,liboqs,gateway
Dilithium2,sign,38551,0.038551,9.25,0.0,256,1312,2420,553,liboqs,gateway
Dilithium2,sign,44152,0.044152,9.25,0.0,256,1312,2420,554,liboqs,gateway
Dilithium2,sign,169492,0.169492,9.25,0.0,256,1312,2420,555,liboqs,gateway
Dilithium2,sign,53390,0.05339,9.25,0.0,256,1312,2420,556,liboqs,gateway
Dilithium2,sign,45809,0.045809,9.25,0.0,256,1312,2420,557,liboqs,gateway
Dilithium2,sign,39170,0.03917,9.25,0.0,256,1312,2420,558,liboqs,gateway
Dilithium2,sign,121137,0.121137,9.25,0.0,256,1312,2420,559,liboqs,gateway
Dilithium2,sign,82525,0.082525,9.25,0.0,256,1312,2420,560,liboqs,gateway
Dilithium2,sign,47285,0.047285,9.25,0.0,256,1312,2420,561,liboqs,gateway
Dilithium2,sign,65499,0.065499,9.25,0.0,256,1312,2420,562,liboqs,gateway
Dilithium2,sign,125130,0.12513,9.25,0.0,256,1312,2420,563,liboqs,gateway
Dilithium2,sign,48711,0.048711,9.25,0.0,256,1312,2420,564,liboqs,gateway
Dilithium2,sign,38906,0.038906,9.25,0.0,256,1312,2420,565,liboqs,gateway
Dilithium2,sign,43077,0.043077,9.25,0.0,256,1312,2420,566,liboqs,gateway
Dilithium2,sign,69037,0.069037,9.25,0.0,256,1312,2420,567,liboqs,gateway
Dilithium2,sign,96541,0.096541,9.25,0.0,256,1312,2420,568,liboqs,gateway
Dilithium2,sign,58603,0.058603,9.25,0.0,256,1312,2420,569,liboqs,gateway
Dilithium2,sign,44763,0.044763,9.25,0.0,256,1312,2420,570,liboqs,gateway
Dilithium2,sign,35252,0.035252,9.25,0.0,256,1312,2420,571,liboqs,gateway
Dilithium2,sign,94903,0.094903,9.25,0.0,256,1312,2420,572,liboqs,gateway
Dilithium2,sign,35035,0.035035,9.25,0.0,256,1312,2420,573,liboqs,gateway
Dilithium2,sign,41379,0.041379,9.25,0.0,256,1312,2420,574,liboqs,gateway
Dilithium2,sign,37172,0.037172,9.25,0.0,256,1312,2420,575,liboqs,gateway
Dilithium2,sign,41691,0.041691,9.25,0.0,256,1312,2420,576,liboqs,gateway
Dilithium2,sign,54239,0.054239,9.25,0.0,256,1312,2420,577,liboqs,gateway
Dilithium2,sign,49385,0.049385,9.25,0.0,256,1312,2420,578,liboqs,gateway
Dilithium2,sign,41677,0.041677,9.25,0.0,256,1312,2420,579,liboqs,gateway
Dilithium2,sign,54709,0.054709,9.25,0.0,256,1312,2420,580,liboqs,gateway
Dilithium2,sign,43669,0.043669,9.25,0.0,256,1312,2420,581,liboqs,gateway
Dilithium2,sign,35019,0.035019,9.25,0.0,256,1312,2420,582,liboqs,gateway
Dilithium2,sign,53413,0.053413,9.25,0.0,256,1312,2420,583,liboqs,gateway
Dilithium2,sign,65260,0.06526,9.25,0.0,256,1312,2420,584,liboqs,gateway
Dilithium2,sign,37450,0.03745,9.25,0.0,256,1312,2420,585,liboqs,gateway
Dilithium2,sign,36100,0.0361,9.25,0.0,256,1312,2420,586,liboqs,gateway
Dilithium2,sign,49165,0.049165,9.25,0.0,256,1312,2420,587,liboqs,gateway
Dilithium2,sign,62489,0.062489,9.25,0.0,256,1312,2420,588,liboqs,gateway
Dilithium2,sign,41649,0.041649,9.25,0.0,256,1312,2420,589,liboqs,gateway
Dilithium2,sign,123158,0.123158,9.25,0.0,256,1312,2420,590,liboqs,gateway
Dilithium2,sign,240527,0.240527,9.25,0.0,256,1312,2420,591,liboqs,gateway
Dilithium2,sign,53276,0.053276,9.25,0.0,256,1312,2420,592,liboqs,gateway
Dilithium2,sign,44288,0.044288,9.25,0.0,256,1312,2420,593,liboqs,gateway
Dilithium2,sign,43636,0.043636,9.25,0.0,256,1312,2420,594,liboqs,gateway
Dilithium2,sign,64305,0.064305,9.25,0.0,256,1312,2420,595,liboqs,gateway
Dilithium2,sign,52339,0.052339,9.25,0.0,256,1312,2420,596,liboqs,gateway
Dilithium2,sign,36571,0.036571,9.25,0.0,256,1312,2420,597,liboqs,gateway
Dilithium2,sign,37261,0.037261,9.25,0.0,256,1312,2420,598,liboqs,gateway
Dilithium2,sign,87457,0.087457,9.25,0.0,256,1312,2420,599,liboqs,gateway
Dilithium2,sign,41781,0.041781,9.25,0.0,256,1312,2420,600,liboqs,gateway
Dilithium2,sign,50673,0.050673,9.25,0.0,256,1312,2420,601,liboqs,gateway
Dilithium2,sign,97577,0.097577,9.25,0.0,256,1312,2420,602,liboqs,gateway
Dilithium2,sign,164724,0.164724,9.25,0.0,256,1312,2420,603,liboqs,gateway
Dilithium2,sign,75072,0.075072,9.25,0.0,256,1312,2420,604,liboqs,gateway
Dilithium2,sign,49859,0.049859,9.25,0.0,256,1312,2420,605,liboqs,gateway
Dilithium2,sign,77359,0.077359,9.25,0.0,256,1312,2420,606,liboqs,gateway
Dilithium2,sign,74424,0.074424,9.25,0.0,256,1312,2420,607,liboqs,gateway
Dilithium2,sign,42588,0.042588,9.25,0.0,256,1312,2420,608,liboqs,gateway
Dilithium2,sign,36035,0.036035,9.25,0.0,256,1312,2420,609,liboqs,gateway
Dilithium2,sign,35878,0.035878,9.25,0.0,256,1312,2420,610,liboqs,gateway
Dilithium2,sign,48705,0.048705,9.25,0.0,256,1312,2420,611,liboqs,gateway
Dilithium2,sign,68111,0.068111,9.25,0.0,256,1312,2420,612,liboqs,gateway
Dilithium2,sign,61833,0.061833,9.25,0.0,256,1312,2420,613,liboqs,gateway
Dilithium2,sign,111406,0.111406,9.25,0.0,256,1312,2420,614,liboqs,gateway
Dilithium2,sign,49049,0.049049,9.25,0.0,256,1312,2420,615,liboqs,gateway
Dilithium2,sign,48209,0.048209,9.25,0.0,256,1312,2420,616,liboqs,gateway
Dilithium2,sign,34404,0.034404,9.25,0.0,256,1312,2420,617,liboqs,gateway
Dilithium2,sign,35612,0.035612,9.25,0.0,256,1312,2420,618,liboqs,gateway
Dilithium2,sign,41735,0.041735,9.25,0.0,256,1312,2420,619,liboqs,gateway
Dilithium2,sign,46431,0.046431,9.25,0.0,256,1312,2420,620,liboqs,gateway
Dilithium2,sign,50020,0.05002,9.25,0.0,256,1312,2420,621,liboqs,gateway
Dilithium2,sign,42150,0.04215,9.25,0.0,256,1312,2420,622,liboqs,gateway
Dilithium2,sign,140037,0.140037,9.25,0.0,256,1312,2420,623,liboqs,gateway
Dilithium2,sign,60187,0.060187,9.25,0.0,256,1312,2420,624,liboqs,gateway
Dilithium2,sign,42564,0.042564,9.25,0.0,256,1312,2420,625,liboqs,gateway
Dilithium2,sign,35739,0.035739,9.25,0.0,256,1312,2420,626,liboqs,gateway
Dilithium2,sign,49021,0.049021,9.25,0.0,256,1312,2420,627,liboqs,gateway
Dilithium2,sign,60305,0.060305,9.25,0.0,256,1312,2420,628,liboqs,gateway
Dilithium2,sign,34638,0.034638,9.25,0.0,256,1312,2420,629,liboqs,gateway
Dilithium2,sign,71006,0.071006,9.25,0.0,256,1312,2420,630,liboqs,gateway
Dilithium2,sign,55985,0.055985,9.25,0.0,256,1312,2420,631,liboqs,gateway
Dilithium2,sign,34857,0.034857,9.25,0.0,256,1312,2420,632,liboqs,gateway
Dilithium2,sign,59779,0.059779,9.25,0.0,256,1312,2420,633,liboqs,gateway
Dilithium2,sign,46289,0.046289,9.25,0.0,256,1312,2420,634,liboqs,gateway
Dilithium2,sign,35767,0.035767,9.25,0.0,256,1312,2420,635,liboqs,gateway
Dilithium2,sign,35031,0.035031,9.25,0.0,256,1312,2420,636,liboqs,gateway
Dilithium2,sign,40294,0.040294,9.25,0.0,256,1312,2420,637,liboqs,gateway
Dilithium2,sign,35701,0.035701,9.25,0.0,256,1312,2420,638,liboqs,gateway
Dilithium2,sign,53784,0.053784,9.25,0.0,256,1312,2420,639,liboqs,gateway
Dilithium2,sign,47272,0.047272,9.25,0.0,256,1312,2420,640,liboqs,gateway
Dilithium2,sign,47273,0.047273,9.25,0.0,256,1312,2420,641,liboqs,gateway
Dilithium2,sign,169844,0.169844,9.25,0.0,256,1312,2420,642,liboqs,gateway
Dilithium2,sign,53554,0.053554,9.25,0.0,256,1312,2420,643,liboqs,gateway
Dilithium2,sign,42470,0.04247,9.25,0.0,256,1312,2420,644,liboqs,gateway
Dilithium2,sign,33944,0.033944,9.25,0.0,256,1312,2420,645,liboqs,gateway
Dilithium2,sign,34263,0.034263,9.25,0.0,256,1312,2420,646,liboqs,gateway
Dilithium2,sign,40704,0.040704,9.25,0.0,256,1312,2420,647,liboqs,gateway
Dilithium2,sign,43029,0.043029,9.25,0.0,256,1312,2420,648,liboqs,gateway
Dilithium2,sign,34802,0.034802,9.25,0.0,256,1312,2420,649,liboqs,gateway
Dilithium2,sign,56013,0.056013,9.25,0.0,256,1312,2420,650,liboqs,gateway
Dilithium2,sign,69353,0.069353,9.25,0.0,256,1312,2420,651,liboqs,gateway
Dilithium2,sign,61152,0.061152,9.25,0.0,256,1312,2420,652,liboqs,gateway
Dilithium2,sign,49028,0.049028,9.25,0.0,256,1312,2420,653,liboqs,gateway
Dilithium2,sign,60154,0.060154,9.25,0.0,256,1312,2420,654,liboqs,gateway
Dilithium2,sign,55836,0.055836,9.25,0.0,256,1312,2420,655,liboqs,gateway
Dilithium2,sign,56185,0.056185,9.25,0.0,256,1312,2420,656,liboqs,gateway
Dilithium2,sign,73453,0.073453,9.25,0.0,256,1312,2420,657,liboqs,gateway
Dilithium2,sign,40884,0.040884,9.25,0.0,256,1312,2420,658,liboqs,gateway
Dilithium2,sign,38022,0.038022,9.25,0.0,256,1312,2420,659,liboqs,gateway
Dilithium2,sign,54157,0.054157,9.25,0.0,256,1312,2420,660,liboqs,gateway
Dilithium2,sign,44898,0.044898,9.25,0.0,256,1312,2420,661,liboqs,gateway
Dilithium2,sign,39567,0.039567,9.25,0.0,256,1312,2420,662,liboqs,gateway
Dilithium2,sign,65699,0.065699,9.25,0.0,256,1312,2420,663,liboqs,gateway
Dilithium2,sign,41663,0.041663,9.25,0.0,256,1312,2420,664,liboqs,gateway
Dilithium2,sign,55285,0.055285,9.25,0.0,256,1312,2420,665,liboqs,gateway
Dilithium2,sign,49878,0.049878,9.25,0.0,256,1312,2420,666,liboqs,gateway
Dilithium2,sign,34579,0.034579,9.25,0.0,256,1312,2420,667,liboqs,gateway
Dilithium2,sign,85062,0.085062,9.25,0.0,256,1312,2420,668,liboqs,gateway
Dilithium2,sign,50714,0.050714,9.25,0.0,256,1312,2420,669,liboqs,gateway
Dilithium2,sign,110714,0.110714,9.25,0.0,256,1312,2420,670,liboqs,gateway
Dilithium2,sign,46336,0.046336,9.25,0.0,256,1312,2420,671,liboqs,gateway
Dilithium2,sign,82676,0.082676,9.25,0.0,256,1312,2420,672,liboqs,gateway
Dilithium2,sign,41524,0.041524,9.25,0.0,256,1312,2420,673,liboqs,gateway
Dilithium2,sign,58919,0.058919,9.25,0.0,256,1312,2420,674,liboqs,gateway
Dilithium2,sign,35600,0.0356,9.25,0.0,256,1312,2420,675,liboqs,gateway
Dilithium2,sign,65600,0.0656,9.25,0.0,256,1312,2420,676,liboqs,gateway
Dilithium2,sign,76118,0.076118,9.25,0.0,256,1312,2420,677,liboqs,gateway
Dilithium2,sign,49847,0.049847,9.25,0.0,256,1312,2420,678,liboqs,gateway
Dilithium2,sign,76208,0.076208,9.25,0.0,256,1312,2420,679,liboqs,gateway
Dilithium2,sign,105621,0.105621,9.25,0.0,256,1312,2420,680,liboqs,gateway
Dilithium2,sign,103771,0.103771,9.25,0.0,256,1312,2420,681,liboqs,gateway
Dilithium2,sign,52238,0.052238,9.25,0.0,256,1312,2420,682,liboqs,gateway
Dilithium2,sign,37186,0.037186,9.25,0.0,256,1312,2420,683,liboqs,gateway
Dilithium2,sign,84840,0.08484,9.25,0.0,256,1312,2420,684,liboqs,gateway
Dilithium2,sign,35678,0.035678,9.25,0.0,256,1312,2420,685,liboqs,gateway
Dilithium2,sign,42355,0.042355,9.25,0.0,256,1312,2420,686,liboqs,gateway
Dilithium2,sign,108822,0.108822,9.25,0.0,256,1312,2420,687,liboqs,gateway
Dilithium2,sign,51360,0.05136,9.25,0.0,256,1312,2420,688,liboqs,gateway
Dilithium2,sign,80306,0.080306,9.25,0.0,256,1312,2420,689,liboqs,gateway
Dilithium2,sign,129801,0.129801,9.25,0.0,256,1312,2420,690,liboqs,gateway
Dilithium2,sign,67697,0.067697,9.25,0.0,256,1312,2420,691,liboqs,gateway
Dilithium2,sign,64694,0.064694,9.25,0.0,256,1312,2420,692,liboqs,gateway
Dilithium2,sign,489875,0.489875,9.25,0.0,256,1312,2420,693,liboqs,gateway
Dilithium2,sign,71886,0.071886,9.25,0.0,256,1312,2420,694,liboqs,gateway
Dilithium2,sign,45009,0.045009,9.25,0.0,256,1312,2420,695,liboqs,gateway
Dilithium2,sign,65415,0.065415,9.25,0.0,256,1312,2420,696,liboqs,gateway
Dilithium2,sign,35363,0.035363,9.25,0.0,256,1312,2420,697,liboqs,gateway
Dilithium2,sign,41579,0.041579,9.25,0.0,256,1312,2420,698,liboqs,gateway
Dilithium2,sign,113567,0.113567,9.25,0.0,256,1312,2420,699,liboqs,gateway
Dilithium2,sign,61055,0.061055,9.25,0.0,256,1312,2420,700,liboqs,gateway
Dilithium2,sign,51103,0.051103,9.25,0.0,256,1312,2420,701,liboqs,gateway
Dilithium2,sign,131464,0.131464,9.25,0.0,256,1312,2420,702,liboqs,gateway
Dilithium2,sign,63586,0.063586,9.25,0.0,256,1312,2420,703,liboqs,gateway
Dilithium2,sign,54870,0.05487,9.25,0.0,256,1312,2420,704,liboqs,gateway
Dilithium2,sign,86386,0.086386,9.25,0.0,256,1312,2420,705,liboqs,gateway
Dilithium2,sign,121751,0.121751,11.65,0.0,256,1312,2420,706,liboqs,gateway
Dilithium2,sign,51947,0.051947,11.41,0.0,256,1312,2420,707,liboqs,gateway
Dilithium2,sign,58858,0.058858,9.19,0.0,256,1312,2420,708,liboqs,gateway
Dilithium2,sign,40367,0.040367,9.25,0.0,256,1312,2420,709,liboqs,gateway
Dilithium2,sign,50183,0.050183,9.25,0.0,256,1312,2420,710,liboqs,gateway
Dilithium2,sign,55192,0.055192,9.25,0.0,256,1312,2420,711,liboqs,gateway
Dilithium2,sign,153122,0.153122,9.25,0.0,256,1312,2420,712,liboqs,gateway
Dilithium2,sign,88401,0.088401,9.25,0.0,256,1312,2420,713,liboqs,gateway
Dilithium2,sign,66658,0.066658,9.25,0.0,256,1312,2420,714,liboqs,gateway
Dilithium2,sign,135357,0.135357,9.25,0.0,256,1312,2420,715,liboqs,gateway
Dilithium2,sign,55853,0.055853,9.25,0.0,256,1312,2420,716,liboqs,gateway
Dilithium2,sign,43813,0.043813,9.25,0.0,256,1312,2420,717,liboqs,gateway
Dilithium2,sign,35909,0.035909,9.25,0.0,256,1312,2420,718,liboqs,gateway
Dilithium2,sign,35650,0.03565,9.25,0.0,256,1312,2420,719,liboqs,gateway
Dilithium2,sign,43188,0.043188,9.25,0.0,256,1312,2420,720,liboqs,gateway
Dilithium2,sign,44066,0.044066,9.25,0.0,256,1312,2420,721,liboqs,gateway
Dilithium2,sign,53539,0.053539,9.25,0.0,256,1312,2420,722,liboqs,gateway
Dilithium2,sign,40624,0.040624,9.25,0.0,256,1312,2420,723,liboqs,gateway
Dilithium2,sign,67324,0.067324,9.25,0.0,256,1312,2420,724,liboqs,gateway
Dilithium2,sign,47863,0.047863,9.25,0.0,256,1312,2420,725,liboqs,gateway
Dilithium2,sign,54956,0.054956,9.25,0.0,256,1312,2420,726,liboqs,gateway
Dilithium2,sign,67175,0.067175,9.25,0.0,256,1312,2420,727,liboqs,gateway
Dilithium2,sign,47646,0.047646,9.25,0.0,256,1312,2420,728,liboqs,gateway
Dilithium2,sign,102499,0.102499,9.25,0.0,256,1312,2420,729,liboqs,gateway
Dilithium2,sign,68609,0.068609,9.25,0.0,256,1312,2420,730,liboqs,gateway
Dilithium2,sign,62007,0.062007,9.25,0.0,256,1312,2420,731,liboqs,gateway
Dilithium2,sign,55964,0.055964,9.25,0.0,256,1312,2420,732,liboqs,gateway
Dilithium2,sign,79158,0.079158,9.25,0.0,256,1312,2420,733,liboqs,gateway
Dilithium2,sign,54612,0.054612,9.25,0.0,256,1312,2420,734,liboqs,gateway
Dilithium2,sign,75110,0.07511,9.25,0.0,256,1312,2420,735,liboqs,gateway
Dilithium2,sign,55059,0.055059,9.25,0.0,256,1312,2420,736,liboqs,gateway
Dilithium2,sign,34499,0.034499,9.25,0.0,256,1312,2420,737,liboqs,gateway
Dilithium2,sign,34796,0.034796,9.25,0.0,256,1312,2420,738,liboqs,gateway
Dilithium2,sign,54512,0.054512,9.25,0.0,256,1312,2420,739,liboqs,gateway
Dilithium2,sign,74978,0.074978,9.25,0.0,256,1312,2420,740,liboqs,gateway
Dilithium2,sign,58257,0.058257,9.25,0.0,256,1312,2420,741,liboqs,gateway
Dilithium2,sign,44601,0.044601,9.25,0.0,256,1312,2420,742,liboqs,gateway
Dilithium2,sign,43116,0.043116,9.25,0.0,256,1312,2420,743,liboqs,gateway
Dilithium2,sign,35896,0.035896,9.25,0.0,256,1312,2420,744,liboqs,gateway
Dilithium2,sign,42644,0.042644,9.25,0.0,256,1312,2420,745,liboqs,gateway
Dilithium2,sign,48408,0.048408,9.25,0.0,256,1312,2420,746,liboqs,gateway
Dilithium2,sign,76160,0.07616,9.25,0.0,256,1312,2420,747,liboqs,gateway
Dilithium2,sign,108031,0.108031,9.25,0.0,256,1312,2420,748,liboqs,gateway
Dilithium2,sign,47990,0.04799,9.25,0.0,256,1312,2420,749,liboqs,gateway
Dilithium2,sign,34504,0.034504,9.25,0.0,256,1312,2420,750,liboqs,gateway
Dilithium2,sign,42853,0.042853,9.25,0.0,256,1312,2420,751,liboqs,gateway
Dilithium2,sign,54340,0.05434,9.25,0.0,256,1312,2420,752,liboqs,gateway
Dilithium2,sign,80073,0.080073,9.25,0.0,256,1312,2420,753,liboqs,gateway
Dilithium2,sign,64921,0.064921,9.25,0.0,256,1312,2420,754,liboqs,gateway
Dilithium2,sign,36497,0.036497,9.25,0.0,256,1312,2420,755,liboqs,gateway
Dilithium2,sign,40818,0.040818,9.25,0.0,256,1312,2420,756,liboqs,gateway
Dilithium2,sign,133316,0.133316,9.25,0.0,256,1312,2420,757,liboqs,gateway
Dilithium2,sign,94514,0.094514,9.25,0.0,256,1312,2420,758,liboqs,gateway
Dilithium2,sign,35451,0.035451,9.25,0.0,256,1312,2420,759,liboqs,gateway
Dilithium2,sign,41140,0.04114,9.25,0.0,256,1312,2420,760,liboqs,gateway
Dilithium2,sign,93546,0.093546,9.25,0.0,256,1312,2420,761,liboqs,gateway
Dilithium2,sign,112090,0.11209,9.25,0.0,256,1312,2420,762,liboqs,gateway
Dilithium2,sign,82032,0.082032,9.25,0.0,256,1312,2420,763,liboqs,gateway
Dilithium2,sign,34540,0.03454,9.25,0.0,256,1312,2420,764,liboqs,gateway
Dilithium2,sign,93486,0.093486,9.25,0.0,256,1312,2420,765,liboqs,gateway
Dilithium2,sign,109331,0.109331,9.25,0.0,256,1312,2420,766,liboqs,gateway
Dilithium2,sign,45967,0.045967,9.25,0.0,256,1312,2420,767,liboqs,gateway
Dilithium2,sign,56201,0.056201,9.25,0.0,256,1312,2420,768,liboqs,gateway
Dilithium2,sign,35939,0.035939,9.25,0.0,256,1312,2420,769,liboqs,gateway
Dilithium2,sign,54812,0.054812,9.25,0.0,256,1312,2420,770,liboqs,gateway
Dilithium2,sign,44798,0.044798,9.25,0.0,256,1312,2420,771,liboqs,gateway
Dilithium2,sign,112485,0.112485,9.25,0.0,256,1312,2420,772,liboqs,gateway
Dilithium2,sign,39892,0.039892,9.25,0.0,256,1312,2420,773,liboqs,gateway
Dilithium2,sign,38471,0.038471,9.25,0.0,256,1312,2420,774,liboqs,gateway
Dilithium2,sign,36440,0.03644,9.25,0.0,256,1312,2420,775,liboqs,gateway
Dilithium2,sign,82162,0.082162,9.25,0.0,256,1312,2420,776,liboqs,gateway
Dilithium2,sign,58209,0.058209,9.25,0.0,256,1312,2420,777,liboqs,gateway
Dilithium2,sign,76376,0.076376,9.25,0.0,256,1312,2420,778,liboqs,gateway
Dilithium2,sign,37610,0.03761,9.25,0.0,256,1312,2420,779,liboqs,gateway
Dilithium2,sign,36625,0.036625,9.25,0.0,256,1312,2420,780,liboqs,gateway
Dilithium2,sign,44007,0.044007,9.25,0.0,256,1312,2420,781,liboqs,gateway
Dilithium2,sign,44387,0.044387,9.25,0.0,256,1312,2420,782,liboqs,gateway
Dilithium2,sign,49144,0.049144,9.25,0.0,256,1312,2420,783,liboqs,gateway
Dilithium2,sign,62023,0.062023,9.25,0.0,256,1312,2420,784,liboqs,gateway
Dilithium2,sign,112758,0.112758,9.25,0.0,256,1312,2420,785,liboqs,gateway
Dilithium2,sign,73378,0.073378,9.25,0.0,256,1312,2420,786,liboqs,gateway
Dilithium2,sign,48824,0.048824,9.25,0.0,256,1312,2420,787,liboqs,gateway
Dilithium2,sign,48722,0.048722,9.25,0.0,256,1312,2420,788,liboqs,gateway
Dilithium2,sign,90028,0.090028,9.25,0.0,256,1312,2420,789,liboqs,gateway
Dilithium2,sign,127107,0.127107,9.25,0.0,256,1312,2420,790,liboqs,gateway
Dilithium2,sign,56392,0.056392,9.25,0.0,256,1312,2420,791,liboqs,gateway
Dilithium2,sign,34840,0.03484,9.25,0.0,256,1312,2420,792,liboqs,gateway
Dilithium2,sign,34978,0.034978,9.25,0.0,256,1312,2420,793,liboqs,gateway
Dilithium2,sign,103071,0.103071,9.25,0.0,256,1312,2420,794,liboqs,gateway
Dilithium2,sign,36073,0.036073,9.25,0.0,256,1312,2420,795,liboqs,gateway
Dilithium2,sign,71280,0.07128,9.25,0.0,256,1312,2420,796,liboqs,gateway
Dilithium2,sign,41945,0.041945,9.25,0.0,256,1312,2420,797,liboqs,gateway
Dilithium2,sign,76068,0.076068,9.25,0.0,256,1312,2420,798,liboqs,gateway
Dilithium2,sign,54131,0.054131,9.25,0.0,256,1312,2420,799,liboqs,gateway
Dilithium2,sign,34884,0.034884,9.25,0.0,256,1312,2420,800,liboqs,gateway
Dilithium2,sign,41997,0.041997,9.25,0.0,256,1312,2420,801,liboqs,gateway
Dilithium2,sign,65528,0.065528,9.25,0.0,256,1312,2420,802,liboqs,gateway
Dilithium2,sign,68722,0.068722,9.25,0.0,256,1312,2420,803,liboqs,gateway
Dilithium2,sign,57115,0.057115,9.25,0.0,256,1312,2420,804,liboqs,gateway
Dilithium2,sign,36024,0.036024,9.25,0.0,256,1312,2420,805,liboqs,gateway
Dilithium2,sign,64156,0.064156,9.25,0.0,256,1312,2420,806,liboqs,gateway
Dilithium2,sign,82611,0.082611,9.25,0.0,256,1312,2420,807,liboqs,gateway
Dilithium2,sign,81847,0.081847,9.25,0.0,256,1312,2420,808,liboqs,gateway
Dilithium2,sign,48960,0.04896,9.25,0.0,256,1312,2420,809,liboqs,gateway
Dilithium2,sign,62994,0.062994,9.25,0.0,256,1312,2420,810,liboqs,gateway
Dilithium2,sign,78003,0.078003,9.25,0.0,256,1312,2420,811,liboqs,gateway
Dilithium2,sign,37637,0.037637,9.25,0.0,256,1312,2420,812,liboqs,gateway
Dilithium2,sign,81063,0.081063,9.25,0.0,256,1312,2420,813,liboqs,gateway
Dilithium2,sign,41451,0.041451,9.25,0.0,256,1312,2420,814,liboqs,gateway
Dilithium2,sign,56453,0.056453,9.25,0.0,256,1312,2420,815,liboqs,gateway
Dilithium2,sign,56074,0.056074,9.25,0.0,256,1312,2420,816,liboqs,gateway
Dilithium2,sign,232150,0.23215,9.25,0.0,256,1312,2420,817,liboqs,gateway
Dilithium2,sign,114221,0.114221,9.25,0.0,256,1312,2420,818,liboqs,gateway
Dilithium2,sign,41693,0.041693,9.25,0.0,256,1312,2420,819,liboqs,gateway
Dilithium2,sign,88868,0.088868,9.25,0.0,256,1312,2420,820,liboqs,gateway
Dilithium2,sign,41676,0.041676,9.25,0.0,256,1312,2420,821,liboqs,gateway
Dilithium2,sign,69241,0.069241,9.25,0.0,256,1312,2420,822,liboqs,gateway
Dilithium2,sign,42833,0.042833,9.25,0.0,256,1312,2420,823,liboqs,gateway
Dilithium2,sign,35367,0.035367,9.25,0.0,256,1312,2420,824,liboqs,gateway
Dilithium2,sign,68509,0.068509,9.25,0.0,256,1312,2420,825,liboqs,gateway
Dilithium2,sign,34748,0.034748,9.25,0.0,256,1312,2420,826,liboqs,gateway
Dilithium2,sign,102807,0.102807,9.25,0.0,256,1312,2420,827,liboqs,gateway
Dilithium2,sign,76665,0.076665,9.25,0.0,256,1312,2420,828,liboqs,gateway
Dilithium2,sign,67109,0.067109,9.25,0.0,256,1312,2420,829,liboqs,gateway
Dilithium2,sign,84471,0.084471,9.25,0.0,256,1312,2420,830,liboqs,gateway
Dilithium2,sign,35826,0.035826,9.25,0.0,256,1312,2420,831,liboqs,gateway
Dilithium2,sign,35763,0.035763,9.25,0.0,256,1312,2420,832,liboqs,gateway
Dilithium2,sign,35375,0.035375,9.25,0.0,256,1312,2420,833,liboqs,gateway
Dilithium2,sign,42415,0.042415,9.25,0.0,256,1312,2420,834,liboqs,gateway
Dilithium2,sign,57015,0.057015,9.25,0.0,256,1312,2420,835,liboqs,gateway
Dilithium2,sign,100333,0.100333,9.25,0.0,256,1312,2420,836,liboqs,gateway
Dilithium2,sign,40958,0.040958,9.25,0.0,256,1312,2420,837,liboqs,gateway
Dilithium2,sign,48421,0.048421,9.25,0.0,256,1312,2420,838,liboqs,gateway
Dilithium2,sign,34163,0.034163,9.25,0.0,256,1312,2420,839,liboqs,gateway
Dilithium2,sign,49513,0.049513,9.25,0.0,256,1312,2420,840,liboqs,gateway
Dilithium2,sign,47598,0.047598,9.25,0.0,256,1312,2420,841,liboqs,gateway
Dilithium2,sign,34510,0.03451,9.25,0.0,256,1312,2420,842,liboqs,gateway
Dilithium2,sign,40102,0.040102,9.25,0.0,256,1312,2420,843,liboqs,gateway
Dilithium2,sign,41884,0.041884,9.25,0.0,256,1312,2420,844,liboqs,gateway
Dilithium2,sign,71177,0.071177,9.25,0.0,256,1312,2420,845,liboqs,gateway
Dilithium2,sign,55035,0.055035,9.25,0.0,256,1312,2420,846,liboqs,gateway
Dilithium2,sign,42386,0.042386,9.25,0.0,256,1312,2420,847,liboqs,gateway
Dilithium2,sign,66182,0.066182,9.25,0.0,256,1312,2420,848,liboqs,gateway
Dilithium2,sign,52952,0.052952,9.25,0.0,256,1312,2420,849,liboqs,gateway
Dilithium2,sign,41891,0.041891,9.25,0.0,256,1312,2420,850,liboqs,gateway
Dilithium2,sign,102995,0.102995,9.25,0.0,256,1312,2420,851,liboqs,gateway
Dilithium2,sign,74697,0.074697,9.25,0.0,256,1312,2420,852,liboqs,gateway
Dilithium2,sign,46535,0.046535,9.25,0.0,256,1312,2420,853,liboqs,gateway
Dilithium2,sign,41395,0.041395,9.25,0.0,256,1312,2420,854,liboqs,gateway
Dilithium2,sign,66663,0.066663,9.25,0.0,256,1312,2420,855,liboqs,gateway
Dilithium2,sign,34335,0.034335,9.25,0.0,256,1312,2420,856,liboqs,gateway
Dilithium2,sign,46906,0.046906,9.25,0.0,256,1312,2420,857,liboqs,gateway
Dilithium2,sign,104370,0.10437,9.25,0.0,256,1312,2420,858,liboqs,gateway
Dilithium2,sign,96157,0.096157,9.25,0.0,256,1312,2420,859,liboqs,gateway
Dilithium2,sign,41503,0.041503,9.25,0.0,256,1312,2420,860,liboqs,gateway
Dilithium2,sign,44247,0.044247,9.25,0.0,256,1312,2420,861,liboqs,gateway
Dilithium2,sign,55685,0.055685,9.25,0.0,256,1312,2420,862,liboqs,gateway
Dilithium2,sign,119747,0.119747,9.25,0.0,256,1312,2420,863,liboqs,gateway
Dilithium2,sign,56276,0.056276,9.25,0.0,256,1312,2420,864,liboqs,gateway
Dilithium2,sign,94545,0.094545,9.25,0.0,256,1312,2420,865,liboqs,gateway
Dilithium2,sign,128091,0.128091,9.25,0.0,256,1312,2420,866,liboqs,gateway
Dilithium2,sign,61878,0.061878,9.25,0.0,256,1312,2420,867,liboqs,gateway
Dilithium2,sign,36313,0.036313,9.25,0.0,256,1312,2420,868,liboqs,gateway
Dilithium2,sign,74209,0.074209,9.25,0.0,256,1312,2420,869,liboqs,gateway
Dilithium2,sign,53808,0.053808,9.25,0.0,256,1312,2420,870,liboqs,gateway
Dilithium2,sign,78437,0.078437,9.25,0.0,256,1312,2420,871,liboqs,gateway
Dilithium2,sign,49088,0.049088,9.25,0.0,256,1312,2420,872,liboqs,gateway
Dilithium2,sign,108168,0.108168,9.25,0.0,256,1312,2420,873,liboqs,gateway
Dilithium2,sign,90268,0.090268,9.25,0.0,256,1312,2420,874,liboqs,gateway
Dilithium2,sign,70579,0.070579,9.25,0.0,256,1312,2420,875,liboqs,gateway
Dilithium2,sign,40247,0.040247,9.25,0.0,256,1312,2420,876,liboqs,gateway
Dilithium2,sign,48588,0.048588,9.25,0.0,256,1312,2420,877,liboqs,gateway
Dilithium2,sign,46373,0.046373,9.25,0.0,256,1312,2420,878,liboqs,gateway
Dilithium2,sign,45651,0.045651,9.25,0.0,256,1312,2420,879,liboqs,gateway
Dilithium2,sign,36882,0.036882,9.25,0.0,256,1312,2420,880,liboqs,gateway
Dilithium2,sign,37987,0.037987,9.25,0.0,256,1312,2420,881,liboqs,gateway
Dilithium2,sign,96248,0.096248,9.25,0.0,256,1312,2420,882,liboqs,gateway
Dilithium2,sign,61717,0.061717,9.25,0.0,256,1312,2420,883,liboqs,gateway
Dilithium2,sign,36566,0.036566,9.25,0.0,256,1312,2420,884,liboqs,gateway
Dilithium2,sign,84565,0.084565,9.25,0.0,256,1312,2420,885,liboqs,gateway
Dilithium2,sign,34462,0.034462,9.25,0.0,256,1312,2420,886,liboqs,gateway
Dilithium2,sign,42709,0.042709,9.25,0.0,256,1312,2420,887,liboqs,gateway
Dilithium2,sign,63811,0.063811,9.25,0.0,256,1312,2420,888,liboqs,gateway
Dilithium2,sign,61891,0.061891,9.25,0.0,256,1312,2420,889,liboqs,gateway
Dilithium2,sign,38832,0.038832,9.25,0.0,256,1312,2420,890,liboqs,gateway
Dilithium2,sign,206859,0.206859,9.25,0.0,256,1312,2420,891,liboqs,gateway
Dilithium2,sign,77220,0.07722,9.25,0.0,256,1312,2420,892,liboqs,gateway
Dilithium2,sign,57243,0.057243,9.25,0.0,256,1312,2420,893,liboqs,gateway
Dilithium2,sign,44625,0.044625,9.25,0.0,256,1312,2420,894,liboqs,gateway
Dilithium2,sign,42272,0.042272,9.25,0.0,256,1312,2420,895,liboqs,gateway
Dilithium2,sign,50579,0.050579,9.25,0.0,256,1312,2420,896,liboqs,gateway
Dilithium2,sign,39528,0.039528,9.25,0.0,256,1312,2420,897,liboqs,gateway
Dilithium2,sign,46361,0.046361,9.25,0.0,256,1312,2420,898,liboqs,gateway
Dilithium2,sign,40492,0.040492,9.25,0.0,256,1312,2420,899,liboqs,gateway
Dilithium2,sign,61374,0.061374,9.25,0.0,256,1312,2420,900,liboqs,gateway
Dilithium2,sign,37425,0.037425,9.25,0.0,256,1312,2420,901,liboqs,gateway
Dilithium2,sign,42160,0.04216,9.25,0.0,256,1312,2420,902,liboqs,gateway
Dilithium2,sign,61052,0.061052,9.25,0.0,256,1312,2420,903,liboqs,gateway
Dilithium2,sign,50566,0.050566,9.25,0.0,256,1312,2420,904,liboqs,gateway
Dilithium2,sign,38740,0.03874,9.25,0.0,256,1312,2420,905,liboqs,gateway
Dilithium2,sign,44411,0.044411,9.25,0.0,256,1312,2420,906,liboqs,gateway
Dilithium2,sign,106465,0.106465,9.25,0.0,256,1312,2420,907,liboqs,gateway
Dilithium2,sign,44714,0.044714,9.25,0.0,256,1312,2420,908,liboqs,gateway
Dilithium2,sign,69473,0.069473,9.25,0.0,256,1312,2420,909,liboqs,gateway
Dilithium2,sign,61931,0.061931,9.25,0.0,256,1312,2420,910,liboqs,gateway
Dilithium2,sign,37564,0.037564,9.25,0.0,256,1312,2420,911,liboqs,gateway
Dilithium2,sign,127094,0.127094,9.25,0.0,256,1312,2420,912,liboqs,gateway
Dilithium2,sign,34801,0.034801,9.25,0.0,256,1312,2420,913,liboqs,gateway
Dilithium2,sign,81862,0.081862,9.25,0.0,256,1312,2420,914,liboqs,gateway
Dilithium2,sign,43777,0.043777,9.25,0.0,256,1312,2420,915,liboqs,gateway
Dilithium2,sign,35090,0.03509,9.25,0.0,256,1312,2420,916,liboqs,gateway
Dilithium2,sign,35803,0.035803,9.25,0.0,256,1312,2420,917,liboqs,gateway
Dilithium2,sign,42053,0.042053,9.25,0.0,256,1312,2420,918,liboqs,gateway
Dilithium2,sign,35033,0.035033,9.25,0.0,256,1312,2420,919,liboqs,gateway
Dilithium2,sign,54392,0.054392,9.25,0.0,256,1312,2420,920,liboqs,gateway
Dilithium2,sign,62229,0.062229,9.25,0.0,256,1312,2420,921,liboqs,gateway
Dilithium2,sign,41984,0.041984,9.25,0.0,256,1312,2420,922,liboqs,gateway
Dilithium2,sign,81166,0.081166,9.25,0.0,256,1312,2420,923,liboqs,gateway
Dilithium2,sign,50119,0.050119,9.25,0.0,256,1312,2420,924,liboqs,gateway
Dilithium2,sign,143748,0.143748,9.25,0.0,256,1312,2420,925,liboqs,gateway
Dilithium2,sign,49026,0.049026,9.25,0.0,256,1312,2420,926,liboqs,gateway
Dilithium2,sign,55655,0.055655,9.25,0.0,256,1312,2420,927,liboqs,gateway
Dilithium2,sign,35164,0.035164,9.25,0.0,256,1312,2420,928,liboqs,gateway
Dilithium2,sign,48742,0.048742,9.25,0.0,256,1312,2420,929,liboqs,gateway
Dilithium2,sign,43326,0.043326,9.25,0.0,256,1312,2420,930,liboqs,gateway
Dilithium2,sign,41235,0.041235,9.25,0.0,256,1312,2420,931,liboqs,gateway
Dilithium2,sign,74792,0.074792,9.25,0.0,256,1312,2420,932,liboqs,gateway
Dilithium2,sign,83209,0.083209,9.25,0.0,256,1312,2420,933,liboqs,gateway
Dilithium2,sign,43006,0.043006,9.25,0.0,256,1312,2420,934,liboqs,gateway
Dilithium2,sign,34900,0.0349,9.25,0.0,256,1312,2420,935,liboqs,gateway
Dilithium2,sign,60857,0.060857,9.25,0.0,256,1312,2420,936,liboqs,gateway
Dilithium2,sign,52426,0.052426,9.25,0.0,256,1312,2420,937,liboqs,gateway
Dilithium2,sign,114851,0.114851,9.25,0.0,256,1312,2420,938,liboqs,gateway
Dilithium2,sign,79870,0.07987,9.25,0.0,256,1312,2420,939,liboqs,gateway
Dilithium2,sign,42782,0.042782,9.25,0.0,256,1312,2420,940,liboqs,gateway
Dilithium2,sign,86995,0.086995,9.25,0.0,256,1312,2420,941,liboqs,gateway
Dilithium2,sign,42780,0.04278,9.25,0.0,256,1312,2420,942,liboqs,gateway
Dilithium2,sign,37387,0.037387,9.25,0.0,256,1312,2420,943,liboqs,gateway
Dilithium2,sign,36767,0.036767,9.25,0.0,256,1312,2420,944,liboqs,gateway
Dilithium2,sign,37064,0.037064,9.25,0.0,256,1312,2420,945,liboqs,gateway
Dilithium2,sign,34808,0.034808,9.25,0.0,256,1312,2420,946,liboqs,gateway
Dilithium2,sign,60823,0.060823,9.25,0.0,256,1312,2420,947,liboqs,gateway
Dilithium2,sign,35478,0.035478,9.25,0.0,256,1312,2420,948,liboqs,gateway
Dilithium2,sign,56072,0.056072,9.25,0.0,256,1312,2420,949,liboqs,gateway
Dilithium2,sign,101786,0.101786,9.25,0.0,256,1312,2420,950,liboqs,gateway
Dilithium2,sign,42771,0.042771,9.25,0.0,256,1312,2420,951,liboqs,gateway
Dilithium2,sign,53524,0.053524,9.25,0.0,256,1312,2420,952,liboqs,gateway
Dilithium2,sign,41662,0.041662,9.25,0.0,256,1312,2420,953,liboqs,gateway
Dilithium2,sign,61232,0.061232,9.25,0.0,256,1312,2420,954,liboqs,gateway
Dilithium2,sign,62169,0.062169,9.25,0.0,256,1312,2420,955,liboqs,gateway
Dilithium2,sign,67683,0.067683,9.25,0.0,256,1312,2420,956,liboqs,gateway
Dilithium2,sign,41184,0.041184,9.25,0.0,256,1312,2420,957,liboqs,gateway
Dilithium2,sign,55025,0.055025,9.25,0.0,256,1312,2420,958,liboqs,gateway
Dilithium2,sign,96218,0.096218,9.25,0.0,256,1312,2420,959,liboqs,gateway
Dilithium2,sign,247043,0.247043,9.25,0.0,256,1312,2420,960,liboqs,gateway
Dilithium2,sign,98160,0.09816,9.25,0.0,256,1312,2420,961,liboqs,gateway
Dilithium2,sign,70955,0.070955,9.25,0.0,256,1312,2420,962,liboqs,gateway
Dilithium2,sign,121792,0.121792,9.25,0.0,256,1312,2420,963,liboqs,gateway
Dilithium2,sign,69647,0.069647,9.25,0.0,256,1312,2420,964,liboqs,gateway
Dilithium2,sign,52515,0.052515,9.25,0.0,256,1312,2420,965,liboqs,gateway
Dilithium2,sign,36277,0.036277,9.25,0.0,256,1312,2420,966,liboqs,gateway
Dilithium2,sign,64608,0.064608,9.25,0.0,256,1312,2420,967,liboqs,gateway
Dilithium2,sign,48372,0.048372,9.25,0.0,256,1312,2420,968,liboqs,gateway
Dilithium2,sign,37869,0.037869,9.25,0.0,256,1312,2420,969,liboqs,gateway
Dilithium2,sign,41809,0.041809,9.25,0.0,256,1312,2420,970,liboqs,gateway
Dilithium2,sign,47659,0.047659,9.25,0.0,256,1312,2420,971,liboqs,gateway
Dilithium2,sign,55597,0.055597,9.25,0.0,256,1312,2420,972,liboqs,gateway
Dilithium2,sign,48584,0.048584,9.25,0.0,256,1312,2420,973,liboqs,gateway
Dilithium2,sign,81914,0.081914,9.25,0.0,256,1312,2420,974,liboqs,gateway
Dilithium2,sign,44035,0.044035,9.25,0.0,256,1312,2420,975,liboqs,gateway
Dilithium2,sign,41535,0.041535,9.25,0.0,256,1312,2420,976,liboqs,gateway
Dilithium2,sign,48370,0.04837,9.25,0.0,256,1312,2420,977,liboqs,gateway
Dilithium2,sign,96148,0.096148,9.25,0.0,256,1312,2420,978,liboqs,gateway
Dilithium2,sign,35952,0.035952,9.25,0.0,256,1312,2420,979,liboqs,gateway
Dilithium2,sign,41126,0.041126,9.25,0.0,256,1312,2420,980,liboqs,gateway
Dilithium2,sign,34548,0.034548,9.25,0.0,256,1312,2420,981,liboqs,gateway
Dilithium2,sign,40994,0.040994,9.25,0.0,256,1312,2420,982,liboqs,gateway
Dilithium2,sign,35939,0.035939,9.25,0.0,256,1312,2420,983,liboqs,gateway
Dilithium2,sign,35388,0.035388,9.25,0.0,256,1312,2420,984,liboqs,gateway
Dilithium2,sign,60019,0.060019,9.25,0.0,256,1312,2420,985,liboqs,gateway
Dilithium2,sign,51887,0.051887,9.25,0.0,256,1312,2420,986,liboqs,gateway
Dilithium2,sign,63589,0.063589,9.25,0.0,256,1312,2420,987,liboqs,gateway
Dilithium2,sign,48955,0.048955,9.25,0.0,256,1312,2420,988,liboqs,gateway
Dilithium2,sign,37740,0.03774,9.25,0.0,256,1312,2420,989,liboqs,gateway
Dilithium2,sign,52326,0.052326,9.25,0.0,256,1312,2420,990,liboqs,gateway
Dilithium2,sign,87324,0.087324,9.25,0.0,256,1312,2420,991,liboqs,gateway
Dilithium2,sign,35429,0.035429,9.25,0.0,256,1312,2420,992,liboqs,gateway
Dilithium2,sign,50019,0.050019,9.25,0.0,256,1312,2420,993,liboqs,gateway
Dilithium2,sign,50424,0.050424,9.25,0.0,256,1312,2420,994,liboqs,gateway
Dilithium2,sign,106519,0.106519,9.25,0.0,256,1312,2420,995,liboqs,gateway
Dilithium2,sign,44067,0.044067,9.25,0.0,256,1312,2420,996,liboqs,gateway
Dilithium2,sign,50868,0.050868,9.25,0.0,256,1312,2420,997,liboqs,gateway
Dilithium2,sign,87837,0.087837,9.25,0.0,256,1312,2420,998,liboqs,gateway
Dilithium2,sign,47658,0.047658,9.25,0.0,256,1312,2420,999,liboqs,gateway
Dilithium2,verify,36857,0.036857,5.93,0.0,256,1312,2420,0,liboqs,gateway
Dilithium2,verify,32394,0.032394,5.99,0.0,256,1312,2420,1,liboqs,gateway
Dilithium2,verify,44273,0.044273,5.99,0.0,256,1312,2420,2,liboqs,gateway
Dilithium2,verify,39717,0.039717,6.51,0.0,256,1312,2420,3,liboqs,gateway
Dilithium2,verify,32650,0.03265,5.99,0.0,256,1312,2420,4,liboqs,gateway
Dilithium2,verify,31008,0.031008,5.99,0.0,256,1312,2420,5,liboqs,gateway
Dilithium2,verify,30503,0.030503,5.99,0.0,256,1312,2420,6,liboqs,gateway
Dilithium2,verify,29421,0.029421,5.99,0.0,256,1312,2420,7,liboqs,gateway
Dilithium2,verify,31555,0.031555,5.99,0.0,256,1312,2420,8,liboqs,gateway
Dilithium2,verify,30107,0.030107,5.99,0.0,256,1312,2420,9,liboqs,gateway
Dilithium2,verify,41073,0.041073,5.99,0.0,256,1312,2420,10,liboqs,gateway
Dilithium2,verify,30979,0.030979,5.99,0.0,256,1312,2420,11,liboqs,gateway
Dilithium2,verify,31913,0.031913,5.99,0.0,256,1312,2420,12,liboqs,gateway
Dilithium2,verify,28996,0.028996,5.99,0.0,256,1312,2420,13,liboqs,gateway
Dilithium2,verify,29509,0.029509,5.99,0.0,256,1312,2420,14,liboqs,gateway
Dilithium2,verify,28670,0.02867,5.99,0.0,256,1312,2420,15,liboqs,gateway
Dilithium2,verify,28385,0.028385,5.99,0.0,256,1312,2420,16,liboqs,gateway
Dilithium2,verify,30168,0.030168,5.99,0.0,256,1312,2420,17,liboqs,gateway
Dilithium2,verify,29106,0.029106,5.99,0.0,256,1312,2420,18,liboqs,gateway
Dilithium2,verify,28506,0.028506,5.99,0.0,256,1312,2420,19,liboqs,gateway
Dilithium2,verify,29036,0.029036,5.99,0.0,256,1312,2420,20,liboqs,gateway
Dilithium2,verify,28474,0.028474,5.99,0.0,256,1312,2420,21,liboqs,gateway
Dilithium2,verify,28462,0.028462,5.99,0.0,256,1312,2420,22,liboqs,gateway
Dilithium2,verify,28657,0.028657,5.99,0.0,256,1312,2420,23,liboqs,gateway
Dilithium2,verify,28514,0.028514,5.99,0.0,256,1312,2420,24,liboqs,gateway
Dilithium2,verify,28378,0.028378,5.99,0.0,256,1312,2420,25,liboqs,gateway
Dilithium2,verify,28262,0.028262,5.99,0.0,256,1312,2420,26,liboqs,gateway
Dilithium2,verify,28582,0.028582,5.99,0.0,256,1312,2420,27,liboqs,gateway
Dilithium2,verify,29347,0.029347,5.99,0.0,256,1312,2420,28,liboqs,gateway
Dilithium2,verify,28220,0.02822,5.99,0.0,256,1312,2420,29,liboqs,gateway
Dilithium2,verify,29044,0.029044,5.99,0.0,256,1312,2420,30,liboqs,gateway
Dilithium2,verify,30452,0.030452,5.99,0.0,256,1312,2420,31,liboqs,gateway
Dilithium2,verify,28281,0.028281,5.99,0.0,256,1312,2420,32,liboqs,gateway
Dilithium2,verify,27891,0.027891,5.99,0.0,256,1312,2420,33,liboqs,gateway
Dilithium2,verify,28750,0.02875,5.99,0.0,256,1312,2420,34,liboqs,gateway
Dilithium2,verify,28355,0.028355,5.99,0.0,256,1312,2420,35,liboqs,gateway
Dilithium2,verify,28612,0.028612,5.99,0.0,256,1312,2420,36,liboqs,gateway
Dilithium2,verify,43038,0.043038,5.99,0.0,256,1312,2420,37,liboqs,gateway
Dilithium2,verify,31725,0.031725,5.99,0.0,256,1312,2420,38,liboqs,gateway
Dilithium2,verify,29652,0.029652,5.99,0.0,256,1312,2420,39,liboqs,gateway
Dilithium2,verify,29068,0.029068,5.99,0.0,256,1312,2420,40,liboqs,gateway
Dilithium2,verify,29622,0.029622,5.99,0.0,256,1312,2420,41,liboqs,gateway
Dilithium2,verify,28435,0.028435,5.99,0.0,256,1312,2420,42,liboqs,gateway
Dilithium2,verify,28960,0.02896,5.99,0.0,256,1312,2420,43,liboqs,gateway
Dilithium2,verify,29062,0.029062,5.99,0.0,256,1312,2420,44,liboqs,gateway
Dilithium2,verify,30120,0.03012,5.99,0.0,256,1312,2420,45,liboqs,gateway
Dilithium2,verify,28036,0.028036,5.99,0.0,256,1312,2420,46,liboqs,gateway
Dilithium2,verify,28581,0.028581,5.99,0.0,256,1312,2420,47,liboqs,gateway
Dilithium2,verify,44249,0.044249,5.99,0.0,256,1312,2420,48,liboqs,gateway
Dilithium2,verify,57555,0.057555,8.2,0.0,256,1312,2420,49,liboqs,gateway
Dilithium2,verify,30127,0.030127,5.99,0.0,256,1312,2420,50,liboqs,gateway
Dilithium2,verify,29564,0.029564,5.99,0.0,256,1312,2420,51,liboqs,gateway
Dilithium2,verify,28816,0.028816,5.99,0.0,256,1312,2420,52,liboqs,gateway
Dilithium2,verify,29030,0.02903,5.99,0.0,256,1312,2420,53,liboqs,gateway
Dilithium2,verify,29477,0.029477,5.99,0.0,256,1312,2420,54,liboqs,gateway
Dilithium2,verify,28624,0.028624,5.99,0.0,256,1312,2420,55,liboqs,gateway
Dilithium2,verify,28485,0.028485,5.99,0.0,256,1312,2420,56,liboqs,gateway
Dilithium2,verify,28352,0.028352,5.99,0.0,256,1312,2420,57,liboqs,gateway
Dilithium2,verify,29195,0.029195,5.99,0.0,256,1312,2420,58,liboqs,gateway
Dilithium2,verify,27960,0.02796,5.99,0.0,256,1312,2420,59,liboqs,gateway
Dilithium2,verify,28028,0.028028,5.99,0.0,256,1312,2420,60,liboqs,gateway
Dilithium2,verify,30052,0.030052,5.99,0.0,256,1312,2420,61,liboqs,gateway
Dilithium2,verify,27910,0.02791,5.99,0.0,256,1312,2420,62,liboqs,gateway
Dilithium2,verify,29551,0.029551,5.99,0.0,256,1312,2420,63,liboqs,gateway
Dilithium2,verify,28265,0.028265,5.99,0.0,256,1312,2420,64,liboqs,gateway
Dilithium2,verify,28281,0.028281,5.99,0.0,256,1312,2420,65,liboqs,gateway
Dilithium2,verify,28871,0.028871,5.99,0.0,256,1312,2420,66,liboqs,gateway
Dilithium2,verify,27446,0.027446,5.99,0.0,256,1312,2420,67,liboqs,gateway
Dilithium2,verify,28200,0.0282,5.99,0.0,256,1312,2420,68,liboqs,gateway
Dilithium2,verify,28140,0.02814,5.99,0.0,256,1312,2420,69,liboqs,gateway
Dilithium2,verify,27894,0.027894,5.99,0.0,256,1312,2420,70,liboqs,gateway
Dilithium2,verify,33854,0.033854,5.99,0.0,256,1312,2420,71,liboqs,gateway
Dilithium2,verify,40519,0.040519,5.99,0.0,256,1312,2420,72,liboqs,gateway
Dilithium2,verify,33515,0.033515,5.99,0.0,256,1312,2420,73,liboqs,gateway
Dilithium2,verify,31232,0.031232,5.99,0.0,256,1312,2420,74,liboqs,gateway
Dilithium2,verify,30647,0.030647,5.99,0.0,256,1312,2420,75,liboqs,gateway
Dilithium2,verify,30041,0.030041,5.99,0.0,256,1312,2420,76,liboqs,gateway
Dilithium2,verify,28824,0.028824,5.99,0.0,256,1312,2420,77,liboqs,gateway
Dilithium2,verify,29457,0.029457,5.99,0.0,256,1312,2420,78,liboqs,gateway
Dilithium2,verify,29405,0.029405,5.99,0.0,256,1312,2420,79,liboqs,gateway
Dilithium2,verify,30159,0.030159,5.99,0.0,256,1312,2420,80,liboqs,gateway
Dilithium2,verify,28243,0.028243,5.99,0.0,256,1312,2420,81,liboqs,gateway
Dilithium2,verify,28488,0.028488,5.99,0.0,256,1312,2420,82,liboqs,gateway
Dilithium2,verify,28741,0.028741,5.99,0.0,256,1312,2420,83,liboqs,gateway
Dilithium2,verify,29851,0.029851,5.99,0.0,256,1312,2420,84,liboqs,gateway
Dilithium2,verify,28619,0.028619,5.99,0.0,256,1312,2420,85,liboqs,gateway
Dilithium2,verify,28203,0.028203,5.99,0.0,256,1312,2420,86,liboqs,gateway
Dilithium2,verify,28125,0.028125,5.99,0.0,256,1312,2420,87,liboqs,gateway
Dilithium2,verify,28383,0.028383,5.99,0.0,256,1312,2420,88,liboqs,gateway
Dilithium2,verify,29850,0.02985,5.99,0.0,256,1312,2420,89,liboqs,gateway
Dilithium2,verify,28220,0.02822,5.99,0.0,256,1312,2420,90,liboqs,gateway
Dilithium2,verify,28439,0.028439,5.99,0.0,256,1312,2420,91,liboqs,gateway
Dilithium2,verify,27632,0.027632,5.99,0.0,256,1312,2420,92,liboqs,gateway
Dilithium2,verify,28382,0.028382,5.99,0.0,256,1312,2420,93,liboqs,gateway
Dilithium2,verify,30372,0.030372,5.99,0.0,256,1312,2420,94,liboqs,gateway
Dilithium2,verify,28685,0.028685,5.99,0.0,256,1312,2420,95,liboqs,gateway
Dilithium2,verify,28080,0.02808,5.99,0.0,256,1312,2420,96,liboqs,gateway
Dilithium2,verify,28254,0.028254,5.99,0.0,256,1312,2420,97,liboqs,gateway
Dilithium2,verify,29923,0.029923,5.99,0.0,256,1312,2420,98,liboqs,gateway
Dilithium2,verify,36582,0.036582,5.99,0.0,256,1312,2420,99,liboqs,gateway
Dilithium2,verify,34607,0.034607,5.99,0.0,256,1312,2420,100,liboqs,gateway
Dilithium2,verify,31003,0.031003,5.99,0.0,256,1312,2420,101,liboqs,gateway
Dilithium2,verify,29730,0.02973,5.99,0.0,256,1312,2420,102,liboqs,gateway
Dilithium2,verify,29516,0.029516,5.99,0.0,256,1312,2420,103,liboqs,gateway
Dilithium2,verify,28793,0.028793,5.99,0.0,256,1312,2420,104,liboqs,gateway
Dilithium2,verify,28989,0.028989,5.99,0.0,256,1312,2420,105,liboqs,gateway
Dilithium2,verify,30630,0.03063,5.99,0.0,256,1312,2420,106,liboqs,gateway
Dilithium2,verify,28119,0.028119,5.99,0.0,256,1312,2420,107,liboqs,gateway
Dilithium2,verify,28767,0.028767,5.99,0.0,256,1312,2420,108,liboqs,gateway
Dilithium2,verify,27570,0.02757,5.99,0.0,256,1312,2420,109,liboqs,gateway
Dilithium2,verify,27672,0.027672,5.99,0.0,256,1312,2420,110,liboqs,gateway
Dilithium2,verify,29435,0.029435,5.99,0.0,256,1312,2420,111,liboqs,gateway
Dilithium2,verify,28100,0.0281,5.99,0.0,256,1312,2420,112,liboqs,gateway
Dilithium2,verify,29533,0.029533,5.99,0.0,256,1312,2420,113,liboqs,gateway
Dilithium2,verify,28081,0.028081,5.99,0.0,256,1312,2420,114,liboqs,gateway
Dilithium2,verify,28911,0.028911,5.99,0.0,256,1312,2420,115,liboqs,gateway
Dilithium2,verify,28121,0.028121,5.99,0.0,256,1312,2420,116,liboqs,gateway
Dilithium2,verify,27975,0.027975,5.99,0.0,256,1312,2420,117,liboqs,gateway
Dilithium2,verify,28345,0.028345,5.99,0.0,256,1312,2420,118,liboqs,gateway
Dilithium2,verify,27630,0.02763,5.99,0.0,256,1312,2420,119,liboqs,gateway
Dilithium2,verify,29703,0.029703,5.99,0.0,256,1312,2420,120,liboqs,gateway
Dilithium2,verify,27773,0.027773,5.99,0.0,256,1312,2420,121,liboqs,gateway
Dilithium2,verify,28325,0.028325,5.99,0.0,256,1312,2420,122,liboqs,gateway
Dilithium2,verify,28028,0.028028,5.99,0.0,256,1312,2420,123,liboqs,gateway
Dilithium2,verify,28921,0.028921,5.99,0.0,256,1312,2420,124,liboqs,gateway
Dilithium2,verify,29359,0.029359,5.99,0.0,256,1312,2420,125,liboqs,gateway
Dilithium2,verify,28412,0.028412,5.99,0.0,256,1312,2420,126,liboqs,gateway
Dilithium2,verify,27923,0.027923,5.99,0.0,256,1312,2420,127,liboqs,gateway
Dilithium2,verify,29404,0.029404,5.99,0.0,256,1312,2420,128,liboqs,gateway
Dilithium2,verify,33155,0.033155,5.99,0.0,256,1312,2420,129,liboqs,gateway
Dilithium2,verify,30470,0.03047,5.99,0.0,256,1312,2420,130,liboqs,gateway
Dilithium2,verify,30030,0.03003,5.99,0.0,256,1312,2420,131,liboqs,gateway
Dilithium2,verify,29054,0.029054,5.99,0.0,256,1312,2420,132,liboqs,gateway
Dilithium2,verify,30399,0.030399,5.99,0.0,256,1312,2420,133,liboqs,gateway
Dilithium2,verify,29187,0.029187,5.99,0.0,256,1312,2420,134,liboqs,gateway
Dilithium2,verify,29271,0.029271,5.99,0.0,256,1312,2420,135,liboqs,gateway
Dilithium2,verify,36808,0.036808,5.99,0.0,256,1312,2420,136,liboqs,gateway
Dilithium2,verify,32754,0.032754,5.99,0.0,256,1312,2420,137,liboqs,gateway
Dilithium2,verify,31267,0.031267,5.99,0.0,256,1312,2420,138,liboqs,gateway
Dilithium2,verify,30774,0.030774,5.99,0.0,256,1312,2420,139,liboqs,gateway
Dilithium2,verify,29983,0.029983,5.99,0.0,256,1312,2420,140,liboqs,gateway
Dilithium2,verify,30675,0.030675,5.99,0.0,256,1312,2420,141,liboqs,gateway
Dilithium2,verify,29324,0.029324,5.99,0.0,256,1312,2420,142,liboqs,gateway
Dilithium2,verify,29389,0.029389,5.99,0.0,256,1312,2420,143,liboqs,gateway
Dilithium2,verify,28698,0.028698,5.99,0.0,256,1312,2420,144,liboqs,gateway
Dilithium2,verify,28922,0.028922,5.99,0.0,256,1312,2420,145,liboqs,gateway
Dilithium2,verify,30619,0.030619,5.99,0.0,256,1312,2420,146,liboqs,gateway
Dilithium2,verify,28777,0.028777,5.99,0.0,256,1312,2420,147,liboqs,gateway
Dilithium2,verify,28863,0.028863,5.99,0.0,256,1312,2420,148,liboqs,gateway
Dilithium2,verify,29322,0.029322,5.99,0.0,256,1312,2420,149,liboqs,gateway
Dilithium2,verify,29904,0.029904,5.99,0.0,256,1312,2420,150,liboqs,gateway
Dilithium2,verify,29308,0.029308,5.99,0.0,256,1312,2420,151,liboqs,gateway
Dilithium2,verify,28028,0.028028,5.99,0.0,256,1312,2420,152,liboqs,gateway
Dilithium2,verify,28558,0.028558,5.99,0.0,256,1312,2420,153,liboqs,gateway
Dilithium2,verify,30292,0.030292,5.99,0.0,256,1312,2420,154,liboqs,gateway
Dilithium2,verify,38892,0.038892,5.99,0.0,256,1312,2420,155,liboqs,gateway
Dilithium2,verify,33351,0.033351,5.99,0.0,256,1312,2420,156,liboqs,gateway
Dilithium2,verify,29029,0.029029,5.99,0.0,256,1312,2420,157,liboqs,gateway
Dilithium2,verify,29107,0.029107,5.99,0.0,256,1312,2420,158,liboqs,gateway
Dilithium2,verify,28827,0.028827,5.99,0.0,256,1312,2420,159,liboqs,gateway
Dilithium2,verify,29504,0.029504,5.99,0.0,256,1312,2420,160,liboqs,gateway
Dilithium2,verify,28250,0.02825,5.99,0.0,256,1312,2420,161,liboqs,gateway
Dilithium2,verify,28242,0.028242,5.99,0.0,256,1312,2420,162,liboqs,gateway
Dilithium2,verify,28461,0.028461,5.99,0.0,256,1312,2420,163,liboqs,gateway
Dilithium2,verify,29768,0.029768,5.99,0.0,256,1312,2420,164,liboqs,gateway
Dilithium2,verify,27999,0.027999,5.99,0.0,256,1312,2420,165,liboqs,gateway
Dilithium2,verify,28539,0.028539,5.99,0.0,256,1312,2420,166,liboqs,gateway
Dilithium2,verify,30151,0.030151,5.99,0.0,256,1312,2420,167,liboqs,gateway
Dilithium2,verify,28368,0.028368,5.99,0.0,256,1312,2420,168,liboqs,gateway
Dilithium2,verify,28453,0.028453,5.99,0.0,256,1312,2420,169,liboqs,gateway
Dilithium2,verify,28238,0.028238,5.99,0.0,256,1312,2420,170,liboqs,gateway
Dilithium2,verify,28147,0.028147,5.99,0.0,256,1312,2420,171,liboqs,gateway
Dilithium2,verify,27694,0.027694,5.99,0.0,256,1312,2420,172,liboqs,gateway
Dilithium2,verify,29039,0.029039,5.99,0.0,256,1312,2420,173,liboqs,gateway
Dilithium2,verify,28216,0.028216,5.99,0.0,256,1312,2420,174,liboqs,gateway
Dilithium2,verify,28945,0.028945,5.99,0.0,256,1312,2420,175,liboqs,gateway
Dilithium2,verify,28391,0.028391,5.99,0.0,256,1312,2420,176,liboqs,gateway
Dilithium2,verify,30635,0.030635,5.99,0.0,256,1312,2420,177,liboqs,gateway
Dilithium2,verify,28486,0.028486,5.99,0.0,256,1312,2420,178,liboqs,gateway
Dilithium2,verify,29321,0.029321,5.99,0.0,256,1312,2420,179,liboqs,gateway
Dilithium2,verify,28396,0.028396,5.99,0.0,256,1312,2420,180,liboqs,gateway
Dilithium2,verify,28355,0.028355,5.99,0.0,256,1312,2420,181,liboqs,gateway
Dilithium2,verify,29123,0.029123,5.99,0.0,256,1312,2420,182,liboqs,gateway
Dilithium2,verify,27836,0.027836,5.99,0.0,256,1312,2420,183,liboqs,gateway
Dilithium2,verify,28201,0.028201,5.99,0.0,256,1312,2420,184,liboqs,gateway
Dilithium2,verify,28448,0.028448,5.99,0.0,256,1312,2420,185,liboqs,gateway
Dilithium2,verify,29160,0.02916,5.99,0.0,256,1312,2420,186,liboqs,gateway
Dilithium2,verify,27923,0.027923,5.99,0.0,256,1312,2420,187,liboqs,gateway
Dilithium2,verify,28632,0.028632,5.99,0.0,256,1312,2420,188,liboqs,gateway
Dilithium2,verify,31123,0.031123,5.99,0.0,256,1312,2420,189,liboqs,gateway
Dilithium2,verify,30323,0.030323,5.99,0.0,256,1312,2420,190,liboqs,gateway
Dilithium2,verify,28561,0.028561,5.99,0.0,256,1312,2420,191,liboqs,gateway
Dilithium2,verify,28752,0.028752,5.99,0.0,256,1312,2420,192,liboqs,gateway
Dilithium2,verify,29133,0.029133,5.99,0.0,256,1312,2420,193,liboqs,gateway
Dilithium2,verify,29278,0.029278,5.99,0.0,256,1312,2420,194,liboqs,gateway
Dilithium2,verify,30018,0.030018,5.99,0.0,256,1312,2420,195,liboqs,gateway
Dilithium2,verify,29574,0.029574,5.99,0.0,256,1312,2420,196,liboqs,gateway
Dilithium2,verify,29716,0.029716,5.99,0.0,256,1312,2420,197,liboqs,gateway
Dilithium2,verify,29664,0.029664,5.99,0.0,256,1312,2420,198,liboqs,gateway
Dilithium2,verify,33157,0.033157,5.99,0.0,256,1312,2420,199,liboqs,gateway
Dilithium2,verify,29535,0.029535,5.99,0.0,256,1312,2420,200,liboqs,gateway
Dilithium2,verify,31338,0.031338,5.99,0.0,256,1312,2420,201,liboqs,gateway
Dilithium2,verify,28739,0.028739,5.99,0.0,256,1312,2420,202,liboqs,gateway
Dilithium2,verify,28625,0.028625,5.99,0.0,256,1312,2420,203,liboqs,gateway
Dilithium2,verify,29448,0.029448,5.99,0.0,256,1312,2420,204,liboqs,gateway
Dilithium2,verify,29421,0.029421,5.99,0.0,256,1312,2420,205,liboqs,gateway
Dilithium2,verify,29624,0.029624,5.99,0.0,256,1312,2420,206,liboqs,gateway
Dilithium2,verify,37192,0.037192,5.99,0.0,256,1312,2420,207,liboqs,gateway
Dilithium2,verify,38966,0.038966,5.99,0.0,256,1312,2420,208,liboqs,gateway
Dilithium2,verify,31436,0.031436,5.99,0.0,256,1312,2420,209,liboqs,gateway
Dilithium2,verify,30755,0.030755,5.99,0.0,256,1312,2420,210,liboqs,gateway
Dilithium2,verify,30330,0.03033,5.99,0.0,256,1312,2420,211,liboqs,gateway
Dilithium2,verify,28910,0.02891,5.99,0.0,256,1312,2420,212,liboqs,gateway
Dilithium2,verify,29030,0.02903,5.99,0.0,256,1312,2420,213,liboqs,gateway
Dilithium2,verify,28241,0.028241,5.99,0.0,256,1312,2420,214,liboqs,gateway
Dilithium2,verify,28953,0.028953,5.99,0.0,256,1312,2420,215,liboqs,gateway
Dilithium2,verify,29305,0.029305,5.99,0.0,256,1312,2420,216,liboqs,gateway
Dilithium2,verify,28310,0.02831,5.99,0.0,256,1312,2420,217,liboqs,gateway
Dilithium2,verify,28387,0.028387,5.99,0.0,256,1312,2420,218,liboqs,gateway
Dilithium2,verify,37146,0.037146,5.99,0.0,256,1312,2420,219,liboqs,gateway
Dilithium2,verify,35725,0.035725,5.99,0.0,256,1312,2420,220,liboqs,gateway
Dilithium2,verify,31565,0.031565,5.99,0.0,256,1312,2420,221,liboqs,gateway
Dilithium2,verify,28994,0.028994,5.99,0.0,256,1312,2420,222,liboqs,gateway
Dilithium2,verify,28767,0.028767,5.99,0.0,256,1312,2420,223,liboqs,gateway
Dilithium2,verify,28539,0.028539,5.99,0.0,256,1312,2420,224,liboqs,gateway
Dilithium2,verify,29396,0.029396,5.99,0.0,256,1312,2420,225,liboqs,gateway
Dilithium2,verify,28154,0.028154,5.99,0.0,256,1312,2420,226,liboqs,gateway
Dilithium2,verify,27949,0.027949,5.99,0.0,256,1312,2420,227,liboqs,gateway
Dilithium2,verify,28249,0.028249,5.99,0.0,256,1312,2420,228,liboqs,gateway
Dilithium2,verify,28252,0.028252,5.99,0.0,256,1312,2420,229,liboqs,gateway
Dilithium2,verify,29790,0.02979,5.99,0.0,256,1312,2420,230,liboqs,gateway
Dilithium2,verify,28464,0.028464,5.99,0.0,256,1312,2420,231,liboqs,gateway
Dilithium2,verify,28657,0.028657,5.99,0.0,256,1312,2420,232,liboqs,gateway
Dilithium2,verify,28301,0.028301,5.99,0.0,256,1312,2420,233,liboqs,gateway
Dilithium2,verify,29717,0.029717,5.99,0.0,256,1312,2420,234,liboqs,gateway
Dilithium2,verify,28243,0.028243,5.99,0.0,256,1312,2420,235,liboqs,gateway
Dilithium2,verify,27876,0.027876,5.99,0.0,256,1312,2420,236,liboqs,gateway
Dilithium2,verify,27660,0.02766,5.99,0.0,256,1312,2420,237,liboqs,gateway
Dilithium2,verify,27967,0.027967,5.99,0.0,256,1312,2420,238,liboqs,gateway
Dilithium2,verify,29433,0.029433,5.99,0.0,256,1312,2420,239,liboqs,gateway
Dilithium2,verify,28275,0.028275,5.99,0.0,256,1312,2420,240,liboqs,gateway
Dilithium2,verify,27768,0.027768,5.99,0.0,256,1312,2420,241,liboqs,gateway
Dilithium2,verify,27949,0.027949,5.99,0.0,256,1312,2420,242,liboqs,gateway
Dilithium2,verify,30486,0.030486,5.99,0.0,256,1312,2420,243,liboqs,gateway
Dilithium2,verify,28144,0.028144,5.99,0.0,256,1312,2420,244,liboqs,gateway
Dilithium2,verify,27640,0.02764,5.99,0.0,256,1312,2420,245,liboqs,gateway
Dilithium2,verify,27630,0.02763,5.99,0.0,256,1312,2420,246,liboqs,gateway
Dilithium2,verify,27458,0.027458,5.99,0.0,256,1312,2420,247,liboqs,gateway
Dilithium2,verify,28837,0.028837,5.99,0.0,256,1312,2420,248,liboqs,gateway
Dilithium2,verify,28114,0.028114,5.99,0.0,256,1312,2420,249,liboqs,gateway
Dilithium2,verify,28255,0.028255,5.99,0.0,256,1312,2420,250,liboqs,gateway
Dilithium2,verify,29782,0.029782,5.99,0.0,256,1312,2420,251,liboqs,gateway
Dilithium2,verify,28991,0.028991,5.99,0.0,256,1312,2420,252,liboqs,gateway
Dilithium2,verify,27868,0.027868,5.99,0.0,256,1312,2420,253,liboqs,gateway
Dilithium2,verify,27792,0.027792,5.99,0.0,256,1312,2420,254,liboqs,gateway
Dilithium2,verify,27856,0.027856,5.99,0.0,256,1312,2420,255,liboqs,gateway
Dilithium2,verify,28486,0.028486,5.99,0.0,256,1312,2420,256,liboqs,gateway
Dilithium2,verify,28042,0.028042,5.99,0.0,256,1312,2420,257,liboqs,gateway
Dilithium2,verify,28125,0.028125,5.99,0.0,256,1312,2420,258,liboqs,gateway
Dilithium2,verify,28485,0.028485,5.99,0.0,256,1312,2420,259,liboqs,gateway
Dilithium2,verify,29540,0.02954,5.99,0.0,256,1312,2420,260,liboqs,gateway
Dilithium2,verify,28099,0.028099,5.99,0.0,256,1312,2420,261,liboqs,gateway
Dilithium2,verify,29082,0.029082,5.99,0.0,256,1312,2420,262,liboqs,gateway
Dilithium2,verify,28385,0.028385,5.99,0.0,256,1312,2420,263,liboqs,gateway
Dilithium2,verify,50106,0.050106,5.99,0.0,256,1312,2420,264,liboqs,gateway
Dilithium2,verify,35801,0.035801,5.99,0.0,256,1312,2420,265,liboqs,gateway
Dilithium2,verify,29238,0.029238,5.99,0.0,256,1312,2420,266,liboqs,gateway
Dilithium2,verify,28478,0.028478,5.99,0.0,256,1312,2420,267,liboqs,gateway
Dilithium2,verify,28104,0.028104,5.99,0.0,256,1312,2420,268,liboqs,gateway
Dilithium2,verify,29493,0.029493,5.99,0.0,256,1312,2420,269,liboqs,gateway
Dilithium2,verify,28222,0.028222,5.99,0.0,256,1312,2420,270,liboqs,gateway
Dilithium2,verify,28694,0.028694,5.99,0.0,256,1312,2420,271,liboqs,gateway
Dilithium2,verify,28326,0.028326,5.99,0.0,256,1312,2420,272,liboqs,gateway
Dilithium2,verify,30358,0.030358,5.99,0.0,256,1312,2420,273,liboqs,gateway
Dilithium2,verify,28937,0.028937,5.99,0.0,256,1312,2420,274,liboqs,gateway
Dilithium2,verify,39428,0.039428,5.99,0.0,256,1312,2420,275,liboqs,gateway
Dilithium2,verify,32193,0.032193,5.99,0.0,256,1312,2420,276,liboqs,gateway
Dilithium2,verify,29778,0.029778,5.99,0.0,256,1312,2420,277,liboqs,gateway
Dilithium2,verify,29532,0.029532,5.99,0.0,256,1312,2420,278,liboqs,gateway
Dilithium2,verify,29387,0.029387,5.99,0.0,256,1312,2420,279,liboqs,gateway
Dilithium2,verify,29173,0.029173,5.99,0.0,256,1312,2420,280,liboqs,gateway
Dilithium2,verify,28374,0.028374,5.99,0.0,256,1312,2420,281,liboqs,gateway
Dilithium2,verify,28267,0.028267,5.99,0.0,256,1312,2420,282,liboqs,gateway
Dilithium2,verify,29973,0.029973,5.99,0.0,256,1312,2420,283,liboqs,gateway
Dilithium2,verify,28977,0.028977,5.99,0.0,256,1312,2420,284,liboqs,gateway
Dilithium2,verify,28223,0.028223,5.99,0.0,256,1312,2420,285,liboqs,gateway
Dilithium2,verify,28373,0.028373,5.99,0.0,256,1312,2420,286,liboqs,gateway
Dilithium2,verify,28360,0.02836,5.99,0.0,256,1312,2420,287,liboqs,gateway
Dilithium2,verify,29762,0.029762,5.99,0.0,256,1312,2420,288,liboqs,gateway
Dilithium2,verify,29196,0.029196,5.99,0.0,256,1312,2420,289,liboqs,gateway
Dilithium2,verify,28414,0.028414,5.99,0.0,256,1312,2420,290,liboqs,gateway
Dilithium2,verify,28671,0.028671,5.99,0.0,256,1312,2420,291,liboqs,gateway
Dilithium2,verify,29771,0.029771,5.99,0.0,256,1312,2420,292,liboqs,gateway
Dilithium2,verify,28361,0.028361,5.99,0.0,256,1312,2420,293,liboqs,gateway
Dilithium2,verify,28352,0.028352,5.99,0.0,256,1312,2420,294,liboqs,gateway
Dilithium2,verify,29172,0.029172,5.99,0.0,256,1312,2420,295,liboqs,gateway
Dilithium2,verify,28891,0.028891,5.99,0.0,256,1312,2420,296,liboqs,gateway
Dilithium2,verify,28399,0.028399,5.99,0.0,256,1312,2420,297,liboqs,gateway
Dilithium2,verify,29887,0.029887,5.99,0.0,256,1312,2420,298,liboqs,gateway
Dilithium2,verify,27876,0.027876,5.99,0.0,256,1312,2420,299,liboqs,gateway
Dilithium2,verify,28091,0.028091,5.99,0.0,256,1312,2420,300,liboqs,gateway
Dilithium2,verify,29471,0.029471,5.99,0.0,256,1312,2420,301,liboqs,gateway
Dilithium2,verify,28315,0.028315,5.99,0.0,256,1312,2420,302,liboqs,gateway
Dilithium2,verify,28510,0.02851,5.99,0.0,256,1312,2420,303,liboqs,gateway
Dilithium2,verify,28255,0.028255,5.99,0.0,256,1312,2420,304,liboqs,gateway
Dilithium2,verify,30690,0.03069,5.99,0.0,256,1312,2420,305,liboqs,gateway
Dilithium2,verify,30382,0.030382,5.99,0.0,256,1312,2420,306,liboqs,gateway
Dilithium2,verify,29208,0.029208,5.99,0.0,256,1312,2420,307,liboqs,gateway
Dilithium2,verify,28436,0.028436,5.99,0.0,256,1312,2420,308,liboqs,gateway
Dilithium2,verify,28060,0.02806,5.99,0.0,256,1312,2420,309,liboqs,gateway
Dilithium2,verify,29493,0.029493,5.99,0.0,256,1312,2420,310,liboqs,gateway
Dilithium2,verify,28077,0.028077,5.99,0.0,256,1312,2420,311,liboqs,gateway
Dilithium2,verify,27820,0.02782,5.99,0.0,256,1312,2420,312,liboqs,gateway
Dilithium2,verify,28441,0.028441,5.99,0.0,256,1312,2420,313,liboqs,gateway
Dilithium2,verify,29298,0.029298,5.99,0.0,256,1312,2420,314,liboqs,gateway
Dilithium2,verify,28605,0.028605,5.99,0.0,256,1312,2420,315,liboqs,gateway
Dilithium2,verify,29390,0.02939,5.99,0.0,256,1312,2420,316,liboqs,gateway
Dilithium2,verify,28131,0.028131,5.99,0.0,256,1312,2420,317,liboqs,gateway
Dilithium2,verify,28217,0.028217,5.99,0.0,256,1312,2420,318,liboqs,gateway
Dilithium2,verify,29708,0.029708,5.99,0.0,256,1312,2420,319,liboqs,gateway
Dilithium2,verify,28348,0.028348,5.99,0.0,256,1312,2420,320,liboqs,gateway
Dilithium2,verify,27973,0.027973,5.99,0.0,256,1312,2420,321,liboqs,gateway
Dilithium2,verify,27811,0.027811,5.99,0.0,256,1312,2420,322,liboqs,gateway
Dilithium2,verify,29511,0.029511,5.99,0.0,256,1312,2420,323,liboqs,gateway
Dilithium2,verify,27919,0.027919,5.99,0.0,256,1312,2420,324,liboqs,gateway
Dilithium2,verify,27928,0.027928,5.99,0.0,256,1312,2420,325,liboqs,gateway
Dilithium2,verify,27947,0.027947,5.99,0.0,256,1312,2420,326,liboqs,gateway
Dilithium2,verify,29110,0.02911,5.99,0.0,256,1312,2420,327,liboqs,gateway
Dilithium2,verify,28742,0.028742,5.99,0.0,256,1312,2420,328,liboqs,gateway
Dilithium2,verify,28215,0.028215,5.99,0.0,256,1312,2420,329,liboqs,gateway
Dilithium2,verify,27776,0.027776,5.99,0.0,256,1312,2420,330,liboqs,gateway
Dilithium2,verify,35011,0.035011,5.99,0.0,256,1312,2420,331,liboqs,gateway
Dilithium2,verify,39229,0.039229,5.99,0.0,256,1312,2420,332,liboqs,gateway
Dilithium2,verify,31256,0.031256,5.99,0.0,256,1312,2420,333,liboqs,gateway
Dilithium2,verify,29968,0.029968,5.99,0.0,256,1312,2420,334,liboqs,gateway
Dilithium2,verify,28803,0.028803,5.99,0.0,256,1312,2420,335,liboqs,gateway
Dilithium2,verify,28971,0.028971,5.99,0.0,256,1312,2420,336,liboqs,gateway
Dilithium2,verify,29997,0.029997,5.99,0.0,256,1312,2420,337,liboqs,gateway
Dilithium2,verify,28422,0.028422,5.99,0.0,256,1312,2420,338,liboqs,gateway
Dilithium2,verify,28299,0.028299,5.99,0.0,256,1312,2420,339,liboqs,gateway
Dilithium2,verify,28457,0.028457,5.99,0.0,256,1312,2420,340,liboqs,gateway
Dilithium2,verify,28209,0.028209,5.99,0.0,256,1312,2420,341,liboqs,gateway
Dilithium2,verify,29903,0.029903,5.99,0.0,256,1312,2420,342,liboqs,gateway
Dilithium2,verify,28165,0.028165,5.99,0.0,256,1312,2420,343,liboqs,gateway
Dilithium2,verify,27895,0.027895,5.99,0.0,256,1312,2420,344,liboqs,gateway
Dilithium2,verify,29460,0.02946,5.99,0.0,256,1312,2420,345,liboqs,gateway
Dilithium2,verify,28343,0.028343,5.99,0.0,256,1312,2420,346,liboqs,gateway
Dilithium2,verify,29634,0.029634,5.99,0.0,256,1312,2420,347,liboqs,gateway
Dilithium2,verify,28441,0.028441,5.99,0.0,256,1312,2420,348,liboqs,gateway
Dilithium2,verify,28294,0.028294,5.99,0.0,256,1312,2420,349,liboqs,gateway
Dilithium2,verify,29506,0.029506,5.99,0.0,256,1312,2420,350,liboqs,gateway
Dilithium2,verify,28161,0.028161,5.99,0.0,256,1312,2420,351,liboqs,gateway
Dilithium2,verify,27999,0.027999,5.99,0.0,256,1312,2420,352,liboqs,gateway
Dilithium2,verify,28173,0.028173,5.99,0.0,256,1312,2420,353,liboqs,gateway
Dilithium2,verify,28561,0.028561,5.99,0.0,256,1312,2420,354,liboqs,gateway
Dilithium2,verify,29567,0.029567,5.99,0.0,256,1312,2420,355,liboqs,gateway
Dilithium2,verify,27894,0.027894,5.99,0.0,256,1312,2420,356,liboqs,gateway
Dilithium2,verify,28158,0.028158,5.99,0.0,256,1312,2420,357,liboqs,gateway
Dilithium2,verify,29079,0.029079,5.99,0.0,256,1312,2420,358,liboqs,gateway
Dilithium2,verify,28335,0.028335,5.99,0.0,256,1312,2420,359,liboqs,gateway
Dilithium2,verify,28301,0.028301,5.99,0.0,256,1312,2420,360,liboqs,gateway
Dilithium2,verify,28238,0.028238,5.99,0.0,256,1312,2420,361,liboqs,gateway
Dilithium2,verify,28392,0.028392,5.99,0.0,256,1312,2420,362,liboqs,gateway
Dilithium2,verify,29557,0.029557,5.99,0.0,256,1312,2420,363,liboqs,gateway
Dilithium2,verify,28415,0.028415,5.99,0.0,256,1312,2420,364,liboqs,gateway
Dilithium2,verify,28151,0.028151,5.99,0.0,256,1312,2420,365,liboqs,gateway
Dilithium2,verify,28000,0.028,5.99,0.0,256,1312,2420,366,liboqs,gateway
Dilithium2,verify,29275,0.029275,5.99,0.0,256,1312,2420,367,liboqs,gateway
Dilithium2,verify,29253,0.029253,5.99,0.0,256,1312,2420,368,liboqs,gateway
Dilithium2,verify,27954,0.027954,5.99,0.0,256,1312,2420,369,liboqs,gateway
Dilithium2,verify,28393,0.028393,5.99,0.0,256,1312,2420,370,liboqs,gateway
Dilithium2,verify,28073,0.028073,5.99,0.0,256,1312,2420,371,liboqs,gateway
Dilithium2,verify,29655,0.029655,5.99,0.0,256,1312,2420,372,liboqs,gateway
Dilithium2,verify,28517,0.028517,5.99,0.0,256,1312,2420,373,liboqs,gateway
Dilithium2,verify,27646,0.027646,5.99,0.0,256,1312,2420,374,liboqs,gateway
Dilithium2,verify,27900,0.0279,5.99,0.0,256,1312,2420,375,liboqs,gateway
Dilithium2,verify,29350,0.02935,5.99,0.0,256,1312,2420,376,liboqs,gateway
Dilithium2,verify,28078,0.028078,5.99,0.0,256,1312,2420,377,liboqs,gateway
Dilithium2,verify,27998,0.027998,5.99,0.0,256,1312,2420,378,liboqs,gateway
Dilithium2,verify,27776,0.027776,5.99,0.0,256,1312,2420,379,liboqs,gateway
Dilithium2,verify,29384,0.029384,5.99,0.0,256,1312,2420,380,liboqs,gateway
Dilithium2,verify,28837,0.028837,5.99,0.0,256,1312,2420,381,liboqs,gateway
Dilithium2,verify,27811,0.027811,5.99,0.0,256,1312,2420,382,liboqs,gateway
Dilithium2,verify,28210,0.02821,5.99,0.0,256,1312,2420,383,liboqs,gateway
Dilithium2,verify,27790,0.02779,5.99,0.0,256,1312,2420,384,liboqs,gateway
Dilithium2,verify,27837,0.027837,5.99,0.0,256,1312,2420,385,liboqs,gateway
Dilithium2,verify,29309,0.029309,5.99,0.0,256,1312,2420,386,liboqs,gateway
Dilithium2,verify,27910,0.02791,5.99,0.0,256,1312,2420,387,liboqs,gateway
Dilithium2,verify,37213,0.037213,5.99,0.0,256,1312,2420,388,liboqs,gateway
Dilithium2,verify,33917,0.033917,5.99,0.0,256,1312,2420,389,liboqs,gateway
Dilithium2,verify,46029,0.046029,5.99,0.0,256,1312,2420,390,liboqs,gateway
Dilithium2,verify,53472,0.053472,8.2,0.0,256,1312,2420,391,liboqs,gateway
Dilithium2,verify,37248,0.037248,5.99,0.0,256,1312,2420,392,liboqs,gateway
Dilithium2,verify,30752,0.030752,5.99,0.0,256,1312,2420,393,liboqs,gateway
Dilithium2,verify,30961,0.030961,5.99,0.0,256,1312,2420,394,liboqs,gateway
Dilithium2,verify,28788,0.028788,5.99,0.0,256,1312,2420,395,liboqs,gateway
Dilithium2,verify,28452,0.028452,5.99,0.0,256,1312,2420,396,liboqs,gateway
Dilithium2,verify,28240,0.02824,5.99,0.0,256,1312,2420,397,liboqs,gateway
Dilithium2,verify,29987,0.029987,5.99,0.0,256,1312,2420,398,liboqs,gateway
Dilithium2,verify,28307,0.028307,5.99,0.0,256,1312,2420,399,liboqs,gateway
Dilithium2,verify,28445,0.028445,5.99,0.0,256,1312,2420,400,liboqs,gateway
Dilithium2,verify,28737,0.028737,5.99,0.0,256,1312,2420,401,liboqs,gateway
Dilithium2,verify,28572,0.028572,5.99,0.0,256,1312,2420,402,liboqs,gateway
Dilithium2,verify,29388,0.029388,5.99,0.0,256,1312,2420,403,liboqs,gateway
Dilithium2,verify,27745,0.027745,5.99,0.0,256,1312,2420,404,liboqs,gateway
Dilithium2,verify,28455,0.028455,5.99,0.0,256,1312,2420,405,liboqs,gateway
Dilithium2,verify,28036,0.028036,5.99,0.0,256,1312,2420,406,liboqs,gateway
Dilithium2,verify,29131,0.029131,5.99,0.0,256,1312,2420,407,liboqs,gateway
Dilithium2,verify,27965,0.027965,5.99,0.0,256,1312,2420,408,liboqs,gateway
Dilithium2,verify,28067,0.028067,5.99,0.0,256,1312,2420,409,liboqs,gateway
Dilithium2,verify,27989,0.027989,5.99,0.0,256,1312,2420,410,liboqs,gateway
Dilithium2,verify,28611,0.028611,5.99,0.0,256,1312,2420,411,liboqs,gateway
Dilithium2,verify,37175,0.037175,5.99,0.0,256,1312,2420,412,liboqs,gateway
Dilithium2,verify,28543,0.028543,5.99,0.0,256,1312,2420,413,liboqs,gateway
Dilithium2,verify,27901,0.027901,5.99,0.0,256,1312,2420,414,liboqs,gateway
Dilithium2,verify,28100,0.0281,5.99,0.0,256,1312,2420,415,liboqs,gateway
Dilithium2,verify,29488,0.029488,5.99,0.0,256,1312,2420,416,liboqs,gateway
Dilithium2,verify,28090,0.02809,5.99,0.0,256,1312,2420,417,liboqs,gateway
Dilithium2,verify,28232,0.028232,5.99,0.0,256,1312,2420,418,liboqs,gateway
Dilithium2,verify,27587,0.027587,5.99,0.0,256,1312,2420,419,liboqs,gateway
Dilithium2,verify,28041,0.028041,5.99,0.0,256,1312,2420,420,liboqs,gateway
Dilithium2,verify,28916,0.028916,5.99,0.0,256,1312,2420,421,liboqs,gateway
Dilithium2,verify,27732,0.027732,5.99,0.0,256,1312,2420,422,liboqs,gateway
Dilithium2,verify,27643,0.027643,5.99,0.0,256,1312,2420,423,liboqs,gateway
Dilithium2,verify,28046,0.028046,5.99,0.0,256,1312,2420,424,liboqs,gateway
Dilithium2,verify,29558,0.029558,5.99,0.0,256,1312,2420,425,liboqs,gateway
Dilithium2,verify,28103,0.028103,5.99,0.0,256,1312,2420,426,liboqs,gateway
Dilithium2,verify,28403,0.028403,5.99,0.0,256,1312,2420,427,liboqs,gateway
Dilithium2,verify,28387,0.028387,5.99,0.0,256,1312,2420,428,liboqs,gateway
Dilithium2,verify,28014,0.028014,5.99,0.0,256,1312,2420,429,liboqs,gateway
Dilithium2,verify,32560,0.03256,5.99,0.0,256,1312,2420,430,liboqs,gateway
Dilithium2,verify,28141,0.028141,5.99,0.0,256,1312,2420,431,liboqs,gateway
Dilithium2,verify,30077,0.030077,5.99,0.0,256,1312,2420,432,liboqs,gateway
Dilithium2,verify,30249,0.030249,5.99,0.0,256,1312,2420,433,liboqs,gateway
Dilithium2,verify,28441,0.028441,5.99,0.0,256,1312,2420,434,liboqs,gateway
Dilithium2,verify,28270,0.02827,5.99,0.0,256,1312,2420,435,liboqs,gateway
Dilithium2,verify,27919,0.027919,5.99,0.0,256,1312,2420,436,liboqs,gateway
Dilithium2,verify,28284,0.028284,5.99,0.0,256,1312,2420,437,liboqs,gateway
Dilithium2,verify,29315,0.029315,5.99,0.0,256,1312,2420,438,liboqs,gateway
Dilithium2,verify,28297,0.028297,5.99,0.0,256,1312,2420,439,liboqs,gateway
Dilithium2,verify,28512,0.028512,5.99,0.0,256,1312,2420,440,liboqs,gateway
Dilithium2,verify,27940,0.02794,5.99,0.0,256,1312,2420,441,liboqs,gateway
Dilithium2,verify,29316,0.029316,5.99,0.0,256,1312,2420,442,liboqs,gateway
Dilithium2,verify,28028,0.028028,5.99,0.0,256,1312,2420,443,liboqs,gateway
Dilithium2,verify,29447,0.029447,5.99,0.0,256,1312,2420,444,liboqs,gateway
Dilithium2,verify,43415,0.043415,5.99,0.0,256,1312,2420,445,liboqs,gateway
Dilithium2,verify,35245,0.035245,5.99,0.0,256,1312,2420,446,liboqs,gateway
Dilithium2,verify,32104,0.032104,5.99,0.0,256,1312,2420,447,liboqs,gateway
Dilithium2,verify,29329,0.029329,5.99,0.0,256,1312,2420,448,liboqs,gateway
Dilithium2,verify,28572,0.028572,5.99,0.0,256,1312,2420,449,liboqs,gateway
Dilithium2,verify,28804,0.028804,5.99,0.0,256,1312,2420,450,liboqs,gateway
Dilithium2,verify,38705,0.038705,5.99,0.0,256,1312,2420,451,liboqs,gateway
Dilithium2,verify,34445,0.034445,5.99,0.0,256,1312,2420,452,liboqs,gateway
Dilithium2,verify,31037,0.031037,5.99,0.0,256,1312,2420,453,liboqs,gateway
Dilithium2,verify,28919,0.028919,5.99,0.0,256,1312,2420,454,liboqs,gateway
Dilithium2,verify,29078,0.029078,5.99,0.0,256,1312,2420,455,liboqs,gateway
Dilithium2,verify,29937,0.029937,5.99,0.0,256,1312,2420,456,liboqs,gateway
Dilithium2,verify,28469,0.028469,5.99,0.0,256,1312,2420,457,liboqs,gateway
Dilithium2,verify,28608,0.028608,5.99,0.0,256,1312,2420,458,liboqs,gateway
Dilithium2,verify,28482,0.028482,5.99,0.0,256,1312,2420,459,liboqs,gateway
Dilithium2,verify,29921,0.029921,5.99,0.0,256,1312,2420,460,liboqs,gateway
Dilithium2,verify,28112,0.028112,5.99,0.0,256,1312,2420,461,liboqs,gateway
Dilithium2,verify,28164,0.028164,5.99,0.0,256,1312,2420,462,liboqs,gateway
Dilithium2,verify,28224,0.028224,5.99,0.0,256,1312,2420,463,liboqs,gateway
Dilithium2,verify,33387,0.033387,5.99,0.0,256,1312,2420,464,liboqs,gateway
Dilithium2,verify,28281,0.028281,5.99,0.0,256,1312,2420,465,liboqs,gateway
Dilithium2,verify,28924,0.028924,5.99,0.0,256,1312,2420,466,liboqs,gateway
Dilithium2,verify,28060,0.02806,5.99,0.0,256,1312,2420,467,liboqs,gateway
Dilithium2,verify,28215,0.028215,5.99,0.0,256,1312,2420,468,liboqs,gateway
Dilithium2,verify,29874,0.029874,5.99,0.0,256,1312,2420,469,liboqs,gateway
Dilithium2,verify,28946,0.028946,5.99,0.0,256,1312,2420,470,liboqs,gateway
Dilithium2,verify,27785,0.027785,5.99,0.0,256,1312,2420,471,liboqs,gateway
Dilithium2,verify,28174,0.028174,5.99,0.0,256,1312,2420,472,liboqs,gateway
Dilithium2,verify,29344,0.029344,5.99,0.0,256,1312,2420,473,liboqs,gateway
Dilithium2,verify,28024,0.028024,5.99,0.0,256,1312,2420,474,liboqs,gateway
Dilithium2,verify,29377,0.029377,5.99,0.0,256,1312,2420,475,liboqs,gateway
Dilithium2,verify,28933,0.028933,5.99,0.0,256,1312,2420,476,liboqs,gateway
Dilithium2,verify,29856,0.029856,5.99,0.0,256,1312,2420,477,liboqs,gateway
Dilithium2,verify,28708,0.028708,5.99,0.0,256,1312,2420,478,liboqs,gateway
Dilithium2,verify,28240,0.02824,5.99,0.0,256,1312,2420,479,liboqs,gateway
Dilithium2,verify,28387,0.028387,5.99,0.0,256,1312,2420,480,liboqs,gateway
Dilithium2,verify,28104,0.028104,5.99,0.0,256,1312,2420,481,liboqs,gateway
Dilithium2,verify,29931,0.029931,5.99,0.0,256,1312,2420,482,liboqs,gateway
Dilithium2,verify,28295,0.028295,5.99,0.0,256,1312,2420,483,liboqs,gateway
Dilithium2,verify,28452,0.028452,5.99,0.0,256,1312,2420,484,liboqs,gateway
Dilithium2,verify,27813,0.027813,5.99,0.0,256,1312,2420,485,liboqs,gateway
Dilithium2,verify,29181,0.029181,5.99,0.0,256,1312,2420,486,liboqs,gateway
Dilithium2,verify,28228,0.028228,5.99,0.0,256,1312,2420,487,liboqs,gateway
Dilithium2,verify,28443,0.028443,5.99,0.0,256,1312,2420,488,liboqs,gateway
Dilithium2,verify,28089,0.028089,5.99,0.0,256,1312,2420,489,liboqs,gateway
Dilithium2,verify,29574,0.029574,5.99,0.0,256,1312,2420,490,liboqs,gateway
Dilithium2,verify,28419,0.028419,5.99,0.0,256,1312,2420,491,liboqs,gateway
Dilithium2,verify,28204,0.028204,5.99,0.0,256,1312,2420,492,liboqs,gateway
Dilithium2,verify,27829,0.027829,5.99,0.0,256,1312,2420,493,liboqs,gateway
Dilithium2,verify,28209,0.028209,5.99,0.0,256,1312,2420,494,liboqs,gateway
Dilithium2,verify,29767,0.029767,5.99,0.0,256,1312,2420,495,liboqs,gateway
Dilithium2,verify,28656,0.028656,5.99,0.0,256,1312,2420,496,liboqs,gateway
Dilithium2,verify,28200,0.0282,5.99,0.0,256,1312,2420,497,liboqs,gateway
Dilithium2,verify,27879,0.027879,5.99,0.0,256,1312,2420,498,liboqs,gateway
Dilithium2,verify,29416,0.029416,5.99,0.0,256,1312,2420,499,liboqs,gateway
Dilithium2,verify,28039,0.028039,5.99,0.0,256,1312,2420,500,liboqs,gateway
Dilithium2,verify,28335,0.028335,5.99,0.0,256,1312,2420,501,liboqs,gateway
Dilithium2,verify,28278,0.028278,5.99,0.0,256,1312,2420,502,liboqs,gateway
Dilithium2,verify,28156,0.028156,5.99,0.0,256,1312,2420,503,liboqs,gateway
Dilithium2,verify,28316,0.028316,5.99,0.0,256,1312,2420,504,liboqs,gateway
Dilithium2,verify,30018,0.030018,5.99,0.0,256,1312,2420,505,liboqs,gateway
Dilithium2,verify,27986,0.027986,5.99,0.0,256,1312,2420,506,liboqs,gateway
Dilithium2,verify,29016,0.029016,5.99,0.0,256,1312,2420,507,liboqs,gateway
Dilithium2,verify,29816,0.029816,5.99,0.0,256,1312,2420,508,liboqs,gateway
Dilithium2,verify,27606,0.027606,5.99,0.0,256,1312,2420,509,liboqs,gateway
Dilithium2,verify,27952,0.027952,5.99,0.0,256,1312,2420,510,liboqs,gateway
Dilithium2,verify,27761,0.027761,5.99,0.0,256,1312,2420,511,liboqs,gateway
Dilithium2,verify,28019,0.028019,5.99,0.0,256,1312,2420,512,liboqs,gateway
Dilithium2,verify,28889,0.028889,5.99,0.0,256,1312,2420,513,liboqs,gateway
Dilithium2,verify,27734,0.027734,5.99,0.0,256,1312,2420,514,liboqs,gateway
Dilithium2,verify,28218,0.028218,5.99,0.0,256,1312,2420,515,liboqs,gateway
Dilithium2,verify,34668,0.034668,5.99,0.0,256,1312,2420,516,liboqs,gateway
Dilithium2,verify,38761,0.038761,5.99,0.0,256,1312,2420,517,liboqs,gateway
Dilithium2,verify,29920,0.02992,5.99,0.0,256,1312,2420,518,liboqs,gateway
Dilithium2,verify,28957,0.028957,5.99,0.0,256,1312,2420,519,liboqs,gateway
Dilithium2,verify,28981,0.028981,5.99,0.0,256,1312,2420,520,liboqs,gateway
Dilithium2,verify,38704,0.038704,5.99,0.0,256,1312,2420,521,liboqs,gateway
Dilithium2,verify,32083,0.032083,5.99,0.0,256,1312,2420,522,liboqs,gateway
Dilithium2,verify,28640,0.02864,5.99,0.0,256,1312,2420,523,liboqs,gateway
Dilithium2,verify,28693,0.028693,5.99,0.0,256,1312,2420,524,liboqs,gateway
Dilithium2,verify,28215,0.028215,5.99,0.0,256,1312,2420,525,liboqs,gateway
Dilithium2,verify,30121,0.030121,5.99,0.0,256,1312,2420,526,liboqs,gateway
Dilithium2,verify,28447,0.028447,5.99,0.0,256,1312,2420,527,liboqs,gateway
Dilithium2,verify,28253,0.028253,5.99,0.0,256,1312,2420,528,liboqs,gateway
Dilithium2,verify,27721,0.027721,5.99,0.0,256,1312,2420,529,liboqs,gateway
Dilithium2,verify,28087,0.028087,5.99,0.0,256,1312,2420,530,liboqs,gateway
Dilithium2,verify,29353,0.029353,5.99,0.0,256,1312,2420,531,liboqs,gateway
Dilithium2,verify,27784,0.027784,5.99,0.0,256,1312,2420,532,liboqs,gateway
Dilithium2,verify,27701,0.027701,5.99,0.0,256,1312,2420,533,liboqs,gateway
Dilithium2,verify,27569,0.027569,5.99,0.0,256,1312,2420,534,liboqs,gateway
Dilithium2,verify,30048,0.030048,5.99,0.0,256,1312,2420,535,liboqs,gateway
Dilithium2,verify,27814,0.027814,5.99,0.0,256,1312,2420,536,liboqs,gateway
Dilithium2,verify,27822,0.027822,5.99,0.0,256,1312,2420,537,liboqs,gateway
Dilithium2,verify,27947,0.027947,5.99,0.0,256,1312,2420,538,liboqs,gateway
Dilithium2,verify,30281,0.030281,5.99,0.0,256,1312,2420,539,liboqs,gateway
Dilithium2,verify,30086,0.030086,5.99,0.0,256,1312,2420,540,liboqs,gateway
Dilithium2,verify,28935,0.028935,5.99,0.0,256,1312,2420,541,liboqs,gateway
Dilithium2,verify,28345,0.028345,5.99,0.0,256,1312,2420,542,liboqs,gateway
Dilithium2,verify,29103,0.029103,5.99,0.0,256,1312,2420,543,liboqs,gateway
Dilithium2,verify,27840,0.02784,5.99,0.0,256,1312,2420,544,liboqs,gateway
Dilithium2,verify,27768,0.027768,5.99,0.0,256,1312,2420,545,liboqs,gateway
Dilithium2,verify,27761,0.027761,5.99,0.0,256,1312,2420,546,liboqs,gateway
Dilithium2,verify,27423,0.027423,5.99,0.0,256,1312,2420,547,liboqs,gateway
Dilithium2,verify,29033,0.029033,5.99,0.0,256,1312,2420,548,liboqs,gateway
Dilithium2,verify,79888,0.079888,5.99,0.0,256,1312,2420,549,liboqs,gateway
Dilithium2,verify,82038,0.082038,5.99,0.0,256,1312,2420,550,liboqs,gateway
Dilithium2,verify,45893,0.045893,5.99,0.0,256,1312,2420,551,liboqs,gateway
Dilithium2,verify,49027,0.049027,5.99,0.0,256,1312,2420,552,liboqs,gateway
Dilithium2,verify,30774,0.030774,5.99,0.0,256,1312,2420,553,liboqs,gateway
Dilithium2,verify,29485,0.029485,5.99,0.0,256,1312,2420,554,liboqs,gateway
Dilithium2,verify,29907,0.029907,5.99,0.0,256,1312,2420,555,liboqs,gateway
Dilithium2,verify,29863,0.029863,5.99,0.0,256,1312,2420,556,liboqs,gateway
Dilithium2,verify,30557,0.030557,5.99,0.0,256,1312,2420,557,liboqs,gateway
Dilithium2,verify,28749,0.028749,5.99,0.0,256,1312,2420,558,liboqs,gateway
Dilithium2,verify,28778,0.028778,5.99,0.0,256,1312,2420,559,liboqs,gateway
Dilithium2,verify,30998,0.030998,5.99,0.0,256,1312,2420,560,liboqs,gateway
Dilithium2,verify,30841,0.030841,5.99,0.0,256,1312,2420,561,liboqs,gateway
Dilithium2,verify,29458,0.029458,5.99,0.0,256,1312,2420,562,liboqs,gateway
Dilithium2,verify,29185,0.029185,5.99,0.0,256,1312,2420,563,liboqs,gateway
Dilithium2,verify,28982,0.028982,5.99,0.0,256,1312,2420,564,liboqs,gateway
Dilithium2,verify,28721,0.028721,5.99,0.0,256,1312,2420,565,liboqs,gateway
Dilithium2,verify,28636,0.028636,5.99,0.0,256,1312,2420,566,liboqs,gateway
Dilithium2,verify,28415,0.028415,5.99,0.0,256,1312,2420,567,liboqs,gateway
Dilithium2,verify,28457,0.028457,5.99,0.0,256,1312,2420,568,liboqs,gateway
Dilithium2,verify,28051,0.028051,5.99,0.0,256,1312,2420,569,liboqs,gateway
Dilithium2,verify,28326,0.028326,5.99,0.0,256,1312,2420,570,liboqs,gateway
Dilithium2,verify,29842,0.029842,5.99,0.0,256,1312,2420,571,liboqs,gateway
Dilithium2,verify,29096,0.029096,5.99,0.0,256,1312,2420,572,liboqs,gateway
Dilithium2,verify,28820,0.02882,5.99,0.0,256,1312,2420,573,liboqs,gateway
Dilithium2,verify,28206,0.028206,5.99,0.0,256,1312,2420,574,liboqs,gateway
Dilithium2,verify,28210,0.02821,5.99,0.0,256,1312,2420,575,liboqs,gateway
Dilithium2,verify,28299,0.028299,5.99,0.0,256,1312,2420,576,liboqs,gateway
Dilithium2,verify,28242,0.028242,5.99,0.0,256,1312,2420,577,liboqs,gateway
Dilithium2,verify,28099,0.028099,5.99,0.0,256,1312,2420,578,liboqs,gateway
Dilithium2,verify,28400,0.0284,5.99,0.0,256,1312,2420,579,liboqs,gateway
Dilithium2,verify,28459,0.028459,5.99,0.0,256,1312,2420,580,liboqs,gateway
Dilithium2,verify,28099,0.028099,5.99,0.0,256,1312,2420,581,liboqs,gateway
Dilithium2,verify,28558,0.028558,5.99,0.0,256,1312,2420,582,liboqs,gateway
Dilithium2,verify,29372,0.029372,5.99,0.0,256,1312,2420,583,liboqs,gateway
Dilithium2,verify,29005,0.029005,5.99,0.0,256,1312,2420,584,liboqs,gateway
Dilithium2,verify,30079,0.030079,5.99,0.0,256,1312,2420,585,liboqs,gateway
Dilithium2,verify,28559,0.028559,5.99,0.0,256,1312,2420,586,liboqs,gateway
Dilithium2,verify,28229,0.028229,5.99,0.0,256,1312,2420,587,liboqs,gateway
Dilithium2,verify,29017,0.029017,5.99,0.0,256,1312,2420,588,liboqs,gateway
Dilithium2,verify,29477,0.029477,5.99,0.0,256,1312,2420,589,liboqs,gateway
Dilithium2,verify,27945,0.027945,5.99,0.0,256,1312,2420,590,liboqs,gateway
Dilithium2,verify,28401,0.028401,5.99,0.0,256,1312,2420,591,liboqs,gateway
Dilithium2,verify,28412,0.028412,5.99,0.0,256,1312,2420,592,liboqs,gateway
Dilithium2,verify,28658,0.028658,5.99,0.0,256,1312,2420,593,liboqs,gateway
Dilithium2,verify,29943,0.029943,5.99,0.0,256,1312,2420,594,liboqs,gateway
Dilithium2,verify,28127,0.028127,5.99,0.0,256,1312,2420,595,liboqs,gateway
Dilithium2,verify,28836,0.028836,5.99,0.0,256,1312,2420,596,liboqs,gateway
Dilithium2,verify,29555,0.029555,5.99,0.0,256,1312,2420,597,liboqs,gateway
Dilithium2,verify,28088,0.028088,5.99,0.0,256,1312,2420,598,liboqs,gateway
Dilithium2,verify,37812,0.037812,5.99,0.0,256,1312,2420,599,liboqs,gateway
Dilithium2,verify,37421,0.037421,5.99,0.0,256,1312,2420,600,liboqs,gateway
Dilithium2,verify,30586,0.030586,5.99,0.0,256,1312,2420,601,liboqs,gateway
Dilithium2,verify,30578,0.030578,5.99,0.0,256,1312,2420,602,liboqs,gateway
Dilithium2,verify,144395,0.144395,5.99,0.0,256,1312,2420,603,liboqs,gateway
Dilithium2,verify,111423,0.111423,5.99,0.0,256,1312,2420,604,liboqs,gateway
Dilithium2,verify,33102,0.033102,5.99,0.0,256,1312,2420,605,liboqs,gateway
Dilithium2,verify,34006,0.034006,5.99,0.0,256,1312,2420,606,liboqs,gateway
Dilithium2,verify,29113,0.029113,5.99,0.0,256,1312,2420,607,liboqs,gateway
Dilithium2,verify,29474,0.029474,5.99,0.0,256,1312,2420,608,liboqs,gateway
Dilithium2,verify,28208,0.028208,5.99,0.0,256,1312,2420,609,liboqs,gateway
Dilithium2,verify,28382,0.028382,5.99,0.0,256,1312,2420,610,liboqs,gateway
Dilithium2,verify,30376,0.030376,5.99,0.0,256,1312,2420,611,liboqs,gateway
Dilithium2,verify,28743,0.028743,5.99,0.0,256,1312,2420,612,liboqs,gateway
Dilithium2,verify,28504,0.028504,5.99,0.0,256,1312,2420,613,liboqs,gateway
Dilithium2,verify,28485,0.028485,5.99,0.0,256,1312,2420,614,liboqs,gateway
Dilithium2,verify,30033,0.030033,5.99,0.0,256,1312,2420,615,liboqs,gateway
Dilithium2,verify,28146,0.028146,5.99,0.0,256,1312,2420,616,liboqs,gateway
Dilithium2,verify,28028,0.028028,5.99,0.0,256,1312,2420,617,liboqs,gateway
Dilithium2,verify,28472,0.028472,5.99,0.0,256,1312,2420,618,liboqs,gateway
Dilithium2,verify,31169,0.031169,5.99,0.0,256,1312,2420,619,liboqs,gateway
Dilithium2,verify,28329,0.028329,5.99,0.0,256,1312,2420,620,liboqs,gateway
Dilithium2,verify,28408,0.028408,5.99,0.0,256,1312,2420,621,liboqs,gateway
Dilithium2,verify,28105,0.028105,5.99,0.0,256,1312,2420,622,liboqs,gateway
Dilithium2,verify,29839,0.029839,5.99,0.0,256,1312,2420,623,liboqs,gateway
Dilithium2,verify,30156,0.030156,5.99,0.0,256,1312,2420,624,liboqs,gateway
Dilithium2,verify,28548,0.028548,5.99,0.0,256,1312,2420,625,liboqs,gateway
Dilithium2,verify,28313,0.028313,5.99,0.0,256,1312,2420,626,liboqs,gateway
Dilithium2,verify,28328,0.028328,5.99,0.0,256,1312,2420,627,liboqs,gateway
Dilithium2,verify,29844,0.029844,5.99,0.0,256,1312,2420,628,liboqs,gateway
Dilithium2,verify,40590,0.04059,5.99,0.0,256,1312,2420,629,liboqs,gateway
Dilithium2,verify,68740,0.06874,5.99,0.0,256,1312,2420,630,liboqs,gateway
Dilithium2,verify,79271,0.079271,5.99,0.0,256,1312,2420,631,liboqs,gateway
Dilithium2,verify,46577,0.046577,5.99,0.0,256,1312,2420,632,liboqs,gateway
Dilithium2,verify,32505,0.032505,5.99,0.0,256,1312,2420,633,liboqs,gateway
Dilithium2,verify,45923,0.045923,5.99,0.0,256,1312,2420,634,liboqs,gateway
Dilithium2,verify,43031,0.043031,5.99,0.0,256,1312,2420,635,liboqs,gateway
Dilithium2,verify,36029,0.036029,5.99,0.0,256,1312,2420,636,liboqs,gateway
Dilithium2,verify,33721,0.033721,5.99,0.0,256,1312,2420,637,liboqs,gateway
Dilithium2,verify,30425,0.030425,5.99,0.0,256,1312,2420,638,liboqs,gateway
Dilithium2,verify,29830,0.02983,5.99,0.0,256,1312,2420,639,liboqs,gateway
Dilithium2,verify,29828,0.029828,5.99,0.0,256,1312,2420,640,liboqs,gateway
Dilithium2,verify,29923,0.029923,5.99,0.0,256,1312,2420,641,liboqs,gateway
Dilithium2,verify,30745,0.030745,5.99,0.0,256,1312,2420,642,liboqs,gateway
Dilithium2,verify,28953,0.028953,5.99,0.0,256,1312,2420,643,liboqs,gateway
Dilithium2,verify,28976,0.028976,5.99,0.0,256,1312,2420,644,liboqs,gateway
Dilithium2,verify,30694,0.030694,5.99,0.0,256,1312,2420,645,liboqs,gateway
Dilithium2,verify,29428,0.029428,5.99,0.0,256,1312,2420,646,liboqs,gateway
Dilithium2,verify,30219,0.030219,5.99,0.0,256,1312,2420,647,liboqs,gateway
Dilithium2,verify,28303,0.028303,5.99,0.0,256,1312,2420,648,liboqs,gateway
Dilithium2,verify,28440,0.02844,5.99,0.0,256,1312,2420,649,liboqs,gateway
Dilithium2,verify,29825,0.029825,5.99,0.0,256,1312,2420,650,liboqs,gateway
Dilithium2,verify,28432,0.028432,5.99,0.0,256,1312,2420,651,liboqs,gateway
Dilithium2,verify,28626,0.028626,5.99,0.0,256,1312,2420,652,liboqs,gateway
Dilithium2,verify,28299,0.028299,5.99,0.0,256,1312,2420,653,liboqs,gateway
Dilithium2,verify,28693,0.028693,5.99,0.0,256,1312,2420,654,liboqs,gateway
Dilithium2,verify,29280,0.02928,5.99,0.0,256,1312,2420,655,liboqs,gateway
Dilithium2,verify,28516,0.028516,5.99,0.0,256,1312,2420,656,liboqs,gateway
Dilithium2,verify,28513,0.028513,5.99,0.0,256,1312,2420,657,liboqs,gateway
Dilithium2,verify,28126,0.028126,5.99,0.0,256,1312,2420,658,liboqs,gateway
Dilithium2,verify,28111,0.028111,5.99,0.0,256,1312,2420,659,liboqs,gateway
Dilithium2,verify,33389,0.033389,5.99,0.0,256,1312,2420,660,liboqs,gateway
Dilithium2,verify,28382,0.028382,5.99,0.0,256,1312,2420,661,liboqs,gateway
Dilithium2,verify,28199,0.028199,5.99,0.0,256,1312,2420,662,liboqs,gateway
Dilithium2,verify,30563,0.030563,5.99,0.0,256,1312,2420,663,liboqs,gateway
Dilithium2,verify,27651,0.027651,5.99,0.0,256,1312,2420,664,liboqs,gateway
Dilithium2,verify,27843,0.027843,5.99,0.0,256,1312,2420,665,liboqs,gateway
Dilithium2,verify,27964,0.027964,5.99,0.0,256,1312,2420,666,liboqs,gateway
Dilithium2,verify,27814,0.027814,5.99,0.0,256,1312,2420,667,liboqs,gateway
Dilithium2,verify,29880,0.02988,5.99,0.0,256,1312,2420,668,liboqs,gateway
Dilithium2,verify,28072,0.028072,5.99,0.0,256,1312,2420,669,liboqs,gateway
Dilithium2,verify,28448,0.028448,5.99,0.0,256,1312,2420,670,liboqs,gateway
Dilithium2,verify,27970,0.02797,5.99,0.0,256,1312,2420,671,liboqs,gateway
Dilithium2,verify,29103,0.029103,5.99,0.0,256,1312,2420,672,liboqs,gateway
Dilithium2,verify,27915,0.027915,5.99,0.0,256,1312,2420,673,liboqs,gateway
Dilithium2,verify,27849,0.027849,5.99,0.0,256,1312,2420,674,liboqs,gateway
Dilithium2,verify,28224,0.028224,5.99,0.0,256,1312,2420,675,liboqs,gateway
Dilithium2,verify,27672,0.027672,5.99,0.0,256,1312,2420,676,liboqs,gateway
Dilithium2,verify,28964,0.028964,5.99,0.0,256,1312,2420,677,liboqs,gateway
Dilithium2,verify,28055,0.028055,5.99,0.0,256,1312,2420,678,liboqs,gateway
Dilithium2,verify,27665,0.027665,5.99,0.0,256,1312,2420,679,liboqs,gateway
Dilithium2,verify,27834,0.027834,5.99,0.0,256,1312,2420,680,liboqs,gateway
Dilithium2,verify,28733,0.028733,5.99,0.0,256,1312,2420,681,liboqs,gateway
Dilithium2,verify,27672,0.027672,5.99,0.0,256,1312,2420,682,liboqs,gateway
Dilithium2,verify,37477,0.037477,5.99,0.0,256,1312,2420,683,liboqs,gateway
Dilithium2,verify,34364,0.034364,5.99,0.0,256,1312,2420,684,liboqs,gateway
Dilithium2,verify,29592,0.029592,5.99,0.0,256,1312,2420,685,liboqs,gateway
Dilithium2,verify,30225,0.030225,5.99,0.0,256,1312,2420,686,liboqs,gateway
Dilithium2,verify,29669,0.029669,5.99,0.0,256,1312,2420,687,liboqs,gateway
Dilithium2,verify,28559,0.028559,5.99,0.0,256,1312,2420,688,liboqs,gateway
Dilithium2,verify,27932,0.027932,5.99,0.0,256,1312,2420,689,liboqs,gateway
Dilithium2,verify,28213,0.028213,5.99,0.0,256,1312,2420,690,liboqs,gateway
Dilithium2,verify,29474,0.029474,5.99,0.0,256,1312,2420,691,liboqs,gateway
Dilithium2,verify,28608,0.028608,5.99,0.0,256,1312,2420,692,liboqs,gateway
Dilithium2,verify,27984,0.027984,5.99,0.0,256,1312,2420,693,liboqs,gateway
Dilithium2,verify,28121,0.028121,5.99,0.0,256,1312,2420,694,liboqs,gateway
Dilithium2,verify,28950,0.02895,5.99,0.0,256,1312,2420,695,liboqs,gateway
Dilithium2,verify,27868,0.027868,5.99,0.0,256,1312,2420,696,liboqs,gateway
Dilithium2,verify,27874,0.027874,5.99,0.0,256,1312,2420,697,liboqs,gateway
Dilithium2,verify,28944,0.028944,5.99,0.0,256,1312,2420,698,liboqs,gateway
Dilithium2,verify,29109,0.029109,5.99,0.0,256,1312,2420,699,liboqs,gateway
Dilithium2,verify,28364,0.028364,5.99,0.0,256,1312,2420,700,liboqs,gateway
Dilithium2,verify,28154,0.028154,5.99,0.0,256,1312,2420,701,liboqs,gateway
Dilithium2,verify,27979,0.027979,5.99,0.0,256,1312,2420,702,liboqs,gateway
Dilithium2,verify,29323,0.029323,5.99,0.0,256,1312,2420,703,liboqs,gateway
Dilithium2,verify,27744,0.027744,5.99,0.0,256,1312,2420,704,liboqs,gateway
Dilithium2,verify,28035,0.028035,5.99,0.0,256,1312,2420,705,liboqs,gateway
Dilithium2,verify,27888,0.027888,5.99,0.0,256,1312,2420,706,liboqs,gateway
Dilithium2,verify,28208,0.028208,5.99,0.0,256,1312,2420,707,liboqs,gateway
Dilithium2,verify,30904,0.030904,5.99,0.0,256,1312,2420,708,liboqs,gateway
Dilithium2,verify,27474,0.027474,5.99,0.0,256,1312,2420,709,liboqs,gateway
Dilithium2,verify,28478,0.028478,5.99,0.0,256,1312,2420,710,liboqs,gateway
Dilithium2,verify,27996,0.027996,5.99,0.0,256,1312,2420,711,liboqs,gateway
Dilithium2,verify,28892,0.028892,5.99,0.0,256,1312,2420,712,liboqs,gateway
Dilithium2,verify,27539,0.027539,5.99,0.0,256,1312,2420,713,liboqs,gateway
Dilithium2,verify,27505,0.027505,5.99,0.0,256,1312,2420,714,liboqs,gateway
Dilithium2,verify,27664,0.027664,5.99,0.0,256,1312,2420,715,liboqs,gateway
Dilithium2,verify,28056,0.028056,5.99,0.0,256,1312,2420,716,liboqs,gateway
Dilithium2,verify,29395,0.029395,5.99,0.0,256,1312,2420,717,liboqs,gateway
Dilithium2,verify,27982,0.027982,5.99,0.0,256,1312,2420,718,liboqs,gateway
Dilithium2,verify,27709,0.027709,5.99,0.0,256,1312,2420,719,liboqs,gateway
Dilithium2,verify,27752,0.027752,5.99,0.0,256,1312,2420,720,liboqs,gateway
Dilithium2,verify,29036,0.029036,5.99,0.0,256,1312,2420,721,liboqs,gateway
Dilithium2,verify,27970,0.02797,5.99,0.0,256,1312,2420,722,liboqs,gateway
Dilithium2,verify,27669,0.027669,5.99,0.0,256,1312,2420,723,liboqs,gateway
Dilithium2,verify,27558,0.027558,5.99,0.0,256,1312,2420,724,liboqs,gateway
Dilithium2,verify,27478,0.027478,5.99,0.0,256,1312,2420,725,liboqs,gateway
Dilithium2,verify,49179,0.049179,5.99,0.0,256,1312,2420,726,liboqs,gateway
Dilithium2,verify,35691,0.035691,5.99,0.0,256,1312,2420,727,liboqs,gateway
Dilithium2,verify,30733,0.030733,5.99,0.0,256,1312,2420,728,liboqs,gateway
Dilithium2,verify,28970,0.02897,5.99,0.0,256,1312,2420,729,liboqs,gateway
Dilithium2,verify,31546,0.031546,5.99,0.0,256,1312,2420,730,liboqs,gateway
Dilithium2,verify,28399,0.028399,5.99,0.0,256,1312,2420,731,liboqs,gateway
Dilithium2,verify,43873,0.043873,5.99,0.0,256,1312,2420,732,liboqs,gateway
Dilithium2,verify,56876,0.056876,8.2,0.0,256,1312,2420,733,liboqs,gateway
Dilithium2,verify,29972,0.029972,5.99,0.0,256,1312,2420,734,liboqs,gateway
Dilithium2,verify,29391,0.029391,5.99,0.0,256,1312,2420,735,liboqs,gateway
Dilithium2,verify,29334,0.029334,5.99,0.0,256,1312,2420,736,liboqs,gateway
Dilithium2,verify,28771,0.028771,5.99,0.0,256,1312,2420,737,liboqs,gateway
Dilithium2,verify,41111,0.041111,5.99,0.0,256,1312,2420,738,liboqs,gateway
Dilithium2,verify,33431,0.033431,5.99,0.0,256,1312,2420,739,liboqs,gateway
Dilithium2,verify,29738,0.029738,5.99,0.0,256,1312,2420,740,liboqs,gateway
Dilithium2,verify,29009,0.029009,5.99,0.0,256,1312,2420,741,liboqs,gateway
Dilithium2,verify,28875,0.028875,5.99,0.0,256,1312,2420,742,liboqs,gateway
Dilithium2,verify,29570,0.02957,5.99,0.0,256,1312,2420,743,liboqs,gateway
Dilithium2,verify,28686,0.028686,5.99,0.0,256,1312,2420,744,liboqs,gateway
Dilithium2,verify,28343,0.028343,5.99,0.0,256,1312,2420,745,liboqs,gateway
Dilithium2,verify,27882,0.027882,5.99,0.0,256,1312,2420,746,liboqs,gateway
Dilithium2,verify,29550,0.02955,5.99,0.0,256,1312,2420,747,liboqs,gateway
Dilithium2,verify,28587,0.028587,5.99,0.0,256,1312,2420,748,liboqs,gateway
Dilithium2,verify,28354,0.028354,5.99,0.0,256,1312,2420,749,liboqs,gateway
Dilithium2,verify,28358,0.028358,5.99,0.0,256,1312,2420,750,liboqs,gateway
Dilithium2,verify,28004,0.028004,5.99,0.0,256,1312,2420,751,liboqs,gateway
Dilithium2,verify,30202,0.030202,5.99,0.0,256,1312,2420,752,liboqs,gateway
Dilithium2,verify,28652,0.028652,5.99,0.0,256,1312,2420,753,liboqs,gateway
Dilithium2,verify,28795,0.028795,5.99,0.0,256,1312,2420,754,liboqs,gateway
Dilithium2,verify,28730,0.02873,5.99,0.0,256,1312,2420,755,liboqs,gateway
Dilithium2,verify,30402,0.030402,5.99,0.0,256,1312,2420,756,liboqs,gateway
Dilithium2,verify,29520,0.02952,5.99,0.0,256,1312,2420,757,liboqs,gateway
Dilithium2,verify,29130,0.02913,5.99,0.0,256,1312,2420,758,liboqs,gateway
Dilithium2,verify,28724,0.028724,5.99,0.0,256,1312,2420,759,liboqs,gateway
Dilithium2,verify,37336,0.037336,5.99,0.0,256,1312,2420,760,liboqs,gateway
Dilithium2,verify,31013,0.031013,5.99,0.0,256,1312,2420,761,liboqs,gateway
Dilithium2,verify,31523,0.031523,5.99,0.0,256,1312,2420,762,liboqs,gateway
Dilithium2,verify,30199,0.030199,5.99,0.0,256,1312,2420,763,liboqs,gateway
Dilithium2,verify,28817,0.028817,5.99,0.0,256,1312,2420,764,liboqs,gateway
Dilithium2,verify,30585,0.030585,5.99,0.0,256,1312,2420,765,liboqs,gateway
Dilithium2,verify,29356,0.029356,5.99,0.0,256,1312,2420,766,liboqs,gateway
Dilithium2,verify,28266,0.028266,5.99,0.0,256,1312,2420,767,liboqs,gateway
Dilithium2,verify,28438,0.028438,5.99,0.0,256,1312,2420,768,liboqs,gateway
Dilithium2,verify,28830,0.02883,5.99,0.0,256,1312,2420,769,liboqs,gateway
Dilithium2,verify,27990,0.02799,5.99,0.0,256,1312,2420,770,liboqs,gateway
Dilithium2,verify,28015,0.028015,5.99,0.0,256,1312,2420,771,liboqs,gateway
Dilithium2,verify,29005,0.029005,5.99,0.0,256,1312,2420,772,liboqs,gateway
Dilithium2,verify,28443,0.028443,5.99,0.0,256,1312,2420,773,liboqs,gateway
Dilithium2,verify,30048,0.030048,5.99,0.0,256,1312,2420,774,liboqs,gateway
Dilithium2,verify,28237,0.028237,5.99,0.0,256,1312,2420,775,liboqs,gateway
Dilithium2,verify,28236,0.028236,5.99,0.0,256,1312,2420,776,liboqs,gateway
Dilithium2,verify,27789,0.027789,5.99,0.0,256,1312,2420,777,liboqs,gateway
Dilithium2,verify,29312,0.029312,5.99,0.0,256,1312,2420,778,liboqs,gateway
Dilithium2,verify,28241,0.028241,5.99,0.0,256,1312,2420,779,liboqs,gateway
Dilithium2,verify,28295,0.028295,5.99,0.0,256,1312,2420,780,liboqs,gateway
Dilithium2,verify,27999,0.027999,5.99,0.0,256,1312,2420,781,liboqs,gateway
Dilithium2,verify,29300,0.0293,5.99,0.0,256,1312,2420,782,liboqs,gateway
Dilithium2,verify,27940,0.02794,5.99,0.0,256,1312,2420,783,liboqs,gateway
Dilithium2,verify,27889,0.027889,5.99,0.0,256,1312,2420,784,liboqs,gateway
Dilithium2,verify,28072,0.028072,5.99,0.0,256,1312,2420,785,liboqs,gateway
Dilithium2,verify,28691,0.028691,5.99,0.0,256,1312,2420,786,liboqs,gateway
Dilithium2,verify,29442,0.029442,5.99,0.0,256,1312,2420,787,liboqs,gateway
Dilithium2,verify,28278,0.028278,5.99,0.0,256,1312,2420,788,liboqs,gateway
Dilithium2,verify,28408,0.028408,5.99,0.0,256,1312,2420,789,liboqs,gateway
Dilithium2,verify,28111,0.028111,5.99,0.0,256,1312,2420,790,liboqs,gateway
Dilithium2,verify,29370,0.02937,5.99,0.0,256,1312,2420,791,liboqs,gateway
Dilithium2,verify,27819,0.027819,5.99,0.0,256,1312,2420,792,liboqs,gateway
Dilithium2,verify,29222,0.029222,5.99,0.0,256,1312,2420,793,liboqs,gateway
Dilithium2,verify,37949,0.037949,5.99,0.0,256,1312,2420,794,liboqs,gateway
Dilithium2,verify,32729,0.032729,5.99,0.0,256,1312,2420,795,liboqs,gateway
Dilithium2,verify,31451,0.031451,5.99,0.0,256,1312,2420,796,liboqs,gateway
Dilithium2,verify,29971,0.029971,5.99,0.0,256,1312,2420,797,liboqs,gateway
Dilithium2,verify,29386,0.029386,5.99,0.0,256,1312,2420,798,liboqs,gateway
Dilithium2,verify,28999,0.028999,5.99,0.0,256,1312,2420,799,liboqs,gateway
Dilithium2,verify,29685,0.029685,5.99,0.0,256,1312,2420,800,liboqs,gateway
Dilithium2,verify,28140,0.02814,5.99,0.0,256,1312,2420,801,liboqs,gateway
Dilithium2,verify,28667,0.028667,5.99,0.0,256,1312,2420,802,liboqs,gateway
Dilithium2,verify,28077,0.028077,5.99,0.0,256,1312,2420,803,liboqs,gateway
Dilithium2,verify,30239,0.030239,5.99,0.0,256,1312,2420,804,liboqs,gateway
Dilithium2,verify,28041,0.028041,5.99,0.0,256,1312,2420,805,liboqs,gateway
Dilithium2,verify,28342,0.028342,5.99,0.0,256,1312,2420,806,liboqs,gateway
Dilithium2,verify,28098,0.028098,5.99,0.0,256,1312,2420,807,liboqs,gateway
Dilithium2,verify,28049,0.028049,5.99,0.0,256,1312,2420,808,liboqs,gateway
Dilithium2,verify,28749,0.028749,5.99,0.0,256,1312,2420,809,liboqs,gateway
Dilithium2,verify,27836,0.027836,5.99,0.0,256,1312,2420,810,liboqs,gateway
Dilithium2,verify,27725,0.027725,5.99,0.0,256,1312,2420,811,liboqs,gateway
Dilithium2,verify,27996,0.027996,5.99,0.0,256,1312,2420,812,liboqs,gateway
Dilithium2,verify,29215,0.029215,5.99,0.0,256,1312,2420,813,liboqs,gateway
Dilithium2,verify,27820,0.02782,5.99,0.0,256,1312,2420,814,liboqs,gateway
Dilithium2,verify,29301,0.029301,5.99,0.0,256,1312,2420,815,liboqs,gateway
Dilithium2,verify,28411,0.028411,5.99,0.0,256,1312,2420,816,liboqs,gateway
Dilithium2,verify,27936,0.027936,5.99,0.0,256,1312,2420,817,liboqs,gateway
Dilithium2,verify,29274,0.029274,5.99,0.0,256,1312,2420,818,liboqs,gateway
Dilithium2,verify,27538,0.027538,5.99,0.0,256,1312,2420,819,liboqs,gateway
Dilithium2,verify,27562,0.027562,5.99,0.0,256,1312,2420,820,liboqs,gateway
Dilithium2,verify,27844,0.027844,5.99,0.0,256,1312,2420,821,liboqs,gateway
Dilithium2,verify,29449,0.029449,5.99,0.0,256,1312,2420,822,liboqs,gateway
Dilithium2,verify,27929,0.027929,5.99,0.0,256,1312,2420,823,liboqs,gateway
Dilithium2,verify,27813,0.027813,5.99,0.0,256,1312,2420,824,liboqs,gateway
Dilithium2,verify,27737,0.027737,5.99,0.0,256,1312,2420,825,liboqs,gateway
Dilithium2,verify,29061,0.029061,5.99,0.0,256,1312,2420,826,liboqs,gateway
Dilithium2,verify,28949,0.028949,5.99,0.0,256,1312,2420,827,liboqs,gateway
Dilithium2,verify,28340,0.02834,5.99,0.0,256,1312,2420,828,liboqs,gateway
Dilithium2,verify,28145,0.028145,5.99,0.0,256,1312,2420,829,liboqs,gateway
Dilithium2,verify,29629,0.029629,5.99,0.0,256,1312,2420,830,liboqs,gateway
Dilithium2,verify,27456,0.027456,5.99,0.0,256,1312,2420,831,liboqs,gateway
Dilithium2,verify,28013,0.028013,5.99,0.0,256,1312,2420,832,liboqs,gateway
Dilithium2,verify,28427,0.028427,5.99,0.0,256,1312,2420,833,liboqs,gateway
Dilithium2,verify,41467,0.041467,5.99,0.0,256,1312,2420,834,liboqs,gateway
Dilithium2,verify,39569,0.039569,5.99,0.0,256,1312,2420,835,liboqs,gateway
Dilithium2,verify,31495,0.031495,5.99,0.0,256,1312,2420,836,liboqs,gateway
Dilithium2,verify,29600,0.0296,5.99,0.0,256,1312,2420,837,liboqs,gateway
Dilithium2,verify,28937,0.028937,5.99,0.0,256,1312,2420,838,liboqs,gateway
Dilithium2,verify,29824,0.029824,5.99,0.0,256,1312,2420,839,liboqs,gateway
Dilithium2,verify,29302,0.029302,5.99,0.0,256,1312,2420,840,liboqs,gateway
Dilithium2,verify,28608,0.028608,5.99,0.0,256,1312,2420,841,liboqs,gateway
Dilithium2,verify,29647,0.029647,5.99,0.0,256,1312,2420,842,liboqs,gateway
Dilithium2,verify,28312,0.028312,5.99,0.0,256,1312,2420,843,liboqs,gateway
Dilithium2,verify,31213,0.031213,5.99,0.0,256,1312,2420,844,liboqs,gateway
Dilithium2,verify,30092,0.030092,5.99,0.0,256,1312,2420,845,liboqs,gateway
Dilithium2,verify,29167,0.029167,5.99,0.0,256,1312,2420,846,liboqs,gateway
Dilithium2,verify,28779,0.028779,5.99,0.0,256,1312,2420,847,liboqs,gateway
Dilithium2,verify,30503,0.030503,5.99,0.0,256,1312,2420,848,liboqs,gateway
Dilithium2,verify,35741,0.035741,5.99,0.0,256,1312,2420,849,liboqs,gateway
Dilithium2,verify,34837,0.034837,5.99,0.0,256,1312,2420,850,liboqs,gateway
Dilithium2,verify,29548,0.029548,5.99,0.0,256,1312,2420,851,liboqs,gateway
Dilithium2,verify,28914,0.028914,5.99,0.0,256,1312,2420,852,liboqs,gateway
Dilithium2,verify,30647,0.030647,5.99,0.0,256,1312,2420,853,liboqs,gateway
Dilithium2,verify,28162,0.028162,5.99,0.0,256,1312,2420,854,liboqs,gateway
Dilithium2,verify,28153,0.028153,5.99,0.0,256,1312,2420,855,liboqs,gateway
Dilithium2,verify,28168,0.028168,5.99,0.0,256,1312,2420,856,liboqs,gateway
Dilithium2,verify,43795,0.043795,5.99,0.0,256,1312,2420,857,liboqs,gateway
Dilithium2,verify,34880,0.03488,5.99,0.0,256,1312,2420,858,liboqs,gateway
Dilithium2,verify,29786,0.029786,5.99,0.0,256,1312,2420,859,liboqs,gateway
Dilithium2,verify,28984,0.028984,5.99,0.0,256,1312,2420,860,liboqs,gateway
Dilithium2,verify,28616,0.028616,5.99,0.0,256,1312,2420,861,liboqs,gateway
Dilithium2,verify,29511,0.029511,5.99,0.0,256,1312,2420,862,liboqs,gateway
Dilithium2,verify,27760,0.02776,5.99,0.0,256,1312,2420,863,liboqs,gateway
Dilithium2,verify,28117,0.028117,5.99,0.0,256,1312,2420,864,liboqs,gateway
Dilithium2,verify,28960,0.02896,5.99,0.0,256,1312,2420,865,liboqs,gateway
Dilithium2,verify,27646,0.027646,5.99,0.0,256,1312,2420,866,liboqs,gateway
Dilithium2,verify,28258,0.028258,5.99,0.0,256,1312,2420,867,liboqs,gateway
Dilithium2,verify,27963,0.027963,5.99,0.0,256,1312,2420,868,liboqs,gateway
Dilithium2,verify,27994,0.027994,5.99,0.0,256,1312,2420,869,liboqs,gateway
Dilithium2,verify,31304,0.031304,5.99,0.0,256,1312,2420,870,liboqs,gateway
Dilithium2,verify,28500,0.0285,5.99,0.0,256,1312,2420,871,liboqs,gateway
Dilithium2,verify,28396,0.028396,5.99,0.0,256,1312,2420,872,liboqs,gateway
Dilithium2,verify,28082,0.028082,5.99,0.0,256,1312,2420,873,liboqs,gateway
Dilithium2,verify,28389,0.028389,5.99,0.0,256,1312,2420,874,liboqs,gateway
Dilithium2,verify,30133,0.030133,5.99,0.0,256,1312,2420,875,liboqs,gateway
Dilithium2,verify,28663,0.028663,5.99,0.0,256,1312,2420,876,liboqs,gateway
Dilithium2,verify,28401,0.028401,5.99,0.0,256,1312,2420,877,liboqs,gateway
Dilithium2,verify,28324,0.028324,5.99,0.0,256,1312,2420,878,liboqs,gateway
Dilithium2,verify,31396,0.031396,5.99,0.0,256,1312,2420,879,liboqs,gateway
Dilithium2,verify,28897,0.028897,5.99,0.0,256,1312,2420,880,liboqs,gateway
Dilithium2,verify,28759,0.028759,5.99,0.0,256,1312,2420,881,liboqs,gateway
Dilithium2,verify,28503,0.028503,5.99,0.0,256,1312,2420,882,liboqs,gateway
Dilithium2,verify,28181,0.028181,5.99,0.0,256,1312,2420,883,liboqs,gateway
Dilithium2,verify,29043,0.029043,5.99,0.0,256,1312,2420,884,liboqs,gateway
Dilithium2,verify,30016,0.030016,5.99,0.0,256,1312,2420,885,liboqs,gateway
Dilithium2,verify,28343,0.028343,5.99,0.0,256,1312,2420,886,liboqs,gateway
Dilithium2,verify,29324,0.029324,5.99,0.0,256,1312,2420,887,liboqs,gateway
Dilithium2,verify,36026,0.036026,5.99,0.0,256,1312,2420,888,liboqs,gateway
Dilithium2,verify,30915,0.030915,5.99,0.0,256,1312,2420,889,liboqs,gateway
Dilithium2,verify,31874,0.031874,5.99,0.0,256,1312,2420,890,liboqs,gateway
Dilithium2,verify,29622,0.029622,5.99,0.0,256,1312,2420,891,liboqs,gateway
Dilithium2,verify,28975,0.028975,5.99,0.0,256,1312,2420,892,liboqs,gateway
Dilithium2,verify,29698,0.029698,5.99,0.0,256,1312,2420,893,liboqs,gateway
Dilithium2,verify,29461,0.029461,5.99,0.0,256,1312,2420,894,liboqs,gateway
Dilithium2,verify,30318,0.030318,5.99,0.0,256,1312,2420,895,liboqs,gateway
Dilithium2,verify,29062,0.029062,5.99,0.0,256,1312,2420,896,liboqs,gateway
Dilithium2,verify,30438,0.030438,5.99,0.0,256,1312,2420,897,liboqs,gateway
Dilithium2,verify,28469,0.028469,5.99,0.0,256,1312,2420,898,liboqs,gateway
Dilithium2,verify,28040,0.02804,5.99,0.0,256,1312,2420,899,liboqs,gateway
Dilithium2,verify,30642,0.030642,5.99,0.0,256,1312,2420,900,liboqs,gateway
Dilithium2,verify,28200,0.0282,5.99,0.0,256,1312,2420,901,liboqs,gateway
Dilithium2,verify,28114,0.028114,5.99,0.0,256,1312,2420,902,liboqs,gateway
Dilithium2,verify,27952,0.027952,5.99,0.0,256,1312,2420,903,liboqs,gateway
Dilithium2,verify,27995,0.027995,5.99,0.0,256,1312,2420,904,liboqs,gateway
Dilithium2,verify,28017,0.028017,5.99,0.0,256,1312,2420,905,liboqs,gateway
Dilithium2,verify,38742,0.038742,5.99,0.0,256,1312,2420,906,liboqs,gateway
Dilithium2,verify,35392,0.035392,5.99,0.0,256,1312,2420,907,liboqs,gateway
Dilithium2,verify,29684,0.029684,5.99,0.0,256,1312,2420,908,liboqs,gateway
Dilithium2,verify,29699,0.029699,5.99,0.0,256,1312,2420,909,liboqs,gateway
Dilithium2,verify,29433,0.029433,5.99,0.0,256,1312,2420,910,liboqs,gateway
Dilithium2,verify,28651,0.028651,5.99,0.0,256,1312,2420,911,liboqs,gateway
Dilithium2,verify,40476,0.040476,5.99,0.0,256,1312,2420,912,liboqs,gateway
Dilithium2,verify,39714,0.039714,5.99,0.0,256,1312,2420,913,liboqs,gateway
Dilithium2,verify,33058,0.033058,5.99,0.0,256,1312,2420,914,liboqs,gateway
Dilithium2,verify,31020,0.03102,5.99,0.0,256,1312,2420,915,liboqs,gateway
Dilithium2,verify,32564,0.032564,5.99,0.0,256,1312,2420,916,liboqs,gateway
Dilithium2,verify,30329,0.030329,5.99,0.0,256,1312,2420,917,liboqs,gateway
Dilithium2,verify,30317,0.030317,5.99,0.0,256,1312,2420,918,liboqs,gateway
Dilithium2,verify,31936,0.031936,5.99,0.0,256,1312,2420,919,liboqs,gateway
Dilithium2,verify,31274,0.031274,5.99,0.0,256,1312,2420,920,liboqs,gateway
Dilithium2,verify,29099,0.029099,5.99,0.0,256,1312,2420,921,liboqs,gateway
Dilithium2,verify,28833,0.028833,5.99,0.0,256,1312,2420,922,liboqs,gateway
Dilithium2,verify,29015,0.029015,5.99,0.0,256,1312,2420,923,liboqs,gateway
Dilithium2,verify,29792,0.029792,5.99,0.0,256,1312,2420,924,liboqs,gateway
Dilithium2,verify,31367,0.031367,5.99,0.0,256,1312,2420,925,liboqs,gateway
Dilithium2,verify,29852,0.029852,5.99,0.0,256,1312,2420,926,liboqs,gateway
Dilithium2,verify,28996,0.028996,5.99,0.0,256,1312,2420,927,liboqs,gateway
Dilithium2,verify,28925,0.028925,5.99,0.0,256,1312,2420,928,liboqs,gateway
Dilithium2,verify,30229,0.030229,5.99,0.0,256,1312,2420,929,liboqs,gateway
Dilithium2,verify,29261,0.029261,5.99,0.0,256,1312,2420,930,liboqs,gateway
Dilithium2,verify,28286,0.028286,5.99,0.0,256,1312,2420,931,liboqs,gateway
Dilithium2,verify,30393,0.030393,5.99,0.0,256,1312,2420,932,liboqs,gateway
Dilithium2,verify,29122,0.029122,5.99,0.0,256,1312,2420,933,liboqs,gateway
Dilithium2,verify,28258,0.028258,5.99,0.0,256,1312,2420,934,liboqs,gateway
Dilithium2,verify,28083,0.028083,5.99,0.0,256,1312,2420,935,liboqs,gateway
Dilithium2,verify,28952,0.028952,5.99,0.0,256,1312,2420,936,liboqs,gateway
Dilithium2,verify,28290,0.02829,5.99,0.0,256,1312,2420,937,liboqs,gateway
Dilithium2,verify,29535,0.029535,5.99,0.0,256,1312,2420,938,liboqs,gateway
Dilithium2,verify,28172,0.028172,5.99,0.0,256,1312,2420,939,liboqs,gateway
Dilithium2,verify,29371,0.029371,5.99,0.0,256,1312,2420,940,liboqs,gateway
Dilithium2,verify,28707,0.028707,5.99,0.0,256,1312,2420,941,liboqs,gateway
Dilithium2,verify,32814,0.032814,5.99,0.0,256,1312,2420,942,liboqs,gateway
Dilithium2,verify,28438,0.028438,5.99,0.0,256,1312,2420,943,liboqs,gateway
Dilithium2,verify,29155,0.029155,5.99,0.0,256,1312,2420,944,liboqs,gateway
Dilithium2,verify,28216,0.028216,5.99,0.0,256,1312,2420,945,liboqs,gateway
Dilithium2,verify,27821,0.027821,5.99,0.0,256,1312,2420,946,liboqs,gateway
Dilithium2,verify,29716,0.029716,5.99,0.0,256,1312,2420,947,liboqs,gateway
Dilithium2,verify,27974,0.027974,5.99,0.0,256,1312,2420,948,liboqs,gateway
Dilithium2,verify,28908,0.028908,5.99,0.0,256,1312,2420,949,liboqs,gateway
Dilithium2,verify,29292,0.029292,5.99,0.0,256,1312,2420,950,liboqs,gateway
Dilithium2,verify,28202,0.028202,5.99,0.0,256,1312,2420,951,liboqs,gateway
Dilithium2,verify,29432,0.029432,5.99,0.0,256,1312,2420,952,liboqs,gateway
Dilithium2,verify,28823,0.028823,5.99,0.0,256,1312,2420,953,liboqs,gateway
Dilithium2,verify,30371,0.030371,5.99,0.0,256,1312,2420,954,liboqs,gateway
Dilithium2,verify,30165,0.030165,5.99,0.0,256,1312,2420,955,liboqs,gateway
Dilithium2,verify,28492,0.028492,5.99,0.0,256,1312,2420,956,liboqs,gateway
Dilithium2,verify,29048,0.029048,5.99,0.0,256,1312,2420,957,liboqs,gateway
Dilithium2,verify,28658,0.028658,5.99,0.0,256,1312,2420,958,liboqs,gateway
Dilithium2,verify,30343,0.030343,5.99,0.0,256,1312,2420,959,liboqs,gateway
Dilithium2,verify,28526,0.028526,5.99,0.0,256,1312,2420,960,liboqs,gateway
Dilithium2,verify,27978,0.027978,5.99,0.0,256,1312,2420,961,liboqs,gateway
Dilithium2,verify,28256,0.028256,5.99,0.0,256,1312,2420,962,liboqs,gateway
Dilithium2,verify,30021,0.030021,5.99,0.0,256,1312,2420,963,liboqs,gateway
Dilithium2,verify,28966,0.028966,5.99,0.0,256,1312,2420,964,liboqs,gateway
Dilithium2,verify,28413,0.028413,5.99,0.0,256,1312,2420,965,liboqs,gateway
Dilithium2,verify,27810,0.02781,5.99,0.0,256,1312,2420,966,liboqs,gateway
Dilithium2,verify,28477,0.028477,5.99,0.0,256,1312,2420,967,liboqs,gateway
Dilithium2,verify,31493,0.031493,5.99,0.0,256,1312,2420,968,liboqs,gateway
Dilithium2,verify,29458,0.029458,5.99,0.0,256,1312,2420,969,liboqs,gateway
Dilithium2,verify,29848,0.029848,5.99,0.0,256,1312,2420,970,liboqs,gateway
Dilithium2,verify,29940,0.02994,5.99,0.0,256,1312,2420,971,liboqs,gateway
Dilithium2,verify,29088,0.029088,5.99,0.0,256,1312,2420,972,liboqs,gateway
Dilithium2,verify,30276,0.030276,5.99,0.0,256,1312,2420,973,liboqs,gateway
Dilithium2,verify,29019,0.029019,5.99,0.0,256,1312,2420,974,liboqs,gateway
Dilithium2,verify,28946,0.028946,5.99,0.0,256,1312,2420,975,liboqs,gateway
Dilithium2,verify,39569,0.039569,5.99,0.0,256,1312,2420,976,liboqs,gateway
Dilithium2,verify,37903,0.037903,5.99,0.0,256,1312,2420,977,liboqs,gateway
Dilithium2,verify,30745,0.030745,5.99,0.0,256,1312,2420,978,liboqs,gateway
Dilithium2,verify,29349,0.029349,5.99,0.0,256,1312,2420,979,liboqs,gateway
Dilithium2,verify,29193,0.029193,5.99,0.0,256,1312,2420,980,liboqs,gateway
Dilithium2,verify,28996,0.028996,5.99,0.0,256,1312,2420,981,liboqs,gateway
Dilithium2,verify,30645,0.030645,5.99,0.0,256,1312,2420,982,liboqs,gateway
Dilithium2,verify,28317,0.028317,5.99,0.0,256,1312,2420,983,liboqs,gateway
Dilithium2,verify,28356,0.028356,5.99,0.0,256,1312,2420,984,liboqs,gateway
Dilithium2,verify,31752,0.031752,5.99,0.0,256,1312,2420,985,liboqs,gateway
Dilithium2,verify,29476,0.029476,5.99,0.0,256,1312,2420,986,liboqs,gateway
Dilithium2,verify,28790,0.02879,5.99,0.0,256,1312,2420,987,liboqs,gateway
Dilithium2,verify,29157,0.029157,5.99,0.0,256,1312,2420,988,liboqs,gateway
Dilithium2,verify,28026,0.028026,5.99,0.0,256,1312,2420,989,liboqs,gateway
Dilithium2,verify,29975,0.029975,5.99,0.0,256,1312,2420,990,liboqs,gateway
Dilithium2,verify,27919,0.027919,5.99,0.0,256,1312,2420,991,liboqs,gateway
Dilithium2,verify,27947,0.027947,5.99,0.0,256,1312,2420,992,liboqs,gateway
Dilithium2,verify,28959,0.028959,5.99,0.0,256,1312,2420,993,liboqs,gateway
Dilithium2,verify,30290,0.03029,5.99,0.0,256,1312,2420,994,liboqs,gateway
Dilithium2,verify,28482,0.028482,5.99,0.0,256,1312,2420,995,liboqs,gateway
Dilithium2,verify,27894,0.027894,5.99,0.0,256,1312,2420,996,liboqs,gateway
Dilithium2,verify,28472,0.028472,5.99,0.0,256,1312,2420,997,liboqs,gateway
Dilithium2,verify,28434,0.028434,5.99,0.0,256,1312,2420,998,liboqs,gateway
Dilithium2,verify,29856,0.029856,5.99,0.0,256,1312,2420,999,liboqs,gateway
Dilithium3,keygen,54898,0.054898,11.22,0.0,256,1952,0,0,liboqs,gateway
Dilithium3,keygen,46717,0.046717,11.22,0.0,256,1952,0,1,liboqs,gateway
Dilithium3,keygen,43443,0.043443,11.22,0.0,256,1952,0,2,liboqs,gateway
Dilithium3,keygen,42911,0.042911,11.38,0.0,256,1952,0,3,liboqs,gateway
Dilithium3,keygen,57491,0.057491,11.28,0.0,256,1952,0,4,liboqs,gateway
Dilithium3,keygen,45201,0.045201,11.28,0.0,256,1952,0,5,liboqs,gateway
Dilithium3,keygen,41768,0.041768,11.28,0.0,256,1952,0,6,liboqs,gateway
Dilithium3,keygen,41164,0.041164,11.28,0.0,256,1952,0,7,liboqs,gateway
Dilithium3,keygen,40504,0.040504,11.28,0.0,256,1952,0,8,liboqs,gateway
Dilithium3,keygen,40733,0.040733,11.28,0.0,256,1952,0,9,liboqs,gateway
Dilithium3,keygen,40553,0.040553,11.28,0.0,256,1952,0,10,liboqs,gateway
Dilithium3,keygen,40261,0.040261,11.28,0.0,256,1952,0,11,liboqs,gateway
Dilithium3,keygen,72380,0.07238,11.28,0.0,256,1952,0,12,liboqs,gateway
Dilithium3,keygen,86352,0.086352,11.28,0.0,256,1952,0,13,liboqs,gateway
Dilithium3,keygen,62121,0.062121,11.28,0.0,256,1952,0,14,liboqs,gateway
Dilithium3,keygen,56048,0.056048,11.28,0.0,256,1952,0,15,liboqs,gateway
Dilithium3,keygen,54009,0.054009,11.28,0.0,256,1952,0,16,liboqs,gateway
Dilithium3,keygen,49758,0.049758,11.28,0.0,256,1952,0,17,liboqs,gateway
Dilithium3,keygen,44734,0.044734,11.28,0.0,256,1952,0,18,liboqs,gateway
Dilithium3,keygen,44169,0.044169,11.28,0.0,256,1952,0,19,liboqs,gateway
Dilithium3,keygen,44273,0.044273,11.28,0.0,256,1952,0,20,liboqs,gateway
Dilithium3,keygen,41243,0.041243,11.28,0.0,256,1952,0,21,liboqs,gateway
Dilithium3,keygen,39946,0.039946,11.28,0.0,256,1952,0,22,liboqs,gateway
Dilithium3,keygen,39205,0.039205,11.28,0.0,256,1952,0,23,liboqs,gateway
Dilithium3,keygen,40006,0.040006,11.28,0.0,256,1952,0,24,liboqs,gateway
Dilithium3,keygen,39416,0.039416,11.28,0.0,256,1952,0,25,liboqs,gateway
Dilithium3,keygen,40342,0.040342,11.28,0.0,256,1952,0,26,liboqs,gateway
Dilithium3,keygen,39314,0.039314,11.28,0.0,256,1952,0,27,liboqs,gateway
Dilithium3,keygen,40011,0.040011,11.28,0.0,256,1952,0,28,liboqs,gateway
Dilithium3,keygen,39641,0.039641,11.28,0.0,256,1952,0,29,liboqs,gateway
Dilithium3,keygen,39062,0.039062,11.28,0.0,256,1952,0,30,liboqs,gateway
Dilithium3,keygen,39469,0.039469,11.28,0.0,256,1952,0,31,liboqs,gateway
Dilithium3,keygen,39311,0.039311,11.28,0.0,256,1952,0,32,liboqs,gateway
Dilithium3,keygen,39309,0.039309,11.28,0.0,256,1952,0,33,liboqs,gateway
Dilithium3,keygen,38619,0.038619,11.28,0.0,256,1952,0,34,liboqs,gateway
Dilithium3,keygen,41627,0.041627,11.28,0.0,256,1952,0,35,liboqs,gateway
Dilithium3,keygen,39056,0.039056,11.28,0.0,256,1952,0,36,liboqs,gateway
Dilithium3,keygen,39498,0.039498,11.28,0.0,256,1952,0,37,liboqs,gateway
Dilithium3,keygen,38898,0.038898,11.28,0.0,256,1952,0,38,liboqs,gateway
Dilithium3,keygen,39459,0.039459,11.28,0.0,256,1952,0,39,liboqs,gateway
Dilithium3,keygen,39183,0.039183,11.28,0.0,256,1952,0,40,liboqs,gateway
Dilithium3,keygen,39380,0.03938,11.28,0.0,256,1952,0,41,liboqs,gateway
Dilithium3,keygen,38580,0.03858,11.28,0.0,256,1952,0,42,liboqs,gateway
Dilithium3,keygen,39106,0.039106,11.28,0.0,256,1952,0,43,liboqs,gateway
Dilithium3,keygen,39330,0.03933,11.28,0.0,256,1952,0,44,liboqs,gateway
Dilithium3,keygen,39240,0.03924,11.28,0.0,256,1952,0,45,liboqs,gateway
Dilithium3,keygen,39051,0.039051,11.28,0.0,256,1952,0,46,liboqs,gateway
Dilithium3,keygen,39028,0.039028,11.28,0.0,256,1952,0,47,liboqs,gateway
Dilithium3,keygen,41304,0.041304,11.28,0.0,256,1952,0,48,liboqs,gateway
Dilithium3,keygen,38692,0.038692,11.28,0.0,256,1952,0,49,liboqs,gateway
Dilithium3,keygen,53538,0.053538,11.28,0.0,256,1952,0,50,liboqs,gateway
Dilithium3,keygen,44881,0.044881,11.28,0.0,256,1952,0,51,liboqs,gateway
Dilithium3,keygen,50306,0.050306,11.28,0.0,256,1952,0,52,liboqs,gateway
Dilithium3,keygen,42962,0.042962,11.28,0.0,256,1952,0,53,liboqs,gateway
Dilithium3,keygen,39649,0.039649,11.28,0.0,256,1952,0,54,liboqs,gateway
Dilithium3,keygen,41664,0.041664,11.28,0.0,256,1952,0,55,liboqs,gateway
Dilithium3,keygen,40147,0.040147,11.28,0.0,256,1952,0,56,liboqs,gateway
Dilithium3,keygen,41901,0.041901,11.28,0.0,256,1952,0,57,liboqs,gateway
Dilithium3,keygen,39559,0.039559,11.28,0.0,256,1952,0,58,liboqs,gateway
Dilithium3,keygen,42388,0.042388,11.28,0.0,256,1952,0,59,liboqs,gateway
Dilithium3,keygen,40057,0.040057,11.28,0.0,256,1952,0,60,liboqs,gateway
Dilithium3,keygen,40199,0.040199,11.28,0.0,256,1952,0,61,liboqs,gateway
Dilithium3,keygen,87400,0.0874,16.01,0.0,256,1952,0,62,liboqs,gateway
Dilithium3,keygen,53249,0.053249,14.56,0.0,256,1952,0,63,liboqs,gateway
Dilithium3,keygen,42545,0.042545,11.22,0.0,256,1952,0,64,liboqs,gateway
Dilithium3,keygen,43205,0.043205,11.22,0.0,256,1952,0,65,liboqs,gateway
Dilithium3,keygen,40588,0.040588,11.28,0.0,256,1952,0,66,liboqs,gateway
Dilithium3,keygen,40949,0.040949,11.28,0.0,256,1952,0,67,liboqs,gateway
Dilithium3,keygen,41009,0.041009,11.28,0.0,256,1952,0,68,liboqs,gateway
Dilithium3,keygen,39774,0.039774,11.28,0.0,256,1952,0,69,liboqs,gateway
Dilithium3,keygen,57473,0.057473,11.28,0.0,256,1952,0,70,liboqs,gateway
Dilithium3,keygen,43924,0.043924,11.28,0.0,256,1952,0,71,liboqs,gateway
Dilithium3,keygen,41772,0.041772,11.28,0.0,256,1952,0,72,liboqs,gateway
Dilithium3,keygen,43505,0.043505,11.28,0.0,256,1952,0,73,liboqs,gateway
Dilithium3,keygen,41629,0.041629,11.28,0.0,256,1952,0,74,liboqs,gateway
Dilithium3,keygen,40155,0.040155,11.28,0.0,256,1952,0,75,liboqs,gateway
Dilithium3,keygen,41059,0.041059,11.28,0.0,256,1952,0,76,liboqs,gateway
Dilithium3,keygen,40998,0.040998,11.28,0.0,256,1952,0,77,liboqs,gateway
Dilithium3,keygen,39775,0.039775,11.28,0.0,256,1952,0,78,liboqs,gateway
Dilithium3,keygen,41821,0.041821,11.28,0.0,256,1952,0,79,liboqs,gateway
Dilithium3,keygen,39730,0.03973,11.28,0.0,256,1952,0,80,liboqs,gateway
Dilithium3,keygen,40880,0.04088,11.28,0.0,256,1952,0,81,liboqs,gateway
Dilithium3,keygen,40484,0.040484,11.28,0.0,256,1952,0,82,liboqs,gateway
Dilithium3,keygen,39797,0.039797,11.28,0.0,256,1952,0,83,liboqs,gateway
Dilithium3,keygen,40470,0.04047,11.28,0.0,256,1952,0,84,liboqs,gateway
Dilithium3,keygen,39926,0.039926,11.28,0.0,256,1952,0,85,liboqs,gateway
Dilithium3,keygen,40371,0.040371,11.28,0.0,256,1952,0,86,liboqs,gateway
Dilithium3,keygen,40989,0.040989,11.28,0.0,256,1952,0,87,liboqs,gateway
Dilithium3,keygen,39866,0.039866,11.28,0.0,256,1952,0,88,liboqs,gateway
Dilithium3,keygen,40688,0.040688,11.28,0.0,256,1952,0,89,liboqs,gateway
Dilithium3,keygen,40696,0.040696,11.28,0.0,256,1952,0,90,liboqs,gateway
Dilithium3,keygen,39602,0.039602,11.28,0.0,256,1952,0,91,liboqs,gateway
Dilithium3,keygen,40278,0.040278,11.28,0.0,256,1952,0,92,liboqs,gateway
Dilithium3,keygen,41268,0.041268,11.28,0.0,256,1952,0,93,liboqs,gateway
Dilithium3,keygen,50134,0.050134,11.28,0.0,256,1952,0,94,liboqs,gateway
Dilithium3,keygen,46013,0.046013,11.28,0.0,256,1952,0,95,liboqs,gateway
Dilithium3,keygen,41866,0.041866,11.28,0.0,256,1952,0,96,liboqs,gateway
Dilithium3,keygen,42321,0.042321,11.28,0.0,256,1952,0,97,liboqs,gateway
Dilithium3,keygen,40117,0.040117,11.28,0.0,256,1952,0,98,liboqs,gateway
Dilithium3,keygen,40651,0.040651,11.28,0.0,256,1952,0,99,liboqs,gateway
Dilithium3,keygen,40641,0.040641,11.28,0.0,256,1952,0,100,liboqs,gateway
Dilithium3,keygen,41512,0.041512,11.28,0.0,256,1952,0,101,liboqs,gateway
Dilithium3,keygen,40581,0.040581,11.28,0.0,256,1952,0,102,liboqs,gateway
Dilithium3,keygen,39617,0.039617,11.28,0.0,256,1952,0,103,liboqs,gateway
Dilithium3,keygen,41094,0.041094,11.28,0.0,256,1952,0,104,liboqs,gateway
Dilithium3,keygen,40416,0.040416,11.28,0.0,256,1952,0,105,liboqs,gateway
Dilithium3,keygen,39818,0.039818,11.28,0.0,256,1952,0,106,liboqs,gateway
Dilithium3,keygen,40441,0.040441,11.28,0.0,256,1952,0,107,liboqs,gateway
Dilithium3,keygen,41295,0.041295,11.28,0.0,256,1952,0,108,liboqs,gateway
Dilithium3,keygen,39288,0.039288,11.28,0.0,256,1952,0,109,liboqs,gateway
Dilithium3,keygen,40583,0.040583,11.28,0.0,256,1952,0,110,liboqs,gateway
Dilithium3,keygen,39335,0.039335,11.28,0.0,256,1952,0,111,liboqs,gateway
Dilithium3,keygen,54253,0.054253,11.28,0.0,256,1952,0,112,liboqs,gateway
Dilithium3,keygen,48736,0.048736,11.28,0.0,256,1952,0,113,liboqs,gateway
Dilithium3,keygen,42195,0.042195,11.28,0.0,256,1952,0,114,liboqs,gateway
Dilithium3,keygen,41523,0.041523,11.28,0.0,256,1952,0,115,liboqs,gateway
Dilithium3,keygen,41567,0.041567,11.28,0.0,256,1952,0,116,liboqs,gateway
Dilithium3,keygen,40132,0.040132,11.28,0.0,256,1952,0,117,liboqs,gateway
Dilithium3,keygen,39699,0.039699,11.28,0.0,256,1952,0,118,liboqs,gateway
Dilithium3,keygen,39263,0.039263,11.28,0.0,256,1952,0,119,liboqs,gateway
Dilithium3,keygen,39585,0.039585,11.28,0.0,256,1952,0,120,liboqs,gateway
Dilithium3,keygen,40802,0.040802,11.28,0.0,256,1952,0,121,liboqs,gateway
Dilithium3,keygen,38911,0.038911,11.28,0.0,256,1952,0,122,liboqs,gateway
Dilithium3,keygen,39473,0.039473,11.28,0.0,256,1952,0,123,liboqs,gateway
Dilithium3,keygen,40430,0.04043,11.28,0.0,256,1952,0,124,liboqs,gateway
Dilithium3,keygen,39390,0.03939,11.28,0.0,256,1952,0,125,liboqs,gateway
Dilithium3,keygen,39557,0.039557,11.28,0.0,256,1952,0,126,liboqs,gateway
Dilithium3,keygen,39424,0.039424,11.28,0.0,256,1952,0,127,liboqs,gateway
Dilithium3,keygen,39755,0.039755,11.28,0.0,256,1952,0,128,liboqs,gateway
Dilithium3,keygen,49640,0.04964,11.28,0.0,256,1952,0,129,liboqs,gateway
Dilithium3,keygen,47925,0.047925,11.28,0.0,256,1952,0,130,liboqs,gateway
Dilithium3,keygen,40993,0.040993,11.28,0.0,256,1952,0,131,liboqs,gateway
Dilithium3,keygen,40675,0.040675,11.28,0.0,256,1952,0,132,liboqs,gateway
Dilithium3,keygen,42566,0.042566,11.28,0.0,256,1952,0,133,liboqs,gateway
Dilithium3,keygen,40571,0.040571,11.28,0.0,256,1952,0,134,liboqs,gateway
Dilithium3,keygen,39564,0.039564,11.28,0.0,256,1952,0,135,liboqs,gateway
Dilithium3,keygen,41195,0.041195,11.28,0.0,256,1952,0,136,liboqs,gateway
Dilithium3,keygen,40805,0.040805,11.28,0.0,256,1952,0,137,liboqs,gateway
Dilithium3,keygen,39168,0.039168,11.28,0.0,256,1952,0,138,liboqs,gateway
Dilithium3,keygen,40358,0.040358,11.28,0.0,256,1952,0,139,liboqs,gateway
Dilithium3,keygen,49076,0.049076,11.28,0.0,256,1952,0,140,liboqs,gateway
Dilithium3,keygen,52196,0.052196,11.28,0.0,256,1952,0,141,liboqs,gateway
Dilithium3,keygen,43198,0.043198,11.28,0.0,256,1952,0,142,liboqs,gateway
Dilithium3,keygen,41010,0.04101,11.28,0.0,256,1952,0,143,liboqs,gateway
Dilithium3,keygen,41804,0.041804,11.28,0.0,256,1952,0,144,liboqs,gateway
Dilithium3,keygen,41045,0.041045,11.28,0.0,256,1952,0,145,liboqs,gateway
Dilithium3,keygen,39416,0.039416,11.28,0.0,256,1952,0,146,liboqs,gateway
Dilithium3,keygen,40474,0.040474,11.28,0.0,256,1952,0,147,liboqs,gateway
Dilithium3,keygen,39282,0.039282,11.28,0.0,256,1952,0,148,liboqs,gateway
Dilithium3,keygen,40914,0.040914,11.28,0.0,256,1952,0,149,liboqs,gateway
Dilithium3,keygen,41809,0.041809,11.28,0.0,256,1952,0,150,liboqs,gateway
Dilithium3,keygen,39611,0.039611,11.28,0.0,256,1952,0,151,liboqs,gateway
Dilithium3,keygen,40016,0.040016,11.28,0.0,256,1952,0,152,liboqs,gateway
Dilithium3,keygen,39788,0.039788,11.28,0.0,256,1952,0,153,liboqs,gateway
Dilithium3,keygen,39389,0.039389,11.28,0.0,256,1952,0,154,liboqs,gateway
Dilithium3,keygen,39166,0.039166,11.28,0.0,256,1952,0,155,liboqs,gateway
Dilithium3,keygen,41461,0.041461,11.28,0.0,256,1952,0,156,liboqs,gateway
Dilithium3,keygen,40191,0.040191,11.28,0.0,256,1952,0,157,liboqs,gateway
Dilithium3,keygen,39423,0.039423,11.28,0.0,256,1952,0,158,liboqs,gateway
Dilithium3,keygen,39782,0.039782,11.28,0.0,256,1952,0,159,liboqs,gateway
Dilithium3,keygen,39475,0.039475,11.28,0.0,256,1952,0,160,liboqs,gateway
Dilithium3,keygen,41529,0.041529,11.28,0.0,256,1952,0,161,liboqs,gateway
Dilithium3,keygen,40079,0.040079,11.28,0.0,256,1952,0,162,liboqs,gateway
Dilithium3,keygen,39522,0.039522,11.28,0.0,256,1952,0,163,liboqs,gateway
Dilithium3,keygen,39138,0.039138,11.28,0.0,256,1952,0,164,liboqs,gateway
Dilithium3,keygen,42736,0.042736,11.28,0.0,256,1952,0,165,liboqs,gateway
Dilithium3,keygen,39644,0.039644,11.28,0.0,256,1952,0,166,liboqs,gateway
Dilithium3,keygen,39359,0.039359,11.28,0.0,256,1952,0,167,liboqs,gateway
Dilithium3,keygen,40912,0.040912,11.28,0.0,256,1952,0,168,liboqs,gateway
Dilithium3,keygen,39295,0.039295,11.28,0.0,256,1952,0,169,liboqs,gateway
Dilithium3,keygen,39016,0.039016,11.28,0.0,256,1952,0,170,liboqs,gateway
Dilithium3,keygen,39537,0.039537,11.28,0.0,256,1952,0,171,liboqs,gateway
Dilithium3,keygen,46075,0.046075,11.28,0.0,256,1952,0,172,liboqs,gateway
Dilithium3,keygen,49219,0.049219,11.28,0.0,256,1952,0,173,liboqs,gateway
Dilithium3,keygen,40520,0.04052,11.28,0.0,256,1952,0,174,liboqs,gateway
Dilithium3,keygen,41027,0.041027,11.28,0.0,256,1952,0,175,liboqs,gateway
Dilithium3,keygen,40827,0.040827,11.28,0.0,256,1952,0,176,liboqs,gateway
Dilithium3,keygen,40088,0.040088,11.28,0.0,256,1952,0,177,liboqs,gateway
Dilithium3,keygen,41508,0.041508,11.28,0.0,256,1952,0,178,liboqs,gateway
Dilithium3,keygen,39814,0.039814,11.28,0.0,256,1952,0,179,liboqs,gateway
Dilithium3,keygen,41170,0.04117,11.28,0.0,256,1952,0,180,liboqs,gateway
Dilithium3,keygen,41294,0.041294,11.28,0.0,256,1952,0,181,liboqs,gateway
Dilithium3,keygen,39082,0.039082,11.28,0.0,256,1952,0,182,liboqs,gateway
Dilithium3,keygen,40727,0.040727,11.28,0.0,256,1952,0,183,liboqs,gateway
Dilithium3,keygen,41738,0.041738,11.28,0.0,256,1952,0,184,liboqs,gateway
Dilithium3,keygen,40363,0.040363,11.28,0.0,256,1952,0,185,liboqs,gateway
Dilithium3,keygen,52785,0.052785,11.28,0.0,256,1952,0,186,liboqs,gateway
Dilithium3,keygen,46481,0.046481,11.28,0.0,256,1952,0,187,liboqs,gateway
Dilithium3,keygen,43357,0.043357,11.28,0.0,256,1952,0,188,liboqs,gateway
Dilithium3,keygen,40869,0.040869,11.28,0.0,256,1952,0,189,liboqs,gateway
Dilithium3,keygen,42547,0.042547,11.28,0.0,256,1952,0,190,liboqs,gateway
Dilithium3,keygen,41579,0.041579,11.28,0.0,256,1952,0,191,liboqs,gateway
Dilithium3,keygen,40380,0.04038,11.28,0.0,256,1952,0,192,liboqs,gateway
Dilithium3,keygen,40718,0.040718,11.28,0.0,256,1952,0,193,liboqs,gateway
Dilithium3,keygen,39438,0.039438,11.28,0.0,256,1952,0,194,liboqs,gateway
Dilithium3,keygen,40409,0.040409,11.28,0.0,256,1952,0,195,liboqs,gateway
Dilithium3,keygen,39510,0.03951,11.28,0.0,256,1952,0,196,liboqs,gateway
Dilithium3,keygen,41041,0.041041,11.28,0.0,256,1952,0,197,liboqs,gateway
Dilithium3,keygen,42658,0.042658,11.28,0.0,256,1952,0,198,liboqs,gateway
Dilithium3,keygen,41055,0.041055,11.28,0.0,256,1952,0,199,liboqs,gateway
Dilithium3,keygen,40878,0.040878,11.28,0.0,256,1952,0,200,liboqs,gateway
Dilithium3,keygen,43458,0.043458,11.28,0.0,256,1952,0,201,liboqs,gateway
Dilithium3,keygen,40818,0.040818,11.28,0.0,256,1952,0,202,liboqs,gateway
Dilithium3,keygen,100337,0.100337,11.28,0.0,256,1952,0,203,liboqs,gateway
Dilithium3,keygen,98332,0.098332,11.28,0.0,256,1952,0,204,liboqs,gateway
Dilithium3,keygen,48970,0.04897,11.28,0.0,256,1952,0,205,liboqs,gateway
Dilithium3,keygen,44632,0.044632,11.28,0.0,256,1952,0,206,liboqs,gateway
Dilithium3,keygen,45752,0.045752,11.28,0.0,256,1952,0,207,liboqs,gateway
Dilithium3,keygen,43233,0.043233,11.28,0.0,256,1952,0,208,liboqs,gateway
Dilithium3,keygen,41603,0.041603,11.28,0.0,256,1952,0,209,liboqs,gateway
Dilithium3,keygen,42069,0.042069,11.28,0.0,256,1952,0,210,liboqs,gateway
Dilithium3,keygen,40800,0.0408,11.28,0.0,256,1952,0,211,liboqs,gateway
Dilithium3,keygen,41320,0.04132,11.28,0.0,256,1952,0,212,liboqs,gateway
Dilithium3,keygen,40099,0.040099,11.28,0.0,256,1952,0,213,liboqs,gateway
Dilithium3,keygen,42280,0.04228,11.28,0.0,256,1952,0,214,liboqs,gateway
Dilithium3,keygen,40560,0.04056,11.28,0.0,256,1952,0,215,liboqs,gateway
Dilithium3,keygen,41527,0.041527,11.28,0.0,256,1952,0,216,liboqs,gateway
Dilithium3,keygen,41661,0.041661,11.28,0.0,256,1952,0,217,liboqs,gateway
Dilithium3,keygen,40525,0.040525,11.28,0.0,256,1952,0,218,liboqs,gateway
Dilithium3,keygen,42735,0.042735,11.28,0.0,256,1952,0,219,liboqs,gateway
Dilithium3,keygen,40742,0.040742,11.28,0.0,256,1952,0,220,liboqs,gateway
Dilithium3,keygen,42622,0.042622,11.28,0.0,256,1952,0,221,liboqs,gateway
Dilithium3,keygen,42096,0.042096,11.28,0.0,256,1952,0,222,liboqs,gateway
Dilithium3,keygen,40611,0.040611,11.28,0.0,256,1952,0,223,liboqs,gateway
Dilithium3,keygen,41184,0.041184,11.28,0.0,256,1952,0,224,liboqs,gateway
Dilithium3,keygen,40267,0.040267,11.28,0.0,256,1952,0,225,liboqs,gateway
Dilithium3,keygen,40891,0.040891,11.28,0.0,256,1952,0,226,liboqs,gateway
Dilithium3,keygen,39908,0.039908,11.28,0.0,256,1952,0,227,liboqs,gateway
Dilithium3,keygen,41631,0.041631,11.28,0.0,256,1952,0,228,liboqs,gateway
Dilithium3,keygen,42465,0.042465,11.28,0.0,256,1952,0,229,liboqs,gateway
Dilithium3,keygen,53889,0.053889,11.28,0.0,256,1952,0,230,liboqs,gateway
Dilithium3,keygen,43562,0.043562,11.28,0.0,256,1952,0,231,liboqs,gateway
Dilithium3,keygen,41066,0.041066,11.28,0.0,256,1952,0,232,liboqs,gateway
Dilithium3,keygen,43591,0.043591,11.28,0.0,256,1952,0,233,liboqs,gateway
Dilithium3,keygen,40673,0.040673,11.28,0.0,256,1952,0,234,liboqs,gateway
Dilithium3,keygen,41003,0.041003,11.28,0.0,256,1952,0,235,liboqs,gateway
Dilithium3,keygen,41656,0.041656,11.28,0.0,256,1952,0,236,liboqs,gateway
Dilithium3,keygen,40429,0.040429,11.28,0.0,256,1952,0,237,liboqs,gateway
Dilithium3,keygen,40510,0.04051,11.28,0.0,256,1952,0,238,liboqs,gateway
Dilithium3,keygen,40699,0.040699,11.28,0.0,256,1952,0,239,liboqs,gateway
Dilithium3,keygen,53706,0.053706,11.28,0.0,256,1952,0,240,liboqs,gateway
Dilithium3,keygen,45355,0.045355,11.28,0.0,256,1952,0,241,liboqs,gateway
Dilithium3,keygen,42761,0.042761,11.28,0.0,256,1952,0,242,liboqs,gateway
Dilithium3,keygen,41388,0.041388,11.28,0.0,256,1952,0,243,liboqs,gateway
Dilithium3,keygen,40012,0.040012,11.28,0.0,256,1952,0,244,liboqs,gateway
Dilithium3,keygen,41591,0.041591,11.28,0.0,256,1952,0,245,liboqs,gateway
Dilithium3,keygen,40357,0.040357,11.28,0.0,256,1952,0,246,liboqs,gateway
Dilithium3,keygen,40232,0.040232,11.28,0.0,256,1952,0,247,liboqs,gateway
Dilithium3,keygen,39838,0.039838,11.28,0.0,256,1952,0,248,liboqs,gateway
Dilithium3,keygen,40999,0.040999,11.28,0.0,256,1952,0,249,liboqs,gateway
Dilithium3,keygen,53677,0.053677,11.28,0.0,256,1952,0,250,liboqs,gateway
Dilithium3,keygen,43254,0.043254,11.28,0.0,256,1952,0,251,liboqs,gateway
Dilithium3,keygen,41306,0.041306,11.28,0.0,256,1952,0,252,liboqs,gateway
Dilithium3,keygen,41927,0.041927,11.28,0.0,256,1952,0,253,liboqs,gateway
Dilithium3,keygen,40909,0.040909,11.28,0.0,256,1952,0,254,liboqs,gateway
Dilithium3,keygen,41052,0.041052,11.28,0.0,256,1952,0,255,liboqs,gateway
Dilithium3,keygen,40802,0.040802,11.28,0.0,256,1952,0,256,liboqs,gateway
Dilithium3,keygen,41922,0.041922,11.28,0.0,256,1952,0,257,liboqs,gateway
Dilithium3,keygen,41976,0.041976,11.28,0.0,256,1952,0,258,liboqs,gateway
Dilithium3,keygen,40469,0.040469,11.28,0.0,256,1952,0,259,liboqs,gateway
Dilithium3,keygen,40465,0.040465,11.28,0.0,256,1952,0,260,liboqs,gateway
Dilithium3,keygen,40448,0.040448,11.28,0.0,256,1952,0,261,liboqs,gateway
Dilithium3,keygen,40230,0.04023,11.28,0.0,256,1952,0,262,liboqs,gateway
Dilithium3,keygen,39819,0.039819,11.28,0.0,256,1952,0,263,liboqs,gateway
Dilithium3,keygen,40548,0.040548,11.28,0.0,256,1952,0,264,liboqs,gateway
Dilithium3,keygen,39870,0.03987,11.28,0.0,256,1952,0,265,liboqs,gateway
Dilithium3,keygen,39191,0.039191,11.28,0.0,256,1952,0,266,liboqs,gateway
Dilithium3,keygen,40578,0.040578,11.28,0.0,256,1952,0,267,liboqs,gateway
Dilithium3,keygen,40754,0.040754,11.28,0.0,256,1952,0,268,liboqs,gateway
Dilithium3,keygen,43585,0.043585,11.28,0.0,256,1952,0,269,liboqs,gateway
Dilithium3,keygen,41413,0.041413,11.28,0.0,256,1952,0,270,liboqs,gateway
Dilithium3,keygen,39693,0.039693,11.28,0.0,256,1952,0,271,liboqs,gateway
Dilithium3,keygen,39509,0.039509,11.28,0.0,256,1952,0,272,liboqs,gateway
Dilithium3,keygen,39467,0.039467,11.28,0.0,256,1952,0,273,liboqs,gateway
Dilithium3,keygen,39872,0.039872,11.28,0.0,256,1952,0,274,liboqs,gateway
Dilithium3,keygen,40499,0.040499,11.28,0.0,256,1952,0,275,liboqs,gateway
Dilithium3,keygen,41425,0.041425,11.28,0.0,256,1952,0,276,liboqs,gateway
Dilithium3,keygen,40731,0.040731,11.28,0.0,256,1952,0,277,liboqs,gateway
Dilithium3,keygen,39924,0.039924,11.28,0.0,256,1952,0,278,liboqs,gateway
Dilithium3,keygen,40181,0.040181,11.28,0.0,256,1952,0,279,liboqs,gateway
Dilithium3,keygen,44908,0.044908,11.28,0.0,256,1952,0,280,liboqs,gateway
Dilithium3,keygen,40082,0.040082,11.28,0.0,256,1952,0,281,liboqs,gateway
Dilithium3,keygen,40011,0.040011,11.28,0.0,256,1952,0,282,liboqs,gateway
Dilithium3,keygen,40288,0.040288,11.28,0.0,256,1952,0,283,liboqs,gateway
Dilithium3,keygen,53967,0.053967,11.28,0.0,256,1952,0,284,liboqs,gateway
Dilithium3,keygen,48182,0.048182,11.28,0.0,256,1952,0,285,liboqs,gateway
Dilithium3,keygen,41359,0.041359,11.28,0.0,256,1952,0,286,liboqs,gateway
Dilithium3,keygen,39903,0.039903,11.28,0.0,256,1952,0,287,liboqs,gateway
Dilithium3,keygen,40675,0.040675,11.28,0.0,256,1952,0,288,liboqs,gateway
Dilithium3,keygen,41470,0.04147,11.28,0.0,256,1952,0,289,liboqs,gateway
Dilithium3,keygen,49026,0.049026,11.28,0.0,256,1952,0,290,liboqs,gateway
Dilithium3,keygen,40914,0.040914,11.28,0.0,256,1952,0,291,liboqs,gateway
Dilithium3,keygen,41730,0.04173,11.28,0.0,256,1952,0,292,liboqs,gateway
Dilithium3,keygen,42503,0.042503,11.28,0.0,256,1952,0,293,liboqs,gateway
Dilithium3,keygen,41332,0.041332,11.28,0.0,256,1952,0,294,liboqs,gateway
Dilithium3,keygen,42671,0.042671,11.28,0.0,256,1952,0,295,liboqs,gateway
Dilithium3,keygen,42812,0.042812,11.28,0.0,256,1952,0,296,liboqs,gateway
Dilithium3,keygen,73219,0.073219,11.28,0.0,256,1952,0,297,liboqs,gateway
Dilithium3,keygen,53135,0.053135,11.28,0.0,256,1952,0,298,liboqs,gateway
Dilithium3,keygen,49528,0.049528,11.28,0.0,256,1952,0,299,liboqs,gateway
Dilithium3,keygen,46115,0.046115,11.28,0.0,256,1952,0,300,liboqs,gateway
Dilithium3,keygen,44512,0.044512,11.28,0.0,256,1952,0,301,liboqs,gateway
Dilithium3,keygen,45497,0.045497,11.28,0.0,256,1952,0,302,liboqs,gateway
Dilithium3,keygen,45278,0.045278,11.28,0.0,256,1952,0,303,liboqs,gateway
Dilithium3,keygen,42426,0.042426,11.28,0.0,256,1952,0,304,liboqs,gateway
Dilithium3,keygen,41047,0.041047,11.28,0.0,256,1952,0,305,liboqs,gateway
Dilithium3,keygen,42555,0.042555,11.28,0.0,256,1952,0,306,liboqs,gateway
Dilithium3,keygen,42557,0.042557,11.28,0.0,256,1952,0,307,liboqs,gateway
Dilithium3,keygen,45885,0.045885,11.28,0.0,256,1952,0,308,liboqs,gateway
Dilithium3,keygen,43696,0.043696,11.28,0.0,256,1952,0,309,liboqs,gateway
Dilithium3,keygen,42966,0.042966,11.28,0.0,256,1952,0,310,liboqs,gateway
Dilithium3,keygen,41488,0.041488,11.28,0.0,256,1952,0,311,liboqs,gateway
Dilithium3,keygen,40787,0.040787,11.28,0.0,256,1952,0,312,liboqs,gateway
Dilithium3,keygen,40470,0.04047,11.28,0.0,256,1952,0,313,liboqs,gateway
Dilithium3,keygen,41485,0.041485,11.28,0.0,256,1952,0,314,liboqs,gateway
Dilithium3,keygen,41526,0.041526,11.28,0.0,256,1952,0,315,liboqs,gateway
Dilithium3,keygen,44965,0.044965,11.28,0.0,256,1952,0,316,liboqs,gateway
Dilithium3,keygen,57649,0.057649,11.28,0.0,256,1952,0,317,liboqs,gateway
Dilithium3,keygen,43536,0.043536,11.28,0.0,256,1952,0,318,liboqs,gateway
Dilithium3,keygen,43936,0.043936,11.28,0.0,256,1952,0,319,liboqs,gateway
Dilithium3,keygen,40838,0.040838,11.28,0.0,256,1952,0,320,liboqs,gateway
Dilithium3,keygen,42352,0.042352,11.28,0.0,256,1952,0,321,liboqs,gateway
Dilithium3,keygen,42851,0.042851,11.28,0.0,256,1952,0,322,liboqs,gateway
Dilithium3,keygen,45587,0.045587,11.28,0.0,256,1952,0,323,liboqs,gateway
Dilithium3,keygen,43817,0.043817,11.28,0.0,256,1952,0,324,liboqs,gateway
Dilithium3,keygen,42148,0.042148,11.28,0.0,256,1952,0,325,liboqs,gateway
Dilithium3,keygen,41706,0.041706,11.28,0.0,256,1952,0,326,liboqs,gateway
Dilithium3,keygen,58548,0.058548,11.28,0.0,256,1952,0,327,liboqs,gateway
Dilithium3,keygen,48406,0.048406,11.28,0.0,256,1952,0,328,liboqs,gateway
Dilithium3,keygen,41866,0.041866,11.28,0.0,256,1952,0,329,liboqs,gateway
Dilithium3,keygen,44442,0.044442,11.28,0.0,256,1952,0,330,liboqs,gateway
Dilithium3,keygen,46044,0.046044,11.28,0.0,256,1952,0,331,liboqs,gateway
Dilithium3,keygen,42221,0.042221,11.28,0.0,256,1952,0,332,liboqs,gateway
Dilithium3,keygen,41427,0.041427,11.28,0.0,256,1952,0,333,liboqs,gateway
Dilithium3,keygen,40504,0.040504,11.28,0.0,256,1952,0,334,liboqs,gateway
Dilithium3,keygen,41513,0.041513,11.28,0.0,256,1952,0,335,liboqs,gateway
Dilithium3,keygen,39748,0.039748,11.28,0.0,256,1952,0,336,liboqs,gateway
Dilithium3,keygen,42803,0.042803,11.28,0.0,256,1952,0,337,liboqs,gateway
Dilithium3,keygen,40493,0.040493,11.28,0.0,256,1952,0,338,liboqs,gateway
Dilithium3,keygen,41075,0.041075,11.28,0.0,256,1952,0,339,liboqs,gateway
Dilithium3,keygen,42461,0.042461,11.28,0.0,256,1952,0,340,liboqs,gateway
Dilithium3,keygen,40272,0.040272,11.28,0.0,256,1952,0,341,liboqs,gateway
Dilithium3,keygen,40984,0.040984,11.28,0.0,256,1952,0,342,liboqs,gateway
Dilithium3,keygen,40288,0.040288,11.28,0.0,256,1952,0,343,liboqs,gateway
Dilithium3,keygen,42867,0.042867,11.28,0.0,256,1952,0,344,liboqs,gateway
Dilithium3,keygen,42653,0.042653,11.28,0.0,256,1952,0,345,liboqs,gateway
Dilithium3,keygen,40784,0.040784,11.28,0.0,256,1952,0,346,liboqs,gateway
Dilithium3,keygen,40497,0.040497,11.28,0.0,256,1952,0,347,liboqs,gateway
Dilithium3,keygen,40956,0.040956,11.28,0.0,256,1952,0,348,liboqs,gateway
Dilithium3,keygen,41749,0.041749,11.28,0.0,256,1952,0,349,liboqs,gateway
Dilithium3,keygen,40353,0.040353,11.28,0.0,256,1952,0,350,liboqs,gateway
Dilithium3,keygen,43296,0.043296,11.28,0.0,256,1952,0,351,liboqs,gateway
Dilithium3,keygen,41897,0.041897,11.28,0.0,256,1952,0,352,liboqs,gateway
Dilithium3,keygen,40509,0.040509,11.28,0.0,256,1952,0,353,liboqs,gateway
Dilithium3,keygen,40433,0.040433,11.28,0.0,256,1952,0,354,liboqs,gateway
Dilithium3,keygen,40365,0.040365,11.28,0.0,256,1952,0,355,liboqs,gateway
Dilithium3,keygen,39992,0.039992,11.28,0.0,256,1952,0,356,liboqs,gateway
Dilithium3,keygen,41173,0.041173,11.28,0.0,256,1952,0,357,liboqs,gateway
Dilithium3,keygen,40547,0.040547,11.28,0.0,256,1952,0,358,liboqs,gateway
Dilithium3,keygen,40137,0.040137,11.28,0.0,256,1952,0,359,liboqs,gateway
Dilithium3,keygen,42650,0.04265,11.28,0.0,256,1952,0,360,liboqs,gateway
Dilithium3,keygen,41811,0.041811,11.28,0.0,256,1952,0,361,liboqs,gateway
Dilithium3,keygen,40954,0.040954,11.28,0.0,256,1952,0,362,liboqs,gateway
Dilithium3,keygen,41095,0.041095,11.28,0.0,256,1952,0,363,liboqs,gateway
Dilithium3,keygen,40025,0.040025,11.28,0.0,256,1952,0,364,liboqs,gateway
Dilithium3,keygen,42945,0.042945,11.28,0.0,256,1952,0,365,liboqs,gateway
Dilithium3,keygen,39570,0.03957,11.28,0.0,256,1952,0,366,liboqs,gateway
Dilithium3,keygen,40365,0.040365,11.28,0.0,256,1952,0,367,liboqs,gateway
Dilithium3,keygen,40464,0.040464,11.28,0.0,256,1952,0,368,liboqs,gateway
Dilithium3,keygen,41612,0.041612,11.28,0.0,256,1952,0,369,liboqs,gateway
Dilithium3,keygen,40613,0.040613,11.28,0.0,256,1952,0,370,liboqs,gateway
Dilithium3,keygen,40178,0.040178,11.28,0.0,256,1952,0,371,liboqs,gateway
Dilithium3,keygen,52564,0.052564,11.28,0.0,256,1952,0,372,liboqs,gateway
Dilithium3,keygen,49373,0.049373,11.28,0.0,256,1952,0,373,liboqs,gateway
Dilithium3,keygen,41794,0.041794,11.28,0.0,256,1952,0,374,liboqs,gateway
Dilithium3,keygen,40458,0.040458,11.28,0.0,256,1952,0,375,liboqs,gateway
Dilithium3,keygen,41347,0.041347,11.28,0.0,256,1952,0,376,liboqs,gateway
Dilithium3,keygen,39723,0.039723,11.28,0.0,256,1952,0,377,liboqs,gateway
Dilithium3,keygen,40575,0.040575,11.28,0.0,256,1952,0,378,liboqs,gateway
Dilithium3,keygen,39809,0.039809,11.28,0.0,256,1952,0,379,liboqs,gateway
Dilithium3,keygen,41065,0.041065,11.28,0.0,256,1952,0,380,liboqs,gateway
Dilithium3,keygen,39576,0.039576,11.28,0.0,256,1952,0,381,liboqs,gateway
Dilithium3,keygen,39988,0.039988,11.28,0.0,256,1952,0,382,liboqs,gateway
Dilithium3,keygen,39721,0.039721,11.28,0.0,256,1952,0,383,liboqs,gateway
Dilithium3,keygen,40556,0.040556,11.28,0.0,256,1952,0,384,liboqs,gateway
Dilithium3,keygen,39240,0.03924,11.28,0.0,256,1952,0,385,liboqs,gateway
Dilithium3,keygen,39735,0.039735,11.28,0.0,256,1952,0,386,liboqs,gateway
Dilithium3,keygen,39450,0.03945,11.28,0.0,256,1952,0,387,liboqs,gateway
Dilithium3,keygen,42451,0.042451,11.28,0.0,256,1952,0,388,liboqs,gateway
Dilithium3,keygen,39620,0.03962,11.28,0.0,256,1952,0,389,liboqs,gateway
Dilithium3,keygen,38972,0.038972,11.28,0.0,256,1952,0,390,liboqs,gateway
Dilithium3,keygen,39388,0.039388,11.28,0.0,256,1952,0,391,liboqs,gateway
Dilithium3,keygen,41076,0.041076,11.28,0.0,256,1952,0,392,liboqs,gateway
Dilithium3,keygen,39760,0.03976,11.28,0.0,256,1952,0,393,liboqs,gateway
Dilithium3,keygen,39579,0.039579,11.28,0.0,256,1952,0,394,liboqs,gateway
Dilithium3,keygen,41247,0.041247,11.28,0.0,256,1952,0,395,liboqs,gateway
Dilithium3,keygen,39595,0.039595,11.28,0.0,256,1952,0,396,liboqs,gateway
Dilithium3,keygen,39870,0.03987,11.28,0.0,256,1952,0,397,liboqs,gateway
Dilithium3,keygen,39742,0.039742,11.28,0.0,256,1952,0,398,liboqs,gateway
Dilithium3,keygen,39810,0.03981,11.28,0.0,256,1952,0,399,liboqs,gateway
Dilithium3,keygen,101453,0.101453,16.01,0.0,256,1952,0,400,liboqs,gateway
Dilithium3,keygen,56540,0.05654,13.43,0.0,256,1952,0,401,liboqs,gateway
Dilithium3,keygen,42868,0.042868,11.22,0.0,256,1952,0,402,liboqs,gateway
Dilithium3,keygen,41570,0.04157,11.22,0.0,256,1952,0,403,liboqs,gateway
Dilithium3,keygen,40774,0.040774,11.28,0.0,256,1952,0,404,liboqs,gateway
Dilithium3,keygen,216249,0.216249,11.28,0.0,256,1952,0,405,liboqs,gateway
Dilithium3,keygen,45364,0.045364,11.28,0.0,256,1952,0,406,liboqs,gateway
Dilithium3,keygen,44430,0.04443,11.28,0.0,256,1952,0,407,liboqs,gateway
Dilithium3,keygen,41918,0.041918,11.28,0.0,256,1952,0,408,liboqs,gateway
Dilithium3,keygen,40637,0.040637,11.28,0.0,256,1952,0,409,liboqs,gateway
Dilithium3,keygen,39377,0.039377,11.28,0.0,256,1952,0,410,liboqs,gateway
Dilithium3,keygen,44881,0.044881,11.28,0.0,256,1952,0,411,liboqs,gateway
Dilithium3,keygen,52544,0.052544,11.28,0.0,256,1952,0,412,liboqs,gateway
Dilithium3,keygen,48922,0.048922,11.28,0.0,256,1952,0,413,liboqs,gateway
Dilithium3,keygen,43889,0.043889,11.28,0.0,256,1952,0,414,liboqs,gateway
Dilithium3,keygen,45916,0.045916,11.28,0.0,256,1952,0,415,liboqs,gateway
Dilithium3,keygen,43723,0.043723,11.28,0.0,256,1952,0,416,liboqs,gateway
Dilithium3,keygen,40805,0.040805,11.28,0.0,256,1952,0,417,liboqs,gateway
Dilithium3,keygen,42754,0.042754,11.28,0.0,256,1952,0,418,liboqs,gateway
Dilithium3,keygen,44106,0.044106,11.28,0.0,256,1952,0,419,liboqs,gateway
Dilithium3,keygen,42204,0.042204,11.28,0.0,256,1952,0,420,liboqs,gateway
Dilithium3,keygen,41417,0.041417,11.28,0.0,256,1952,0,421,liboqs,gateway
Dilithium3,keygen,42093,0.042093,11.28,0.0,256,1952,0,422,liboqs,gateway
Dilithium3,keygen,40517,0.040517,11.28,0.0,256,1952,0,423,liboqs,gateway
Dilithium3,keygen,79965,0.079965,11.28,0.0,256,1952,0,424,liboqs,gateway
Dilithium3,keygen,48655,0.048655,11.28,0.0,256,1952,0,425,liboqs,gateway
Dilithium3,keygen,72582,0.072582,11.28,0.0,256,1952,0,426,liboqs,gateway
Dilithium3,keygen,98313,0.098313,11.28,0.0,256,1952,0,427,liboqs,gateway
Dilithium3,keygen,50897,0.050897,11.28,0.0,256,1952,0,428,liboqs,gateway
Dilithium3,keygen,43791,0.043791,11.28,0.0,256,1952,0,429,liboqs,gateway
Dilithium3,keygen,44208,0.044208,11.28,0.0,256,1952,0,430,liboqs,gateway
Dilithium3,keygen,41491,0.041491,11.28,0.0,256,1952,0,431,liboqs,gateway
Dilithium3,keygen,41443,0.041443,11.28,0.0,256,1952,0,432,liboqs,gateway
Dilithium3,keygen,40631,0.040631,11.28,0.0,256,1952,0,433,liboqs,gateway
Dilithium3,keygen,42652,0.042652,11.28,0.0,256,1952,0,434,liboqs,gateway
Dilithium3,keygen,42983,0.042983,11.28,0.0,256,1952,0,435,liboqs,gateway
Dilithium3,keygen,40822,0.040822,11.28,0.0,256,1952,0,436,liboqs,gateway
Dilithium3,keygen,41300,0.0413,11.28,0.0,256,1952,0,437,liboqs,gateway
Dilithium3,keygen,73277,0.073277,11.28,0.0,256,1952,0,438,liboqs,gateway
Dilithium3,keygen,78359,0.078359,11.28,0.0,256,1952,0,439,liboqs,gateway
Dilithium3,keygen,49696,0.049696,11.28,0.0,256,1952,0,440,liboqs,gateway
Dilithium3,keygen,82690,0.08269,11.28,0.0,256,1952,0,441,liboqs,gateway
Dilithium3,keygen,47198,0.047198,11.28,0.0,256,1952,0,442,liboqs,gateway
Dilithium3,keygen,95647,0.095647,11.28,0.0,256,1952,0,443,liboqs,gateway
Dilithium3,keygen,57802,0.057802,11.28,0.0,256,1952,0,444,liboqs,gateway
Dilithium3,keygen,45093,0.045093,11.28,0.0,256,1952,0,445,liboqs,gateway
Dilithium3,keygen,42041,0.042041,11.28,0.0,256,1952,0,446,liboqs,gateway
Dilithium3,keygen,42273,0.042273,11.28,0.0,256,1952,0,447,liboqs,gateway
Dilithium3,keygen,40906,0.040906,11.28,0.0,256,1952,0,448,liboqs,gateway
Dilithium3,keygen,41791,0.041791,11.28,0.0,256,1952,0,449,liboqs,gateway
Dilithium3,keygen,42839,0.042839,11.28,0.0,256,1952,0,450,liboqs,gateway
Dilithium3,keygen,42269,0.042269,11.28,0.0,256,1952,0,451,liboqs,gateway
Dilithium3,keygen,41885,0.041885,11.28,0.0,256,1952,0,452,liboqs,gateway
Dilithium3,keygen,40475,0.040475,11.28,0.0,256,1952,0,453,liboqs,gateway
Dilithium3,keygen,41522,0.041522,11.28,0.0,256,1952,0,454,liboqs,gateway
Dilithium3,keygen,40731,0.040731,11.28,0.0,256,1952,0,455,liboqs,gateway
Dilithium3,keygen,74277,0.074277,11.28,0.0,256,1952,0,456,liboqs,gateway
Dilithium3,keygen,51335,0.051335,11.28,0.0,256,1952,0,457,liboqs,gateway
Dilithium3,keygen,43815,0.043815,11.28,0.0,256,1952,0,458,liboqs,gateway
Dilithium3,keygen,42798,0.042798,11.28,0.0,256,1952,0,459,liboqs,gateway
Dilithium3,keygen,42540,0.04254,11.28,0.0,256,1952,0,460,liboqs,gateway
Dilithium3,keygen,40843,0.040843,11.28,0.0,256,1952,0,461,liboqs,gateway
Dilithium3,keygen,42328,0.042328,11.28,0.0,256,1952,0,462,liboqs,gateway
Dilithium3,keygen,41135,0.041135,11.28,0.0,256,1952,0,463,liboqs,gateway
Dilithium3,keygen,41934,0.041934,11.28,0.0,256,1952,0,464,liboqs,gateway
Dilithium3,keygen,110305,0.110305,11.28,0.0,256,1952,0,465,liboqs,gateway
Dilithium3,keygen,132956,0.132956,11.28,0.0,256,1952,0,466,liboqs,gateway
Dilithium3,keygen,95564,0.095564,11.28,0.0,256,1952,0,467,liboqs,gateway
Dilithium3,keygen,54175,0.054175,11.28,0.0,256,1952,0,468,liboqs,gateway
Dilithium3,keygen,44990,0.04499,11.28,0.0,256,1952,0,469,liboqs,gateway
Dilithium3,keygen,43293,0.043293,11.28,0.0,256,1952,0,470,liboqs,gateway
Dilithium3,keygen,44208,0.044208,11.28,0.0,256,1952,0,471,liboqs,gateway
Dilithium3,keygen,41600,0.0416,11.28,0.0,256,1952,0,472,liboqs,gateway
Dilithium3,keygen,44455,0.044455,11.28,0.0,256,1952,0,473,liboqs,gateway
Dilithium3,keygen,41365,0.041365,11.28,0.0,256,1952,0,474,liboqs,gateway
Dilithium3,keygen,139777,0.139777,11.28,0.0,256,1952,0,475,liboqs,gateway
Dilithium3,keygen,93375,0.093375,11.28,0.0,256,1952,0,476,liboqs,gateway
Dilithium3,keygen,92814,0.092814,11.28,0.0,256,1952,0,477,liboqs,gateway
Dilithium3,keygen,55003,0.055003,11.28,0.0,256,1952,0,478,liboqs,gateway
Dilithium3,keygen,43851,0.043851,11.28,0.0,256,1952,0,479,liboqs,gateway
Dilithium3,keygen,42682,0.042682,11.28,0.0,256,1952,0,480,liboqs,gateway
Dilithium3,keygen,41079,0.041079,11.28,0.0,256,1952,0,481,liboqs,gateway
Dilithium3,keygen,42538,0.042538,11.28,0.0,256,1952,0,482,liboqs,gateway
Dilithium3,keygen,40704,0.040704,11.28,0.0,256,1952,0,483,liboqs,gateway
Dilithium3,keygen,40968,0.040968,11.28,0.0,256,1952,0,484,liboqs,gateway
Dilithium3,keygen,39830,0.03983,11.28,0.0,256,1952,0,485,liboqs,gateway
Dilithium3,keygen,41791,0.041791,11.28,0.0,256,1952,0,486,liboqs,gateway
Dilithium3,keygen,41266,0.041266,11.28,0.0,256,1952,0,487,liboqs,gateway
Dilithium3,keygen,40301,0.040301,11.28,0.0,256,1952,0,488,liboqs,gateway
Dilithium3,keygen,40128,0.040128,11.28,0.0,256,1952,0,489,liboqs,gateway
Dilithium3,keygen,41660,0.04166,11.28,0.0,256,1952,0,490,liboqs,gateway
Dilithium3,keygen,39950,0.03995,11.28,0.0,256,1952,0,491,liboqs,gateway
Dilithium3,keygen,41330,0.04133,11.28,0.0,256,1952,0,492,liboqs,gateway
Dilithium3,keygen,41957,0.041957,11.28,0.0,256,1952,0,493,liboqs,gateway
Dilithium3,keygen,40697,0.040697,11.28,0.0,256,1952,0,494,liboqs,gateway
Dilithium3,keygen,39963,0.039963,11.28,0.0,256,1952,0,495,liboqs,gateway
Dilithium3,keygen,41370,0.04137,11.28,0.0,256,1952,0,496,liboqs,gateway
Dilithium3,keygen,39154,0.039154,11.28,0.0,256,1952,0,497,liboqs,gateway
Dilithium3,keygen,39522,0.039522,11.28,0.0,256,1952,0,498,liboqs,gateway
Dilithium3,keygen,39790,0.03979,11.28,0.0,256,1952,0,499,liboqs,gateway
Dilithium3,keygen,41373,0.041373,11.28,0.0,256,1952,0,500,liboqs,gateway
Dilithium3,keygen,40112,0.040112,11.28,0.0,256,1952,0,501,liboqs,gateway
Dilithium3,keygen,40227,0.040227,11.28,0.0,256,1952,0,502,liboqs,gateway
Dilithium3,keygen,82720,0.08272,11.28,0.0,256,1952,0,503,liboqs,gateway
Dilithium3,keygen,46622,0.046622,11.28,0.0,256,1952,0,504,liboqs,gateway
Dilithium3,keygen,41592,0.041592,11.28,0.0,256,1952,0,505,liboqs,gateway
Dilithium3,keygen,42389,0.042389,11.28,0.0,256,1952,0,506,liboqs,gateway
Dilithium3,keygen,40286,0.040286,11.28,0.0,256,1952,0,507,liboqs,gateway
Dilithium3,keygen,40550,0.04055,11.28,0.0,256,1952,0,508,liboqs,gateway
Dilithium3,keygen,41492,0.041492,11.28,0.0,256,1952,0,509,liboqs,gateway
Dilithium3,keygen,39450,0.03945,11.28,0.0,256,1952,0,510,liboqs,gateway
Dilithium3,keygen,39310,0.03931,11.28,0.0,256,1952,0,511,liboqs,gateway
Dilithium3,keygen,39353,0.039353,11.28,0.0,256,1952,0,512,liboqs,gateway
Dilithium3,keygen,39231,0.039231,11.28,0.0,256,1952,0,513,liboqs,gateway
Dilithium3,keygen,38977,0.038977,11.28,0.0,256,1952,0,514,liboqs,gateway
Dilithium3,keygen,79319,0.079319,11.28,0.0,256,1952,0,515,liboqs,gateway
Dilithium3,keygen,46921,0.046921,11.28,0.0,256,1952,0,516,liboqs,gateway
Dilithium3,keygen,66888,0.066888,11.28,0.0,256,1952,0,517,liboqs,gateway
Dilithium3,keygen,45927,0.045927,11.28,0.0,256,1952,0,518,liboqs,gateway
Dilithium3,keygen,45809,0.045809,11.28,0.0,256,1952,0,519,liboqs,gateway
Dilithium3,keygen,65246,0.065246,11.28,0.0,256,1952,0,520,liboqs,gateway
Dilithium3,keygen,47731,0.047731,11.28,0.0,256,1952,0,521,liboqs,gateway
Dilithium3,keygen,68277,0.068277,11.28,0.0,256,1952,0,522,liboqs,gateway
Dilithium3,keygen,48756,0.048756,11.28,0.0,256,1952,0,523,liboqs,gateway
Dilithium3,keygen,42398,0.042398,11.28,0.0,256,1952,0,524,liboqs,gateway
Dilithium3,keygen,40778,0.040778,11.28,0.0,256,1952,0,525,liboqs,gateway
Dilithium3,keygen,40683,0.040683,11.28,0.0,256,1952,0,526,liboqs,gateway
Dilithium3,keygen,61660,0.06166,11.28,0.0,256,1952,0,527,liboqs,gateway
Dilithium3,keygen,47269,0.047269,11.28,0.0,256,1952,0,528,liboqs,gateway
Dilithium3,keygen,75275,0.075275,11.28,0.0,256,1952,0,529,liboqs,gateway
Dilithium3,keygen,77021,0.077021,11.28,0.0,256,1952,0,530,liboqs,gateway
Dilithium3,keygen,190866,0.190866,11.28,0.0,256,1952,0,531,liboqs,gateway
Dilithium3,keygen,48748,0.048748,11.28,0.0,256,1952,0,532,liboqs,gateway
Dilithium3,keygen,73896,0.073896,11.28,0.0,256,1952,0,533,liboqs,gateway
Dilithium3,keygen,42693,0.042693,11.28,0.0,256,1952,0,534,liboqs,gateway
Dilithium3,keygen,43699,0.043699,11.28,0.0,256,1952,0,535,liboqs,gateway
Dilithium3,keygen,152299,0.152299,11.28,0.0,256,1952,0,536,liboqs,gateway
Dilithium3,keygen,73749,0.073749,11.28,0.0,256,1952,0,537,liboqs,gateway
Dilithium3,keygen,50008,0.050008,11.28,0.0,256,1952,0,538,liboqs,gateway
Dilithium3,keygen,44403,0.044403,11.28,0.0,256,1952,0,539,liboqs,gateway
Dilithium3,keygen,44721,0.044721,11.28,0.0,256,1952,0,540,liboqs,gateway
Dilithium3,keygen,41694,0.041694,11.28,0.0,256,1952,0,541,liboqs,gateway
Dilithium3,keygen,42242,0.042242,11.28,0.0,256,1952,0,542,liboqs,gateway
Dilithium3,keygen,40847,0.040847,11.28,0.0,256,1952,0,543,liboqs,gateway
Dilithium3,keygen,42425,0.042425,11.28,0.0,256,1952,0,544,liboqs,gateway
Dilithium3,keygen,42187,0.042187,11.28,0.0,256,1952,0,545,liboqs,gateway
Dilithium3,keygen,40515,0.040515,11.28,0.0,256,1952,0,546,liboqs,gateway
Dilithium3,keygen,41292,0.041292,11.28,0.0,256,1952,0,547,liboqs,gateway
Dilithium3,keygen,99331,0.099331,11.28,0.0,256,1952,0,548,liboqs,gateway
Dilithium3,keygen,58106,0.058106,11.28,0.0,256,1952,0,549,liboqs,gateway
Dilithium3,keygen,44535,0.044535,11.28,0.0,256,1952,0,550,liboqs,gateway
Dilithium3,keygen,42993,0.042993,11.28,0.0,256,1952,0,551,liboqs,gateway
Dilithium3,keygen,45287,0.045287,11.28,0.0,256,1952,0,552,liboqs,gateway
Dilithium3,keygen,41624,0.041624,11.28,0.0,256,1952,0,553,liboqs,gateway
Dilithium3,keygen,41988,0.041988,11.28,0.0,256,1952,0,554,liboqs,gateway
Dilithium3,keygen,40779,0.040779,11.28,0.0,256,1952,0,555,liboqs,gateway
Dilithium3,keygen,44065,0.044065,11.28,0.0,256,1952,0,556,liboqs,gateway
Dilithium3,keygen,41358,0.041358,11.28,0.0,256,1952,0,557,liboqs,gateway
Dilithium3,keygen,42021,0.042021,11.28,0.0,256,1952,0,558,liboqs,gateway
Dilithium3,keygen,43911,0.043911,11.28,0.0,256,1952,0,559,liboqs,gateway
Dilithium3,keygen,40978,0.040978,11.28,0.0,256,1952,0,560,liboqs,gateway
Dilithium3,keygen,41001,0.041001,11.28,0.0,256,1952,0,561,liboqs,gateway
Dilithium3,keygen,82077,0.082077,11.28,0.0,256,1952,0,562,liboqs,gateway
Dilithium3,keygen,65592,0.065592,11.28,0.0,256,1952,0,563,liboqs,gateway
Dilithium3,keygen,54418,0.054418,11.28,0.0,256,1952,0,564,liboqs,gateway
Dilithium3,keygen,53957,0.053957,11.28,0.0,256,1952,0,565,liboqs,gateway
Dilithium3,keygen,45387,0.045387,11.28,0.0,256,1952,0,566,liboqs,gateway
Dilithium3,keygen,43989,0.043989,11.28,0.0,256,1952,0,567,liboqs,gateway
Dilithium3,keygen,44089,0.044089,11.28,0.0,256,1952,0,568,liboqs,gateway
Dilithium3,keygen,41428,0.041428,11.28,0.0,256,1952,0,569,liboqs,gateway
Dilithium3,keygen,42489,0.042489,11.28,0.0,256,1952,0,570,liboqs,gateway
Dilithium3,keygen,42742,0.042742,11.28,0.0,256,1952,0,571,liboqs,gateway
Dilithium3,keygen,41924,0.041924,11.28,0.0,256,1952,0,572,liboqs,gateway
Dilithium3,keygen,42042,0.042042,11.28,0.0,256,1952,0,573,liboqs,gateway
Dilithium3,keygen,40605,0.040605,11.28,0.0,256,1952,0,574,liboqs,gateway
Dilithium3,keygen,41039,0.041039,11.28,0.0,256,1952,0,575,liboqs,gateway
Dilithium3,keygen,41706,0.041706,11.28,0.0,256,1952,0,576,liboqs,gateway
Dilithium3,keygen,40025,0.040025,11.28,0.0,256,1952,0,577,liboqs,gateway
Dilithium3,keygen,42762,0.042762,11.28,0.0,256,1952,0,578,liboqs,gateway
Dilithium3,keygen,41964,0.041964,11.28,0.0,256,1952,0,579,liboqs,gateway
Dilithium3,keygen,40363,0.040363,11.28,0.0,256,1952,0,580,liboqs,gateway
Dilithium3,keygen,79324,0.079324,11.28,0.0,256,1952,0,581,liboqs,gateway
Dilithium3,keygen,48208,0.048208,11.28,0.0,256,1952,0,582,liboqs,gateway
Dilithium3,keygen,43214,0.043214,11.28,0.0,256,1952,0,583,liboqs,gateway
Dilithium3,keygen,42493,0.042493,11.28,0.0,256,1952,0,584,liboqs,gateway
Dilithium3,keygen,41662,0.041662,11.28,0.0,256,1952,0,585,liboqs,gateway
Dilithium3,keygen,41472,0.041472,11.28,0.0,256,1952,0,586,liboqs,gateway
Dilithium3,keygen,41138,0.041138,11.28,0.0,256,1952,0,587,liboqs,gateway
Dilithium3,keygen,41015,0.041015,11.28,0.0,256,1952,0,588,liboqs,gateway
Dilithium3,keygen,40004,0.040004,11.28,0.0,256,1952,0,589,liboqs,gateway
Dilithium3,keygen,41252,0.041252,11.28,0.0,256,1952,0,590,liboqs,gateway
Dilithium3,keygen,40275,0.040275,11.28,0.0,256,1952,0,591,liboqs,gateway
Dilithium3,keygen,40949,0.040949,11.28,0.0,256,1952,0,592,liboqs,gateway
Dilithium3,keygen,41579,0.041579,11.28,0.0,256,1952,0,593,liboqs,gateway
Dilithium3,keygen,40505,0.040505,11.28,0.0,256,1952,0,594,liboqs,gateway
Dilithium3,keygen,39857,0.039857,11.28,0.0,256,1952,0,595,liboqs,gateway
Dilithium3,keygen,39509,0.039509,11.28,0.0,256,1952,0,596,liboqs,gateway
Dilithium3,keygen,138045,0.138045,11.28,0.0,256,1952,0,597,liboqs,gateway
Dilithium3,keygen,87200,0.0872,11.28,0.0,256,1952,0,598,liboqs,gateway
Dilithium3,keygen,47731,0.047731,11.28,0.0,256,1952,0,599,liboqs,gateway
Dilithium3,keygen,44697,0.044697,11.28,0.0,256,1952,0,600,liboqs,gateway
Dilithium3,keygen,94363,0.094363,11.28,0.0,256,1952,0,601,liboqs,gateway
Dilithium3,keygen,115975,0.115975,11.28,0.0,256,1952,0,602,liboqs,gateway
Dilithium3,keygen,58044,0.058044,11.28,0.0,256,1952,0,603,liboqs,gateway
Dilithium3,keygen,44864,0.044864,11.28,0.0,256,1952,0,604,liboqs,gateway
Dilithium3,keygen,41990,0.04199,11.28,0.0,256,1952,0,605,liboqs,gateway
Dilithium3,keygen,44188,0.044188,11.28,0.0,256,1952,0,606,liboqs,gateway
Dilithium3,keygen,41856,0.041856,11.28,0.0,256,1952,0,607,liboqs,gateway
Dilithium3,keygen,41244,0.041244,11.28,0.0,256,1952,0,608,liboqs,gateway
Dilithium3,keygen,40508,0.040508,11.28,0.0,256,1952,0,609,liboqs,gateway
Dilithium3,keygen,41952,0.041952,11.28,0.0,256,1952,0,610,liboqs,gateway
Dilithium3,keygen,41565,0.041565,11.28,0.0,256,1952,0,611,liboqs,gateway
Dilithium3,keygen,40273,0.040273,11.28,0.0,256,1952,0,612,liboqs,gateway
Dilithium3,keygen,40037,0.040037,11.28,0.0,256,1952,0,613,liboqs,gateway
Dilithium3,keygen,39808,0.039808,11.28,0.0,256,1952,0,614,liboqs,gateway
Dilithium3,keygen,39840,0.03984,11.28,0.0,256,1952,0,615,liboqs,gateway
Dilithium3,keygen,39563,0.039563,11.28,0.0,256,1952,0,616,liboqs,gateway
Dilithium3,keygen,40861,0.040861,11.28,0.0,256,1952,0,617,liboqs,gateway
Dilithium3,keygen,39184,0.039184,11.28,0.0,256,1952,0,618,liboqs,gateway
Dilithium3,keygen,39352,0.039352,11.28,0.0,256,1952,0,619,liboqs,gateway
Dilithium3,keygen,40491,0.040491,11.28,0.0,256,1952,0,620,liboqs,gateway
Dilithium3,keygen,40529,0.040529,11.28,0.0,256,1952,0,621,liboqs,gateway
Dilithium3,keygen,49084,0.049084,11.28,0.0,256,1952,0,622,liboqs,gateway
Dilithium3,keygen,42585,0.042585,11.28,0.0,256,1952,0,623,liboqs,gateway
Dilithium3,keygen,41099,0.041099,11.28,0.0,256,1952,0,624,liboqs,gateway
Dilithium3,keygen,41455,0.041455,11.28,0.0,256,1952,0,625,liboqs,gateway
Dilithium3,keygen,50571,0.050571,11.28,0.0,256,1952,0,626,liboqs,gateway
Dilithium3,keygen,42548,0.042548,11.28,0.0,256,1952,0,627,liboqs,gateway
Dilithium3,keygen,41209,0.041209,11.28,0.0,256,1952,0,628,liboqs,gateway
Dilithium3,keygen,39681,0.039681,11.28,0.0,256,1952,0,629,liboqs,gateway
Dilithium3,keygen,40517,0.040517,11.28,0.0,256,1952,0,630,liboqs,gateway
Dilithium3,keygen,39732,0.039732,11.28,0.0,256,1952,0,631,liboqs,gateway
Dilithium3,keygen,40394,0.040394,11.28,0.0,256,1952,0,632,liboqs,gateway
Dilithium3,keygen,40131,0.040131,11.28,0.0,256,1952,0,633,liboqs,gateway
Dilithium3,keygen,39475,0.039475,11.28,0.0,256,1952,0,634,liboqs,gateway
Dilithium3,keygen,40448,0.040448,11.28,0.0,256,1952,0,635,liboqs,gateway
Dilithium3,keygen,39150,0.03915,11.28,0.0,256,1952,0,636,liboqs,gateway
Dilithium3,keygen,39073,0.039073,11.28,0.0,256,1952,0,637,liboqs,gateway
Dilithium3,keygen,39470,0.03947,11.28,0.0,256,1952,0,638,liboqs,gateway
Dilithium3,keygen,40722,0.040722,11.28,0.0,256,1952,0,639,liboqs,gateway
Dilithium3,keygen,41236,0.041236,11.28,0.0,256,1952,0,640,liboqs,gateway
Dilithium3,keygen,39616,0.039616,11.28,0.0,256,1952,0,641,liboqs,gateway
Dilithium3,keygen,39179,0.039179,11.28,0.0,256,1952,0,642,liboqs,gateway
Dilithium3,keygen,42315,0.042315,11.28,0.0,256,1952,0,643,liboqs,gateway
Dilithium3,keygen,39273,0.039273,11.28,0.0,256,1952,0,644,liboqs,gateway
Dilithium3,keygen,39292,0.039292,11.28,0.0,256,1952,0,645,liboqs,gateway
Dilithium3,keygen,40910,0.04091,11.28,0.0,256,1952,0,646,liboqs,gateway
Dilithium3,keygen,40703,0.040703,11.28,0.0,256,1952,0,647,liboqs,gateway
Dilithium3,keygen,44641,0.044641,11.28,0.0,256,1952,0,648,liboqs,gateway
Dilithium3,keygen,39274,0.039274,11.28,0.0,256,1952,0,649,liboqs,gateway
Dilithium3,keygen,41557,0.041557,11.28,0.0,256,1952,0,650,liboqs,gateway
Dilithium3,keygen,40120,0.04012,11.28,0.0,256,1952,0,651,liboqs,gateway
Dilithium3,keygen,41224,0.041224,11.28,0.0,256,1952,0,652,liboqs,gateway
Dilithium3,keygen,41064,0.041064,11.28,0.0,256,1952,0,653,liboqs,gateway
Dilithium3,keygen,39541,0.039541,11.28,0.0,256,1952,0,654,liboqs,gateway
Dilithium3,keygen,41758,0.041758,11.28,0.0,256,1952,0,655,liboqs,gateway
Dilithium3,keygen,39992,0.039992,11.28,0.0,256,1952,0,656,liboqs,gateway
Dilithium3,keygen,41141,0.041141,11.28,0.0,256,1952,0,657,liboqs,gateway
Dilithium3,keygen,40102,0.040102,11.28,0.0,256,1952,0,658,liboqs,gateway
Dilithium3,keygen,41814,0.041814,11.28,0.0,256,1952,0,659,liboqs,gateway
Dilithium3,keygen,39806,0.039806,11.28,0.0,256,1952,0,660,liboqs,gateway
Dilithium3,keygen,40898,0.040898,11.28,0.0,256,1952,0,661,liboqs,gateway
Dilithium3,keygen,42088,0.042088,11.28,0.0,256,1952,0,662,liboqs,gateway
Dilithium3,keygen,41167,0.041167,11.28,0.0,256,1952,0,663,liboqs,gateway
Dilithium3,keygen,40779,0.040779,11.28,0.0,256,1952,0,664,liboqs,gateway
Dilithium3,keygen,40375,0.040375,11.28,0.0,256,1952,0,665,liboqs,gateway
Dilithium3,keygen,41443,0.041443,11.28,0.0,256,1952,0,666,liboqs,gateway
Dilithium3,keygen,39803,0.039803,11.28,0.0,256,1952,0,667,liboqs,gateway
Dilithium3,keygen,52054,0.052054,11.28,0.0,256,1952,0,668,liboqs,gateway
Dilithium3,keygen,46041,0.046041,11.28,0.0,256,1952,0,669,liboqs,gateway
Dilithium3,keygen,41880,0.04188,11.28,0.0,256,1952,0,670,liboqs,gateway
Dilithium3,keygen,41925,0.041925,11.28,0.0,256,1952,0,671,liboqs,gateway
Dilithium3,keygen,42068,0.042068,11.28,0.0,256,1952,0,672,liboqs,gateway
Dilithium3,keygen,42221,0.042221,11.28,0.0,256,1952,0,673,liboqs,gateway
Dilithium3,keygen,41251,0.041251,11.28,0.0,256,1952,0,674,liboqs,gateway
Dilithium3,keygen,42302,0.042302,11.28,0.0,256,1952,0,675,liboqs,gateway
Dilithium3,keygen,40501,0.040501,11.28,0.0,256,1952,0,676,liboqs,gateway
Dilithium3,keygen,41229,0.041229,11.28,0.0,256,1952,0,677,liboqs,gateway
Dilithium3,keygen,41071,0.041071,11.28,0.0,256,1952,0,678,liboqs,gateway
Dilithium3,keygen,42387,0.042387,11.28,0.0,256,1952,0,679,liboqs,gateway
Dilithium3,keygen,42666,0.042666,11.28,0.0,256,1952,0,680,liboqs,gateway
Dilithium3,keygen,40453,0.040453,11.28,0.0,256,1952,0,681,liboqs,gateway
Dilithium3,keygen,41666,0.041666,11.28,0.0,256,1952,0,682,liboqs,gateway
Dilithium3,keygen,40090,0.04009,11.28,0.0,256,1952,0,683,liboqs,gateway
Dilithium3,keygen,40602,0.040602,11.28,0.0,256,1952,0,684,liboqs,gateway
Dilithium3,keygen,40211,0.040211,11.28,0.0,256,1952,0,685,liboqs,gateway
Dilithium3,keygen,44471,0.044471,11.28,0.0,256,1952,0,686,liboqs,gateway
Dilithium3,keygen,41332,0.041332,11.28,0.0,256,1952,0,687,liboqs,gateway
Dilithium3,keygen,41247,0.041247,11.28,0.0,256,1952,0,688,liboqs,gateway
Dilithium3,keygen,42630,0.04263,11.28,0.0,256,1952,0,689,liboqs,gateway
Dilithium3,keygen,40208,0.040208,11.28,0.0,256,1952,0,690,liboqs,gateway
Dilithium3,keygen,40961,0.040961,11.28,0.0,256,1952,0,691,liboqs,gateway
Dilithium3,keygen,41516,0.041516,11.28,0.0,256,1952,0,692,liboqs,gateway
Dilithium3,keygen,42288,0.042288,11.28,0.0,256,1952,0,693,liboqs,gateway
Dilithium3,keygen,40904,0.040904,11.28,0.0,256,1952,0,694,liboqs,gateway
Dilithium3,keygen,41061,0.041061,11.28,0.0,256,1952,0,695,liboqs,gateway
Dilithium3,keygen,41934,0.041934,11.28,0.0,256,1952,0,696,liboqs,gateway
Dilithium3,keygen,40028,0.040028,11.28,0.0,256,1952,0,697,liboqs,gateway
Dilithium3,keygen,40831,0.040831,11.28,0.0,256,1952,0,698,liboqs,gateway
Dilithium3,keygen,39972,0.039972,11.28,0.0,256,1952,0,699,liboqs,gateway
Dilithium3,keygen,41871,0.041871,11.28,0.0,256,1952,0,700,liboqs,gateway
Dilithium3,keygen,40285,0.040285,11.28,0.0,256,1952,0,701,liboqs,gateway
Dilithium3,keygen,41711,0.041711,11.28,0.0,256,1952,0,702,liboqs,gateway
Dilithium3,keygen,40591,0.040591,11.28,0.0,256,1952,0,703,liboqs,gateway
Dilithium3,keygen,42987,0.042987,11.28,0.0,256,1952,0,704,liboqs,gateway
Dilithium3,keygen,54219,0.054219,11.28,0.0,256,1952,0,705,liboqs,gateway
Dilithium3,keygen,47525,0.047525,11.28,0.0,256,1952,0,706,liboqs,gateway
Dilithium3,keygen,44070,0.04407,11.28,0.0,256,1952,0,707,liboqs,gateway
Dilithium3,keygen,41236,0.041236,11.28,0.0,256,1952,0,708,liboqs,gateway
Dilithium3,keygen,41645,0.041645,11.28,0.0,256,1952,0,709,liboqs,gateway
Dilithium3,keygen,42469,0.042469,11.28,0.0,256,1952,0,710,liboqs,gateway
Dilithium3,keygen,41603,0.041603,11.28,0.0,256,1952,0,711,liboqs,gateway
Dilithium3,keygen,41387,0.041387,11.28,0.0,256,1952,0,712,liboqs,gateway
Dilithium3,keygen,54571,0.054571,11.28,0.0,256,1952,0,713,liboqs,gateway
Dilithium3,keygen,46013,0.046013,11.28,0.0,256,1952,0,714,liboqs,gateway
Dilithium3,keygen,41886,0.041886,11.28,0.0,256,1952,0,715,liboqs,gateway
Dilithium3,keygen,42030,0.04203,11.28,0.0,256,1952,0,716,liboqs,gateway
Dilithium3,keygen,50610,0.05061,11.28,0.0,256,1952,0,717,liboqs,gateway
Dilithium3,keygen,43651,0.043651,11.28,0.0,256,1952,0,718,liboqs,gateway
Dilithium3,keygen,41408,0.041408,11.28,0.0,256,1952,0,719,liboqs,gateway
Dilithium3,keygen,42295,0.042295,11.28,0.0,256,1952,0,720,liboqs,gateway
Dilithium3,keygen,40979,0.040979,11.28,0.0,256,1952,0,721,liboqs,gateway
Dilithium3,keygen,40251,0.040251,11.28,0.0,256,1952,0,722,liboqs,gateway
Dilithium3,keygen,43864,0.043864,11.28,0.0,256,1952,0,723,liboqs,gateway
Dilithium3,keygen,41655,0.041655,11.28,0.0,256,1952,0,724,liboqs,gateway
Dilithium3,keygen,40707,0.040707,11.28,0.0,256,1952,0,725,liboqs,gateway
Dilithium3,keygen,40159,0.040159,11.28,0.0,256,1952,0,726,liboqs,gateway
Dilithium3,keygen,40995,0.040995,11.28,0.0,256,1952,0,727,liboqs,gateway
Dilithium3,keygen,42370,0.04237,11.28,0.0,256,1952,0,728,liboqs,gateway
Dilithium3,keygen,42247,0.042247,11.28,0.0,256,1952,0,729,liboqs,gateway
Dilithium3,keygen,41248,0.041248,11.28,0.0,256,1952,0,730,liboqs,gateway
Dilithium3,keygen,40509,0.040509,11.28,0.0,256,1952,0,731,liboqs,gateway
Dilithium3,keygen,41023,0.041023,11.28,0.0,256,1952,0,732,liboqs,gateway
Dilithium3,keygen,43083,0.043083,11.28,0.0,256,1952,0,733,liboqs,gateway
Dilithium3,keygen,44342,0.044342,11.28,0.0,256,1952,0,734,liboqs,gateway
Dilithium3,keygen,41379,0.041379,11.28,0.0,256,1952,0,735,liboqs,gateway
Dilithium3,keygen,41641,0.041641,11.28,0.0,256,1952,0,736,liboqs,gateway
Dilithium3,keygen,41285,0.041285,11.28,0.0,256,1952,0,737,liboqs,gateway
Dilithium3,keygen,197549,0.197549,16.01,0.0,256,1952,0,738,liboqs,gateway
Dilithium3,keygen,58328,0.058328,13.43,0.0,256,1952,0,739,liboqs,gateway
Dilithium3,keygen,47204,0.047204,11.22,0.0,256,1952,0,740,liboqs,gateway
Dilithium3,keygen,43538,0.043538,11.22,0.0,256,1952,0,741,liboqs,gateway
Dilithium3,keygen,42603,0.042603,11.28,0.0,256,1952,0,742,liboqs,gateway
Dilithium3,keygen,43652,0.043652,11.28,0.0,256,1952,0,743,liboqs,gateway
Dilithium3,keygen,40928,0.040928,11.28,0.0,256,1952,0,744,liboqs,gateway
Dilithium3,keygen,41361,0.041361,11.28,0.0,256,1952,0,745,liboqs,gateway
Dilithium3,keygen,41786,0.041786,11.28,0.0,256,1952,0,746,liboqs,gateway
Dilithium3,keygen,57033,0.057033,11.28,0.0,256,1952,0,747,liboqs,gateway
Dilithium3,keygen,50145,0.050145,11.28,0.0,256,1952,0,748,liboqs,gateway
Dilithium3,keygen,44102,0.044102,11.28,0.0,256,1952,0,749,liboqs,gateway
Dilithium3,keygen,41317,0.041317,11.28,0.0,256,1952,0,750,liboqs,gateway
Dilithium3,keygen,40351,0.040351,11.28,0.0,256,1952,0,751,liboqs,gateway
Dilithium3,keygen,43450,0.04345,11.28,0.0,256,1952,0,752,liboqs,gateway
Dilithium3,keygen,40706,0.040706,11.28,0.0,256,1952,0,753,liboqs,gateway
Dilithium3,keygen,39888,0.039888,11.28,0.0,256,1952,0,754,liboqs,gateway
Dilithium3,keygen,39141,0.039141,11.28,0.0,256,1952,0,755,liboqs,gateway
Dilithium3,keygen,41423,0.041423,11.28,0.0,256,1952,0,756,liboqs,gateway
Dilithium3,keygen,39756,0.039756,11.28,0.0,256,1952,0,757,liboqs,gateway
Dilithium3,keygen,40061,0.040061,11.28,0.0,256,1952,0,758,liboqs,gateway
Dilithium3,keygen,39339,0.039339,11.28,0.0,256,1952,0,759,liboqs,gateway
Dilithium3,keygen,41337,0.041337,11.28,0.0,256,1952,0,760,liboqs,gateway
Dilithium3,keygen,42843,0.042843,11.28,0.0,256,1952,0,761,liboqs,gateway
Dilithium3,keygen,40802,0.040802,11.28,0.0,256,1952,0,762,liboqs,gateway
Dilithium3,keygen,40139,0.040139,11.28,0.0,256,1952,0,763,liboqs,gateway
Dilithium3,keygen,43632,0.043632,11.28,0.0,256,1952,0,764,liboqs,gateway
Dilithium3,keygen,41353,0.041353,11.28,0.0,256,1952,0,765,liboqs,gateway
Dilithium3,keygen,41270,0.04127,11.28,0.0,256,1952,0,766,liboqs,gateway
Dilithium3,keygen,46034,0.046034,11.28,0.0,256,1952,0,767,liboqs,gateway
Dilithium3,keygen,42372,0.042372,11.28,0.0,256,1952,0,768,liboqs,gateway
Dilithium3,keygen,45438,0.045438,11.28,0.0,256,1952,0,769,liboqs,gateway
Dilithium3,keygen,41134,0.041134,11.28,0.0,256,1952,0,770,liboqs,gateway
Dilithium3,keygen,42606,0.042606,11.28,0.0,256,1952,0,771,liboqs,gateway
Dilithium3,keygen,42280,0.04228,11.28,0.0,256,1952,0,772,liboqs,gateway
Dilithium3,keygen,46015,0.046015,11.28,0.0,256,1952,0,773,liboqs,gateway
Dilithium3,keygen,46302,0.046302,11.28,0.0,256,1952,0,774,liboqs,gateway
Dilithium3,keygen,43758,0.043758,11.28,0.0,256,1952,0,775,liboqs,gateway
Dilithium3,keygen,43032,0.043032,11.28,0.0,256,1952,0,776,liboqs,gateway
Dilithium3,keygen,41222,0.041222,11.28,0.0,256,1952,0,777,liboqs,gateway
Dilithium3,keygen,41771,0.041771,11.28,0.0,256,1952,0,778,liboqs,gateway
Dilithium3,keygen,40358,0.040358,11.28,0.0,256,1952,0,779,liboqs,gateway
Dilithium3,keygen,43406,0.043406,11.28,0.0,256,1952,0,780,liboqs,gateway
Dilithium3,keygen,42735,0.042735,11.28,0.0,256,1952,0,781,liboqs,gateway
Dilithium3,keygen,41702,0.041702,11.28,0.0,256,1952,0,782,liboqs,gateway
Dilithium3,keygen,41029,0.041029,11.28,0.0,256,1952,0,783,liboqs,gateway
Dilithium3,keygen,40379,0.040379,11.28,0.0,256,1952,0,784,liboqs,gateway
Dilithium3,keygen,41115,0.041115,11.28,0.0,256,1952,0,785,liboqs,gateway
Dilithium3,keygen,40943,0.040943,11.28,0.0,256,1952,0,786,liboqs,gateway
Dilithium3,keygen,43285,0.043285,11.28,0.0,256,1952,0,787,liboqs,gateway
Dilithium3,keygen,42079,0.042079,11.28,0.0,256,1952,0,788,liboqs,gateway
Dilithium3,keygen,40319,0.040319,11.28,0.0,256,1952,0,789,liboqs,gateway
Dilithium3,keygen,41499,0.041499,11.28,0.0,256,1952,0,790,liboqs,gateway
Dilithium3,keygen,40836,0.040836,11.28,0.0,256,1952,0,791,liboqs,gateway
Dilithium3,keygen,57674,0.057674,11.28,0.0,256,1952,0,792,liboqs,gateway
Dilithium3,keygen,47655,0.047655,11.28,0.0,256,1952,0,793,liboqs,gateway
Dilithium3,keygen,45730,0.04573,11.28,0.0,256,1952,0,794,liboqs,gateway
Dilithium3,keygen,40955,0.040955,11.28,0.0,256,1952,0,795,liboqs,gateway
Dilithium3,keygen,41235,0.041235,11.28,0.0,256,1952,0,796,liboqs,gateway
Dilithium3,keygen,42088,0.042088,11.28,0.0,256,1952,0,797,liboqs,gateway
Dilithium3,keygen,41835,0.041835,11.28,0.0,256,1952,0,798,liboqs,gateway
Dilithium3,keygen,40920,0.04092,11.28,0.0,256,1952,0,799,liboqs,gateway
Dilithium3,keygen,41733,0.041733,11.28,0.0,256,1952,0,800,liboqs,gateway
Dilithium3,keygen,44659,0.044659,11.28,0.0,256,1952,0,801,liboqs,gateway
Dilithium3,keygen,54945,0.054945,11.28,0.0,256,1952,0,802,liboqs,gateway
Dilithium3,keygen,44947,0.044947,11.28,0.0,256,1952,0,803,liboqs,gateway
Dilithium3,keygen,43052,0.043052,11.28,0.0,256,1952,0,804,liboqs,gateway
Dilithium3,keygen,41978,0.041978,11.28,0.0,256,1952,0,805,liboqs,gateway
Dilithium3,keygen,41787,0.041787,11.28,0.0,256,1952,0,806,liboqs,gateway
Dilithium3,keygen,42603,0.042603,11.28,0.0,256,1952,0,807,liboqs,gateway
Dilithium3,keygen,40400,0.0404,11.28,0.0,256,1952,0,808,liboqs,gateway
Dilithium3,keygen,40838,0.040838,11.28,0.0,256,1952,0,809,liboqs,gateway
Dilithium3,keygen,39853,0.039853,11.28,0.0,256,1952,0,810,liboqs,gateway
Dilithium3,keygen,40598,0.040598,11.28,0.0,256,1952,0,811,liboqs,gateway
Dilithium3,keygen,39981,0.039981,11.28,0.0,256,1952,0,812,liboqs,gateway
Dilithium3,keygen,43237,0.043237,11.28,0.0,256,1952,0,813,liboqs,gateway
Dilithium3,keygen,40904,0.040904,11.28,0.0,256,1952,0,814,liboqs,gateway
Dilithium3,keygen,40615,0.040615,11.28,0.0,256,1952,0,815,liboqs,gateway
Dilithium3,keygen,41541,0.041541,11.28,0.0,256,1952,0,816,liboqs,gateway
Dilithium3,keygen,40737,0.040737,11.28,0.0,256,1952,0,817,liboqs,gateway
Dilithium3,keygen,40635,0.040635,11.28,0.0,256,1952,0,818,liboqs,gateway
Dilithium3,keygen,40803,0.040803,11.28,0.0,256,1952,0,819,liboqs,gateway
Dilithium3,keygen,41519,0.041519,11.28,0.0,256,1952,0,820,liboqs,gateway
Dilithium3,keygen,41242,0.041242,11.28,0.0,256,1952,0,821,liboqs,gateway
Dilithium3,keygen,40679,0.040679,11.28,0.0,256,1952,0,822,liboqs,gateway
Dilithium3,keygen,39810,0.03981,11.28,0.0,256,1952,0,823,liboqs,gateway
Dilithium3,keygen,40003,0.040003,11.28,0.0,256,1952,0,824,liboqs,gateway
Dilithium3,keygen,42523,0.042523,11.28,0.0,256,1952,0,825,liboqs,gateway
Dilithium3,keygen,39814,0.039814,11.28,0.0,256,1952,0,826,liboqs,gateway
Dilithium3,keygen,41063,0.041063,11.28,0.0,256,1952,0,827,liboqs,gateway
Dilithium3,keygen,41407,0.041407,11.28,0.0,256,1952,0,828,liboqs,gateway
Dilithium3,keygen,39821,0.039821,11.28,0.0,256,1952,0,829,liboqs,gateway
Dilithium3,keygen,40815,0.040815,11.28,0.0,256,1952,0,830,liboqs,gateway
Dilithium3,keygen,50962,0.050962,11.28,0.0,256,1952,0,831,liboqs,gateway
Dilithium3,keygen,47389,0.047389,11.28,0.0,256,1952,0,832,liboqs,gateway
Dilithium3,keygen,41865,0.041865,11.28,0.0,256,1952,0,833,liboqs,gateway
Dilithium3,keygen,43252,0.043252,11.28,0.0,256,1952,0,834,liboqs,gateway
Dilithium3,keygen,41412,0.041412,11.28,0.0,256,1952,0,835,liboqs,gateway
Dilithium3,keygen,41842,0.041842,11.28,0.0,256,1952,0,836,liboqs,gateway
Dilithium3,keygen,43338,0.043338,11.28,0.0,256,1952,0,837,liboqs,gateway
Dilithium3,keygen,40344,0.040344,11.28,0.0,256,1952,0,838,liboqs,gateway
Dilithium3,keygen,39685,0.039685,11.28,0.0,256,1952,0,839,liboqs,gateway
Dilithium3,keygen,40973,0.040973,11.28,0.0,256,1952,0,840,liboqs,gateway
Dilithium3,keygen,39481,0.039481,11.28,0.0,256,1952,0,841,liboqs,gateway
Dilithium3,keygen,39427,0.039427,11.28,0.0,256,1952,0,842,liboqs,gateway
Dilithium3,keygen,41196,0.041196,11.28,0.0,256,1952,0,843,liboqs,gateway
Dilithium3,keygen,39561,0.039561,11.28,0.0,256,1952,0,844,liboqs,gateway
Dilithium3,keygen,39468,0.039468,11.28,0.0,256,1952,0,845,liboqs,gateway
Dilithium3,keygen,40360,0.04036,11.28,0.0,256,1952,0,846,liboqs,gateway
Dilithium3,keygen,39637,0.039637,11.28,0.0,256,1952,0,847,liboqs,gateway
Dilithium3,keygen,39483,0.039483,11.28,0.0,256,1952,0,848,liboqs,gateway
Dilithium3,keygen,40592,0.040592,11.28,0.0,256,1952,0,849,liboqs,gateway
Dilithium3,keygen,39413,0.039413,11.28,0.0,256,1952,0,850,liboqs,gateway
Dilithium3,keygen,39551,0.039551,11.28,0.0,256,1952,0,851,liboqs,gateway
Dilithium3,keygen,40402,0.040402,11.28,0.0,256,1952,0,852,liboqs,gateway
Dilithium3,keygen,39833,0.039833,11.28,0.0,256,1952,0,853,liboqs,gateway
Dilithium3,keygen,40766,0.040766,11.28,0.0,256,1952,0,854,liboqs,gateway
Dilithium3,keygen,40084,0.040084,11.28,0.0,256,1952,0,855,liboqs,gateway
Dilithium3,keygen,52126,0.052126,11.28,0.0,256,1952,0,856,liboqs,gateway
Dilithium3,keygen,41397,0.041397,11.28,0.0,256,1952,0,857,liboqs,gateway
Dilithium3,keygen,41009,0.041009,11.28,0.0,256,1952,0,858,liboqs,gateway
Dilithium3,keygen,40475,0.040475,11.28,0.0,256,1952,0,859,liboqs,gateway
Dilithium3,keygen,41806,0.041806,11.28,0.0,256,1952,0,860,liboqs,gateway
Dilithium3,keygen,43693,0.043693,11.28,0.0,256,1952,0,861,liboqs,gateway
Dilithium3,keygen,41251,0.041251,11.28,0.0,256,1952,0,862,liboqs,gateway
Dilithium3,keygen,42653,0.042653,11.28,0.0,256,1952,0,863,liboqs,gateway
Dilithium3,keygen,41417,0.041417,11.28,0.0,256,1952,0,864,liboqs,gateway
Dilithium3,keygen,40081,0.040081,11.28,0.0,256,1952,0,865,liboqs,gateway
Dilithium3,keygen,39659,0.039659,11.28,0.0,256,1952,0,866,liboqs,gateway
Dilithium3,keygen,40883,0.040883,11.28,0.0,256,1952,0,867,liboqs,gateway
Dilithium3,keygen,61640,0.06164,11.28,0.0,256,1952,0,868,liboqs,gateway
Dilithium3,keygen,46283,0.046283,11.28,0.0,256,1952,0,869,liboqs,gateway
Dilithium3,keygen,48756,0.048756,11.28,0.0,256,1952,0,870,liboqs,gateway
Dilithium3,keygen,50967,0.050967,11.28,0.0,256,1952,0,871,liboqs,gateway
Dilithium3,keygen,43708,0.043708,11.28,0.0,256,1952,0,872,liboqs,gateway
Dilithium3,keygen,42884,0.042884,11.28,0.0,256,1952,0,873,liboqs,gateway
Dilithium3,keygen,41560,0.04156,11.28,0.0,256,1952,0,874,liboqs,gateway
Dilithium3,keygen,42229,0.042229,11.28,0.0,256,1952,0,875,liboqs,gateway
Dilithium3,keygen,43203,0.043203,11.28,0.0,256,1952,0,876,liboqs,gateway
Dilithium3,keygen,41342,0.041342,11.28,0.0,256,1952,0,877,liboqs,gateway
Dilithium3,keygen,41352,0.041352,11.28,0.0,256,1952,0,878,liboqs,gateway
Dilithium3,keygen,42252,0.042252,11.28,0.0,256,1952,0,879,liboqs,gateway
Dilithium3,keygen,40246,0.040246,11.28,0.0,256,1952,0,880,liboqs,gateway
Dilithium3,keygen,39812,0.039812,11.28,0.0,256,1952,0,881,liboqs,gateway
Dilithium3,keygen,41686,0.041686,11.28,0.0,256,1952,0,882,liboqs,gateway
Dilithium3,keygen,40754,0.040754,11.28,0.0,256,1952,0,883,liboqs,gateway
Dilithium3,keygen,41209,0.041209,11.28,0.0,256,1952,0,884,liboqs,gateway
Dilithium3,keygen,40250,0.04025,11.28,0.0,256,1952,0,885,liboqs,gateway
Dilithium3,keygen,40260,0.04026,11.28,0.0,256,1952,0,886,liboqs,gateway
Dilithium3,keygen,44926,0.044926,11.28,0.0,256,1952,0,887,liboqs,gateway
Dilithium3,keygen,40544,0.040544,11.28,0.0,256,1952,0,888,liboqs,gateway
Dilithium3,keygen,42260,0.04226,11.28,0.0,256,1952,0,889,liboqs,gateway
Dilithium3,keygen,41938,0.041938,11.28,0.0,256,1952,0,890,liboqs,gateway
Dilithium3,keygen,40125,0.040125,11.28,0.0,256,1952,0,891,liboqs,gateway
Dilithium3,keygen,149766,0.149766,11.28,0.0,256,1952,0,892,liboqs,gateway
Dilithium3,keygen,76245,0.076245,11.28,0.0,256,1952,0,893,liboqs,gateway
Dilithium3,keygen,47199,0.047199,11.28,0.0,256,1952,0,894,liboqs,gateway
Dilithium3,keygen,44814,0.044814,11.28,0.0,256,1952,0,895,liboqs,gateway
Dilithium3,keygen,52289,0.052289,11.28,0.0,256,1952,0,896,liboqs,gateway
Dilithium3,keygen,44764,0.044764,11.28,0.0,256,1952,0,897,liboqs,gateway
Dilithium3,keygen,43501,0.043501,11.28,0.0,256,1952,0,898,liboqs,gateway
Dilithium3,keygen,45083,0.045083,11.28,0.0,256,1952,0,899,liboqs,gateway
Dilithium3,keygen,42945,0.042945,11.28,0.0,256,1952,0,900,liboqs,gateway
Dilithium3,keygen,42071,0.042071,11.28,0.0,256,1952,0,901,liboqs,gateway
Dilithium3,keygen,42474,0.042474,11.28,0.0,256,1952,0,902,liboqs,gateway
Dilithium3,keygen,42439,0.042439,11.28,0.0,256,1952,0,903,liboqs,gateway
Dilithium3,keygen,40911,0.040911,11.28,0.0,256,1952,0,904,liboqs,gateway
Dilithium3,keygen,41209,0.041209,11.28,0.0,256,1952,0,905,liboqs,gateway
Dilithium3,keygen,40270,0.04027,11.28,0.0,256,1952,0,906,liboqs,gateway
Dilithium3,keygen,42149,0.042149,11.28,0.0,256,1952,0,907,liboqs,gateway
Dilithium3,keygen,40392,0.040392,11.28,0.0,256,1952,0,908,liboqs,gateway
Dilithium3,keygen,40636,0.040636,11.28,0.0,256,1952,0,909,liboqs,gateway
Dilithium3,keygen,41338,0.041338,11.28,0.0,256,1952,0,910,liboqs,gateway
Dilithium3,keygen,40157,0.040157,11.28,0.0,256,1952,0,911,liboqs,gateway
Dilithium3,keygen,40762,0.040762,11.28,0.0,256,1952,0,912,liboqs,gateway
Dilithium3,keygen,39657,0.039657,11.28,0.0,256,1952,0,913,liboqs,gateway
Dilithium3,keygen,41830,0.04183,11.28,0.0,256,1952,0,914,liboqs,gateway
Dilithium3,keygen,40202,0.040202,11.28,0.0,256,1952,0,915,liboqs,gateway
Dilithium3,keygen,40768,0.040768,11.28,0.0,256,1952,0,916,liboqs,gateway
Dilithium3,keygen,41272,0.041272,11.28,0.0,256,1952,0,917,liboqs,gateway
Dilithium3,keygen,39950,0.03995,11.28,0.0,256,1952,0,918,liboqs,gateway
Dilithium3,keygen,40451,0.040451,11.28,0.0,256,1952,0,919,liboqs,gateway
Dilithium3,keygen,40842,0.040842,11.28,0.0,256,1952,0,920,liboqs,gateway
Dilithium3,keygen,40383,0.040383,11.28,0.0,256,1952,0,921,liboqs,gateway
Dilithium3,keygen,42398,0.042398,11.28,0.0,256,1952,0,922,liboqs,gateway
Dilithium3,keygen,39905,0.039905,11.28,0.0,256,1952,0,923,liboqs,gateway
Dilithium3,keygen,43161,0.043161,11.28,0.0,256,1952,0,924,liboqs,gateway
Dilithium3,keygen,39706,0.039706,11.28,0.0,256,1952,0,925,liboqs,gateway
Dilithium3,keygen,40578,0.040578,11.28,0.0,256,1952,0,926,liboqs,gateway
Dilithium3,keygen,40105,0.040105,11.28,0.0,256,1952,0,927,liboqs,gateway
Dilithium3,keygen,60432,0.060432,11.28,0.0,256,1952,0,928,liboqs,gateway
Dilithium3,keygen,43593,0.043593,11.28,0.0,256,1952,0,929,liboqs,gateway
Dilithium3,keygen,42167,0.042167,11.28,0.0,256,1952,0,930,liboqs,gateway
Dilithium3,keygen,41746,0.041746,11.28,0.0,256,1952,0,931,liboqs,gateway
Dilithium3,keygen,40861,0.040861,11.28,0.0,256,1952,0,932,liboqs,gateway
Dilithium3,keygen,40590,0.04059,11.28,0.0,256,1952,0,933,liboqs,gateway
Dilithium3,keygen,40135,0.040135,11.28,0.0,256,1952,0,934,liboqs,gateway
Dilithium3,keygen,40463,0.040463,11.28,0.0,256,1952,0,935,liboqs,gateway
Dilithium3,keygen,40278,0.040278,11.28,0.0,256,1952,0,936,liboqs,gateway
Dilithium3,keygen,41831,0.041831,11.28,0.0,256,1952,0,937,liboqs,gateway
Dilithium3,keygen,41281,0.041281,11.28,0.0,256,1952,0,938,liboqs,gateway
Dilithium3,keygen,39647,0.039647,11.28,0.0,256,1952,0,939,liboqs,gateway
Dilithium3,keygen,40619,0.040619,11.28,0.0,256,1952,0,940,liboqs,gateway
Dilithium3,keygen,40749,0.040749,11.28,0.0,256,1952,0,941,liboqs,gateway
Dilithium3,keygen,40413,0.040413,11.28,0.0,256,1952,0,942,liboqs,gateway
Dilithium3,keygen,40370,0.04037,11.28,0.0,256,1952,0,943,liboqs,gateway
Dilithium3,keygen,39746,0.039746,11.28,0.0,256,1952,0,944,liboqs,gateway
Dilithium3,keygen,40263,0.040263,11.28,0.0,256,1952,0,945,liboqs,gateway
Dilithium3,keygen,40939,0.040939,11.28,0.0,256,1952,0,946,liboqs,gateway
Dilithium3,keygen,39558,0.039558,11.28,0.0,256,1952,0,947,liboqs,gateway
Dilithium3,keygen,40516,0.040516,11.28,0.0,256,1952,0,948,liboqs,gateway
Dilithium3,keygen,39369,0.039369,11.28,0.0,256,1952,0,949,liboqs,gateway
Dilithium3,keygen,41494,0.041494,11.28,0.0,256,1952,0,950,liboqs,gateway
Dilithium3,keygen,39761,0.039761,11.28,0.0,256,1952,0,951,liboqs,gateway
Dilithium3,keygen,40686,0.040686,11.28,0.0,256,1952,0,952,liboqs,gateway
Dilithium3,keygen,39569,0.039569,11.28,0.0,256,1952,0,953,liboqs,gateway
Dilithium3,keygen,41466,0.041466,11.28,0.0,256,1952,0,954,liboqs,gateway
Dilithium3,keygen,41135,0.041135,11.28,0.0,256,1952,0,955,liboqs,gateway
Dilithium3,keygen,39666,0.039666,11.28,0.0,256,1952,0,956,liboqs,gateway
Dilithium3,keygen,39458,0.039458,11.28,0.0,256,1952,0,957,liboqs,gateway
Dilithium3,keygen,39219,0.039219,11.28,0.0,256,1952,0,958,liboqs,gateway
Dilithium3,keygen,39796,0.039796,11.28,0.0,256,1952,0,959,liboqs,gateway
Dilithium3,keygen,39879,0.039879,11.28,0.0,256,1952,0,960,liboqs,gateway
Dilithium3,keygen,40128,0.040128,11.28,0.0,256,1952,0,961,liboqs,gateway
Dilithium3,keygen,40325,0.040325,11.28,0.0,256,1952,0,962,liboqs,gateway
Dilithium3,keygen,39180,0.03918,11.28,0.0,256,1952,0,963,liboqs,gateway
Dilithium3,keygen,40789,0.040789,11.28,0.0,256,1952,0,964,liboqs,gateway
Dilithium3,keygen,39516,0.039516,11.28,0.0,256,1952,0,965,liboqs,gateway
Dilithium3,keygen,39873,0.039873,11.28,0.0,256,1952,0,966,liboqs,gateway
Dilithium3,keygen,41586,0.041586,11.28,0.0,256,1952,0,967,liboqs,gateway
Dilithium3,keygen,39914,0.039914,11.28,0.0,256,1952,0,968,liboqs,gateway
Dilithium3,keygen,38684,0.038684,11.28,0.0,256,1952,0,969,liboqs,gateway
Dilithium3,keygen,41044,0.041044,11.28,0.0,256,1952,0,970,liboqs,gateway
Dilithium3,keygen,39261,0.039261,11.28,0.0,256,1952,0,971,liboqs,gateway
Dilithium3,keygen,39271,0.039271,11.28,0.0,256,1952,0,972,liboqs,gateway
Dilithium3,keygen,41405,0.041405,11.28,0.0,256,1952,0,973,liboqs,gateway
Dilithium3,keygen,50313,0.050313,11.28,0.0,256,1952,0,974,liboqs,gateway
Dilithium3,keygen,47919,0.047919,11.28,0.0,256,1952,0,975,liboqs,gateway
Dilithium3,keygen,43084,0.043084,11.28,0.0,256,1952,0,976,liboqs,gateway
Dilithium3,keygen,40564,0.040564,11.28,0.0,256,1952,0,977,liboqs,gateway
Dilithium3,keygen,40290,0.04029,11.28,0.0,256,1952,0,978,liboqs,gateway
Dilithium3,keygen,40138,0.040138,11.28,0.0,256,1952,0,979,liboqs,gateway
Dilithium3,keygen,40043,0.040043,11.28,0.0,256,1952,0,980,liboqs,gateway
Dilithium3,keygen,47929,0.047929,11.28,0.0,256,1952,0,981,liboqs,gateway
Dilithium3,keygen,42267,0.042267,11.28,0.0,256,1952,0,982,liboqs,gateway
Dilithium3,keygen,41492,0.041492,11.28,0.0,256,1952,0,983,liboqs,gateway
Dilithium3,keygen,41457,0.041457,11.28,0.0,256,1952,0,984,liboqs,gateway
Dilithium3,keygen,41836,0.041836,11.28,0.0,256,1952,0,985,liboqs,gateway
Dilithium3,keygen,40495,0.040495,11.28,0.0,256,1952,0,986,liboqs,gateway
Dilithium3,keygen,39849,0.039849,11.28,0.0,256,1952,0,987,liboqs,gateway
Dilithium3,keygen,40067,0.040067,11.28,0.0,256,1952,0,988,liboqs,gateway
Dilithium3,keygen,39654,0.039654,11.28,0.0,256,1952,0,989,liboqs,gateway
Dilithium3,keygen,41613,0.041613,11.28,0.0,256,1952,0,990,liboqs,gateway
Dilithium3,keygen,39796,0.039796,11.28,0.0,256,1952,0,991,liboqs,gateway
Dilithium3,keygen,39683,0.039683,11.28,0.0,256,1952,0,992,liboqs,gateway
Dilithium3,keygen,40252,0.040252,11.28,0.0,256,1952,0,993,liboqs,gateway
Dilithium3,keygen,39741,0.039741,11.28,0.0,256,1952,0,994,liboqs,gateway
Dilithium3,keygen,38837,0.038837,11.28,0.0,256,1952,0,995,liboqs,gateway
Dilithium3,keygen,40523,0.040523,11.28,0.0,256,1952,0,996,liboqs,gateway
Dilithium3,keygen,39315,0.039315,11.28,0.0,256,1952,0,997,liboqs,gateway
Dilithium3,keygen,39456,0.039456,11.28,0.0,256,1952,0,998,liboqs,gateway
Dilithium3,keygen,40712,0.040712,11.28,0.0,256,1952,0,999,liboqs,gateway
Dilithium3,sign,86722,0.086722,14.89,0.0,256,1952,3309,0,liboqs,gateway
Dilithium3,sign,112673,0.112673,12.37,0.0,256,1952,3309,1,liboqs,gateway
Dilithium3,sign,148670,0.14867,12.37,0.0,256,1952,3309,2,liboqs,gateway
Dilithium3,sign,102165,0.102165,12.62,0.0,256,1952,3309,3,liboqs,gateway
Dilithium3,sign,69519,0.069519,12.43,0.0,256,1952,3309,4,liboqs,gateway
Dilithium3,sign,109309,0.109309,12.43,0.0,256,1952,3309,5,liboqs,gateway
Dilithium3,sign,54222,0.054222,12.43,0.0,256,1952,3309,6,liboqs,gateway
Dilithium3,sign,110213,0.110213,12.43,0.0,256,1952,3309,7,liboqs,gateway
Dilithium3,sign,77128,0.077128,12.43,0.0,256,1952,3309,8,liboqs,gateway
Dilithium3,sign,76967,0.076967,12.43,0.0,256,1952,3309,9,liboqs,gateway
Dilithium3,sign,52944,0.052944,12.43,0.0,256,1952,3309,10,liboqs,gateway
Dilithium3,sign,101575,0.101575,12.43,0.0,256,1952,3309,11,liboqs,gateway
Dilithium3,sign,152879,0.152879,12.43,0.0,256,1952,3309,12,liboqs,gateway
Dilithium3,sign,138209,0.138209,12.43,0.0,256,1952,3309,13,liboqs,gateway
Dilithium3,sign,142840,0.14284,12.43,0.0,256,1952,3309,14,liboqs,gateway
Dilithium3,sign,81403,0.081403,12.43,0.0,256,1952,3309,15,liboqs,gateway
Dilithium3,sign,65050,0.06505,12.43,0.0,256,1952,3309,16,liboqs,gateway
Dilithium3,sign,59202,0.059202,12.43,0.0,256,1952,3309,17,liboqs,gateway
Dilithium3,sign,48141,0.048141,12.43,0.0,256,1952,3309,18,liboqs,gateway
Dilithium3,sign,46384,0.046384,12.43,0.0,256,1952,3309,19,liboqs,gateway
Dilithium3,sign,101889,0.101889,12.43,0.0,256,1952,3309,20,liboqs,gateway
Dilithium3,sign,258654,0.258654,12.43,0.0,256,1952,3309,21,liboqs,gateway
Dilithium3,sign,64509,0.064509,12.43,0.0,256,1952,3309,22,liboqs,gateway
Dilithium3,sign,121100,0.1211,12.43,0.0,256,1952,3309,23,liboqs,gateway
Dilithium3,sign,49912,0.049912,12.43,0.0,256,1952,3309,24,liboqs,gateway
Dilithium3,sign,126732,0.126732,12.43,0.0,256,1952,3309,25,liboqs,gateway
Dilithium3,sign,140370,0.14037,12.43,0.0,256,1952,3309,26,liboqs,gateway
Dilithium3,sign,78362,0.078362,12.43,0.0,256,1952,3309,27,liboqs,gateway
Dilithium3,sign,59792,0.059792,12.43,0.0,256,1952,3309,28,liboqs,gateway
Dilithium3,sign,93248,0.093248,12.43,0.0,256,1952,3309,29,liboqs,gateway
Dilithium3,sign,52216,0.052216,12.43,0.0,256,1952,3309,30,liboqs,gateway
Dilithium3,sign,55183,0.055183,12.43,0.0,256,1952,3309,31,liboqs,gateway
Dilithium3,sign,66721,0.066721,12.43,0.0,256,1952,3309,32,liboqs,gateway
Dilithium3,sign,173530,0.17353,12.43,0.0,256,1952,3309,33,liboqs,gateway
Dilithium3,sign,76742,0.076742,12.43,0.0,256,1952,3309,34,liboqs,gateway
Dilithium3,sign,74795,0.074795,12.43,0.0,256,1952,3309,35,liboqs,gateway
Dilithium3,sign,56881,0.056881,12.43,0.0,256,1952,3309,36,liboqs,gateway
Dilithium3,sign,47031,0.047031,12.43,0.0,256,1952,3309,37,liboqs,gateway
Dilithium3,sign,126724,0.126724,12.43,0.0,256,1952,3309,38,liboqs,gateway
Dilithium3,sign,80906,0.080906,12.43,0.0,256,1952,3309,39,liboqs,gateway
Dilithium3,sign,63493,0.063493,12.43,0.0,256,1952,3309,40,liboqs,gateway
Dilithium3,sign,66297,0.066297,12.43,0.0,256,1952,3309,41,liboqs,gateway
Dilithium3,sign,47692,0.047692,12.43,0.0,256,1952,3309,42,liboqs,gateway
Dilithium3,sign,178903,0.178903,12.43,0.0,256,1952,3309,43,liboqs,gateway
Dilithium3,sign,47379,0.047379,12.43,0.0,256,1952,3309,44,liboqs,gateway
Dilithium3,sign,55614,0.055614,12.43,0.0,256,1952,3309,45,liboqs,gateway
Dilithium3,sign,45956,0.045956,12.43,0.0,256,1952,3309,46,liboqs,gateway
Dilithium3,sign,56907,0.056907,12.43,0.0,256,1952,3309,47,liboqs,gateway
Dilithium3,sign,90855,0.090855,12.43,0.0,256,1952,3309,48,liboqs,gateway
Dilithium3,sign,64476,0.064476,12.43,0.0,256,1952,3309,49,liboqs,gateway
Dilithium3,sign,47311,0.047311,12.43,0.0,256,1952,3309,50,liboqs,gateway
Dilithium3,sign,85618,0.085618,12.43,0.0,256,1952,3309,51,liboqs,gateway
Dilithium3,sign,90564,0.090564,12.43,0.0,256,1952,3309,52,liboqs,gateway
Dilithium3,sign,66083,0.066083,12.43,0.0,256,1952,3309,53,liboqs,gateway
Dilithium3,sign,100282,0.100282,12.43,0.0,256,1952,3309,54,liboqs,gateway
Dilithium3,sign,55178,0.055178,12.43,0.0,256,1952,3309,55,liboqs,gateway
Dilithium3,sign,102415,0.102415,12.43,0.0,256,1952,3309,56,liboqs,gateway
Dilithium3,sign,65392,0.065392,12.43,0.0,256,1952,3309,57,liboqs,gateway
Dilithium3,sign,97935,0.097935,12.43,0.0,256,1952,3309,58,liboqs,gateway
Dilithium3,sign,47204,0.047204,12.43,0.0,256,1952,3309,59,liboqs,gateway
Dilithium3,sign,128747,0.128747,12.43,0.0,256,1952,3309,60,liboqs,gateway
Dilithium3,sign,63562,0.063562,12.43,0.0,256,1952,3309,61,liboqs,gateway
Dilithium3,sign,65136,0.065136,12.43,0.0,256,1952,3309,62,liboqs,gateway
Dilithium3,sign,116963,0.116963,12.43,0.0,256,1952,3309,63,liboqs,gateway
Dilithium3,sign,47014,0.047014,12.43,0.0,256,1952,3309,64,liboqs,gateway
Dilithium3,sign,75668,0.075668,12.43,0.0,256,1952,3309,65,liboqs,gateway
Dilithium3,sign,46137,0.046137,12.43,0.0,256,1952,3309,66,liboqs,gateway
Dilithium3,sign,45694,0.045694,12.43,0.0,256,1952,3309,67,liboqs,gateway
Dilithium3,sign,66737,0.066737,12.43,0.0,256,1952,3309,68,liboqs,gateway
Dilithium3,sign,64813,0.064813,12.43,0.0,256,1952,3309,69,liboqs,gateway
Dilithium3,sign,117111,0.117111,14.82,0.0,256,1952,3309,70,liboqs,gateway
Dilithium3,sign,69948,0.069948,14.58,0.0,256,1952,3309,71,liboqs,gateway
Dilithium3,sign,61120,0.06112,12.37,0.0,256,1952,3309,72,liboqs,gateway
Dilithium3,sign,72690,0.07269,12.43,0.0,256,1952,3309,73,liboqs,gateway
Dilithium3,sign,72118,0.072118,12.43,0.0,256,1952,3309,74,liboqs,gateway
Dilithium3,sign,48128,0.048128,12.43,0.0,256,1952,3309,75,liboqs,gateway
Dilithium3,sign,147669,0.147669,12.43,0.0,256,1952,3309,76,liboqs,gateway
Dilithium3,sign,63188,0.063188,12.43,0.0,256,1952,3309,77,liboqs,gateway
Dilithium3,sign,115336,0.115336,12.43,0.0,256,1952,3309,78,liboqs,gateway
Dilithium3,sign,47905,0.047905,12.43,0.0,256,1952,3309,79,liboqs,gateway
Dilithium3,sign,56048,0.056048,12.43,0.0,256,1952,3309,80,liboqs,gateway
Dilithium3,sign,249614,0.249614,12.43,0.0,256,1952,3309,81,liboqs,gateway
Dilithium3,sign,75107,0.075107,12.43,0.0,256,1952,3309,82,liboqs,gateway
Dilithium3,sign,56285,0.056285,12.43,0.0,256,1952,3309,83,liboqs,gateway
Dilithium3,sign,55065,0.055065,12.43,0.0,256,1952,3309,84,liboqs,gateway
Dilithium3,sign,91933,0.091933,12.43,0.0,256,1952,3309,85,liboqs,gateway
Dilithium3,sign,55701,0.055701,12.43,0.0,256,1952,3309,86,liboqs,gateway
Dilithium3,sign,54755,0.054755,12.43,0.0,256,1952,3309,87,liboqs,gateway
Dilithium3,sign,73908,0.073908,12.43,0.0,256,1952,3309,88,liboqs,gateway
Dilithium3,sign,184394,0.184394,12.43,0.0,256,1952,3309,89,liboqs,gateway
Dilithium3,sign,97487,0.097487,12.43,0.0,256,1952,3309,90,liboqs,gateway
Dilithium3,sign,96651,0.096651,12.43,0.0,256,1952,3309,91,liboqs,gateway
Dilithium3,sign,48691,0.048691,12.43,0.0,256,1952,3309,92,liboqs,gateway
Dilithium3,sign,46780,0.04678,12.43,0.0,256,1952,3309,93,liboqs,gateway
Dilithium3,sign,56094,0.056094,12.43,0.0,256,1952,3309,94,liboqs,gateway
Dilithium3,sign,96337,0.096337,12.43,0.0,256,1952,3309,95,liboqs,gateway
Dilithium3,sign,74344,0.074344,12.43,0.0,256,1952,3309,96,liboqs,gateway
Dilithium3,sign,46765,0.046765,12.43,0.0,256,1952,3309,97,liboqs,gateway
Dilithium3,sign,47284,0.047284,12.43,0.0,256,1952,3309,98,liboqs,gateway
Dilithium3,sign,84669,0.084669,12.43,0.0,256,1952,3309,99,liboqs,gateway
Dilithium3,sign,82546,0.082546,12.43,0.0,256,1952,3309,100,liboqs,gateway
Dilithium3,sign,191188,0.191188,12.43,0.0,256,1952,3309,101,liboqs,gateway
Dilithium3,sign,113704,0.113704,12.43,0.0,256,1952,3309,102,liboqs,gateway
Dilithium3,sign,69080,0.06908,12.43,0.0,256,1952,3309,103,liboqs,gateway
Dilithium3,sign,59026,0.059026,12.43,0.0,256,1952,3309,104,liboqs,gateway
Dilithium3,sign,78803,0.078803,12.43,0.0,256,1952,3309,105,liboqs,gateway
Dilithium3,sign,114241,0.114241,12.43,0.0,256,1952,3309,106,liboqs,gateway
Dilithium3,sign,148527,0.148527,12.43,0.0,256,1952,3309,107,liboqs,gateway
Dilithium3,sign,52619,0.052619,12.43,0.0,256,1952,3309,108,liboqs,gateway
Dilithium3,sign,63105,0.063105,12.43,0.0,256,1952,3309,109,liboqs,gateway
Dilithium3,sign,86760,0.08676,12.43,0.0,256,1952,3309,110,liboqs,gateway
Dilithium3,sign,48673,0.048673,12.43,0.0,256,1952,3309,111,liboqs,gateway
Dilithium3,sign,74619,0.074619,12.43,0.0,256,1952,3309,112,liboqs,gateway
Dilithium3,sign,81285,0.081285,12.43,0.0,256,1952,3309,113,liboqs,gateway
Dilithium3,sign,109605,0.109605,12.43,0.0,256,1952,3309,114,liboqs,gateway
Dilithium3,sign,73357,0.073357,12.43,0.0,256,1952,3309,115,liboqs,gateway
Dilithium3,sign,47613,0.047613,12.43,0.0,256,1952,3309,116,liboqs,gateway
Dilithium3,sign,71524,0.071524,12.43,0.0,256,1952,3309,117,liboqs,gateway
Dilithium3,sign,66111,0.066111,12.43,0.0,256,1952,3309,118,liboqs,gateway
Dilithium3,sign,57447,0.057447,12.43,0.0,256,1952,3309,119,liboqs,gateway
Dilithium3,sign,46740,0.04674,12.43,0.0,256,1952,3309,120,liboqs,gateway
Dilithium3,sign,76740,0.07674,12.43,0.0,256,1952,3309,121,liboqs,gateway
Dilithium3,sign,95641,0.095641,12.43,0.0,256,1952,3309,122,liboqs,gateway
Dilithium3,sign,47288,0.047288,12.43,0.0,256,1952,3309,123,liboqs,gateway
Dilithium3,sign,83770,0.08377,12.43,0.0,256,1952,3309,124,liboqs,gateway
Dilithium3,sign,70333,0.070333,12.43,0.0,256,1952,3309,125,liboqs,gateway
Dilithium3,sign,69158,0.069158,12.43,0.0,256,1952,3309,126,liboqs,gateway
Dilithium3,sign,47382,0.047382,12.43,0.0,256,1952,3309,127,liboqs,gateway
Dilithium3,sign,84255,0.084255,12.43,0.0,256,1952,3309,128,liboqs,gateway
Dilithium3,sign,56086,0.056086,12.43,0.0,256,1952,3309,129,liboqs,gateway
Dilithium3,sign,116793,0.116793,12.43,0.0,256,1952,3309,130,liboqs,gateway
Dilithium3,sign,131255,0.131255,12.43,0.0,256,1952,3309,131,liboqs,gateway
Dilithium3,sign,114171,0.114171,12.43,0.0,256,1952,3309,132,liboqs,gateway
Dilithium3,sign,46920,0.04692,12.43,0.0,256,1952,3309,133,liboqs,gateway
Dilithium3,sign,58576,0.058576,12.43,0.0,256,1952,3309,134,liboqs,gateway
Dilithium3,sign,212423,0.212423,12.43,0.0,256,1952,3309,135,liboqs,gateway
Dilithium3,sign,47482,0.047482,12.43,0.0,256,1952,3309,136,liboqs,gateway
Dilithium3,sign,65696,0.065696,12.43,0.0,256,1952,3309,137,liboqs,gateway
Dilithium3,sign,113469,0.113469,12.43,0.0,256,1952,3309,138,liboqs,gateway
Dilithium3,sign,100409,0.100409,12.43,0.0,256,1952,3309,139,liboqs,gateway
Dilithium3,sign,100380,0.10038,12.43,0.0,256,1952,3309,140,liboqs,gateway
Dilithium3,sign,48369,0.048369,12.43,0.0,256,1952,3309,141,liboqs,gateway
Dilithium3,sign,56263,0.056263,12.43,0.0,256,1952,3309,142,liboqs,gateway
Dilithium3,sign,65788,0.065788,12.43,0.0,256,1952,3309,143,liboqs,gateway
Dilithium3,sign,118198,0.118198,12.43,0.0,256,1952,3309,144,liboqs,gateway
Dilithium3,sign,191316,0.191316,12.43,0.0,256,1952,3309,145,liboqs,gateway
Dilithium3,sign,56337,0.056337,12.43,0.0,256,1952,3309,146,liboqs,gateway
Dilithium3,sign,60196,0.060196,12.43,0.0,256,1952,3309,147,liboqs,gateway
Dilithium3,sign,92995,0.092995,12.43,0.0,256,1952,3309,148,liboqs,gateway
Dilithium3,sign,101774,0.101774,12.43,0.0,256,1952,3309,149,liboqs,gateway
Dilithium3,sign,55919,0.055919,12.43,0.0,256,1952,3309,150,liboqs,gateway
Dilithium3,sign,65470,0.06547,12.43,0.0,256,1952,3309,151,liboqs,gateway
Dilithium3,sign,105159,0.105159,12.43,0.0,256,1952,3309,152,liboqs,gateway
Dilithium3,sign,48851,0.048851,12.43,0.0,256,1952,3309,153,liboqs,gateway
Dilithium3,sign,80499,0.080499,12.43,0.0,256,1952,3309,154,liboqs,gateway
Dilithium3,sign,47551,0.047551,12.43,0.0,256,1952,3309,155,liboqs,gateway
Dilithium3,sign,74666,0.074666,12.43,0.0,256,1952,3309,156,liboqs,gateway
Dilithium3,sign,62037,0.062037,12.43,0.0,256,1952,3309,157,liboqs,gateway
Dilithium3,sign,55845,0.055845,12.43,0.0,256,1952,3309,158,liboqs,gateway
Dilithium3,sign,92167,0.092167,12.43,0.0,256,1952,3309,159,liboqs,gateway
Dilithium3,sign,92980,0.09298,12.43,0.0,256,1952,3309,160,liboqs,gateway
Dilithium3,sign,125678,0.125678,12.43,0.0,256,1952,3309,161,liboqs,gateway
Dilithium3,sign,117863,0.117863,12.43,0.0,256,1952,3309,162,liboqs,gateway
Dilithium3,sign,46410,0.04641,12.43,0.0,256,1952,3309,163,liboqs,gateway
Dilithium3,sign,48233,0.048233,12.43,0.0,256,1952,3309,164,liboqs,gateway
Dilithium3,sign,187696,0.187696,12.43,0.0,256,1952,3309,165,liboqs,gateway
Dilithium3,sign,65079,0.065079,12.43,0.0,256,1952,3309,166,liboqs,gateway
Dilithium3,sign,80815,0.080815,12.43,0.0,256,1952,3309,167,liboqs,gateway
Dilithium3,sign,120745,0.120745,12.43,0.0,256,1952,3309,168,liboqs,gateway
Dilithium3,sign,91742,0.091742,12.43,0.0,256,1952,3309,169,liboqs,gateway
Dilithium3,sign,87488,0.087488,12.43,0.0,256,1952,3309,170,liboqs,gateway
Dilithium3,sign,48680,0.04868,12.43,0.0,256,1952,3309,171,liboqs,gateway
Dilithium3,sign,49748,0.049748,12.43,0.0,256,1952,3309,172,liboqs,gateway
Dilithium3,sign,108318,0.108318,12.43,0.0,256,1952,3309,173,liboqs,gateway
Dilithium3,sign,48632,0.048632,12.43,0.0,256,1952,3309,174,liboqs,gateway
Dilithium3,sign,73757,0.073757,12.43,0.0,256,1952,3309,175,liboqs,gateway
Dilithium3,sign,138145,0.138145,12.43,0.0,256,1952,3309,176,liboqs,gateway
Dilithium3,sign,174344,0.174344,12.43,0.0,256,1952,3309,177,liboqs,gateway
Dilithium3,sign,86070,0.08607,12.43,0.0,256,1952,3309,178,liboqs,gateway
Dilithium3,sign,48900,0.0489,12.43,0.0,256,1952,3309,179,liboqs,gateway
Dilithium3,sign,75028,0.075028,12.43,0.0,256,1952,3309,180,liboqs,gateway
Dilithium3,sign,48063,0.048063,12.43,0.0,256,1952,3309,181,liboqs,gateway
Dilithium3,sign,95701,0.095701,12.43,0.0,256,1952,3309,182,liboqs,gateway
Dilithium3,sign,65285,0.065285,12.43,0.0,256,1952,3309,183,liboqs,gateway
Dilithium3,sign,62613,0.062613,12.43,0.0,256,1952,3309,184,liboqs,gateway
Dilithium3,sign,55414,0.055414,12.43,0.0,256,1952,3309,185,liboqs,gateway
Dilithium3,sign,47626,0.047626,12.43,0.0,256,1952,3309,186,liboqs,gateway
Dilithium3,sign,136564,0.136564,12.43,0.0,256,1952,3309,187,liboqs,gateway
Dilithium3,sign,103511,0.103511,12.43,0.0,256,1952,3309,188,liboqs,gateway
Dilithium3,sign,110652,0.110652,12.43,0.0,256,1952,3309,189,liboqs,gateway
Dilithium3,sign,59648,0.059648,12.43,0.0,256,1952,3309,190,liboqs,gateway
Dilithium3,sign,75033,0.075033,12.43,0.0,256,1952,3309,191,liboqs,gateway
Dilithium3,sign,50480,0.05048,12.43,0.0,256,1952,3309,192,liboqs,gateway
Dilithium3,sign,55688,0.055688,12.43,0.0,256,1952,3309,193,liboqs,gateway
Dilithium3,sign,48561,0.048561,12.43,0.0,256,1952,3309,194,liboqs,gateway
Dilithium3,sign,84254,0.084254,12.43,0.0,256,1952,3309,195,liboqs,gateway
Dilithium3,sign,109918,0.109918,12.43,0.0,256,1952,3309,196,liboqs,gateway
Dilithium3,sign,67600,0.0676,12.43,0.0,256,1952,3309,197,liboqs,gateway
Dilithium3,sign,239239,0.239239,12.43,0.0,256,1952,3309,198,liboqs,gateway
Dilithium3,sign,47390,0.04739,12.43,0.0,256,1952,3309,199,liboqs,gateway
Dilithium3,sign,47341,0.047341,12.43,0.0,256,1952,3309,200,liboqs,gateway
Dilithium3,sign,71095,0.071095,12.43,0.0,256,1952,3309,201,liboqs,gateway
Dilithium3,sign,56295,0.056295,12.43,0.0,256,1952,3309,202,liboqs,gateway
Dilithium3,sign,47211,0.047211,12.43,0.0,256,1952,3309,203,liboqs,gateway
Dilithium3,sign,64105,0.064105,12.43,0.0,256,1952,3309,204,liboqs,gateway
Dilithium3,sign,209496,0.209496,12.43,0.0,256,1952,3309,205,liboqs,gateway
Dilithium3,sign,142023,0.142023,12.43,0.0,256,1952,3309,206,liboqs,gateway
Dilithium3,sign,87348,0.087348,12.43,0.0,256,1952,3309,207,liboqs,gateway
Dilithium3,sign,58374,0.058374,12.43,0.0,256,1952,3309,208,liboqs,gateway
Dilithium3,sign,56482,0.056482,12.43,0.0,256,1952,3309,209,liboqs,gateway
Dilithium3,sign,64825,0.064825,12.43,0.0,256,1952,3309,210,liboqs,gateway
Dilithium3,sign,160378,0.160378,12.43,0.0,256,1952,3309,211,liboqs,gateway
Dilithium3,sign,56461,0.056461,12.43,0.0,256,1952,3309,212,liboqs,gateway
Dilithium3,sign,57940,0.05794,12.43,0.0,256,1952,3309,213,liboqs,gateway
Dilithium3,sign,73715,0.073715,12.43,0.0,256,1952,3309,214,liboqs,gateway
Dilithium3,sign,76461,0.076461,12.43,0.0,256,1952,3309,215,liboqs,gateway
Dilithium3,sign,67736,0.067736,12.43,0.0,256,1952,3309,216,liboqs,gateway
Dilithium3,sign,46708,0.046708,12.43,0.0,256,1952,3309,217,liboqs,gateway
Dilithium3,sign,46944,0.046944,12.43,0.0,256,1952,3309,218,liboqs,gateway
Dilithium3,sign,47522,0.047522,12.43,0.0,256,1952,3309,219,liboqs,gateway
Dilithium3,sign,54287,0.054287,12.43,0.0,256,1952,3309,220,liboqs,gateway
Dilithium3,sign,105956,0.105956,12.43,0.0,256,1952,3309,221,liboqs,gateway
Dilithium3,sign,47597,0.047597,12.43,0.0,256,1952,3309,222,liboqs,gateway
Dilithium3,sign,97809,0.097809,12.43,0.0,256,1952,3309,223,liboqs,gateway
Dilithium3,sign,66281,0.066281,12.43,0.0,256,1952,3309,224,liboqs,gateway
Dilithium3,sign,61570,0.06157,12.43,0.0,256,1952,3309,225,liboqs,gateway
Dilithium3,sign,65805,0.065805,12.43,0.0,256,1952,3309,226,liboqs,gateway
Dilithium3,sign,79995,0.079995,12.43,0.0,256,1952,3309,227,liboqs,gateway
Dilithium3,sign,46381,0.046381,12.43,0.0,256,1952,3309,228,liboqs,gateway
Dilithium3,sign,72338,0.072338,12.43,0.0,256,1952,3309,229,liboqs,gateway
Dilithium3,sign,67055,0.067055,12.43,0.0,256,1952,3309,230,liboqs,gateway
Dilithium3,sign,55683,0.055683,12.43,0.0,256,1952,3309,231,liboqs,gateway
Dilithium3,sign,101361,0.101361,12.43,0.0,256,1952,3309,232,liboqs,gateway
Dilithium3,sign,102655,0.102655,12.43,0.0,256,1952,3309,233,liboqs,gateway
Dilithium3,sign,273114,0.273114,12.43,0.0,256,1952,3309,234,liboqs,gateway
Dilithium3,sign,57901,0.057901,12.43,0.0,256,1952,3309,235,liboqs,gateway
Dilithium3,sign,122837,0.122837,12.43,0.0,256,1952,3309,236,liboqs,gateway
Dilithium3,sign,93484,0.093484,12.43,0.0,256,1952,3309,237,liboqs,gateway
Dilithium3,sign,293843,0.293843,12.43,0.0,256,1952,3309,238,liboqs,gateway
Dilithium3,sign,119875,0.119875,12.43,0.0,256,1952,3309,239,liboqs,gateway
Dilithium3,sign,242179,0.242179,12.43,0.0,256,1952,3309,240,liboqs,gateway
Dilithium3,sign,186664,0.186664,12.43,0.0,256,1952,3309,241,liboqs,gateway
Dilithium3,sign,58561,0.058561,12.43,0.0,256,1952,3309,242,liboqs,gateway
Dilithium3,sign,48276,0.048276,12.43,0.0,256,1952,3309,243,liboqs,gateway
Dilithium3,sign,46731,0.046731,12.43,0.0,256,1952,3309,244,liboqs,gateway
Dilithium3,sign,92775,0.092775,12.43,0.0,256,1952,3309,245,liboqs,gateway
Dilithium3,sign,91106,0.091106,12.43,0.0,256,1952,3309,246,liboqs,gateway
Dilithium3,sign,62561,0.062561,12.43,0.0,256,1952,3309,247,liboqs,gateway
Dilithium3,sign,67886,0.067886,12.43,0.0,256,1952,3309,248,liboqs,gateway
Dilithium3,sign,104906,0.104906,12.43,0.0,256,1952,3309,249,liboqs,gateway
Dilithium3,sign,57426,0.057426,12.43,0.0,256,1952,3309,250,liboqs,gateway
Dilithium3,sign,57163,0.057163,12.43,0.0,256,1952,3309,251,liboqs,gateway
Dilithium3,sign,88135,0.088135,12.43,0.0,256,1952,3309,252,liboqs,gateway
Dilithium3,sign,68759,0.068759,12.43,0.0,256,1952,3309,253,liboqs,gateway
Dilithium3,sign,104841,0.104841,12.43,0.0,256,1952,3309,254,liboqs,gateway
Dilithium3,sign,56009,0.056009,12.43,0.0,256,1952,3309,255,liboqs,gateway
Dilithium3,sign,149395,0.149395,12.43,0.0,256,1952,3309,256,liboqs,gateway
Dilithium3,sign,103830,0.10383,12.43,0.0,256,1952,3309,257,liboqs,gateway
Dilithium3,sign,318180,0.31818,12.43,0.0,256,1952,3309,258,liboqs,gateway
Dilithium3,sign,98595,0.098595,12.43,0.0,256,1952,3309,259,liboqs,gateway
Dilithium3,sign,63896,0.063896,12.43,0.0,256,1952,3309,260,liboqs,gateway
Dilithium3,sign,55991,0.055991,12.43,0.0,256,1952,3309,261,liboqs,gateway
Dilithium3,sign,181564,0.181564,12.43,0.0,256,1952,3309,262,liboqs,gateway
Dilithium3,sign,69832,0.069832,12.43,0.0,256,1952,3309,263,liboqs,gateway
Dilithium3,sign,48333,0.048333,12.43,0.0,256,1952,3309,264,liboqs,gateway
Dilithium3,sign,58533,0.058533,12.43,0.0,256,1952,3309,265,liboqs,gateway
Dilithium3,sign,113825,0.113825,12.43,0.0,256,1952,3309,266,liboqs,gateway
Dilithium3,sign,61902,0.061902,12.43,0.0,256,1952,3309,267,liboqs,gateway
Dilithium3,sign,67879,0.067879,12.43,0.0,256,1952,3309,268,liboqs,gateway
Dilithium3,sign,67245,0.067245,12.43,0.0,256,1952,3309,269,liboqs,gateway
Dilithium3,sign,47736,0.047736,12.43,0.0,256,1952,3309,270,liboqs,gateway
Dilithium3,sign,65907,0.065907,12.43,0.0,256,1952,3309,271,liboqs,gateway
Dilithium3,sign,48733,0.048733,12.43,0.0,256,1952,3309,272,liboqs,gateway
Dilithium3,sign,66272,0.066272,12.43,0.0,256,1952,3309,273,liboqs,gateway
Dilithium3,sign,119969,0.119969,12.43,0.0,256,1952,3309,274,liboqs,gateway
Dilithium3,sign,67554,0.067554,12.43,0.0,256,1952,3309,275,liboqs,gateway
Dilithium3,sign,135357,0.135357,12.43,0.0,256,1952,3309,276,liboqs,gateway
Dilithium3,sign,48557,0.048557,12.43,0.0,256,1952,3309,277,liboqs,gateway
Dilithium3,sign,126184,0.126184,12.43,0.0,256,1952,3309,278,liboqs,gateway
Dilithium3,sign,47504,0.047504,12.43,0.0,256,1952,3309,279,liboqs,gateway
Dilithium3,sign,87588,0.087588,12.43,0.0,256,1952,3309,280,liboqs,gateway
Dilithium3,sign,86390,0.08639,12.43,0.0,256,1952,3309,281,liboqs,gateway
Dilithium3,sign,101690,0.10169,12.43,0.0,256,1952,3309,282,liboqs,gateway
Dilithium3,sign,59439,0.059439,12.43,0.0,256,1952,3309,283,liboqs,gateway
Dilithium3,sign,81469,0.081469,12.43,0.0,256,1952,3309,284,liboqs,gateway
Dilithium3,sign,89730,0.08973,12.43,0.0,256,1952,3309,285,liboqs,gateway
Dilithium3,sign,172885,0.172885,12.43,0.0,256,1952,3309,286,liboqs,gateway
Dilithium3,sign,58114,0.058114,12.43,0.0,256,1952,3309,287,liboqs,gateway
Dilithium3,sign,82435,0.082435,12.43,0.0,256,1952,3309,288,liboqs,gateway
Dilithium3,sign,253254,0.253254,12.43,0.0,256,1952,3309,289,liboqs,gateway
Dilithium3,sign,74209,0.074209,12.43,0.0,256,1952,3309,290,liboqs,gateway
Dilithium3,sign,56880,0.05688,12.43,0.0,256,1952,3309,291,liboqs,gateway
Dilithium3,sign,65507,0.065507,12.43,0.0,256,1952,3309,292,liboqs,gateway
Dilithium3,sign,57434,0.057434,12.43,0.0,256,1952,3309,293,liboqs,gateway
Dilithium3,sign,71030,0.07103,12.43,0.0,256,1952,3309,294,liboqs,gateway
Dilithium3,sign,153947,0.153947,12.43,0.0,256,1952,3309,295,liboqs,gateway
Dilithium3,sign,63872,0.063872,12.43,0.0,256,1952,3309,296,liboqs,gateway
Dilithium3,sign,154730,0.15473,12.43,0.0,256,1952,3309,297,liboqs,gateway
Dilithium3,sign,46994,0.046994,12.43,0.0,256,1952,3309,298,liboqs,gateway
Dilithium3,sign,48250,0.04825,12.43,0.0,256,1952,3309,299,liboqs,gateway
Dilithium3,sign,46290,0.04629,12.43,0.0,256,1952,3309,300,liboqs,gateway
Dilithium3,sign,47374,0.047374,12.43,0.0,256,1952,3309,301,liboqs,gateway
Dilithium3,sign,63610,0.06361,12.43,0.0,256,1952,3309,302,liboqs,gateway
Dilithium3,sign,105961,0.105961,12.43,0.0,256,1952,3309,303,liboqs,gateway
Dilithium3,sign,64339,0.064339,12.43,0.0,256,1952,3309,304,liboqs,gateway
Dilithium3,sign,85620,0.08562,12.43,0.0,256,1952,3309,305,liboqs,gateway
Dilithium3,sign,102849,0.102849,12.43,0.0,256,1952,3309,306,liboqs,gateway
Dilithium3,sign,96068,0.096068,12.43,0.0,256,1952,3309,307,liboqs,gateway
Dilithium3,sign,75343,0.075343,12.43,0.0,256,1952,3309,308,liboqs,gateway
Dilithium3,sign,51463,0.051463,12.43,0.0,256,1952,3309,309,liboqs,gateway
Dilithium3,sign,73927,0.073927,12.43,0.0,256,1952,3309,310,liboqs,gateway
Dilithium3,sign,54814,0.054814,12.43,0.0,256,1952,3309,311,liboqs,gateway
Dilithium3,sign,63078,0.063078,12.43,0.0,256,1952,3309,312,liboqs,gateway
Dilithium3,sign,114286,0.114286,12.43,0.0,256,1952,3309,313,liboqs,gateway
Dilithium3,sign,127098,0.127098,12.43,0.0,256,1952,3309,314,liboqs,gateway
Dilithium3,sign,103127,0.103127,12.43,0.0,256,1952,3309,315,liboqs,gateway
Dilithium3,sign,47756,0.047756,12.43,0.0,256,1952,3309,316,liboqs,gateway
Dilithium3,sign,48877,0.048877,12.43,0.0,256,1952,3309,317,liboqs,gateway
Dilithium3,sign,71667,0.071667,12.43,0.0,256,1952,3309,318,liboqs,gateway
Dilithium3,sign,91962,0.091962,12.43,0.0,256,1952,3309,319,liboqs,gateway
Dilithium3,sign,86098,0.086098,12.43,0.0,256,1952,3309,320,liboqs,gateway
Dilithium3,sign,198361,0.198361,12.43,0.0,256,1952,3309,321,liboqs,gateway
Dilithium3,sign,82310,0.08231,12.43,0.0,256,1952,3309,322,liboqs,gateway
Dilithium3,sign,92541,0.092541,12.43,0.0,256,1952,3309,323,liboqs,gateway
Dilithium3,sign,75208,0.075208,12.43,0.0,256,1952,3309,324,liboqs,gateway
Dilithium3,sign,47013,0.047013,12.43,0.0,256,1952,3309,325,liboqs,gateway
Dilithium3,sign,128506,0.128506,12.43,0.0,256,1952,3309,326,liboqs,gateway
Dilithium3,sign,72779,0.072779,12.43,0.0,256,1952,3309,327,liboqs,gateway
Dilithium3,sign,65230,0.06523,12.43,0.0,256,1952,3309,328,liboqs,gateway
Dilithium3,sign,136980,0.13698,12.43,0.0,256,1952,3309,329,liboqs,gateway
Dilithium3,sign,82928,0.082928,12.43,0.0,256,1952,3309,330,liboqs,gateway
Dilithium3,sign,47950,0.04795,12.43,0.0,256,1952,3309,331,liboqs,gateway
Dilithium3,sign,76441,0.076441,12.43,0.0,256,1952,3309,332,liboqs,gateway
Dilithium3,sign,300056,0.300056,12.43,0.0,256,1952,3309,333,liboqs,gateway
Dilithium3,sign,66545,0.066545,12.43,0.0,256,1952,3309,334,liboqs,gateway
Dilithium3,sign,48016,0.048016,12.43,0.0,256,1952,3309,335,liboqs,gateway
Dilithium3,sign,108085,0.108085,12.43,0.0,256,1952,3309,336,liboqs,gateway
Dilithium3,sign,56486,0.056486,12.43,0.0,256,1952,3309,337,liboqs,gateway
Dilithium3,sign,46684,0.046684,12.43,0.0,256,1952,3309,338,liboqs,gateway
Dilithium3,sign,119796,0.119796,12.43,0.0,256,1952,3309,339,liboqs,gateway
Dilithium3,sign,218414,0.218414,12.43,0.0,256,1952,3309,340,liboqs,gateway
Dilithium3,sign,87197,0.087197,12.43,0.0,256,1952,3309,341,liboqs,gateway
Dilithium3,sign,91709,0.091709,12.43,0.0,256,1952,3309,342,liboqs,gateway
Dilithium3,sign,48168,0.048168,12.43,0.0,256,1952,3309,343,liboqs,gateway
Dilithium3,sign,47314,0.047314,12.43,0.0,256,1952,3309,344,liboqs,gateway
Dilithium3,sign,64625,0.064625,12.43,0.0,256,1952,3309,345,liboqs,gateway
Dilithium3,sign,75383,0.075383,12.43,0.0,256,1952,3309,346,liboqs,gateway
Dilithium3,sign,149149,0.149149,12.43,0.0,256,1952,3309,347,liboqs,gateway
Dilithium3,sign,115804,0.115804,12.43,0.0,256,1952,3309,348,liboqs,gateway
Dilithium3,sign,83093,0.083093,12.43,0.0,256,1952,3309,349,liboqs,gateway
Dilithium3,sign,100945,0.100945,12.43,0.0,256,1952,3309,350,liboqs,gateway
Dilithium3,sign,49955,0.049955,12.43,0.0,256,1952,3309,351,liboqs,gateway
Dilithium3,sign,138994,0.138994,12.43,0.0,256,1952,3309,352,liboqs,gateway
Dilithium3,sign,72438,0.072438,12.43,0.0,256,1952,3309,353,liboqs,gateway
Dilithium3,sign,84419,0.084419,12.43,0.0,256,1952,3309,354,liboqs,gateway
Dilithium3,sign,77844,0.077844,12.43,0.0,256,1952,3309,355,liboqs,gateway
Dilithium3,sign,152381,0.152381,12.43,0.0,256,1952,3309,356,liboqs,gateway
Dilithium3,sign,107016,0.107016,12.43,0.0,256,1952,3309,357,liboqs,gateway
Dilithium3,sign,48154,0.048154,12.43,0.0,256,1952,3309,358,liboqs,gateway
Dilithium3,sign,150584,0.150584,12.43,0.0,256,1952,3309,359,liboqs,gateway
Dilithium3,sign,55804,0.055804,12.43,0.0,256,1952,3309,360,liboqs,gateway
Dilithium3,sign,47871,0.047871,12.43,0.0,256,1952,3309,361,liboqs,gateway
Dilithium3,sign,56820,0.05682,12.43,0.0,256,1952,3309,362,liboqs,gateway
Dilithium3,sign,59114,0.059114,12.43,0.0,256,1952,3309,363,liboqs,gateway
Dilithium3,sign,67732,0.067732,12.43,0.0,256,1952,3309,364,liboqs,gateway
Dilithium3,sign,122126,0.122126,12.43,0.0,256,1952,3309,365,liboqs,gateway
Dilithium3,sign,202440,0.20244,12.43,0.0,256,1952,3309,366,liboqs,gateway
Dilithium3,sign,69478,0.069478,12.43,0.0,256,1952,3309,367,liboqs,gateway
Dilithium3,sign,50649,0.050649,12.43,0.0,256,1952,3309,368,liboqs,gateway
Dilithium3,sign,132219,0.132219,12.43,0.0,256,1952,3309,369,liboqs,gateway
Dilithium3,sign,87039,0.087039,12.43,0.0,256,1952,3309,370,liboqs,gateway
Dilithium3,sign,76109,0.076109,12.43,0.0,256,1952,3309,371,liboqs,gateway
Dilithium3,sign,46762,0.046762,12.43,0.0,256,1952,3309,372,liboqs,gateway
Dilithium3,sign,215157,0.215157,12.43,0.0,256,1952,3309,373,liboqs,gateway
Dilithium3,sign,89932,0.089932,12.43,0.0,256,1952,3309,374,liboqs,gateway
Dilithium3,sign,58860,0.05886,12.43,0.0,256,1952,3309,375,liboqs,gateway
Dilithium3,sign,81970,0.08197,12.43,0.0,256,1952,3309,376,liboqs,gateway
Dilithium3,sign,56604,0.056604,12.43,0.0,256,1952,3309,377,liboqs,gateway
Dilithium3,sign,57556,0.057556,12.43,0.0,256,1952,3309,378,liboqs,gateway
Dilithium3,sign,49016,0.049016,12.43,0.0,256,1952,3309,379,liboqs,gateway
Dilithium3,sign,57719,0.057719,12.43,0.0,256,1952,3309,380,liboqs,gateway
Dilithium3,sign,46600,0.0466,12.43,0.0,256,1952,3309,381,liboqs,gateway
Dilithium3,sign,48454,0.048454,12.43,0.0,256,1952,3309,382,liboqs,gateway
Dilithium3,sign,67530,0.06753,12.43,0.0,256,1952,3309,383,liboqs,gateway
Dilithium3,sign,46760,0.04676,12.43,0.0,256,1952,3309,384,liboqs,gateway
Dilithium3,sign,176574,0.176574,12.43,0.0,256,1952,3309,385,liboqs,gateway
Dilithium3,sign,89491,0.089491,12.43,0.0,256,1952,3309,386,liboqs,gateway
Dilithium3,sign,66907,0.066907,12.43,0.0,256,1952,3309,387,liboqs,gateway
Dilithium3,sign,57201,0.057201,12.43,0.0,256,1952,3309,388,liboqs,gateway
Dilithium3,sign,66581,0.066581,12.43,0.0,256,1952,3309,389,liboqs,gateway
Dilithium3,sign,75311,0.075311,12.43,0.0,256,1952,3309,390,liboqs,gateway
Dilithium3,sign,47715,0.047715,12.43,0.0,256,1952,3309,391,liboqs,gateway
Dilithium3,sign,66088,0.066088,12.43,0.0,256,1952,3309,392,liboqs,gateway
Dilithium3,sign,119365,0.119365,12.43,0.0,256,1952,3309,393,liboqs,gateway
Dilithium3,sign,57625,0.057625,12.43,0.0,256,1952,3309,394,liboqs,gateway
Dilithium3,sign,197597,0.197597,12.43,0.0,256,1952,3309,395,liboqs,gateway
Dilithium3,sign,67311,0.067311,12.43,0.0,256,1952,3309,396,liboqs,gateway
Dilithium3,sign,108168,0.108168,12.43,0.0,256,1952,3309,397,liboqs,gateway
Dilithium3,sign,47814,0.047814,12.43,0.0,256,1952,3309,398,liboqs,gateway
Dilithium3,sign,64301,0.064301,12.43,0.0,256,1952,3309,399,liboqs,gateway
Dilithium3,sign,126409,0.126409,12.43,0.0,256,1952,3309,400,liboqs,gateway
Dilithium3,sign,95616,0.095616,12.43,0.0,256,1952,3309,401,liboqs,gateway
Dilithium3,sign,70446,0.070446,12.43,0.0,256,1952,3309,402,liboqs,gateway
Dilithium3,sign,77281,0.077281,12.43,0.0,256,1952,3309,403,liboqs,gateway
Dilithium3,sign,58062,0.058062,12.43,0.0,256,1952,3309,404,liboqs,gateway
Dilithium3,sign,57149,0.057149,12.43,0.0,256,1952,3309,405,liboqs,gateway
Dilithium3,sign,47450,0.04745,12.43,0.0,256,1952,3309,406,liboqs,gateway
Dilithium3,sign,46682,0.046682,12.43,0.0,256,1952,3309,407,liboqs,gateway
Dilithium3,sign,72950,0.07295,12.43,0.0,256,1952,3309,408,liboqs,gateway
Dilithium3,sign,128684,0.128684,12.43,0.0,256,1952,3309,409,liboqs,gateway
Dilithium3,sign,46827,0.046827,12.43,0.0,256,1952,3309,410,liboqs,gateway
Dilithium3,sign,46780,0.04678,12.43,0.0,256,1952,3309,411,liboqs,gateway
Dilithium3,sign,127872,0.127872,14.82,0.0,256,1952,3309,412,liboqs,gateway
Dilithium3,sign,88445,0.088445,14.58,0.0,256,1952,3309,413,liboqs,gateway
Dilithium3,sign,51205,0.051205,12.37,0.0,256,1952,3309,414,liboqs,gateway
Dilithium3,sign,109212,0.109212,12.43,0.0,256,1952,3309,415,liboqs,gateway
Dilithium3,sign,47368,0.047368,12.43,0.0,256,1952,3309,416,liboqs,gateway
Dilithium3,sign,65978,0.065978,12.43,0.0,256,1952,3309,417,liboqs,gateway
Dilithium3,sign,129593,0.129593,12.43,0.0,256,1952,3309,418,liboqs,gateway
Dilithium3,sign,260803,0.260803,12.43,0.0,256,1952,3309,419,liboqs,gateway
Dilithium3,sign,103188,0.103188,12.43,0.0,256,1952,3309,420,liboqs,gateway
Dilithium3,sign,87836,0.087836,12.43,0.0,256,1952,3309,421,liboqs,gateway
Dilithium3,sign,182122,0.182122,12.43,0.0,256,1952,3309,422,liboqs,gateway
Dilithium3,sign,55350,0.05535,12.43,0.0,256,1952,3309,423,liboqs,gateway
Dilithium3,sign,62722,0.062722,12.43,0.0,256,1952,3309,424,liboqs,gateway
Dilithium3,sign,57538,0.057538,12.43,0.0,256,1952,3309,425,liboqs,gateway
Dilithium3,sign,46574,0.046574,12.43,0.0,256,1952,3309,426,liboqs,gateway
Dilithium3,sign,56466,0.056466,12.43,0.0,256,1952,3309,427,liboqs,gateway
Dilithium3,sign,48837,0.048837,12.43,0.0,256,1952,3309,428,liboqs,gateway
Dilithium3,sign,46071,0.046071,12.43,0.0,256,1952,3309,429,liboqs,gateway
Dilithium3,sign,63520,0.06352,12.43,0.0,256,1952,3309,430,liboqs,gateway
Dilithium3,sign,128012,0.128012,12.43,0.0,256,1952,3309,431,liboqs,gateway
Dilithium3,sign,103528,0.103528,12.43,0.0,256,1952,3309,432,liboqs,gateway
Dilithium3,sign,66036,0.066036,12.43,0.0,256,1952,3309,433,liboqs,gateway
Dilithium3,sign,63051,0.063051,12.43,0.0,256,1952,3309,434,liboqs,gateway
Dilithium3,sign,46099,0.046099,12.43,0.0,256,1952,3309,435,liboqs,gateway
Dilithium3,sign,75431,0.075431,12.43,0.0,256,1952,3309,436,liboqs,gateway
Dilithium3,sign,76933,0.076933,12.43,0.0,256,1952,3309,437,liboqs,gateway
Dilithium3,sign,45909,0.045909,12.43,0.0,256,1952,3309,438,liboqs,gateway
Dilithium3,sign,62298,0.062298,12.43,0.0,256,1952,3309,439,liboqs,gateway
Dilithium3,sign,145997,0.145997,12.43,0.0,256,1952,3309,440,liboqs,gateway
Dilithium3,sign,63632,0.063632,12.43,0.0,256,1952,3309,441,liboqs,gateway
Dilithium3,sign,151992,0.151992,12.43,0.0,256,1952,3309,442,liboqs,gateway
Dilithium3,sign,110675,0.110675,12.43,0.0,256,1952,3309,443,liboqs,gateway
Dilithium3,sign,106618,0.106618,12.43,0.0,256,1952,3309,444,liboqs,gateway
Dilithium3,sign,47705,0.047705,12.43,0.0,256,1952,3309,445,liboqs,gateway
Dilithium3,sign,75829,0.075829,12.43,0.0,256,1952,3309,446,liboqs,gateway
Dilithium3,sign,155640,0.15564,12.43,0.0,256,1952,3309,447,liboqs,gateway
Dilithium3,sign,65491,0.065491,12.43,0.0,256,1952,3309,448,liboqs,gateway
Dilithium3,sign,90100,0.0901,12.43,0.0,256,1952,3309,449,liboqs,gateway
Dilithium3,sign,62790,0.06279,12.43,0.0,256,1952,3309,450,liboqs,gateway
Dilithium3,sign,83407,0.083407,12.43,0.0,256,1952,3309,451,liboqs,gateway
Dilithium3,sign,91329,0.091329,12.43,0.0,256,1952,3309,452,liboqs,gateway
Dilithium3,sign,46365,0.046365,12.43,0.0,256,1952,3309,453,liboqs,gateway
Dilithium3,sign,165890,0.16589,12.43,0.0,256,1952,3309,454,liboqs,gateway
Dilithium3,sign,201954,0.201954,12.43,0.0,256,1952,3309,455,liboqs,gateway
Dilithium3,sign,72352,0.072352,12.43,0.0,256,1952,3309,456,liboqs,gateway
Dilithium3,sign,70270,0.07027,12.43,0.0,256,1952,3309,457,liboqs,gateway
Dilithium3,sign,80662,0.080662,12.43,0.0,256,1952,3309,458,liboqs,gateway
Dilithium3,sign,189271,0.189271,12.43,0.0,256,1952,3309,459,liboqs,gateway
Dilithium3,sign,74686,0.074686,12.43,0.0,256,1952,3309,460,liboqs,gateway
Dilithium3,sign,103271,0.103271,12.43,0.0,256,1952,3309,461,liboqs,gateway
Dilithium3,sign,50523,0.050523,12.43,0.0,256,1952,3309,462,liboqs,gateway
Dilithium3,sign,51216,0.051216,12.43,0.0,256,1952,3309,463,liboqs,gateway
Dilithium3,sign,84471,0.084471,12.43,0.0,256,1952,3309,464,liboqs,gateway
Dilithium3,sign,95047,0.095047,12.43,0.0,256,1952,3309,465,liboqs,gateway
Dilithium3,sign,100835,0.100835,12.43,0.0,256,1952,3309,466,liboqs,gateway
Dilithium3,sign,100359,0.100359,12.43,0.0,256,1952,3309,467,liboqs,gateway
Dilithium3,sign,53128,0.053128,12.43,0.0,256,1952,3309,468,liboqs,gateway
Dilithium3,sign,97944,0.097944,12.43,0.0,256,1952,3309,469,liboqs,gateway
Dilithium3,sign,144500,0.1445,12.43,0.0,256,1952,3309,470,liboqs,gateway
Dilithium3,sign,91255,0.091255,12.43,0.0,256,1952,3309,471,liboqs,gateway
Dilithium3,sign,48720,0.04872,12.43,0.0,256,1952,3309,472,liboqs,gateway
Dilithium3,sign,175249,0.175249,12.43,0.0,256,1952,3309,473,liboqs,gateway
Dilithium3,sign,165996,0.165996,12.43,0.0,256,1952,3309,474,liboqs,gateway
Dilithium3,sign,267467,0.267467,12.43,0.0,256,1952,3309,475,liboqs,gateway
Dilithium3,sign,96905,0.096905,12.43,0.0,256,1952,3309,476,liboqs,gateway
Dilithium3,sign,72895,0.072895,12.43,0.0,256,1952,3309,477,liboqs,gateway
Dilithium3,sign,89684,0.089684,12.43,0.0,256,1952,3309,478,liboqs,gateway
Dilithium3,sign,60997,0.060997,12.43,0.0,256,1952,3309,479,liboqs,gateway
Dilithium3,sign,118377,0.118377,12.43,0.0,256,1952,3309,480,liboqs,gateway
Dilithium3,sign,96493,0.096493,12.43,0.0,256,1952,3309,481,liboqs,gateway
Dilithium3,sign,88513,0.088513,12.43,0.0,256,1952,3309,482,liboqs,gateway
Dilithium3,sign,118636,0.118636,12.43,0.0,256,1952,3309,483,liboqs,gateway
Dilithium3,sign,57350,0.05735,12.43,0.0,256,1952,3309,484,liboqs,gateway
Dilithium3,sign,49051,0.049051,12.43,0.0,256,1952,3309,485,liboqs,gateway
Dilithium3,sign,211514,0.211514,12.43,0.0,256,1952,3309,486,liboqs,gateway
Dilithium3,sign,49317,0.049317,12.43,0.0,256,1952,3309,487,liboqs,gateway
Dilithium3,sign,57906,0.057906,12.43,0.0,256,1952,3309,488,liboqs,gateway
Dilithium3,sign,56176,0.056176,12.43,0.0,256,1952,3309,489,liboqs,gateway
Dilithium3,sign,57762,0.057762,12.43,0.0,256,1952,3309,490,liboqs,gateway
Dilithium3,sign,101629,0.101629,12.43,0.0,256,1952,3309,491,liboqs,gateway
Dilithium3,sign,84811,0.084811,12.43,0.0,256,1952,3309,492,liboqs,gateway
Dilithium3,sign,81938,0.081938,12.43,0.0,256,1952,3309,493,liboqs,gateway
Dilithium3,sign,99372,0.099372,12.43,0.0,256,1952,3309,494,liboqs,gateway
Dilithium3,sign,75657,0.075657,12.43,0.0,256,1952,3309,495,liboqs,gateway
Dilithium3,sign,51792,0.051792,12.43,0.0,256,1952,3309,496,liboqs,gateway
Dilithium3,sign,50158,0.050158,12.43,0.0,256,1952,3309,497,liboqs,gateway
Dilithium3,sign,157592,0.157592,12.43,0.0,256,1952,3309,498,liboqs,gateway
Dilithium3,sign,49679,0.049679,12.43,0.0,256,1952,3309,499,liboqs,gateway
Dilithium3,sign,48876,0.048876,12.43,0.0,256,1952,3309,500,liboqs,gateway
Dilithium3,sign,47055,0.047055,12.43,0.0,256,1952,3309,501,liboqs,gateway
Dilithium3,sign,48153,0.048153,12.43,0.0,256,1952,3309,502,liboqs,gateway
Dilithium3,sign,68154,0.068154,12.43,0.0,256,1952,3309,503,liboqs,gateway
Dilithium3,sign,81713,0.081713,12.43,0.0,256,1952,3309,504,liboqs,gateway
Dilithium3,sign,233868,0.233868,12.43,0.0,256,1952,3309,505,liboqs,gateway
Dilithium3,sign,86616,0.086616,12.43,0.0,256,1952,3309,506,liboqs,gateway
Dilithium3,sign,47700,0.0477,12.43,0.0,256,1952,3309,507,liboqs,gateway
Dilithium3,sign,118390,0.11839,12.43,0.0,256,1952,3309,508,liboqs,gateway
Dilithium3,sign,52278,0.052278,12.43,0.0,256,1952,3309,509,liboqs,gateway
Dilithium3,sign,165916,0.165916,12.43,0.0,256,1952,3309,510,liboqs,gateway
Dilithium3,sign,133193,0.133193,12.43,0.0,256,1952,3309,511,liboqs,gateway
Dilithium3,sign,58143,0.058143,12.43,0.0,256,1952,3309,512,liboqs,gateway
Dilithium3,sign,64765,0.064765,12.43,0.0,256,1952,3309,513,liboqs,gateway
Dilithium3,sign,93663,0.093663,12.43,0.0,256,1952,3309,514,liboqs,gateway
Dilithium3,sign,133282,0.133282,12.43,0.0,256,1952,3309,515,liboqs,gateway
Dilithium3,sign,46845,0.046845,12.43,0.0,256,1952,3309,516,liboqs,gateway
Dilithium3,sign,108528,0.108528,12.43,0.0,256,1952,3309,517,liboqs,gateway
Dilithium3,sign,81492,0.081492,12.43,0.0,256,1952,3309,518,liboqs,gateway
Dilithium3,sign,48960,0.04896,12.43,0.0,256,1952,3309,519,liboqs,gateway
Dilithium3,sign,59927,0.059927,12.43,0.0,256,1952,3309,520,liboqs,gateway
Dilithium3,sign,118534,0.118534,12.43,0.0,256,1952,3309,521,liboqs,gateway
Dilithium3,sign,82876,0.082876,12.43,0.0,256,1952,3309,522,liboqs,gateway
Dilithium3,sign,48415,0.048415,12.43,0.0,256,1952,3309,523,liboqs,gateway
Dilithium3,sign,111407,0.111407,12.43,0.0,256,1952,3309,524,liboqs,gateway
Dilithium3,sign,65060,0.06506,12.43,0.0,256,1952,3309,525,liboqs,gateway
Dilithium3,sign,115368,0.115368,12.43,0.0,256,1952,3309,526,liboqs,gateway
Dilithium3,sign,69594,0.069594,12.43,0.0,256,1952,3309,527,liboqs,gateway
Dilithium3,sign,55024,0.055024,12.43,0.0,256,1952,3309,528,liboqs,gateway
Dilithium3,sign,86495,0.086495,12.43,0.0,256,1952,3309,529,liboqs,gateway
Dilithium3,sign,97381,0.097381,12.43,0.0,256,1952,3309,530,liboqs,gateway
Dilithium3,sign,47683,0.047683,12.43,0.0,256,1952,3309,531,liboqs,gateway
Dilithium3,sign,56002,0.056002,12.43,0.0,256,1952,3309,532,liboqs,gateway
Dilithium3,sign,68822,0.068822,12.43,0.0,256,1952,3309,533,liboqs,gateway
Dilithium3,sign,66520,0.06652,12.43,0.0,256,1952,3309,534,liboqs,gateway
Dilithium3,sign,47221,0.047221,12.43,0.0,256,1952,3309,535,liboqs,gateway
Dilithium3,sign,104881,0.104881,12.43,0.0,256,1952,3309,536,liboqs,gateway
Dilithium3,sign,47570,0.04757,12.43,0.0,256,1952,3309,537,liboqs,gateway
Dilithium3,sign,91099,0.091099,12.43,0.0,256,1952,3309,538,liboqs,gateway
Dilithium3,sign,106161,0.106161,12.43,0.0,256,1952,3309,539,liboqs,gateway
Dilithium3,sign,47285,0.047285,12.43,0.0,256,1952,3309,540,liboqs,gateway
Dilithium3,sign,198579,0.198579,12.43,0.0,256,1952,3309,541,liboqs,gateway
Dilithium3,sign,72751,0.072751,12.43,0.0,256,1952,3309,542,liboqs,gateway
Dilithium3,sign,97307,0.097307,12.43,0.0,256,1952,3309,543,liboqs,gateway
Dilithium3,sign,69011,0.069011,12.43,0.0,256,1952,3309,544,liboqs,gateway
Dilithium3,sign,50429,0.050429,12.43,0.0,256,1952,3309,545,liboqs,gateway
Dilithium3,sign,174061,0.174061,12.43,0.0,256,1952,3309,546,liboqs,gateway
Dilithium3,sign,77037,0.077037,12.43,0.0,256,1952,3309,547,liboqs,gateway
Dilithium3,sign,110537,0.110537,12.43,0.0,256,1952,3309,548,liboqs,gateway
Dilithium3,sign,65840,0.06584,12.43,0.0,256,1952,3309,549,liboqs,gateway
Dilithium3,sign,64818,0.064818,12.43,0.0,256,1952,3309,550,liboqs,gateway
Dilithium3,sign,59042,0.059042,12.43,0.0,256,1952,3309,551,liboqs,gateway
Dilithium3,sign,75663,0.075663,12.43,0.0,256,1952,3309,552,liboqs,gateway
Dilithium3,sign,83053,0.083053,12.43,0.0,256,1952,3309,553,liboqs,gateway
Dilithium3,sign,124214,0.124214,12.43,0.0,256,1952,3309,554,liboqs,gateway
Dilithium3,sign,84664,0.084664,12.43,0.0,256,1952,3309,555,liboqs,gateway
Dilithium3,sign,82021,0.082021,12.43,0.0,256,1952,3309,556,liboqs,gateway
Dilithium3,sign,54728,0.054728,12.43,0.0,256,1952,3309,557,liboqs,gateway
Dilithium3,sign,84952,0.084952,12.43,0.0,256,1952,3309,558,liboqs,gateway
Dilithium3,sign,67567,0.067567,12.43,0.0,256,1952,3309,559,liboqs,gateway
Dilithium3,sign,73603,0.073603,12.43,0.0,256,1952,3309,560,liboqs,gateway
Dilithium3,sign,65078,0.065078,12.43,0.0,256,1952,3309,561,liboqs,gateway
Dilithium3,sign,107629,0.107629,12.43,0.0,256,1952,3309,562,liboqs,gateway
Dilithium3,sign,49092,0.049092,12.43,0.0,256,1952,3309,563,liboqs,gateway
Dilithium3,sign,132147,0.132147,12.43,0.0,256,1952,3309,564,liboqs,gateway
Dilithium3,sign,59332,0.059332,12.43,0.0,256,1952,3309,565,liboqs,gateway
Dilithium3,sign,144170,0.14417,12.43,0.0,256,1952,3309,566,liboqs,gateway
Dilithium3,sign,188135,0.188135,12.43,0.0,256,1952,3309,567,liboqs,gateway
Dilithium3,sign,74012,0.074012,12.43,0.0,256,1952,3309,568,liboqs,gateway
Dilithium3,sign,93458,0.093458,12.43,0.0,256,1952,3309,569,liboqs,gateway
Dilithium3,sign,112227,0.112227,12.43,0.0,256,1952,3309,570,liboqs,gateway
Dilithium3,sign,49952,0.049952,12.43,0.0,256,1952,3309,571,liboqs,gateway
Dilithium3,sign,76251,0.076251,12.43,0.0,256,1952,3309,572,liboqs,gateway
Dilithium3,sign,84928,0.084928,12.43,0.0,256,1952,3309,573,liboqs,gateway
Dilithium3,sign,50514,0.050514,12.43,0.0,256,1952,3309,574,liboqs,gateway
Dilithium3,sign,109537,0.109537,12.43,0.0,256,1952,3309,575,liboqs,gateway
Dilithium3,sign,49312,0.049312,12.43,0.0,256,1952,3309,576,liboqs,gateway
Dilithium3,sign,66213,0.066213,12.43,0.0,256,1952,3309,577,liboqs,gateway
Dilithium3,sign,105878,0.105878,12.43,0.0,256,1952,3309,578,liboqs,gateway
Dilithium3,sign,96119,0.096119,12.43,0.0,256,1952,3309,579,liboqs,gateway
Dilithium3,sign,113018,0.113018,12.43,0.0,256,1952,3309,580,liboqs,gateway
Dilithium3,sign,70473,0.070473,12.43,0.0,256,1952,3309,581,liboqs,gateway
Dilithium3,sign,106575,0.106575,12.43,0.0,256,1952,3309,582,liboqs,gateway
Dilithium3,sign,50333,0.050333,12.43,0.0,256,1952,3309,583,liboqs,gateway
Dilithium3,sign,152765,0.152765,12.43,0.0,256,1952,3309,584,liboqs,gateway
Dilithium3,sign,73588,0.073588,12.43,0.0,256,1952,3309,585,liboqs,gateway
Dilithium3,sign,212583,0.212583,12.43,0.0,256,1952,3309,586,liboqs,gateway
Dilithium3,sign,96718,0.096718,12.43,0.0,256,1952,3309,587,liboqs,gateway
Dilithium3,sign,145097,0.145097,12.43,0.0,256,1952,3309,588,liboqs,gateway
Dilithium3,sign,106846,0.106846,12.43,0.0,256,1952,3309,589,liboqs,gateway
Dilithium3,sign,138876,0.138876,12.43,0.0,256,1952,3309,590,liboqs,gateway
Dilithium3,sign,93394,0.093394,12.43,0.0,256,1952,3309,591,liboqs,gateway
Dilithium3,sign,57192,0.057192,12.43,0.0,256,1952,3309,592,liboqs,gateway
Dilithium3,sign,113441,0.113441,12.43,0.0,256,1952,3309,593,liboqs,gateway
Dilithium3,sign,57099,0.057099,12.43,0.0,256,1952,3309,594,liboqs,gateway
Dilithium3,sign,48269,0.048269,12.43,0.0,256,1952,3309,595,liboqs,gateway
Dilithium3,sign,290157,0.290157,12.43,0.0,256,1952,3309,596,liboqs,gateway
Dilithium3,sign,79181,0.079181,12.43,0.0,256,1952,3309,597,liboqs,gateway
Dilithium3,sign,100192,0.100192,12.43,0.0,256,1952,3309,598,liboqs,gateway
Dilithium3,sign,76445,0.076445,12.43,0.0,256,1952,3309,599,liboqs,gateway
Dilithium3,sign,73635,0.073635,12.43,0.0,256,1952,3309,600,liboqs,gateway
Dilithium3,sign,102741,0.102741,12.43,0.0,256,1952,3309,601,liboqs,gateway
Dilithium3,sign,105302,0.105302,12.43,0.0,256,1952,3309,602,liboqs,gateway
Dilithium3,sign,120519,0.120519,12.43,0.0,256,1952,3309,603,liboqs,gateway
Dilithium3,sign,54537,0.054537,12.43,0.0,256,1952,3309,604,liboqs,gateway
Dilithium3,sign,58857,0.058857,12.43,0.0,256,1952,3309,605,liboqs,gateway
Dilithium3,sign,98246,0.098246,12.43,0.0,256,1952,3309,606,liboqs,gateway
Dilithium3,sign,61907,0.061907,12.43,0.0,256,1952,3309,607,liboqs,gateway
Dilithium3,sign,112191,0.112191,12.43,0.0,256,1952,3309,608,liboqs,gateway
Dilithium3,sign,59763,0.059763,12.43,0.0,256,1952,3309,609,liboqs,gateway
Dilithium3,sign,57411,0.057411,12.43,0.0,256,1952,3309,610,liboqs,gateway
Dilithium3,sign,68435,0.068435,12.43,0.0,256,1952,3309,611,liboqs,gateway
Dilithium3,sign,139772,0.139772,12.43,0.0,256,1952,3309,612,liboqs,gateway
Dilithium3,sign,116443,0.116443,12.43,0.0,256,1952,3309,613,liboqs,gateway
Dilithium3,sign,72381,0.072381,12.43,0.0,256,1952,3309,614,liboqs,gateway
Dilithium3,sign,67990,0.06799,12.43,0.0,256,1952,3309,615,liboqs,gateway
Dilithium3,sign,57565,0.057565,12.43,0.0,256,1952,3309,616,liboqs,gateway
Dilithium3,sign,284457,0.284457,12.43,0.0,256,1952,3309,617,liboqs,gateway
Dilithium3,sign,94658,0.094658,12.43,0.0,256,1952,3309,618,liboqs,gateway
Dilithium3,sign,94976,0.094976,12.43,0.0,256,1952,3309,619,liboqs,gateway
Dilithium3,sign,70747,0.070747,12.43,0.0,256,1952,3309,620,liboqs,gateway
Dilithium3,sign,90256,0.090256,12.43,0.0,256,1952,3309,621,liboqs,gateway
Dilithium3,sign,111267,0.111267,12.43,0.0,256,1952,3309,622,liboqs,gateway
Dilithium3,sign,48853,0.048853,12.43,0.0,256,1952,3309,623,liboqs,gateway
Dilithium3,sign,59058,0.059058,12.43,0.0,256,1952,3309,624,liboqs,gateway
Dilithium3,sign,141732,0.141732,12.43,0.0,256,1952,3309,625,liboqs,gateway
Dilithium3,sign,55408,0.055408,12.43,0.0,256,1952,3309,626,liboqs,gateway
Dilithium3,sign,83670,0.08367,12.43,0.0,256,1952,3309,627,liboqs,gateway
Dilithium3,sign,151014,0.151014,12.43,0.0,256,1952,3309,628,liboqs,gateway
Dilithium3,sign,48289,0.048289,12.43,0.0,256,1952,3309,629,liboqs,gateway
Dilithium3,sign,68400,0.0684,12.43,0.0,256,1952,3309,630,liboqs,gateway
Dilithium3,sign,47010,0.04701,12.43,0.0,256,1952,3309,631,liboqs,gateway
Dilithium3,sign,47439,0.047439,12.43,0.0,256,1952,3309,632,liboqs,gateway
Dilithium3,sign,48602,0.048602,12.43,0.0,256,1952,3309,633,liboqs,gateway
Dilithium3,sign,74756,0.074756,12.43,0.0,256,1952,3309,634,liboqs,gateway
Dilithium3,sign,117180,0.11718,12.43,0.0,256,1952,3309,635,liboqs,gateway
Dilithium3,sign,60291,0.060291,12.43,0.0,256,1952,3309,636,liboqs,gateway
Dilithium3,sign,149264,0.149264,12.43,0.0,256,1952,3309,637,liboqs,gateway
Dilithium3,sign,118093,0.118093,12.43,0.0,256,1952,3309,638,liboqs,gateway
Dilithium3,sign,57328,0.057328,12.43,0.0,256,1952,3309,639,liboqs,gateway
Dilithium3,sign,56076,0.056076,12.43,0.0,256,1952,3309,640,liboqs,gateway
Dilithium3,sign,172660,0.17266,12.43,0.0,256,1952,3309,641,liboqs,gateway
Dilithium3,sign,46851,0.046851,12.43,0.0,256,1952,3309,642,liboqs,gateway
Dilithium3,sign,66379,0.066379,12.43,0.0,256,1952,3309,643,liboqs,gateway
Dilithium3,sign,64897,0.064897,12.43,0.0,256,1952,3309,644,liboqs,gateway
Dilithium3,sign,227640,0.22764,12.43,0.0,256,1952,3309,645,liboqs,gateway
Dilithium3,sign,109288,0.109288,12.43,0.0,256,1952,3309,646,liboqs,gateway
Dilithium3,sign,60044,0.060044,12.43,0.0,256,1952,3309,647,liboqs,gateway
Dilithium3,sign,78101,0.078101,12.43,0.0,256,1952,3309,648,liboqs,gateway
Dilithium3,sign,66686,0.066686,12.43,0.0,256,1952,3309,649,liboqs,gateway
Dilithium3,sign,151235,0.151235,12.43,0.0,256,1952,3309,650,liboqs,gateway
Dilithium3,sign,76032,0.076032,12.43,0.0,256,1952,3309,651,liboqs,gateway
Dilithium3,sign,120173,0.120173,12.43,0.0,256,1952,3309,652,liboqs,gateway
Dilithium3,sign,115152,0.115152,12.43,0.0,256,1952,3309,653,liboqs,gateway
Dilithium3,sign,159610,0.15961,12.43,0.0,256,1952,3309,654,liboqs,gateway
Dilithium3,sign,114782,0.114782,12.43,0.0,256,1952,3309,655,liboqs,gateway
Dilithium3,sign,55039,0.055039,12.43,0.0,256,1952,3309,656,liboqs,gateway
Dilithium3,sign,78249,0.078249,12.43,0.0,256,1952,3309,657,liboqs,gateway
Dilithium3,sign,48193,0.048193,12.43,0.0,256,1952,3309,658,liboqs,gateway
Dilithium3,sign,48559,0.048559,12.43,0.0,256,1952,3309,659,liboqs,gateway
Dilithium3,sign,75762,0.075762,12.43,0.0,256,1952,3309,660,liboqs,gateway
Dilithium3,sign,120825,0.120825,12.43,0.0,256,1952,3309,661,liboqs,gateway
Dilithium3,sign,83072,0.083072,12.43,0.0,256,1952,3309,662,liboqs,gateway
Dilithium3,sign,67059,0.067059,12.43,0.0,256,1952,3309,663,liboqs,gateway
Dilithium3,sign,56651,0.056651,12.43,0.0,256,1952,3309,664,liboqs,gateway
Dilithium3,sign,48274,0.048274,12.43,0.0,256,1952,3309,665,liboqs,gateway
Dilithium3,sign,137121,0.137121,12.43,0.0,256,1952,3309,666,liboqs,gateway
Dilithium3,sign,318599,0.318599,12.43,0.0,256,1952,3309,667,liboqs,gateway
Dilithium3,sign,75706,0.075706,12.43,0.0,256,1952,3309,668,liboqs,gateway
Dilithium3,sign,79521,0.079521,12.43,0.0,256,1952,3309,669,liboqs,gateway
Dilithium3,sign,85336,0.085336,12.43,0.0,256,1952,3309,670,liboqs,gateway
Dilithium3,sign,129975,0.129975,12.43,0.0,256,1952,3309,671,liboqs,gateway
Dilithium3,sign,66645,0.066645,12.43,0.0,256,1952,3309,672,liboqs,gateway
Dilithium3,sign,100053,0.100053,12.43,0.0,256,1952,3309,673,liboqs,gateway
Dilithium3,sign,110922,0.110922,12.43,0.0,256,1952,3309,674,liboqs,gateway
Dilithium3,sign,96857,0.096857,12.43,0.0,256,1952,3309,675,liboqs,gateway
Dilithium3,sign,80068,0.080068,12.43,0.0,256,1952,3309,676,liboqs,gateway
Dilithium3,sign,53917,0.053917,12.43,0.0,256,1952,3309,677,liboqs,gateway
Dilithium3,sign,60682,0.060682,12.43,0.0,256,1952,3309,678,liboqs,gateway
Dilithium3,sign,57223,0.057223,12.43,0.0,256,1952,3309,679,liboqs,gateway
Dilithium3,sign,96256,0.096256,12.43,0.0,256,1952,3309,680,liboqs,gateway
Dilithium3,sign,68168,0.068168,12.43,0.0,256,1952,3309,681,liboqs,gateway
Dilithium3,sign,55950,0.05595,12.43,0.0,256,1952,3309,682,liboqs,gateway
Dilithium3,sign,57565,0.057565,12.43,0.0,256,1952,3309,683,liboqs,gateway
Dilithium3,sign,138631,0.138631,12.43,0.0,256,1952,3309,684,liboqs,gateway
Dilithium3,sign,123389,0.123389,12.43,0.0,256,1952,3309,685,liboqs,gateway
Dilithium3,sign,48428,0.048428,12.43,0.0,256,1952,3309,686,liboqs,gateway
Dilithium3,sign,75560,0.07556,12.43,0.0,256,1952,3309,687,liboqs,gateway
Dilithium3,sign,114312,0.114312,12.43,0.0,256,1952,3309,688,liboqs,gateway
Dilithium3,sign,129196,0.129196,12.43,0.0,256,1952,3309,689,liboqs,gateway
Dilithium3,sign,48790,0.04879,12.43,0.0,256,1952,3309,690,liboqs,gateway
Dilithium3,sign,62595,0.062595,12.43,0.0,256,1952,3309,691,liboqs,gateway
Dilithium3,sign,110844,0.110844,12.43,0.0,256,1952,3309,692,liboqs,gateway
Dilithium3,sign,50549,0.050549,12.43,0.0,256,1952,3309,693,liboqs,gateway
Dilithium3,sign,175326,0.175326,12.43,0.0,256,1952,3309,694,liboqs,gateway
Dilithium3,sign,210093,0.210093,12.43,0.0,256,1952,3309,695,liboqs,gateway
Dilithium3,sign,99738,0.099738,12.43,0.0,256,1952,3309,696,liboqs,gateway
Dilithium3,sign,123798,0.123798,12.43,0.0,256,1952,3309,697,liboqs,gateway
Dilithium3,sign,151867,0.151867,12.43,0.0,256,1952,3309,698,liboqs,gateway
Dilithium3,sign,292219,0.292219,12.43,0.0,256,1952,3309,699,liboqs,gateway
Dilithium3,sign,96192,0.096192,12.43,0.0,256,1952,3309,700,liboqs,gateway
Dilithium3,sign,189730,0.18973,12.43,0.0,256,1952,3309,701,liboqs,gateway
Dilithium3,sign,64688,0.064688,12.43,0.0,256,1952,3309,702,liboqs,gateway
Dilithium3,sign,63595,0.063595,12.43,0.0,256,1952,3309,703,liboqs,gateway
Dilithium3,sign,119038,0.119038,12.43,0.0,256,1952,3309,704,liboqs,gateway
Dilithium3,sign,213094,0.213094,12.43,0.0,256,1952,3309,705,liboqs,gateway
Dilithium3,sign,165686,0.165686,12.43,0.0,256,1952,3309,706,liboqs,gateway
Dilithium3,sign,71008,0.071008,12.43,0.0,256,1952,3309,707,liboqs,gateway
Dilithium3,sign,92930,0.09293,12.43,0.0,256,1952,3309,708,liboqs,gateway
Dilithium3,sign,76803,0.076803,12.43,0.0,256,1952,3309,709,liboqs,gateway
Dilithium3,sign,249583,0.249583,12.43,0.0,256,1952,3309,710,liboqs,gateway
Dilithium3,sign,74101,0.074101,12.43,0.0,256,1952,3309,711,liboqs,gateway
Dilithium3,sign,73971,0.073971,12.43,0.0,256,1952,3309,712,liboqs,gateway
Dilithium3,sign,119647,0.119647,12.43,0.0,256,1952,3309,713,liboqs,gateway
Dilithium3,sign,64934,0.064934,12.43,0.0,256,1952,3309,714,liboqs,gateway
Dilithium3,sign,87050,0.08705,12.43,0.0,256,1952,3309,715,liboqs,gateway
Dilithium3,sign,47510,0.04751,12.43,0.0,256,1952,3309,716,liboqs,gateway
Dilithium3,sign,81733,0.081733,12.43,0.0,256,1952,3309,717,liboqs,gateway
Dilithium3,sign,47110,0.04711,12.43,0.0,256,1952,3309,718,liboqs,gateway
Dilithium3,sign,76996,0.076996,12.43,0.0,256,1952,3309,719,liboqs,gateway
Dilithium3,sign,66090,0.06609,12.43,0.0,256,1952,3309,720,liboqs,gateway
Dilithium3,sign,102386,0.102386,12.43,0.0,256,1952,3309,721,liboqs,gateway
Dilithium3,sign,95239,0.095239,12.43,0.0,256,1952,3309,722,liboqs,gateway
Dilithium3,sign,48337,0.048337,12.43,0.0,256,1952,3309,723,liboqs,gateway
Dilithium3,sign,97794,0.097794,12.43,0.0,256,1952,3309,724,liboqs,gateway
Dilithium3,sign,47438,0.047438,12.43,0.0,256,1952,3309,725,liboqs,gateway
Dilithium3,sign,159961,0.159961,12.43,0.0,256,1952,3309,726,liboqs,gateway
Dilithium3,sign,55266,0.055266,12.43,0.0,256,1952,3309,727,liboqs,gateway
Dilithium3,sign,112672,0.112672,12.43,0.0,256,1952,3309,728,liboqs,gateway
Dilithium3,sign,72339,0.072339,12.43,0.0,256,1952,3309,729,liboqs,gateway
Dilithium3,sign,55988,0.055988,12.43,0.0,256,1952,3309,730,liboqs,gateway
Dilithium3,sign,57136,0.057136,12.43,0.0,256,1952,3309,731,liboqs,gateway
Dilithium3,sign,57525,0.057525,12.43,0.0,256,1952,3309,732,liboqs,gateway
Dilithium3,sign,47129,0.047129,12.43,0.0,256,1952,3309,733,liboqs,gateway
Dilithium3,sign,62208,0.062208,12.43,0.0,256,1952,3309,734,liboqs,gateway
Dilithium3,sign,91983,0.091983,12.43,0.0,256,1952,3309,735,liboqs,gateway
Dilithium3,sign,57393,0.057393,12.43,0.0,256,1952,3309,736,liboqs,gateway
Dilithium3,sign,154796,0.154796,12.43,0.0,256,1952,3309,737,liboqs,gateway
Dilithium3,sign,101682,0.101682,12.43,0.0,256,1952,3309,738,liboqs,gateway
Dilithium3,sign,105907,0.105907,12.43,0.0,256,1952,3309,739,liboqs,gateway
Dilithium3,sign,47030,0.04703,12.43,0.0,256,1952,3309,740,liboqs,gateway
Dilithium3,sign,72646,0.072646,12.43,0.0,256,1952,3309,741,liboqs,gateway
Dilithium3,sign,261185,0.261185,12.43,0.0,256,1952,3309,742,liboqs,gateway
Dilithium3,sign,121798,0.121798,12.43,0.0,256,1952,3309,743,liboqs,gateway
Dilithium3,sign,58108,0.058108,12.43,0.0,256,1952,3309,744,liboqs,gateway
Dilithium3,sign,99732,0.099732,12.43,0.0,256,1952,3309,745,liboqs,gateway
Dilithium3,sign,73407,0.073407,12.43,0.0,256,1952,3309,746,liboqs,gateway
Dilithium3,sign,112733,0.112733,12.43,0.0,256,1952,3309,747,liboqs,gateway
Dilithium3,sign,188744,0.188744,12.43,0.0,256,1952,3309,748,liboqs,gateway
Dilithium3,sign,77571,0.077571,12.43,0.0,256,1952,3309,749,liboqs,gateway
Dilithium3,sign,66494,0.066494,12.43,0.0,256,1952,3309,750,liboqs,gateway
Dilithium3,sign,130925,0.130925,12.43,0.0,256,1952,3309,751,liboqs,gateway
Dilithium3,sign,58026,0.058026,12.43,0.0,256,1952,3309,752,liboqs,gateway
Dilithium3,sign,101880,0.10188,12.43,0.0,256,1952,3309,753,liboqs,gateway
Dilithium3,sign,133444,0.133444,14.82,0.0,256,1952,3309,754,liboqs,gateway
Dilithium3,sign,84881,0.084881,15.16,0.0,256,1952,3309,755,liboqs,gateway
Dilithium3,sign,59421,0.059421,12.37,0.0,256,1952,3309,756,liboqs,gateway
Dilithium3,sign,154145,0.154145,12.43,0.0,256,1952,3309,757,liboqs,gateway
Dilithium3,sign,93207,0.093207,12.43,0.0,256,1952,3309,758,liboqs,gateway
Dilithium3,sign,85429,0.085429,12.43,0.0,256,1952,3309,759,liboqs,gateway
Dilithium3,sign,64614,0.064614,12.43,0.0,256,1952,3309,760,liboqs,gateway
Dilithium3,sign,311309,0.311309,12.43,0.0,256,1952,3309,761,liboqs,gateway
Dilithium3,sign,120754,0.120754,12.43,0.0,256,1952,3309,762,liboqs,gateway
Dilithium3,sign,48635,0.048635,12.43,0.0,256,1952,3309,763,liboqs,gateway
Dilithium3,sign,101892,0.101892,12.43,0.0,256,1952,3309,764,liboqs,gateway
Dilithium3,sign,82883,0.082883,12.43,0.0,256,1952,3309,765,liboqs,gateway
Dilithium3,sign,64111,0.064111,12.43,0.0,256,1952,3309,766,liboqs,gateway
Dilithium3,sign,159366,0.159366,12.43,0.0,256,1952,3309,767,liboqs,gateway
Dilithium3,sign,128588,0.128588,12.43,0.0,256,1952,3309,768,liboqs,gateway
Dilithium3,sign,59347,0.059347,12.43,0.0,256,1952,3309,769,liboqs,gateway
Dilithium3,sign,74637,0.074637,12.43,0.0,256,1952,3309,770,liboqs,gateway
Dilithium3,sign,134828,0.134828,12.43,0.0,256,1952,3309,771,liboqs,gateway
Dilithium3,sign,107031,0.107031,12.43,0.0,256,1952,3309,772,liboqs,gateway
Dilithium3,sign,48417,0.048417,12.43,0.0,256,1952,3309,773,liboqs,gateway
Dilithium3,sign,55231,0.055231,12.43,0.0,256,1952,3309,774,liboqs,gateway
Dilithium3,sign,72539,0.072539,12.43,0.0,256,1952,3309,775,liboqs,gateway
Dilithium3,sign,66600,0.0666,12.43,0.0,256,1952,3309,776,liboqs,gateway
Dilithium3,sign,121375,0.121375,12.43,0.0,256,1952,3309,777,liboqs,gateway
Dilithium3,sign,85370,0.08537,12.43,0.0,256,1952,3309,778,liboqs,gateway
Dilithium3,sign,59111,0.059111,12.43,0.0,256,1952,3309,779,liboqs,gateway
Dilithium3,sign,71927,0.071927,12.43,0.0,256,1952,3309,780,liboqs,gateway
Dilithium3,sign,101002,0.101002,12.43,0.0,256,1952,3309,781,liboqs,gateway
Dilithium3,sign,87791,0.087791,12.43,0.0,256,1952,3309,782,liboqs,gateway
Dilithium3,sign,65530,0.06553,12.43,0.0,256,1952,3309,783,liboqs,gateway
Dilithium3,sign,110858,0.110858,12.43,0.0,256,1952,3309,784,liboqs,gateway
Dilithium3,sign,48358,0.048358,12.43,0.0,256,1952,3309,785,liboqs,gateway
Dilithium3,sign,64752,0.064752,12.43,0.0,256,1952,3309,786,liboqs,gateway
Dilithium3,sign,204099,0.204099,12.43,0.0,256,1952,3309,787,liboqs,gateway
Dilithium3,sign,136517,0.136517,12.43,0.0,256,1952,3309,788,liboqs,gateway
Dilithium3,sign,91431,0.091431,12.43,0.0,256,1952,3309,789,liboqs,gateway
Dilithium3,sign,111611,0.111611,12.43,0.0,256,1952,3309,790,liboqs,gateway
Dilithium3,sign,168494,0.168494,12.43,0.0,256,1952,3309,791,liboqs,gateway
Dilithium3,sign,46281,0.046281,12.43,0.0,256,1952,3309,792,liboqs,gateway
Dilithium3,sign,124340,0.12434,12.43,0.0,256,1952,3309,793,liboqs,gateway
Dilithium3,sign,94732,0.094732,12.43,0.0,256,1952,3309,794,liboqs,gateway
Dilithium3,sign,73047,0.073047,12.43,0.0,256,1952,3309,795,liboqs,gateway
Dilithium3,sign,46357,0.046357,12.43,0.0,256,1952,3309,796,liboqs,gateway
Dilithium3,sign,55528,0.055528,12.43,0.0,256,1952,3309,797,liboqs,gateway
Dilithium3,sign,46171,0.046171,12.43,0.0,256,1952,3309,798,liboqs,gateway
Dilithium3,sign,72598,0.072598,12.43,0.0,256,1952,3309,799,liboqs,gateway
Dilithium3,sign,57040,0.05704,12.43,0.0,256,1952,3309,800,liboqs,gateway
Dilithium3,sign,115790,0.11579,12.43,0.0,256,1952,3309,801,liboqs,gateway
Dilithium3,sign,107800,0.1078,12.43,0.0,256,1952,3309,802,liboqs,gateway
Dilithium3,sign,149991,0.149991,12.43,0.0,256,1952,3309,803,liboqs,gateway
Dilithium3,sign,118923,0.118923,12.43,0.0,256,1952,3309,804,liboqs,gateway
Dilithium3,sign,133526,0.133526,12.43,0.0,256,1952,3309,805,liboqs,gateway
Dilithium3,sign,83982,0.083982,12.43,0.0,256,1952,3309,806,liboqs,gateway
Dilithium3,sign,48865,0.048865,12.43,0.0,256,1952,3309,807,liboqs,gateway
Dilithium3,sign,74659,0.074659,12.43,0.0,256,1952,3309,808,liboqs,gateway
Dilithium3,sign,109057,0.109057,12.43,0.0,256,1952,3309,809,liboqs,gateway
Dilithium3,sign,84359,0.084359,12.43,0.0,256,1952,3309,810,liboqs,gateway
Dilithium3,sign,100301,0.100301,12.43,0.0,256,1952,3309,811,liboqs,gateway
Dilithium3,sign,108986,0.108986,12.43,0.0,256,1952,3309,812,liboqs,gateway
Dilithium3,sign,47499,0.047499,12.43,0.0,256,1952,3309,813,liboqs,gateway
Dilithium3,sign,48193,0.048193,12.43,0.0,256,1952,3309,814,liboqs,gateway
Dilithium3,sign,61643,0.061643,12.43,0.0,256,1952,3309,815,liboqs,gateway
Dilithium3,sign,84465,0.084465,12.43,0.0,256,1952,3309,816,liboqs,gateway
Dilithium3,sign,90803,0.090803,12.43,0.0,256,1952,3309,817,liboqs,gateway
Dilithium3,sign,57643,0.057643,12.43,0.0,256,1952,3309,818,liboqs,gateway
Dilithium3,sign,129315,0.129315,12.43,0.0,256,1952,3309,819,liboqs,gateway
Dilithium3,sign,73385,0.073385,12.43,0.0,256,1952,3309,820,liboqs,gateway
Dilithium3,sign,184610,0.18461,12.43,0.0,256,1952,3309,821,liboqs,gateway
Dilithium3,sign,75451,0.075451,12.43,0.0,256,1952,3309,822,liboqs,gateway
Dilithium3,sign,51480,0.05148,12.43,0.0,256,1952,3309,823,liboqs,gateway
Dilithium3,sign,47902,0.047902,12.43,0.0,256,1952,3309,824,liboqs,gateway
Dilithium3,sign,91382,0.091382,12.43,0.0,256,1952,3309,825,liboqs,gateway
Dilithium3,sign,130982,0.130982,12.43,0.0,256,1952,3309,826,liboqs,gateway
Dilithium3,sign,65926,0.065926,12.43,0.0,256,1952,3309,827,liboqs,gateway
Dilithium3,sign,134810,0.13481,12.43,0.0,256,1952,3309,828,liboqs,gateway
Dilithium3,sign,46542,0.046542,12.43,0.0,256,1952,3309,829,liboqs,gateway
Dilithium3,sign,55416,0.055416,12.43,0.0,256,1952,3309,830,liboqs,gateway
Dilithium3,sign,48076,0.048076,12.43,0.0,256,1952,3309,831,liboqs,gateway
Dilithium3,sign,59417,0.059417,12.43,0.0,256,1952,3309,832,liboqs,gateway
Dilithium3,sign,47326,0.047326,12.43,0.0,256,1952,3309,833,liboqs,gateway
Dilithium3,sign,56385,0.056385,12.43,0.0,256,1952,3309,834,liboqs,gateway
Dilithium3,sign,112515,0.112515,12.43,0.0,256,1952,3309,835,liboqs,gateway
Dilithium3,sign,54673,0.054673,12.43,0.0,256,1952,3309,836,liboqs,gateway
Dilithium3,sign,63712,0.063712,12.43,0.0,256,1952,3309,837,liboqs,gateway
Dilithium3,sign,81814,0.081814,12.43,0.0,256,1952,3309,838,liboqs,gateway
Dilithium3,sign,137246,0.137246,12.43,0.0,256,1952,3309,839,liboqs,gateway
Dilithium3,sign,102514,0.102514,12.43,0.0,256,1952,3309,840,liboqs,gateway
Dilithium3,sign,93437,0.093437,12.43,0.0,256,1952,3309,841,liboqs,gateway
Dilithium3,sign,56155,0.056155,12.43,0.0,256,1952,3309,842,liboqs,gateway
Dilithium3,sign,191191,0.191191,12.43,0.0,256,1952,3309,843,liboqs,gateway
Dilithium3,sign,85538,0.085538,12.43,0.0,256,1952,3309,844,liboqs,gateway
Dilithium3,sign,154511,0.154511,12.43,0.0,256,1952,3309,845,liboqs,gateway
Dilithium3,sign,53907,0.053907,12.43,0.0,256,1952,3309,846,liboqs,gateway
Dilithium3,sign,59756,0.059756,12.43,0.0,256,1952,3309,847,liboqs,gateway
Dilithium3,sign,170576,0.170576,12.43,0.0,256,1952,3309,848,liboqs,gateway
Dilithium3,sign,64639,0.064639,12.43,0.0,256,1952,3309,849,liboqs,gateway
Dilithium3,sign,57547,0.057547,12.43,0.0,256,1952,3309,850,liboqs,gateway
Dilithium3,sign,100385,0.100385,12.43,0.0,256,1952,3309,851,liboqs,gateway
Dilithium3,sign,56857,0.056857,12.43,0.0,256,1952,3309,852,liboqs,gateway
Dilithium3,sign,124548,0.124548,12.43,0.0,256,1952,3309,853,liboqs,gateway
Dilithium3,sign,55301,0.055301,12.43,0.0,256,1952,3309,854,liboqs,gateway
Dilithium3,sign,94658,0.094658,12.43,0.0,256,1952,3309,855,liboqs,gateway
Dilithium3,sign,68014,0.068014,12.43,0.0,256,1952,3309,856,liboqs,gateway
Dilithium3,sign,48765,0.048765,12.43,0.0,256,1952,3309,857,liboqs,gateway
Dilithium3,sign,154330,0.15433,12.43,0.0,256,1952,3309,858,liboqs,gateway
Dilithium3,sign,50272,0.050272,12.43,0.0,256,1952,3309,859,liboqs,gateway
Dilithium3,sign,88428,0.088428,12.43,0.0,256,1952,3309,860,liboqs,gateway
Dilithium3,sign,60632,0.060632,12.43,0.0,256,1952,3309,861,liboqs,gateway
Dilithium3,sign,100930,0.10093,12.43,0.0,256,1952,3309,862,liboqs,gateway
Dilithium3,sign,54046,0.054046,12.43,0.0,256,1952,3309,863,liboqs,gateway
Dilithium3,sign,94560,0.09456,12.43,0.0,256,1952,3309,864,liboqs,gateway
Dilithium3,sign,47900,0.0479,12.43,0.0,256,1952,3309,865,liboqs,gateway
Dilithium3,sign,213243,0.213243,12.43,0.0,256,1952,3309,866,liboqs,gateway
Dilithium3,sign,66879,0.066879,12.43,0.0,256,1952,3309,867,liboqs,gateway
Dilithium3,sign,65116,0.065116,12.43,0.0,256,1952,3309,868,liboqs,gateway
Dilithium3,sign,49016,0.049016,12.43,0.0,256,1952,3309,869,liboqs,gateway
Dilithium3,sign,47278,0.047278,12.43,0.0,256,1952,3309,870,liboqs,gateway
Dilithium3,sign,48452,0.048452,12.43,0.0,256,1952,3309,871,liboqs,gateway
Dilithium3,sign,55152,0.055152,12.43,0.0,256,1952,3309,872,liboqs,gateway
Dilithium3,sign,83739,0.083739,12.43,0.0,256,1952,3309,873,liboqs,gateway
Dilithium3,sign,73882,0.073882,12.43,0.0,256,1952,3309,874,liboqs,gateway
Dilithium3,sign,47353,0.047353,12.43,0.0,256,1952,3309,875,liboqs,gateway
Dilithium3,sign,83299,0.083299,12.43,0.0,256,1952,3309,876,liboqs,gateway
Dilithium3,sign,63911,0.063911,12.43,0.0,256,1952,3309,877,liboqs,gateway
Dilithium3,sign,66092,0.066092,12.43,0.0,256,1952,3309,878,liboqs,gateway
Dilithium3,sign,47724,0.047724,12.43,0.0,256,1952,3309,879,liboqs,gateway
Dilithium3,sign,46151,0.046151,12.43,0.0,256,1952,3309,880,liboqs,gateway
Dilithium3,sign,102277,0.102277,12.43,0.0,256,1952,3309,881,liboqs,gateway
Dilithium3,sign,47740,0.04774,12.43,0.0,256,1952,3309,882,liboqs,gateway
Dilithium3,sign,90254,0.090254,12.43,0.0,256,1952,3309,883,liboqs,gateway
Dilithium3,sign,49181,0.049181,12.43,0.0,256,1952,3309,884,liboqs,gateway
Dilithium3,sign,47682,0.047682,12.43,0.0,256,1952,3309,885,liboqs,gateway
Dilithium3,sign,125108,0.125108,12.43,0.0,256,1952,3309,886,liboqs,gateway
Dilithium3,sign,72203,0.072203,12.43,0.0,256,1952,3309,887,liboqs,gateway
Dilithium3,sign,73778,0.073778,12.43,0.0,256,1952,3309,888,liboqs,gateway
Dilithium3,sign,67763,0.067763,12.43,0.0,256,1952,3309,889,liboqs,gateway
Dilithium3,sign,55792,0.055792,12.43,0.0,256,1952,3309,890,liboqs,gateway
Dilithium3,sign,46062,0.046062,12.43,0.0,256,1952,3309,891,liboqs,gateway
Dilithium3,sign,49569,0.049569,12.43,0.0,256,1952,3309,892,liboqs,gateway
Dilithium3,sign,73056,0.073056,12.43,0.0,256,1952,3309,893,liboqs,gateway
Dilithium3,sign,107785,0.107785,12.43,0.0,256,1952,3309,894,liboqs,gateway
Dilithium3,sign,148861,0.148861,12.43,0.0,256,1952,3309,895,liboqs,gateway
Dilithium3,sign,85997,0.085997,12.43,0.0,256,1952,3309,896,liboqs,gateway
Dilithium3,sign,67413,0.067413,12.43,0.0,256,1952,3309,897,liboqs,gateway
Dilithium3,sign,74790,0.07479,12.43,0.0,256,1952,3309,898,liboqs,gateway
Dilithium3,sign,58478,0.058478,12.43,0.0,256,1952,3309,899,liboqs,gateway
Dilithium3,sign,81868,0.081868,12.43,0.0,256,1952,3309,900,liboqs,gateway
Dilithium3,sign,83730,0.08373,12.43,0.0,256,1952,3309,901,liboqs,gateway
Dilithium3,sign,133201,0.133201,12.43,0.0,256,1952,3309,902,liboqs,gateway
Dilithium3,sign,66614,0.066614,12.43,0.0,256,1952,3309,903,liboqs,gateway
Dilithium3,sign,67477,0.067477,12.43,0.0,256,1952,3309,904,liboqs,gateway
Dilithium3,sign,67210,0.06721,12.43,0.0,256,1952,3309,905,liboqs,gateway
Dilithium3,sign,65082,0.065082,12.43,0.0,256,1952,3309,906,liboqs,gateway
Dilithium3,sign,113408,0.113408,12.43,0.0,256,1952,3309,907,liboqs,gateway
Dilithium3,sign,100417,0.100417,12.43,0.0,256,1952,3309,908,liboqs,gateway
Dilithium3,sign,77637,0.077637,12.43,0.0,256,1952,3309,909,liboqs,gateway
Dilithium3,sign,104992,0.104992,12.43,0.0,256,1952,3309,910,liboqs,gateway
Dilithium3,sign,74837,0.074837,12.43,0.0,256,1952,3309,911,liboqs,gateway
Dilithium3,sign,167030,0.16703,12.43,0.0,256,1952,3309,912,liboqs,gateway
Dilithium3,sign,99344,0.099344,12.43,0.0,256,1952,3309,913,liboqs,gateway
Dilithium3,sign,160100,0.1601,12.43,0.0,256,1952,3309,914,liboqs,gateway
Dilithium3,sign,164201,0.164201,12.43,0.0,256,1952,3309,915,liboqs,gateway
Dilithium3,sign,162377,0.162377,12.43,0.0,256,1952,3309,916,liboqs,gateway
Dilithium3,sign,110437,0.110437,12.43,0.0,256,1952,3309,917,liboqs,gateway
Dilithium3,sign,77730,0.07773,12.43,0.0,256,1952,3309,918,liboqs,gateway
Dilithium3,sign,66687,0.066687,12.43,0.0,256,1952,3309,919,liboqs,gateway
Dilithium3,sign,215782,0.215782,12.43,0.0,256,1952,3309,920,liboqs,gateway
Dilithium3,sign,139485,0.139485,12.43,0.0,256,1952,3309,921,liboqs,gateway
Dilithium3,sign,111656,0.111656,12.43,0.0,256,1952,3309,922,liboqs,gateway
Dilithium3,sign,63838,0.063838,12.43,0.0,256,1952,3309,923,liboqs,gateway
Dilithium3,sign,57579,0.057579,12.43,0.0,256,1952,3309,924,liboqs,gateway
Dilithium3,sign,48856,0.048856,12.43,0.0,256,1952,3309,925,liboqs,gateway
Dilithium3,sign,83366,0.083366,12.43,0.0,256,1952,3309,926,liboqs,gateway
Dilithium3,sign,72355,0.072355,12.43,0.0,256,1952,3309,927,liboqs,gateway
Dilithium3,sign,95536,0.095536,12.43,0.0,256,1952,3309,928,liboqs,gateway
Dilithium3,sign,49445,0.049445,12.43,0.0,256,1952,3309,929,liboqs,gateway
Dilithium3,sign,66065,0.066065,12.43,0.0,256,1952,3309,930,liboqs,gateway
Dilithium3,sign,49016,0.049016,12.43,0.0,256,1952,3309,931,liboqs,gateway
Dilithium3,sign,95389,0.095389,12.43,0.0,256,1952,3309,932,liboqs,gateway
Dilithium3,sign,56810,0.05681,12.43,0.0,256,1952,3309,933,liboqs,gateway
Dilithium3,sign,47565,0.047565,12.43,0.0,256,1952,3309,934,liboqs,gateway
Dilithium3,sign,55374,0.055374,12.43,0.0,256,1952,3309,935,liboqs,gateway
Dilithium3,sign,123012,0.123012,12.43,0.0,256,1952,3309,936,liboqs,gateway
Dilithium3,sign,56849,0.056849,12.43,0.0,256,1952,3309,937,liboqs,gateway
Dilithium3,sign,62893,0.062893,12.43,0.0,256,1952,3309,938,liboqs,gateway
Dilithium3,sign,57262,0.057262,12.43,0.0,256,1952,3309,939,liboqs,gateway
Dilithium3,sign,91950,0.09195,12.43,0.0,256,1952,3309,940,liboqs,gateway
Dilithium3,sign,84477,0.084477,12.43,0.0,256,1952,3309,941,liboqs,gateway
Dilithium3,sign,56859,0.056859,12.43,0.0,256,1952,3309,942,liboqs,gateway
Dilithium3,sign,57617,0.057617,12.43,0.0,256,1952,3309,943,liboqs,gateway
Dilithium3,sign,65901,0.065901,12.43,0.0,256,1952,3309,944,liboqs,gateway
Dilithium3,sign,106664,0.106664,12.43,0.0,256,1952,3309,945,liboqs,gateway
Dilithium3,sign,130882,0.130882,12.43,0.0,256,1952,3309,946,liboqs,gateway
Dilithium3,sign,65808,0.065808,12.43,0.0,256,1952,3309,947,liboqs,gateway
Dilithium3,sign,56592,0.056592,12.43,0.0,256,1952,3309,948,liboqs,gateway
Dilithium3,sign,110246,0.110246,12.43,0.0,256,1952,3309,949,liboqs,gateway
Dilithium3,sign,106885,0.106885,12.43,0.0,256,1952,3309,950,liboqs,gateway
Dilithium3,sign,91314,0.091314,12.43,0.0,256,1952,3309,951,liboqs,gateway
Dilithium3,sign,145707,0.145707,12.43,0.0,256,1952,3309,952,liboqs,gateway
Dilithium3,sign,67606,0.067606,12.43,0.0,256,1952,3309,953,liboqs,gateway
Dilithium3,sign,91928,0.091928,12.43,0.0,256,1952,3309,954,liboqs,gateway
Dilithium3,sign,50998,0.050998,12.43,0.0,256,1952,3309,955,liboqs,gateway
Dilithium3,sign,73967,0.073967,12.43,0.0,256,1952,3309,956,liboqs,gateway
Dilithium3,sign,48754,0.048754,12.43,0.0,256,1952,3309,957,liboqs,gateway
Dilithium3,sign,282387,0.282387,12.43,0.0,256,1952,3309,958,liboqs,gateway
Dilithium3,sign,49219,0.049219,12.43,0.0,256,1952,3309,959,liboqs,gateway
Dilithium3,sign,47091,0.047091,12.43,0.0,256,1952,3309,960,liboqs,gateway
Dilithium3,sign,48617,0.048617,12.43,0.0,256,1952,3309,961,liboqs,gateway
Dilithium3,sign,47192,0.047192,12.43,0.0,256,1952,3309,962,liboqs,gateway
Dilithium3,sign,73866,0.073866,12.43,0.0,256,1952,3309,963,liboqs,gateway
Dilithium3,sign,64149,0.064149,12.43,0.0,256,1952,3309,964,liboqs,gateway
Dilithium3,sign,146397,0.146397,12.43,0.0,256,1952,3309,965,liboqs,gateway
Dilithium3,sign,58618,0.058618,12.43,0.0,256,1952,3309,966,liboqs,gateway
Dilithium3,sign,76845,0.076845,12.43,0.0,256,1952,3309,967,liboqs,gateway
Dilithium3,sign,135769,0.135769,12.43,0.0,256,1952,3309,968,liboqs,gateway
Dilithium3,sign,48242,0.048242,12.43,0.0,256,1952,3309,969,liboqs,gateway
Dilithium3,sign,210134,0.210134,12.43,0.0,256,1952,3309,970,liboqs,gateway
Dilithium3,sign,61118,0.061118,12.43,0.0,256,1952,3309,971,liboqs,gateway
Dilithium3,sign,109225,0.109225,12.43,0.0,256,1952,3309,972,liboqs,gateway
Dilithium3,sign,73233,0.073233,12.43,0.0,256,1952,3309,973,liboqs,gateway
Dilithium3,sign,48322,0.048322,12.43,0.0,256,1952,3309,974,liboqs,gateway
Dilithium3,sign,47854,0.047854,12.43,0.0,256,1952,3309,975,liboqs,gateway
Dilithium3,sign,74796,0.074796,12.43,0.0,256,1952,3309,976,liboqs,gateway
Dilithium3,sign,63578,0.063578,12.43,0.0,256,1952,3309,977,liboqs,gateway
Dilithium3,sign,82615,0.082615,12.43,0.0,256,1952,3309,978,liboqs,gateway
Dilithium3,sign,48029,0.048029,12.43,0.0,256,1952,3309,979,liboqs,gateway
Dilithium3,sign,54972,0.054972,12.43,0.0,256,1952,3309,980,liboqs,gateway
Dilithium3,sign,90716,0.090716,12.43,0.0,256,1952,3309,981,liboqs,gateway
Dilithium3,sign,79281,0.079281,12.43,0.0,256,1952,3309,982,liboqs,gateway
Dilithium3,sign,63312,0.063312,12.43,0.0,256,1952,3309,983,liboqs,gateway
Dilithium3,sign,83836,0.083836,12.43,0.0,256,1952,3309,984,liboqs,gateway
Dilithium3,sign,103705,0.103705,12.43,0.0,256,1952,3309,985,liboqs,gateway
Dilithium3,sign,89139,0.089139,12.43,0.0,256,1952,3309,986,liboqs,gateway
Dilithium3,sign,89496,0.089496,12.43,0.0,256,1952,3309,987,liboqs,gateway
Dilithium3,sign,101534,0.101534,12.43,0.0,256,1952,3309,988,liboqs,gateway
Dilithium3,sign,233839,0.233839,12.43,0.0,256,1952,3309,989,liboqs,gateway
Dilithium3,sign,67464,0.067464,12.43,0.0,256,1952,3309,990,liboqs,gateway
Dilithium3,sign,151740,0.15174,12.43,0.0,256,1952,3309,991,liboqs,gateway
Dilithium3,sign,63401,0.063401,12.43,0.0,256,1952,3309,992,liboqs,gateway
Dilithium3,sign,47406,0.047406,12.43,0.0,256,1952,3309,993,liboqs,gateway
Dilithium3,sign,134613,0.134613,12.43,0.0,256,1952,3309,994,liboqs,gateway
Dilithium3,sign,65012,0.065012,12.43,0.0,256,1952,3309,995,liboqs,gateway
Dilithium3,sign,127592,0.127592,12.43,0.0,256,1952,3309,996,liboqs,gateway
Dilithium3,sign,95248,0.095248,12.43,0.0,256,1952,3309,997,liboqs,gateway
Dilithium3,sign,68522,0.068522,12.43,0.0,256,1952,3309,998,liboqs,gateway
Dilithium3,sign,85267,0.085267,12.43,0.0,256,1952,3309,999,liboqs,gateway
Dilithium3,verify,78430,0.07843,9.88,0.0,256,1952,3309,0,liboqs,gateway
Dilithium3,verify,43960,0.04396,7.42,0.0,256,1952,3309,1,liboqs,gateway
Dilithium3,verify,40606,0.040606,7.42,0.0,256,1952,3309,2,liboqs,gateway
Dilithium3,verify,44052,0.044052,7.63,0.0,256,1952,3309,3,liboqs,gateway
Dilithium3,verify,41985,0.041985,7.48,0.0,256,1952,3309,4,liboqs,gateway
Dilithium3,verify,39951,0.039951,7.48,0.0,256,1952,3309,5,liboqs,gateway
Dilithium3,verify,39686,0.039686,7.48,0.0,256,1952,3309,6,liboqs,gateway
Dilithium3,verify,38878,0.038878,7.48,0.0,256,1952,3309,7,liboqs,gateway
Dilithium3,verify,38861,0.038861,7.48,0.0,256,1952,3309,8,liboqs,gateway
Dilithium3,verify,39293,0.039293,7.48,0.0,256,1952,3309,9,liboqs,gateway
Dilithium3,verify,38639,0.038639,7.48,0.0,256,1952,3309,10,liboqs,gateway
Dilithium3,verify,44168,0.044168,7.48,0.0,256,1952,3309,11,liboqs,gateway
Dilithium3,verify,39030,0.03903,7.48,0.0,256,1952,3309,12,liboqs,gateway
Dilithium3,verify,39435,0.039435,7.48,0.0,256,1952,3309,13,liboqs,gateway
Dilithium3,verify,39805,0.039805,7.48,0.0,256,1952,3309,14,liboqs,gateway
Dilithium3,verify,40914,0.040914,7.48,0.0,256,1952,3309,15,liboqs,gateway
Dilithium3,verify,39378,0.039378,7.48,0.0,256,1952,3309,16,liboqs,gateway
Dilithium3,verify,39746,0.039746,7.48,0.0,256,1952,3309,17,liboqs,gateway
Dilithium3,verify,38745,0.038745,7.48,0.0,256,1952,3309,18,liboqs,gateway
Dilithium3,verify,39002,0.039002,7.48,0.0,256,1952,3309,19,liboqs,gateway
Dilithium3,verify,55042,0.055042,7.48,0.0,256,1952,3309,20,liboqs,gateway
Dilithium3,verify,47731,0.047731,7.48,0.0,256,1952,3309,21,liboqs,gateway
Dilithium3,verify,40667,0.040667,7.48,0.0,256,1952,3309,22,liboqs,gateway
Dilithium3,verify,39830,0.03983,7.48,0.0,256,1952,3309,23,liboqs,gateway
Dilithium3,verify,39138,0.039138,7.48,0.0,256,1952,3309,24,liboqs,gateway
Dilithium3,verify,38891,0.038891,7.48,0.0,256,1952,3309,25,liboqs,gateway
Dilithium3,verify,38563,0.038563,7.48,0.0,256,1952,3309,26,liboqs,gateway
Dilithium3,verify,38249,0.038249,7.48,0.0,256,1952,3309,27,liboqs,gateway
Dilithium3,verify,38035,0.038035,7.48,0.0,256,1952,3309,28,liboqs,gateway
Dilithium3,verify,38476,0.038476,7.48,0.0,256,1952,3309,29,liboqs,gateway
Dilithium3,verify,39091,0.039091,7.48,0.0,256,1952,3309,30,liboqs,gateway
Dilithium3,verify,40405,0.040405,7.48,0.0,256,1952,3309,31,liboqs,gateway
Dilithium3,verify,39167,0.039167,7.48,0.0,256,1952,3309,32,liboqs,gateway
Dilithium3,verify,48342,0.048342,7.48,0.0,256,1952,3309,33,liboqs,gateway
Dilithium3,verify,45672,0.045672,7.48,0.0,256,1952,3309,34,liboqs,gateway
Dilithium3,verify,42515,0.042515,7.48,0.0,256,1952,3309,35,liboqs,gateway
Dilithium3,verify,40057,0.040057,7.48,0.0,256,1952,3309,36,liboqs,gateway
Dilithium3,verify,39343,0.039343,7.48,0.0,256,1952,3309,37,liboqs,gateway
Dilithium3,verify,40765,0.040765,7.48,0.0,256,1952,3309,38,liboqs,gateway
Dilithium3,verify,39271,0.039271,7.48,0.0,256,1952,3309,39,liboqs,gateway
Dilithium3,verify,41291,0.041291,7.48,0.0,256,1952,3309,40,liboqs,gateway
Dilithium3,verify,39143,0.039143,7.48,0.0,256,1952,3309,41,liboqs,gateway
Dilithium3,verify,38763,0.038763,7.48,0.0,256,1952,3309,42,liboqs,gateway
Dilithium3,verify,40558,0.040558,7.48,0.0,256,1952,3309,43,liboqs,gateway
Dilithium3,verify,39178,0.039178,7.48,0.0,256,1952,3309,44,liboqs,gateway
Dilithium3,verify,38469,0.038469,7.48,0.0,256,1952,3309,45,liboqs,gateway
Dilithium3,verify,38929,0.038929,7.48,0.0,256,1952,3309,46,liboqs,gateway
Dilithium3,verify,39987,0.039987,7.48,0.0,256,1952,3309,47,liboqs,gateway
Dilithium3,verify,39111,0.039111,7.48,0.0,256,1952,3309,48,liboqs,gateway
Dilithium3,verify,38567,0.038567,7.48,0.0,256,1952,3309,49,liboqs,gateway
Dilithium3,verify,38572,0.038572,7.48,0.0,256,1952,3309,50,liboqs,gateway
Dilithium3,verify,38903,0.038903,7.48,0.0,256,1952,3309,51,liboqs,gateway
Dilithium3,verify,38635,0.038635,7.48,0.0,256,1952,3309,52,liboqs,gateway
Dilithium3,verify,39612,0.039612,7.48,0.0,256,1952,3309,53,liboqs,gateway
Dilithium3,verify,38346,0.038346,7.48,0.0,256,1952,3309,54,liboqs,gateway
Dilithium3,verify,38405,0.038405,7.48,0.0,256,1952,3309,55,liboqs,gateway
Dilithium3,verify,41382,0.041382,7.48,0.0,256,1952,3309,56,liboqs,gateway
Dilithium3,verify,38482,0.038482,7.48,0.0,256,1952,3309,57,liboqs,gateway
Dilithium3,verify,38592,0.038592,7.48,0.0,256,1952,3309,58,liboqs,gateway
Dilithium3,verify,41827,0.041827,7.48,0.0,256,1952,3309,59,liboqs,gateway
Dilithium3,verify,42894,0.042894,7.48,0.0,256,1952,3309,60,liboqs,gateway
Dilithium3,verify,43842,0.043842,7.48,0.0,256,1952,3309,61,liboqs,gateway
Dilithium3,verify,42961,0.042961,7.48,0.0,256,1952,3309,62,liboqs,gateway
Dilithium3,verify,42864,0.042864,7.48,0.0,256,1952,3309,63,liboqs,gateway
Dilithium3,verify,40497,0.040497,7.48,0.0,256,1952,3309,64,liboqs,gateway
Dilithium3,verify,39133,0.039133,7.48,0.0,256,1952,3309,65,liboqs,gateway
Dilithium3,verify,38451,0.038451,7.48,0.0,256,1952,3309,66,liboqs,gateway
Dilithium3,verify,38603,0.038603,7.48,0.0,256,1952,3309,67,liboqs,gateway
Dilithium3,verify,38501,0.038501,7.48,0.0,256,1952,3309,68,liboqs,gateway
Dilithium3,verify,38317,0.038317,7.48,0.0,256,1952,3309,69,liboqs,gateway
Dilithium3,verify,39404,0.039404,7.48,0.0,256,1952,3309,70,liboqs,gateway
Dilithium3,verify,37981,0.037981,7.48,0.0,256,1952,3309,71,liboqs,gateway
Dilithium3,verify,38135,0.038135,7.48,0.0,256,1952,3309,72,liboqs,gateway
Dilithium3,verify,38232,0.038232,7.48,0.0,256,1952,3309,73,liboqs,gateway
Dilithium3,verify,39695,0.039695,7.48,0.0,256,1952,3309,74,liboqs,gateway
Dilithium3,verify,50755,0.050755,7.48,0.0,256,1952,3309,75,liboqs,gateway
Dilithium3,verify,43495,0.043495,7.48,0.0,256,1952,3309,76,liboqs,gateway
Dilithium3,verify,40741,0.040741,7.48,0.0,256,1952,3309,77,liboqs,gateway
Dilithium3,verify,39779,0.039779,7.48,0.0,256,1952,3309,78,liboqs,gateway
Dilithium3,verify,40594,0.040594,7.48,0.0,256,1952,3309,79,liboqs,gateway
Dilithium3,verify,38656,0.038656,7.48,0.0,256,1952,3309,80,liboqs,gateway
Dilithium3,verify,38349,0.038349,7.48,0.0,256,1952,3309,81,liboqs,gateway
Dilithium3,verify,38585,0.038585,7.48,0.0,256,1952,3309,82,liboqs,gateway
Dilithium3,verify,39426,0.039426,7.48,0.0,256,1952,3309,83,liboqs,gateway
Dilithium3,verify,38830,0.03883,7.48,0.0,256,1952,3309,84,liboqs,gateway
Dilithium3,verify,38403,0.038403,7.48,0.0,256,1952,3309,85,liboqs,gateway
Dilithium3,verify,39613,0.039613,7.48,0.0,256,1952,3309,86,liboqs,gateway
Dilithium3,verify,38386,0.038386,7.48,0.0,256,1952,3309,87,liboqs,gateway
Dilithium3,verify,39747,0.039747,7.48,0.0,256,1952,3309,88,liboqs,gateway
Dilithium3,verify,38009,0.038009,7.48,0.0,256,1952,3309,89,liboqs,gateway
Dilithium3,verify,48245,0.048245,7.48,0.0,256,1952,3309,90,liboqs,gateway
Dilithium3,verify,40510,0.04051,7.48,0.0,256,1952,3309,91,liboqs,gateway
Dilithium3,verify,73251,0.073251,9.94,0.0,256,1952,3309,92,liboqs,gateway
Dilithium3,verify,51617,0.051617,9.63,0.0,256,1952,3309,93,liboqs,gateway
Dilithium3,verify,40495,0.040495,7.42,0.0,256,1952,3309,94,liboqs,gateway
Dilithium3,verify,39770,0.03977,7.42,0.0,256,1952,3309,95,liboqs,gateway
Dilithium3,verify,40379,0.040379,7.48,0.0,256,1952,3309,96,liboqs,gateway
Dilithium3,verify,39072,0.039072,7.48,0.0,256,1952,3309,97,liboqs,gateway
Dilithium3,verify,39022,0.039022,7.48,0.0,256,1952,3309,98,liboqs,gateway
Dilithium3,verify,38982,0.038982,7.48,0.0,256,1952,3309,99,liboqs,gateway
Dilithium3,verify,38830,0.03883,7.48,0.0,256,1952,3309,100,liboqs,gateway
Dilithium3,verify,39656,0.039656,7.48,0.0,256,1952,3309,101,liboqs,gateway
Dilithium3,verify,38644,0.038644,7.48,0.0,256,1952,3309,102,liboqs,gateway
Dilithium3,verify,40170,0.04017,7.48,0.0,256,1952,3309,103,liboqs,gateway
Dilithium3,verify,40072,0.040072,7.48,0.0,256,1952,3309,104,liboqs,gateway
Dilithium3,verify,38251,0.038251,7.48,0.0,256,1952,3309,105,liboqs,gateway
Dilithium3,verify,37971,0.037971,7.48,0.0,256,1952,3309,106,liboqs,gateway
Dilithium3,verify,38131,0.038131,7.48,0.0,256,1952,3309,107,liboqs,gateway
Dilithium3,verify,38410,0.03841,7.48,0.0,256,1952,3309,108,liboqs,gateway
Dilithium3,verify,39784,0.039784,7.48,0.0,256,1952,3309,109,liboqs,gateway
Dilithium3,verify,38371,0.038371,7.48,0.0,256,1952,3309,110,liboqs,gateway
Dilithium3,verify,38496,0.038496,7.48,0.0,256,1952,3309,111,liboqs,gateway
Dilithium3,verify,38714,0.038714,7.48,0.0,256,1952,3309,112,liboqs,gateway
Dilithium3,verify,55497,0.055497,7.48,0.0,256,1952,3309,113,liboqs,gateway
Dilithium3,verify,41892,0.041892,7.48,0.0,256,1952,3309,114,liboqs,gateway
Dilithium3,verify,39727,0.039727,7.48,0.0,256,1952,3309,115,liboqs,gateway
Dilithium3,verify,38846,0.038846,7.48,0.0,256,1952,3309,116,liboqs,gateway
Dilithium3,verify,38558,0.038558,7.48,0.0,256,1952,3309,117,liboqs,gateway
Dilithium3,verify,38499,0.038499,7.48,0.0,256,1952,3309,118,liboqs,gateway
Dilithium3,verify,39765,0.039765,7.48,0.0,256,1952,3309,119,liboqs,gateway
Dilithium3,verify,39080,0.03908,7.48,0.0,256,1952,3309,120,liboqs,gateway
Dilithium3,verify,47252,0.047252,7.48,0.0,256,1952,3309,121,liboqs,gateway
Dilithium3,verify,44967,0.044967,7.48,0.0,256,1952,3309,122,liboqs,gateway
Dilithium3,verify,39846,0.039846,7.48,0.0,256,1952,3309,123,liboqs,gateway
Dilithium3,verify,40221,0.040221,7.48,0.0,256,1952,3309,124,liboqs,gateway
Dilithium3,verify,38695,0.038695,7.48,0.0,256,1952,3309,125,liboqs,gateway
Dilithium3,verify,38850,0.03885,7.48,0.0,256,1952,3309,126,liboqs,gateway
Dilithium3,verify,39514,0.039514,7.48,0.0,256,1952,3309,127,liboqs,gateway
Dilithium3,verify,38499,0.038499,7.48,0.0,256,1952,3309,128,liboqs,gateway
Dilithium3,verify,38143,0.038143,7.48,0.0,256,1952,3309,129,liboqs,gateway
Dilithium3,verify,37764,0.037764,7.48,0.0,256,1952,3309,130,liboqs,gateway
Dilithium3,verify,39081,0.039081,7.48,0.0,256,1952,3309,131,liboqs,gateway
Dilithium3,verify,38102,0.038102,7.48,0.0,256,1952,3309,132,liboqs,gateway
Dilithium3,verify,38328,0.038328,7.48,0.0,256,1952,3309,133,liboqs,gateway
Dilithium3,verify,38044,0.038044,7.48,0.0,256,1952,3309,134,liboqs,gateway
Dilithium3,verify,37884,0.037884,7.48,0.0,256,1952,3309,135,liboqs,gateway
Dilithium3,verify,39524,0.039524,7.48,0.0,256,1952,3309,136,liboqs,gateway
Dilithium3,verify,38189,0.038189,7.48,0.0,256,1952,3309,137,liboqs,gateway
Dilithium3,verify,37678,0.037678,7.48,0.0,256,1952,3309,138,liboqs,gateway
Dilithium3,verify,37948,0.037948,7.48,0.0,256,1952,3309,139,liboqs,gateway
Dilithium3,verify,39261,0.039261,7.48,0.0,256,1952,3309,140,liboqs,gateway
Dilithium3,verify,37769,0.037769,7.48,0.0,256,1952,3309,141,liboqs,gateway
Dilithium3,verify,37793,0.037793,7.48,0.0,256,1952,3309,142,liboqs,gateway
Dilithium3,verify,37799,0.037799,7.48,0.0,256,1952,3309,143,liboqs,gateway
Dilithium3,verify,38054,0.038054,7.48,0.0,256,1952,3309,144,liboqs,gateway
Dilithium3,verify,39067,0.039067,7.48,0.0,256,1952,3309,145,liboqs,gateway
Dilithium3,verify,38055,0.038055,7.48,0.0,256,1952,3309,146,liboqs,gateway
Dilithium3,verify,37824,0.037824,7.48,0.0,256,1952,3309,147,liboqs,gateway
Dilithium3,verify,38106,0.038106,7.48,0.0,256,1952,3309,148,liboqs,gateway
Dilithium3,verify,39061,0.039061,7.48,0.0,256,1952,3309,149,liboqs,gateway
Dilithium3,verify,37725,0.037725,7.48,0.0,256,1952,3309,150,liboqs,gateway
Dilithium3,verify,37807,0.037807,7.48,0.0,256,1952,3309,151,liboqs,gateway
Dilithium3,verify,41688,0.041688,7.48,0.0,256,1952,3309,152,liboqs,gateway
Dilithium3,verify,38745,0.038745,7.48,0.0,256,1952,3309,153,liboqs,gateway
Dilithium3,verify,39061,0.039061,7.48,0.0,256,1952,3309,154,liboqs,gateway
Dilithium3,verify,38390,0.03839,7.48,0.0,256,1952,3309,155,liboqs,gateway
Dilithium3,verify,39481,0.039481,7.48,0.0,256,1952,3309,156,liboqs,gateway
Dilithium3,verify,38835,0.038835,7.48,0.0,256,1952,3309,157,liboqs,gateway
Dilithium3,verify,40188,0.040188,7.48,0.0,256,1952,3309,158,liboqs,gateway
Dilithium3,verify,38747,0.038747,7.48,0.0,256,1952,3309,159,liboqs,gateway
Dilithium3,verify,39024,0.039024,7.48,0.0,256,1952,3309,160,liboqs,gateway
Dilithium3,verify,38342,0.038342,7.48,0.0,256,1952,3309,161,liboqs,gateway
Dilithium3,verify,38486,0.038486,7.48,0.0,256,1952,3309,162,liboqs,gateway
Dilithium3,verify,40022,0.040022,7.48,0.0,256,1952,3309,163,liboqs,gateway
Dilithium3,verify,47285,0.047285,7.48,0.0,256,1952,3309,164,liboqs,gateway
Dilithium3,verify,44256,0.044256,7.48,0.0,256,1952,3309,165,liboqs,gateway
Dilithium3,verify,40226,0.040226,7.48,0.0,256,1952,3309,166,liboqs,gateway
Dilithium3,verify,41278,0.041278,7.48,0.0,256,1952,3309,167,liboqs,gateway
Dilithium3,verify,39195,0.039195,7.48,0.0,256,1952,3309,168,liboqs,gateway
Dilithium3,verify,39311,0.039311,7.48,0.0,256,1952,3309,169,liboqs,gateway
Dilithium3,verify,40538,0.040538,7.48,0.0,256,1952,3309,170,liboqs,gateway
Dilithium3,verify,38835,0.038835,7.48,0.0,256,1952,3309,171,liboqs,gateway
Dilithium3,verify,38747,0.038747,7.48,0.0,256,1952,3309,172,liboqs,gateway
Dilithium3,verify,39766,0.039766,7.48,0.0,256,1952,3309,173,liboqs,gateway
Dilithium3,verify,38574,0.038574,7.48,0.0,256,1952,3309,174,liboqs,gateway
Dilithium3,verify,40447,0.040447,7.48,0.0,256,1952,3309,175,liboqs,gateway
Dilithium3,verify,38672,0.038672,7.48,0.0,256,1952,3309,176,liboqs,gateway
Dilithium3,verify,38498,0.038498,7.48,0.0,256,1952,3309,177,liboqs,gateway
Dilithium3,verify,38467,0.038467,7.48,0.0,256,1952,3309,178,liboqs,gateway
Dilithium3,verify,39557,0.039557,7.48,0.0,256,1952,3309,179,liboqs,gateway
Dilithium3,verify,38345,0.038345,7.48,0.0,256,1952,3309,180,liboqs,gateway
Dilithium3,verify,38449,0.038449,7.48,0.0,256,1952,3309,181,liboqs,gateway
Dilithium3,verify,38501,0.038501,7.48,0.0,256,1952,3309,182,liboqs,gateway
Dilithium3,verify,38393,0.038393,7.48,0.0,256,1952,3309,183,liboqs,gateway
Dilithium3,verify,38596,0.038596,7.48,0.0,256,1952,3309,184,liboqs,gateway
Dilithium3,verify,43480,0.04348,7.48,0.0,256,1952,3309,185,liboqs,gateway
Dilithium3,verify,40888,0.040888,7.48,0.0,256,1952,3309,186,liboqs,gateway
Dilithium3,verify,39012,0.039012,7.48,0.0,256,1952,3309,187,liboqs,gateway
Dilithium3,verify,41508,0.041508,7.48,0.0,256,1952,3309,188,liboqs,gateway
Dilithium3,verify,38601,0.038601,7.48,0.0,256,1952,3309,189,liboqs,gateway
Dilithium3,verify,38940,0.03894,7.48,0.0,256,1952,3309,190,liboqs,gateway
Dilithium3,verify,38723,0.038723,7.48,0.0,256,1952,3309,191,liboqs,gateway
Dilithium3,verify,38862,0.038862,7.48,0.0,256,1952,3309,192,liboqs,gateway
Dilithium3,verify,39681,0.039681,7.48,0.0,256,1952,3309,193,liboqs,gateway
Dilithium3,verify,38438,0.038438,7.48,0.0,256,1952,3309,194,liboqs,gateway
Dilithium3,verify,38288,0.038288,7.48,0.0,256,1952,3309,195,liboqs,gateway
Dilithium3,verify,38332,0.038332,7.48,0.0,256,1952,3309,196,liboqs,gateway
Dilithium3,verify,40249,0.040249,7.48,0.0,256,1952,3309,197,liboqs,gateway
Dilithium3,verify,38209,0.038209,7.48,0.0,256,1952,3309,198,liboqs,gateway
Dilithium3,verify,38431,0.038431,7.48,0.0,256,1952,3309,199,liboqs,gateway
Dilithium3,verify,38723,0.038723,7.48,0.0,256,1952,3309,200,liboqs,gateway
Dilithium3,verify,38089,0.038089,7.48,0.0,256,1952,3309,201,liboqs,gateway
Dilithium3,verify,39240,0.03924,7.48,0.0,256,1952,3309,202,liboqs,gateway
Dilithium3,verify,38119,0.038119,7.48,0.0,256,1952,3309,203,liboqs,gateway
Dilithium3,verify,38233,0.038233,7.48,0.0,256,1952,3309,204,liboqs,gateway
Dilithium3,verify,38228,0.038228,7.48,0.0,256,1952,3309,205,liboqs,gateway
Dilithium3,verify,48220,0.04822,7.48,0.0,256,1952,3309,206,liboqs,gateway
Dilithium3,verify,45139,0.045139,7.48,0.0,256,1952,3309,207,liboqs,gateway
Dilithium3,verify,40378,0.040378,7.48,0.0,256,1952,3309,208,liboqs,gateway
Dilithium3,verify,38777,0.038777,7.48,0.0,256,1952,3309,209,liboqs,gateway
Dilithium3,verify,38713,0.038713,7.48,0.0,256,1952,3309,210,liboqs,gateway
Dilithium3,verify,39993,0.039993,7.48,0.0,256,1952,3309,211,liboqs,gateway
Dilithium3,verify,38810,0.03881,7.48,0.0,256,1952,3309,212,liboqs,gateway
Dilithium3,verify,40407,0.040407,7.48,0.0,256,1952,3309,213,liboqs,gateway
Dilithium3,verify,41790,0.04179,7.48,0.0,256,1952,3309,214,liboqs,gateway
Dilithium3,verify,43769,0.043769,7.48,0.0,256,1952,3309,215,liboqs,gateway
Dilithium3,verify,42528,0.042528,7.48,0.0,256,1952,3309,216,liboqs,gateway
Dilithium3,verify,39585,0.039585,7.48,0.0,256,1952,3309,217,liboqs,gateway
Dilithium3,verify,39299,0.039299,7.48,0.0,256,1952,3309,218,liboqs,gateway
Dilithium3,verify,38277,0.038277,7.48,0.0,256,1952,3309,219,liboqs,gateway
Dilithium3,verify,37903,0.037903,7.48,0.0,256,1952,3309,220,liboqs,gateway
Dilithium3,verify,37924,0.037924,7.48,0.0,256,1952,3309,221,liboqs,gateway
Dilithium3,verify,37875,0.037875,7.48,0.0,256,1952,3309,222,liboqs,gateway
Dilithium3,verify,37864,0.037864,7.48,0.0,256,1952,3309,223,liboqs,gateway
Dilithium3,verify,39299,0.039299,7.48,0.0,256,1952,3309,224,liboqs,gateway
Dilithium3,verify,38099,0.038099,7.48,0.0,256,1952,3309,225,liboqs,gateway
Dilithium3,verify,37790,0.03779,7.48,0.0,256,1952,3309,226,liboqs,gateway
Dilithium3,verify,37521,0.037521,7.48,0.0,256,1952,3309,227,liboqs,gateway
Dilithium3,verify,37872,0.037872,7.48,0.0,256,1952,3309,228,liboqs,gateway
Dilithium3,verify,39182,0.039182,7.48,0.0,256,1952,3309,229,liboqs,gateway
Dilithium3,verify,38265,0.038265,7.48,0.0,256,1952,3309,230,liboqs,gateway
Dilithium3,verify,38805,0.038805,7.48,0.0,256,1952,3309,231,liboqs,gateway
Dilithium3,verify,38170,0.03817,7.48,0.0,256,1952,3309,232,liboqs,gateway
Dilithium3,verify,39097,0.039097,7.48,0.0,256,1952,3309,233,liboqs,gateway
Dilithium3,verify,38149,0.038149,7.48,0.0,256,1952,3309,234,liboqs,gateway
Dilithium3,verify,38125,0.038125,7.48,0.0,256,1952,3309,235,liboqs,gateway
Dilithium3,verify,39078,0.039078,7.48,0.0,256,1952,3309,236,liboqs,gateway
Dilithium3,verify,37918,0.037918,7.48,0.0,256,1952,3309,237,liboqs,gateway
Dilithium3,verify,37763,0.037763,7.48,0.0,256,1952,3309,238,liboqs,gateway
Dilithium3,verify,37918,0.037918,7.48,0.0,256,1952,3309,239,liboqs,gateway
Dilithium3,verify,38410,0.03841,7.48,0.0,256,1952,3309,240,liboqs,gateway
Dilithium3,verify,39044,0.039044,7.48,0.0,256,1952,3309,241,liboqs,gateway
Dilithium3,verify,38257,0.038257,7.48,0.0,256,1952,3309,242,liboqs,gateway
Dilithium3,verify,37782,0.037782,7.48,0.0,256,1952,3309,243,liboqs,gateway
Dilithium3,verify,37931,0.037931,7.48,0.0,256,1952,3309,244,liboqs,gateway
Dilithium3,verify,38677,0.038677,7.48,0.0,256,1952,3309,245,liboqs,gateway
Dilithium3,verify,38000,0.038,7.48,0.0,256,1952,3309,246,liboqs,gateway
Dilithium3,verify,37821,0.037821,7.48,0.0,256,1952,3309,247,liboqs,gateway
Dilithium3,verify,38402,0.038402,7.48,0.0,256,1952,3309,248,liboqs,gateway
Dilithium3,verify,47665,0.047665,7.48,0.0,256,1952,3309,249,liboqs,gateway
Dilithium3,verify,45049,0.045049,7.48,0.0,256,1952,3309,250,liboqs,gateway
Dilithium3,verify,42297,0.042297,7.48,0.0,256,1952,3309,251,liboqs,gateway
Dilithium3,verify,41031,0.041031,7.48,0.0,256,1952,3309,252,liboqs,gateway
Dilithium3,verify,39304,0.039304,7.48,0.0,256,1952,3309,253,liboqs,gateway
Dilithium3,verify,39536,0.039536,7.48,0.0,256,1952,3309,254,liboqs,gateway
Dilithium3,verify,38703,0.038703,7.48,0.0,256,1952,3309,255,liboqs,gateway
Dilithium3,verify,38526,0.038526,7.48,0.0,256,1952,3309,256,liboqs,gateway
Dilithium3,verify,38770,0.03877,7.48,0.0,256,1952,3309,257,liboqs,gateway
Dilithium3,verify,38494,0.038494,7.48,0.0,256,1952,3309,258,liboqs,gateway
Dilithium3,verify,40330,0.04033,7.48,0.0,256,1952,3309,259,liboqs,gateway
Dilithium3,verify,119007,0.119007,7.48,0.0,256,1952,3309,260,liboqs,gateway
Dilithium3,verify,94025,0.094025,7.48,0.0,256,1952,3309,261,liboqs,gateway
Dilithium3,verify,53451,0.053451,7.48,0.0,256,1952,3309,262,liboqs,gateway
Dilithium3,verify,46748,0.046748,7.48,0.0,256,1952,3309,263,liboqs,gateway
Dilithium3,verify,41504,0.041504,7.48,0.0,256,1952,3309,264,liboqs,gateway
Dilithium3,verify,40586,0.040586,7.48,0.0,256,1952,3309,265,liboqs,gateway
Dilithium3,verify,39924,0.039924,7.48,0.0,256,1952,3309,266,liboqs,gateway
Dilithium3,verify,39651,0.039651,7.48,0.0,256,1952,3309,267,liboqs,gateway
Dilithium3,verify,40423,0.040423,7.48,0.0,256,1952,3309,268,liboqs,gateway
Dilithium3,verify,39208,0.039208,7.48,0.0,256,1952,3309,269,liboqs,gateway
Dilithium3,verify,38616,0.038616,7.48,0.0,256,1952,3309,270,liboqs,gateway
Dilithium3,verify,39017,0.039017,7.48,0.0,256,1952,3309,271,liboqs,gateway
Dilithium3,verify,40846,0.040846,7.48,0.0,256,1952,3309,272,liboqs,gateway
Dilithium3,verify,41481,0.041481,7.48,0.0,256,1952,3309,273,liboqs,gateway
Dilithium3,verify,39656,0.039656,7.48,0.0,256,1952,3309,274,liboqs,gateway
Dilithium3,verify,39278,0.039278,7.48,0.0,256,1952,3309,275,liboqs,gateway
Dilithium3,verify,52157,0.052157,7.48,0.0,256,1952,3309,276,liboqs,gateway
Dilithium3,verify,44880,0.04488,7.48,0.0,256,1952,3309,277,liboqs,gateway
Dilithium3,verify,54231,0.054231,7.48,0.0,256,1952,3309,278,liboqs,gateway
Dilithium3,verify,51454,0.051454,7.48,0.0,256,1952,3309,279,liboqs,gateway
Dilithium3,verify,41140,0.04114,7.48,0.0,256,1952,3309,280,liboqs,gateway
Dilithium3,verify,39832,0.039832,7.48,0.0,256,1952,3309,281,liboqs,gateway
Dilithium3,verify,41086,0.041086,7.48,0.0,256,1952,3309,282,liboqs,gateway
Dilithium3,verify,40181,0.040181,7.48,0.0,256,1952,3309,283,liboqs,gateway
Dilithium3,verify,39710,0.03971,7.48,0.0,256,1952,3309,284,liboqs,gateway
Dilithium3,verify,39376,0.039376,7.48,0.0,256,1952,3309,285,liboqs,gateway
Dilithium3,verify,38835,0.038835,7.48,0.0,256,1952,3309,286,liboqs,gateway
Dilithium3,verify,38853,0.038853,7.48,0.0,256,1952,3309,287,liboqs,gateway
Dilithium3,verify,39133,0.039133,7.48,0.0,256,1952,3309,288,liboqs,gateway
Dilithium3,verify,38786,0.038786,7.48,0.0,256,1952,3309,289,liboqs,gateway
Dilithium3,verify,38707,0.038707,7.48,0.0,256,1952,3309,290,liboqs,gateway
Dilithium3,verify,38796,0.038796,7.48,0.0,256,1952,3309,291,liboqs,gateway
Dilithium3,verify,41992,0.041992,7.48,0.0,256,1952,3309,292,liboqs,gateway
Dilithium3,verify,38623,0.038623,7.48,0.0,256,1952,3309,293,liboqs,gateway
Dilithium3,verify,38952,0.038952,7.48,0.0,256,1952,3309,294,liboqs,gateway
Dilithium3,verify,38873,0.038873,7.48,0.0,256,1952,3309,295,liboqs,gateway
Dilithium3,verify,38383,0.038383,7.48,0.0,256,1952,3309,296,liboqs,gateway
Dilithium3,verify,44788,0.044788,7.48,0.0,256,1952,3309,297,liboqs,gateway
Dilithium3,verify,39383,0.039383,7.48,0.0,256,1952,3309,298,liboqs,gateway
Dilithium3,verify,39050,0.03905,7.48,0.0,256,1952,3309,299,liboqs,gateway
Dilithium3,verify,41309,0.041309,7.48,0.0,256,1952,3309,300,liboqs,gateway
Dilithium3,verify,62305,0.062305,7.48,0.0,256,1952,3309,301,liboqs,gateway
Dilithium3,verify,49148,0.049148,7.48,0.0,256,1952,3309,302,liboqs,gateway
Dilithium3,verify,44181,0.044181,7.48,0.0,256,1952,3309,303,liboqs,gateway
Dilithium3,verify,41603,0.041603,7.48,0.0,256,1952,3309,304,liboqs,gateway
Dilithium3,verify,39232,0.039232,7.48,0.0,256,1952,3309,305,liboqs,gateway
Dilithium3,verify,39497,0.039497,7.48,0.0,256,1952,3309,306,liboqs,gateway
Dilithium3,verify,38919,0.038919,7.48,0.0,256,1952,3309,307,liboqs,gateway
Dilithium3,verify,39707,0.039707,7.48,0.0,256,1952,3309,308,liboqs,gateway
Dilithium3,verify,40378,0.040378,7.48,0.0,256,1952,3309,309,liboqs,gateway
Dilithium3,verify,38811,0.038811,7.48,0.0,256,1952,3309,310,liboqs,gateway
Dilithium3,verify,38346,0.038346,7.48,0.0,256,1952,3309,311,liboqs,gateway
Dilithium3,verify,38495,0.038495,7.48,0.0,256,1952,3309,312,liboqs,gateway
Dilithium3,verify,39882,0.039882,7.48,0.0,256,1952,3309,313,liboqs,gateway
Dilithium3,verify,38568,0.038568,7.48,0.0,256,1952,3309,314,liboqs,gateway
Dilithium3,verify,40297,0.040297,7.48,0.0,256,1952,3309,315,liboqs,gateway
Dilithium3,verify,38843,0.038843,7.48,0.0,256,1952,3309,316,liboqs,gateway
Dilithium3,verify,38774,0.038774,7.48,0.0,256,1952,3309,317,liboqs,gateway
Dilithium3,verify,39058,0.039058,7.48,0.0,256,1952,3309,318,liboqs,gateway
Dilithium3,verify,39985,0.039985,7.48,0.0,256,1952,3309,319,liboqs,gateway
Dilithium3,verify,38367,0.038367,7.48,0.0,256,1952,3309,320,liboqs,gateway
Dilithium3,verify,38964,0.038964,7.48,0.0,256,1952,3309,321,liboqs,gateway
Dilithium3,verify,39755,0.039755,7.48,0.0,256,1952,3309,322,liboqs,gateway
Dilithium3,verify,38458,0.038458,7.48,0.0,256,1952,3309,323,liboqs,gateway
Dilithium3,verify,39826,0.039826,7.48,0.0,256,1952,3309,324,liboqs,gateway
Dilithium3,verify,38382,0.038382,7.48,0.0,256,1952,3309,325,liboqs,gateway
Dilithium3,verify,38409,0.038409,7.48,0.0,256,1952,3309,326,liboqs,gateway
Dilithium3,verify,39899,0.039899,7.48,0.0,256,1952,3309,327,liboqs,gateway
Dilithium3,verify,38723,0.038723,7.48,0.0,256,1952,3309,328,liboqs,gateway
Dilithium3,verify,38233,0.038233,7.48,0.0,256,1952,3309,329,liboqs,gateway
Dilithium3,verify,38584,0.038584,7.48,0.0,256,1952,3309,330,liboqs,gateway
Dilithium3,verify,39376,0.039376,7.48,0.0,256,1952,3309,331,liboqs,gateway
Dilithium3,verify,38287,0.038287,7.48,0.0,256,1952,3309,332,liboqs,gateway
Dilithium3,verify,38472,0.038472,7.48,0.0,256,1952,3309,333,liboqs,gateway
Dilithium3,verify,38110,0.03811,7.48,0.0,256,1952,3309,334,liboqs,gateway
Dilithium3,verify,38312,0.038312,7.48,0.0,256,1952,3309,335,liboqs,gateway
Dilithium3,verify,39695,0.039695,7.48,0.0,256,1952,3309,336,liboqs,gateway
Dilithium3,verify,55419,0.055419,7.48,0.0,256,1952,3309,337,liboqs,gateway
Dilithium3,verify,43638,0.043638,7.48,0.0,256,1952,3309,338,liboqs,gateway
Dilithium3,verify,39627,0.039627,7.48,0.0,256,1952,3309,339,liboqs,gateway
Dilithium3,verify,41155,0.041155,7.48,0.0,256,1952,3309,340,liboqs,gateway
Dilithium3,verify,38703,0.038703,7.48,0.0,256,1952,3309,341,liboqs,gateway
Dilithium3,verify,38591,0.038591,7.48,0.0,256,1952,3309,342,liboqs,gateway
Dilithium3,verify,39618,0.039618,7.48,0.0,256,1952,3309,343,liboqs,gateway
Dilithium3,verify,38442,0.038442,7.48,0.0,256,1952,3309,344,liboqs,gateway
Dilithium3,verify,39970,0.03997,7.48,0.0,256,1952,3309,345,liboqs,gateway
Dilithium3,verify,39128,0.039128,7.48,0.0,256,1952,3309,346,liboqs,gateway
Dilithium3,verify,37870,0.03787,7.48,0.0,256,1952,3309,347,liboqs,gateway
Dilithium3,verify,38562,0.038562,7.48,0.0,256,1952,3309,348,liboqs,gateway
Dilithium3,verify,39939,0.039939,7.48,0.0,256,1952,3309,349,liboqs,gateway
Dilithium3,verify,37944,0.037944,7.48,0.0,256,1952,3309,350,liboqs,gateway
Dilithium3,verify,38668,0.038668,7.48,0.0,256,1952,3309,351,liboqs,gateway
Dilithium3,verify,40086,0.040086,7.48,0.0,256,1952,3309,352,liboqs,gateway
Dilithium3,verify,38416,0.038416,7.48,0.0,256,1952,3309,353,liboqs,gateway
Dilithium3,verify,38248,0.038248,7.48,0.0,256,1952,3309,354,liboqs,gateway
Dilithium3,verify,38213,0.038213,7.48,0.0,256,1952,3309,355,liboqs,gateway
Dilithium3,verify,38200,0.0382,7.48,0.0,256,1952,3309,356,liboqs,gateway
Dilithium3,verify,38394,0.038394,7.48,0.0,256,1952,3309,357,liboqs,gateway
Dilithium3,verify,39364,0.039364,7.48,0.0,256,1952,3309,358,liboqs,gateway
Dilithium3,verify,37970,0.03797,7.48,0.0,256,1952,3309,359,liboqs,gateway
Dilithium3,verify,37932,0.037932,7.48,0.0,256,1952,3309,360,liboqs,gateway
Dilithium3,verify,49897,0.049897,7.48,0.0,256,1952,3309,361,liboqs,gateway
Dilithium3,verify,43952,0.043952,7.48,0.0,256,1952,3309,362,liboqs,gateway
Dilithium3,verify,39692,0.039692,7.48,0.0,256,1952,3309,363,liboqs,gateway
Dilithium3,verify,38556,0.038556,7.48,0.0,256,1952,3309,364,liboqs,gateway
Dilithium3,verify,38565,0.038565,7.48,0.0,256,1952,3309,365,liboqs,gateway
Dilithium3,verify,38601,0.038601,7.48,0.0,256,1952,3309,366,liboqs,gateway
Dilithium3,verify,40558,0.040558,7.48,0.0,256,1952,3309,367,liboqs,gateway
Dilithium3,verify,38500,0.0385,7.48,0.0,256,1952,3309,368,liboqs,gateway
Dilithium3,verify,38497,0.038497,7.48,0.0,256,1952,3309,369,liboqs,gateway
Dilithium3,verify,39737,0.039737,7.48,0.0,256,1952,3309,370,liboqs,gateway
Dilithium3,verify,38187,0.038187,7.48,0.0,256,1952,3309,371,liboqs,gateway
Dilithium3,verify,38243,0.038243,7.48,0.0,256,1952,3309,372,liboqs,gateway
Dilithium3,verify,45715,0.045715,7.48,0.0,256,1952,3309,373,liboqs,gateway
Dilithium3,verify,40793,0.040793,7.48,0.0,256,1952,3309,374,liboqs,gateway
Dilithium3,verify,40680,0.04068,7.48,0.0,256,1952,3309,375,liboqs,gateway
Dilithium3,verify,38608,0.038608,7.48,0.0,256,1952,3309,376,liboqs,gateway
Dilithium3,verify,37842,0.037842,7.48,0.0,256,1952,3309,377,liboqs,gateway
Dilithium3,verify,38266,0.038266,7.48,0.0,256,1952,3309,378,liboqs,gateway
Dilithium3,verify,40778,0.040778,7.48,0.0,256,1952,3309,379,liboqs,gateway
Dilithium3,verify,38069,0.038069,7.48,0.0,256,1952,3309,380,liboqs,gateway
Dilithium3,verify,38282,0.038282,7.48,0.0,256,1952,3309,381,liboqs,gateway
Dilithium3,verify,38357,0.038357,7.48,0.0,256,1952,3309,382,liboqs,gateway
Dilithium3,verify,38059,0.038059,7.48,0.0,256,1952,3309,383,liboqs,gateway
Dilithium3,verify,38732,0.038732,7.48,0.0,256,1952,3309,384,liboqs,gateway
Dilithium3,verify,50679,0.050679,7.48,0.0,256,1952,3309,385,liboqs,gateway
Dilithium3,verify,44358,0.044358,7.48,0.0,256,1952,3309,386,liboqs,gateway
Dilithium3,verify,40228,0.040228,7.48,0.0,256,1952,3309,387,liboqs,gateway
Dilithium3,verify,44490,0.04449,7.48,0.0,256,1952,3309,388,liboqs,gateway
Dilithium3,verify,38739,0.038739,7.48,0.0,256,1952,3309,389,liboqs,gateway
Dilithium3,verify,38674,0.038674,7.48,0.0,256,1952,3309,390,liboqs,gateway
Dilithium3,verify,38604,0.038604,7.48,0.0,256,1952,3309,391,liboqs,gateway
Dilithium3,verify,38300,0.0383,7.48,0.0,256,1952,3309,392,liboqs,gateway
Dilithium3,verify,39201,0.039201,7.48,0.0,256,1952,3309,393,liboqs,gateway
Dilithium3,verify,37911,0.037911,7.48,0.0,256,1952,3309,394,liboqs,gateway
Dilithium3,verify,38024,0.038024,7.48,0.0,256,1952,3309,395,liboqs,gateway
Dilithium3,verify,38004,0.038004,7.48,0.0,256,1952,3309,396,liboqs,gateway
Dilithium3,verify,39295,0.039295,7.48,0.0,256,1952,3309,397,liboqs,gateway
Dilithium3,verify,37941,0.037941,7.48,0.0,256,1952,3309,398,liboqs,gateway
Dilithium3,verify,38788,0.038788,7.48,0.0,256,1952,3309,399,liboqs,gateway
Dilithium3,verify,38428,0.038428,7.48,0.0,256,1952,3309,400,liboqs,gateway
Dilithium3,verify,38234,0.038234,7.48,0.0,256,1952,3309,401,liboqs,gateway
Dilithium3,verify,39523,0.039523,7.48,0.0,256,1952,3309,402,liboqs,gateway
Dilithium3,verify,38456,0.038456,7.48,0.0,256,1952,3309,403,liboqs,gateway
Dilithium3,verify,38307,0.038307,7.48,0.0,256,1952,3309,404,liboqs,gateway
Dilithium3,verify,38091,0.038091,7.48,0.0,256,1952,3309,405,liboqs,gateway
Dilithium3,verify,39368,0.039368,7.48,0.0,256,1952,3309,406,liboqs,gateway
Dilithium3,verify,38109,0.038109,7.48,0.0,256,1952,3309,407,liboqs,gateway
Dilithium3,verify,38180,0.03818,7.48,0.0,256,1952,3309,408,liboqs,gateway
Dilithium3,verify,53243,0.053243,7.48,0.0,256,1952,3309,409,liboqs,gateway
Dilithium3,verify,44695,0.044695,7.48,0.0,256,1952,3309,410,liboqs,gateway
Dilithium3,verify,41456,0.041456,7.48,0.0,256,1952,3309,411,liboqs,gateway
Dilithium3,verify,38864,0.038864,7.48,0.0,256,1952,3309,412,liboqs,gateway
Dilithium3,verify,38439,0.038439,7.48,0.0,256,1952,3309,413,liboqs,gateway
Dilithium3,verify,38377,0.038377,7.48,0.0,256,1952,3309,414,liboqs,gateway
Dilithium3,verify,39527,0.039527,7.48,0.0,256,1952,3309,415,liboqs,gateway
Dilithium3,verify,38197,0.038197,7.48,0.0,256,1952,3309,416,liboqs,gateway
Dilithium3,verify,38242,0.038242,7.48,0.0,256,1952,3309,417,liboqs,gateway
Dilithium3,verify,39253,0.039253,7.48,0.0,256,1952,3309,418,liboqs,gateway
Dilithium3,verify,38019,0.038019,7.48,0.0,256,1952,3309,419,liboqs,gateway
Dilithium3,verify,38152,0.038152,7.48,0.0,256,1952,3309,420,liboqs,gateway
Dilithium3,verify,37973,0.037973,7.48,0.0,256,1952,3309,421,liboqs,gateway
Dilithium3,verify,38305,0.038305,7.48,0.0,256,1952,3309,422,liboqs,gateway
Dilithium3,verify,38504,0.038504,7.48,0.0,256,1952,3309,423,liboqs,gateway
Dilithium3,verify,39277,0.039277,7.48,0.0,256,1952,3309,424,liboqs,gateway
Dilithium3,verify,37828,0.037828,7.48,0.0,256,1952,3309,425,liboqs,gateway
Dilithium3,verify,37885,0.037885,7.48,0.0,256,1952,3309,426,liboqs,gateway
Dilithium3,verify,37695,0.037695,7.48,0.0,256,1952,3309,427,liboqs,gateway
Dilithium3,verify,39050,0.03905,7.48,0.0,256,1952,3309,428,liboqs,gateway
Dilithium3,verify,39304,0.039304,7.48,0.0,256,1952,3309,429,liboqs,gateway
Dilithium3,verify,38094,0.038094,7.48,0.0,256,1952,3309,430,liboqs,gateway
Dilithium3,verify,38237,0.038237,7.48,0.0,256,1952,3309,431,liboqs,gateway
Dilithium3,verify,38272,0.038272,7.48,0.0,256,1952,3309,432,liboqs,gateway
Dilithium3,verify,40326,0.040326,7.48,0.0,256,1952,3309,433,liboqs,gateway
Dilithium3,verify,89347,0.089347,9.94,0.0,256,1952,3309,434,liboqs,gateway
Dilithium3,verify,56751,0.056751,10.76,0.0,256,1952,3309,435,liboqs,gateway
Dilithium3,verify,40785,0.040785,7.42,0.0,256,1952,3309,436,liboqs,gateway
Dilithium3,verify,39712,0.039712,7.42,0.0,256,1952,3309,437,liboqs,gateway
Dilithium3,verify,39548,0.039548,7.48,0.0,256,1952,3309,438,liboqs,gateway
Dilithium3,verify,47349,0.047349,7.48,0.0,256,1952,3309,439,liboqs,gateway
Dilithium3,verify,50959,0.050959,7.48,0.0,256,1952,3309,440,liboqs,gateway
Dilithium3,verify,42106,0.042106,7.48,0.0,256,1952,3309,441,liboqs,gateway
Dilithium3,verify,40828,0.040828,7.48,0.0,256,1952,3309,442,liboqs,gateway
Dilithium3,verify,40615,0.040615,7.48,0.0,256,1952,3309,443,liboqs,gateway
Dilithium3,verify,39617,0.039617,7.48,0.0,256,1952,3309,444,liboqs,gateway
Dilithium3,verify,39507,0.039507,7.48,0.0,256,1952,3309,445,liboqs,gateway
Dilithium3,verify,40132,0.040132,7.48,0.0,256,1952,3309,446,liboqs,gateway
Dilithium3,verify,39954,0.039954,7.48,0.0,256,1952,3309,447,liboqs,gateway
Dilithium3,verify,40313,0.040313,7.48,0.0,256,1952,3309,448,liboqs,gateway
Dilithium3,verify,43347,0.043347,7.48,0.0,256,1952,3309,449,liboqs,gateway
Dilithium3,verify,39106,0.039106,7.48,0.0,256,1952,3309,450,liboqs,gateway
Dilithium3,verify,39287,0.039287,7.48,0.0,256,1952,3309,451,liboqs,gateway
Dilithium3,verify,40325,0.040325,7.48,0.0,256,1952,3309,452,liboqs,gateway
Dilithium3,verify,40217,0.040217,7.48,0.0,256,1952,3309,453,liboqs,gateway
Dilithium3,verify,39415,0.039415,7.48,0.0,256,1952,3309,454,liboqs,gateway
Dilithium3,verify,60219,0.060219,7.48,0.0,256,1952,3309,455,liboqs,gateway
Dilithium3,verify,46482,0.046482,7.48,0.0,256,1952,3309,456,liboqs,gateway
Dilithium3,verify,40538,0.040538,7.48,0.0,256,1952,3309,457,liboqs,gateway
Dilithium3,verify,41029,0.041029,7.48,0.0,256,1952,3309,458,liboqs,gateway
Dilithium3,verify,39677,0.039677,7.48,0.0,256,1952,3309,459,liboqs,gateway
Dilithium3,verify,39445,0.039445,7.48,0.0,256,1952,3309,460,liboqs,gateway
Dilithium3,verify,38225,0.038225,7.48,0.0,256,1952,3309,461,liboqs,gateway
Dilithium3,verify,39303,0.039303,7.48,0.0,256,1952,3309,462,liboqs,gateway
Dilithium3,verify,40531,0.040531,7.48,0.0,256,1952,3309,463,liboqs,gateway
Dilithium3,verify,40446,0.040446,7.48,0.0,256,1952,3309,464,liboqs,gateway
Dilithium3,verify,42467,0.042467,7.48,0.0,256,1952,3309,465,liboqs,gateway
Dilithium3,verify,49193,0.049193,7.48,0.0,256,1952,3309,466,liboqs,gateway
Dilithium3,verify,42494,0.042494,7.48,0.0,256,1952,3309,467,liboqs,gateway
Dilithium3,verify,38902,0.038902,7.48,0.0,256,1952,3309,468,liboqs,gateway
Dilithium3,verify,38384,0.038384,7.48,0.0,256,1952,3309,469,liboqs,gateway
Dilithium3,verify,38427,0.038427,7.48,0.0,256,1952,3309,470,liboqs,gateway
Dilithium3,verify,38263,0.038263,7.48,0.0,256,1952,3309,471,liboqs,gateway
Dilithium3,verify,38294,0.038294,7.48,0.0,256,1952,3309,472,liboqs,gateway
Dilithium3,verify,39408,0.039408,7.48,0.0,256,1952,3309,473,liboqs,gateway
Dilithium3,verify,38490,0.03849,7.48,0.0,256,1952,3309,474,liboqs,gateway
Dilithium3,verify,38417,0.038417,7.48,0.0,256,1952,3309,475,liboqs,gateway
Dilithium3,verify,39507,0.039507,7.48,0.0,256,1952,3309,476,liboqs,gateway
Dilithium3,verify,51715,0.051715,7.48,0.0,256,1952,3309,477,liboqs,gateway
Dilithium3,verify,54618,0.054618,7.48,0.0,256,1952,3309,478,liboqs,gateway
Dilithium3,verify,46539,0.046539,7.48,0.0,256,1952,3309,479,liboqs,gateway
Dilithium3,verify,41299,0.041299,7.48,0.0,256,1952,3309,480,liboqs,gateway
Dilithium3,verify,42760,0.04276,7.48,0.0,256,1952,3309,481,liboqs,gateway
Dilithium3,verify,39234,0.039234,7.48,0.0,256,1952,3309,482,liboqs,gateway
Dilithium3,verify,39070,0.03907,7.48,0.0,256,1952,3309,483,liboqs,gateway
Dilithium3,verify,39389,0.039389,7.48,0.0,256,1952,3309,484,liboqs,gateway
Dilithium3,verify,56565,0.056565,7.48,0.0,256,1952,3309,485,liboqs,gateway
Dilithium3,verify,46986,0.046986,7.48,0.0,256,1952,3309,486,liboqs,gateway
Dilithium3,verify,40892,0.040892,7.48,0.0,256,1952,3309,487,liboqs,gateway
Dilithium3,verify,56174,0.056174,7.48,0.0,256,1952,3309,488,liboqs,gateway
Dilithium3,verify,44941,0.044941,7.48,0.0,256,1952,3309,489,liboqs,gateway
Dilithium3,verify,39843,0.039843,7.48,0.0,256,1952,3309,490,liboqs,gateway
Dilithium3,verify,38952,0.038952,7.48,0.0,256,1952,3309,491,liboqs,gateway
Dilithium3,verify,38591,0.038591,7.48,0.0,256,1952,3309,492,liboqs,gateway
Dilithium3,verify,38974,0.038974,7.48,0.0,256,1952,3309,493,liboqs,gateway
Dilithium3,verify,41734,0.041734,7.48,0.0,256,1952,3309,494,liboqs,gateway
Dilithium3,verify,39017,0.039017,7.48,0.0,256,1952,3309,495,liboqs,gateway
Dilithium3,verify,39128,0.039128,7.48,0.0,256,1952,3309,496,liboqs,gateway
Dilithium3,verify,38652,0.038652,7.48,0.0,256,1952,3309,497,liboqs,gateway
Dilithium3,verify,38242,0.038242,7.48,0.0,256,1952,3309,498,liboqs,gateway
Dilithium3,verify,39509,0.039509,7.48,0.0,256,1952,3309,499,liboqs,gateway
Dilithium3,verify,38640,0.03864,7.48,0.0,256,1952,3309,500,liboqs,gateway
Dilithium3,verify,49204,0.049204,7.48,0.0,256,1952,3309,501,liboqs,gateway
Dilithium3,verify,42039,0.042039,7.48,0.0,256,1952,3309,502,liboqs,gateway
Dilithium3,verify,41284,0.041284,7.48,0.0,256,1952,3309,503,liboqs,gateway
Dilithium3,verify,39205,0.039205,7.48,0.0,256,1952,3309,504,liboqs,gateway
Dilithium3,verify,38781,0.038781,7.48,0.0,256,1952,3309,505,liboqs,gateway
Dilithium3,verify,39484,0.039484,7.48,0.0,256,1952,3309,506,liboqs,gateway
Dilithium3,verify,40335,0.040335,7.48,0.0,256,1952,3309,507,liboqs,gateway
Dilithium3,verify,38462,0.038462,7.48,0.0,256,1952,3309,508,liboqs,gateway
Dilithium3,verify,38601,0.038601,7.48,0.0,256,1952,3309,509,liboqs,gateway
Dilithium3,verify,38311,0.038311,7.48,0.0,256,1952,3309,510,liboqs,gateway
Dilithium3,verify,39814,0.039814,7.48,0.0,256,1952,3309,511,liboqs,gateway
Dilithium3,verify,39159,0.039159,7.48,0.0,256,1952,3309,512,liboqs,gateway
Dilithium3,verify,40215,0.040215,7.48,0.0,256,1952,3309,513,liboqs,gateway
Dilithium3,verify,39307,0.039307,7.48,0.0,256,1952,3309,514,liboqs,gateway
Dilithium3,verify,39393,0.039393,7.48,0.0,256,1952,3309,515,liboqs,gateway
Dilithium3,verify,39611,0.039611,7.48,0.0,256,1952,3309,516,liboqs,gateway
Dilithium3,verify,38736,0.038736,7.48,0.0,256,1952,3309,517,liboqs,gateway
Dilithium3,verify,38532,0.038532,7.48,0.0,256,1952,3309,518,liboqs,gateway
Dilithium3,verify,38277,0.038277,7.48,0.0,256,1952,3309,519,liboqs,gateway
Dilithium3,verify,38568,0.038568,7.48,0.0,256,1952,3309,520,liboqs,gateway
Dilithium3,verify,39142,0.039142,7.48,0.0,256,1952,3309,521,liboqs,gateway
Dilithium3,verify,38441,0.038441,7.48,0.0,256,1952,3309,522,liboqs,gateway
Dilithium3,verify,38528,0.038528,7.48,0.0,256,1952,3309,523,liboqs,gateway
Dilithium3,verify,52338,0.052338,7.48,0.0,256,1952,3309,524,liboqs,gateway
Dilithium3,verify,46479,0.046479,7.48,0.0,256,1952,3309,525,liboqs,gateway
Dilithium3,verify,40814,0.040814,7.48,0.0,256,1952,3309,526,liboqs,gateway
Dilithium3,verify,40476,0.040476,7.48,0.0,256,1952,3309,527,liboqs,gateway
Dilithium3,verify,39324,0.039324,7.48,0.0,256,1952,3309,528,liboqs,gateway
Dilithium3,verify,40604,0.040604,7.48,0.0,256,1952,3309,529,liboqs,gateway
Dilithium3,verify,39644,0.039644,7.48,0.0,256,1952,3309,530,liboqs,gateway
Dilithium3,verify,39263,0.039263,7.48,0.0,256,1952,3309,531,liboqs,gateway
Dilithium3,verify,39139,0.039139,7.48,0.0,256,1952,3309,532,liboqs,gateway
Dilithium3,verify,40060,0.04006,7.48,0.0,256,1952,3309,533,liboqs,gateway
Dilithium3,verify,38841,0.038841,7.48,0.0,256,1952,3309,534,liboqs,gateway
Dilithium3,verify,39032,0.039032,7.48,0.0,256,1952,3309,535,liboqs,gateway
Dilithium3,verify,38440,0.03844,7.48,0.0,256,1952,3309,536,liboqs,gateway
Dilithium3,verify,39680,0.03968,7.48,0.0,256,1952,3309,537,liboqs,gateway
Dilithium3,verify,39272,0.039272,7.48,0.0,256,1952,3309,538,liboqs,gateway
Dilithium3,verify,38374,0.038374,7.48,0.0,256,1952,3309,539,liboqs,gateway
Dilithium3,verify,38331,0.038331,7.48,0.0,256,1952,3309,540,liboqs,gateway
Dilithium3,verify,38372,0.038372,7.48,0.0,256,1952,3309,541,liboqs,gateway
Dilithium3,verify,39809,0.039809,7.48,0.0,256,1952,3309,542,liboqs,gateway
Dilithium3,verify,38426,0.038426,7.48,0.0,256,1952,3309,543,liboqs,gateway
Dilithium3,verify,38159,0.038159,7.48,0.0,256,1952,3309,544,liboqs,gateway
Dilithium3,verify,37922,0.037922,7.48,0.0,256,1952,3309,545,liboqs,gateway
Dilithium3,verify,38335,0.038335,7.48,0.0,256,1952,3309,546,liboqs,gateway
Dilithium3,verify,39173,0.039173,7.48,0.0,256,1952,3309,547,liboqs,gateway
Dilithium3,verify,38481,0.038481,7.48,0.0,256,1952,3309,548,liboqs,gateway
Dilithium3,verify,38217,0.038217,7.48,0.0,256,1952,3309,549,liboqs,gateway
Dilithium3,verify,37926,0.037926,7.48,0.0,256,1952,3309,550,liboqs,gateway
Dilithium3,verify,39229,0.039229,7.48,0.0,256,1952,3309,551,liboqs,gateway
Dilithium3,verify,38324,0.038324,7.48,0.0,256,1952,3309,552,liboqs,gateway
Dilithium3,verify,38218,0.038218,7.48,0.0,256,1952,3309,553,liboqs,gateway
Dilithium3,verify,39148,0.039148,7.48,0.0,256,1952,3309,554,liboqs,gateway
Dilithium3,verify,38433,0.038433,7.48,0.0,256,1952,3309,555,liboqs,gateway
Dilithium3,verify,38249,0.038249,7.48,0.0,256,1952,3309,556,liboqs,gateway
Dilithium3,verify,38147,0.038147,7.48,0.0,256,1952,3309,557,liboqs,gateway
Dilithium3,verify,38120,0.03812,7.48,0.0,256,1952,3309,558,liboqs,gateway
Dilithium3,verify,38186,0.038186,7.48,0.0,256,1952,3309,559,liboqs,gateway
Dilithium3,verify,39326,0.039326,7.48,0.0,256,1952,3309,560,liboqs,gateway
Dilithium3,verify,73496,0.073496,7.48,0.0,256,1952,3309,561,liboqs,gateway
Dilithium3,verify,41377,0.041377,7.48,0.0,256,1952,3309,562,liboqs,gateway
Dilithium3,verify,39442,0.039442,7.48,0.0,256,1952,3309,563,liboqs,gateway
Dilithium3,verify,38721,0.038721,7.48,0.0,256,1952,3309,564,liboqs,gateway
Dilithium3,verify,38629,0.038629,7.48,0.0,256,1952,3309,565,liboqs,gateway
Dilithium3,verify,38565,0.038565,7.48,0.0,256,1952,3309,566,liboqs,gateway
Dilithium3,verify,38111,0.038111,7.48,0.0,256,1952,3309,567,liboqs,gateway
Dilithium3,verify,38305,0.038305,7.48,0.0,256,1952,3309,568,liboqs,gateway
Dilithium3,verify,38255,0.038255,7.48,0.0,256,1952,3309,569,liboqs,gateway
Dilithium3,verify,39420,0.03942,7.48,0.0,256,1952,3309,570,liboqs,gateway
Dilithium3,verify,38233,0.038233,7.48,0.0,256,1952,3309,571,liboqs,gateway
Dilithium3,verify,38177,0.038177,7.48,0.0,256,1952,3309,572,liboqs,gateway
Dilithium3,verify,38443,0.038443,7.48,0.0,256,1952,3309,573,liboqs,gateway
Dilithium3,verify,38499,0.038499,7.48,0.0,256,1952,3309,574,liboqs,gateway
Dilithium3,verify,38470,0.03847,7.48,0.0,256,1952,3309,575,liboqs,gateway
Dilithium3,verify,38044,0.038044,7.48,0.0,256,1952,3309,576,liboqs,gateway
Dilithium3,verify,38292,0.038292,7.48,0.0,256,1952,3309,577,liboqs,gateway
Dilithium3,verify,38454,0.038454,7.48,0.0,256,1952,3309,578,liboqs,gateway
Dilithium3,verify,40229,0.040229,7.48,0.0,256,1952,3309,579,liboqs,gateway
Dilithium3,verify,38303,0.038303,7.48,0.0,256,1952,3309,580,liboqs,gateway
Dilithium3,verify,38155,0.038155,7.48,0.0,256,1952,3309,581,liboqs,gateway
Dilithium3,verify,42934,0.042934,7.48,0.0,256,1952,3309,582,liboqs,gateway
Dilithium3,verify,38973,0.038973,7.48,0.0,256,1952,3309,583,liboqs,gateway
Dilithium3,verify,38998,0.038998,7.48,0.0,256,1952,3309,584,liboqs,gateway
Dilithium3,verify,47691,0.047691,7.48,0.0,256,1952,3309,585,liboqs,gateway
Dilithium3,verify,41579,0.041579,7.48,0.0,256,1952,3309,586,liboqs,gateway
Dilithium3,verify,39315,0.039315,7.48,0.0,256,1952,3309,587,liboqs,gateway
Dilithium3,verify,40699,0.040699,7.48,0.0,256,1952,3309,588,liboqs,gateway
Dilithium3,verify,39309,0.039309,7.48,0.0,256,1952,3309,589,liboqs,gateway
Dilithium3,verify,39116,0.039116,7.48,0.0,256,1952,3309,590,liboqs,gateway
Dilithium3,verify,38641,0.038641,7.48,0.0,256,1952,3309,591,liboqs,gateway
Dilithium3,verify,38424,0.038424,7.48,0.0,256,1952,3309,592,liboqs,gateway
Dilithium3,verify,39442,0.039442,7.48,0.0,256,1952,3309,593,liboqs,gateway
Dilithium3,verify,38591,0.038591,7.48,0.0,256,1952,3309,594,liboqs,gateway
Dilithium3,verify,38395,0.038395,7.48,0.0,256,1952,3309,595,liboqs,gateway
Dilithium3,verify,38573,0.038573,7.48,0.0,256,1952,3309,596,liboqs,gateway
Dilithium3,verify,39504,0.039504,7.48,0.0,256,1952,3309,597,liboqs,gateway
Dilithium3,verify,38537,0.038537,7.48,0.0,256,1952,3309,598,liboqs,gateway
Dilithium3,verify,40013,0.040013,7.48,0.0,256,1952,3309,599,liboqs,gateway
Dilithium3,verify,40284,0.040284,7.48,0.0,256,1952,3309,600,liboqs,gateway
Dilithium3,verify,38736,0.038736,7.48,0.0,256,1952,3309,601,liboqs,gateway
Dilithium3,verify,38373,0.038373,7.48,0.0,256,1952,3309,602,liboqs,gateway
Dilithium3,verify,38137,0.038137,7.48,0.0,256,1952,3309,603,liboqs,gateway
Dilithium3,verify,38701,0.038701,7.48,0.0,256,1952,3309,604,liboqs,gateway
Dilithium3,verify,39858,0.039858,7.48,0.0,256,1952,3309,605,liboqs,gateway
Dilithium3,verify,38813,0.038813,7.48,0.0,256,1952,3309,606,liboqs,gateway
Dilithium3,verify,37942,0.037942,7.48,0.0,256,1952,3309,607,liboqs,gateway
Dilithium3,verify,38097,0.038097,7.48,0.0,256,1952,3309,608,liboqs,gateway
Dilithium3,verify,53800,0.0538,7.48,0.0,256,1952,3309,609,liboqs,gateway
Dilithium3,verify,41461,0.041461,7.48,0.0,256,1952,3309,610,liboqs,gateway
Dilithium3,verify,39512,0.039512,7.48,0.0,256,1952,3309,611,liboqs,gateway
Dilithium3,verify,39200,0.0392,7.48,0.0,256,1952,3309,612,liboqs,gateway
Dilithium3,verify,38872,0.038872,7.48,0.0,256,1952,3309,613,liboqs,gateway
Dilithium3,verify,38326,0.038326,7.48,0.0,256,1952,3309,614,liboqs,gateway
Dilithium3,verify,39741,0.039741,7.48,0.0,256,1952,3309,615,liboqs,gateway
Dilithium3,verify,38465,0.038465,7.48,0.0,256,1952,3309,616,liboqs,gateway
Dilithium3,verify,38262,0.038262,7.48,0.0,256,1952,3309,617,liboqs,gateway
Dilithium3,verify,409848,0.409848,7.48,0.0,256,1952,3309,618,liboqs,gateway
Dilithium3,verify,68730,0.06873,7.48,0.0,256,1952,3309,619,liboqs,gateway
Dilithium3,verify,43636,0.043636,7.48,0.0,256,1952,3309,620,liboqs,gateway
Dilithium3,verify,41503,0.041503,7.48,0.0,256,1952,3309,621,liboqs,gateway
Dilithium3,verify,43055,0.043055,7.48,0.0,256,1952,3309,622,liboqs,gateway
Dilithium3,verify,41977,0.041977,7.48,0.0,256,1952,3309,623,liboqs,gateway
Dilithium3,verify,40052,0.040052,7.48,0.0,256,1952,3309,624,liboqs,gateway
Dilithium3,verify,39519,0.039519,7.48,0.0,256,1952,3309,625,liboqs,gateway
Dilithium3,verify,39363,0.039363,7.48,0.0,256,1952,3309,626,liboqs,gateway
Dilithium3,verify,40925,0.040925,7.48,0.0,256,1952,3309,627,liboqs,gateway
Dilithium3,verify,39049,0.039049,7.48,0.0,256,1952,3309,628,liboqs,gateway
Dilithium3,verify,38966,0.038966,7.48,0.0,256,1952,3309,629,liboqs,gateway
Dilithium3,verify,39081,0.039081,7.48,0.0,256,1952,3309,630,liboqs,gateway
Dilithium3,verify,38271,0.038271,7.48,0.0,256,1952,3309,631,liboqs,gateway
Dilithium3,verify,40165,0.040165,7.48,0.0,256,1952,3309,632,liboqs,gateway
Dilithium3,verify,38909,0.038909,7.48,0.0,256,1952,3309,633,liboqs,gateway
Dilithium3,verify,39908,0.039908,7.48,0.0,256,1952,3309,634,liboqs,gateway
Dilithium3,verify,38522,0.038522,7.48,0.0,256,1952,3309,635,liboqs,gateway
Dilithium3,verify,39770,0.03977,7.48,0.0,256,1952,3309,636,liboqs,gateway
Dilithium3,verify,38380,0.03838,7.48,0.0,256,1952,3309,637,liboqs,gateway
Dilithium3,verify,38628,0.038628,7.48,0.0,256,1952,3309,638,liboqs,gateway
Dilithium3,verify,38479,0.038479,7.48,0.0,256,1952,3309,639,liboqs,gateway
Dilithium3,verify,38173,0.038173,7.48,0.0,256,1952,3309,640,liboqs,gateway
Dilithium3,verify,39504,0.039504,7.48,0.0,256,1952,3309,641,liboqs,gateway
Dilithium3,verify,38493,0.038493,7.48,0.0,256,1952,3309,642,liboqs,gateway
Dilithium3,verify,38220,0.03822,7.48,0.0,256,1952,3309,643,liboqs,gateway
Dilithium3,verify,38270,0.03827,7.48,0.0,256,1952,3309,644,liboqs,gateway
Dilithium3,verify,39285,0.039285,7.48,0.0,256,1952,3309,645,liboqs,gateway
Dilithium3,verify,49821,0.049821,7.48,0.0,256,1952,3309,646,liboqs,gateway
Dilithium3,verify,41315,0.041315,7.48,0.0,256,1952,3309,647,liboqs,gateway
Dilithium3,verify,40595,0.040595,7.48,0.0,256,1952,3309,648,liboqs,gateway
Dilithium3,verify,38390,0.03839,7.48,0.0,256,1952,3309,649,liboqs,gateway
Dilithium3,verify,38633,0.038633,7.48,0.0,256,1952,3309,650,liboqs,gateway
Dilithium3,verify,38909,0.038909,7.48,0.0,256,1952,3309,651,liboqs,gateway
Dilithium3,verify,38221,0.038221,7.48,0.0,256,1952,3309,652,liboqs,gateway
Dilithium3,verify,38454,0.038454,7.48,0.0,256,1952,3309,653,liboqs,gateway
Dilithium3,verify,39768,0.039768,7.48,0.0,256,1952,3309,654,liboqs,gateway
Dilithium3,verify,38337,0.038337,7.48,0.0,256,1952,3309,655,liboqs,gateway
Dilithium3,verify,38357,0.038357,7.48,0.0,256,1952,3309,656,liboqs,gateway
Dilithium3,verify,47471,0.047471,7.48,0.0,256,1952,3309,657,liboqs,gateway
Dilithium3,verify,40826,0.040826,7.48,0.0,256,1952,3309,658,liboqs,gateway
Dilithium3,verify,41268,0.041268,7.48,0.0,256,1952,3309,659,liboqs,gateway
Dilithium3,verify,38888,0.038888,7.48,0.0,256,1952,3309,660,liboqs,gateway
Dilithium3,verify,38622,0.038622,7.48,0.0,256,1952,3309,661,liboqs,gateway
Dilithium3,verify,38796,0.038796,7.48,0.0,256,1952,3309,662,liboqs,gateway
Dilithium3,verify,40130,0.04013,7.48,0.0,256,1952,3309,663,liboqs,gateway
Dilithium3,verify,40362,0.040362,7.48,0.0,256,1952,3309,664,liboqs,gateway
Dilithium3,verify,38693,0.038693,7.48,0.0,256,1952,3309,665,liboqs,gateway
Dilithium3,verify,39505,0.039505,7.48,0.0,256,1952,3309,666,liboqs,gateway
Dilithium3,verify,38344,0.038344,7.48,0.0,256,1952,3309,667,liboqs,gateway
Dilithium3,verify,38466,0.038466,7.48,0.0,256,1952,3309,668,liboqs,gateway
Dilithium3,verify,38676,0.038676,7.48,0.0,256,1952,3309,669,liboqs,gateway
Dilithium3,verify,39081,0.039081,7.48,0.0,256,1952,3309,670,liboqs,gateway
Dilithium3,verify,39706,0.039706,7.48,0.0,256,1952,3309,671,liboqs,gateway
Dilithium3,verify,38608,0.038608,7.48,0.0,256,1952,3309,672,liboqs,gateway
Dilithium3,verify,38557,0.038557,7.48,0.0,256,1952,3309,673,liboqs,gateway
Dilithium3,verify,38352,0.038352,7.48,0.0,256,1952,3309,674,liboqs,gateway
Dilithium3,verify,39803,0.039803,7.48,0.0,256,1952,3309,675,liboqs,gateway
Dilithium3,verify,38192,0.038192,7.48,0.0,256,1952,3309,676,liboqs,gateway
Dilithium3,verify,38187,0.038187,7.48,0.0,256,1952,3309,677,liboqs,gateway
Dilithium3,verify,38161,0.038161,7.48,0.0,256,1952,3309,678,liboqs,gateway
Dilithium3,verify,38295,0.038295,7.48,0.0,256,1952,3309,679,liboqs,gateway
Dilithium3,verify,37959,0.037959,7.48,0.0,256,1952,3309,680,liboqs,gateway
Dilithium3,verify,39291,0.039291,7.48,0.0,256,1952,3309,681,liboqs,gateway
Dilithium3,verify,38009,0.038009,7.48,0.0,256,1952,3309,682,liboqs,gateway
Dilithium3,verify,39246,0.039246,7.48,0.0,256,1952,3309,683,liboqs,gateway
Dilithium3,verify,39660,0.03966,7.48,0.0,256,1952,3309,684,liboqs,gateway
Dilithium3,verify,38321,0.038321,7.48,0.0,256,1952,3309,685,liboqs,gateway
Dilithium3,verify,38391,0.038391,7.48,0.0,256,1952,3309,686,liboqs,gateway
Dilithium3,verify,38533,0.038533,7.48,0.0,256,1952,3309,687,liboqs,gateway
Dilithium3,verify,38085,0.038085,7.48,0.0,256,1952,3309,688,liboqs,gateway
Dilithium3,verify,39368,0.039368,7.48,0.0,256,1952,3309,689,liboqs,gateway
Dilithium3,verify,38056,0.038056,7.48,0.0,256,1952,3309,690,liboqs,gateway
Dilithium3,verify,38445,0.038445,7.48,0.0,256,1952,3309,691,liboqs,gateway
Dilithium3,verify,38204,0.038204,7.48,0.0,256,1952,3309,692,liboqs,gateway
Dilithium3,verify,345115,0.345115,7.48,0.0,256,1952,3309,693,liboqs,gateway
Dilithium3,verify,68609,0.068609,7.48,0.0,256,1952,3309,694,liboqs,gateway
Dilithium3,verify,44846,0.044846,7.48,0.0,256,1952,3309,695,liboqs,gateway
Dilithium3,verify,42194,0.042194,7.48,0.0,256,1952,3309,696,liboqs,gateway
Dilithium3,verify,40270,0.04027,7.48,0.0,256,1952,3309,697,liboqs,gateway
Dilithium3,verify,42482,0.042482,7.48,0.0,256,1952,3309,698,liboqs,gateway
Dilithium3,verify,40139,0.040139,7.48,0.0,256,1952,3309,699,liboqs,gateway
Dilithium3,verify,39172,0.039172,7.48,0.0,256,1952,3309,700,liboqs,gateway
Dilithium3,verify,39090,0.03909,7.48,0.0,256,1952,3309,701,liboqs,gateway
Dilithium3,verify,40206,0.040206,7.48,0.0,256,1952,3309,702,liboqs,gateway
Dilithium3,verify,40569,0.040569,7.48,0.0,256,1952,3309,703,liboqs,gateway
Dilithium3,verify,42745,0.042745,7.48,0.0,256,1952,3309,704,liboqs,gateway
Dilithium3,verify,42400,0.0424,7.48,0.0,256,1952,3309,705,liboqs,gateway
Dilithium3,verify,41886,0.041886,7.48,0.0,256,1952,3309,706,liboqs,gateway
Dilithium3,verify,46959,0.046959,7.48,0.0,256,1952,3309,707,liboqs,gateway
Dilithium3,verify,38623,0.038623,7.48,0.0,256,1952,3309,708,liboqs,gateway
Dilithium3,verify,37814,0.037814,7.48,0.0,256,1952,3309,709,liboqs,gateway
Dilithium3,verify,38422,0.038422,7.48,0.0,256,1952,3309,710,liboqs,gateway
Dilithium3,verify,39703,0.039703,7.48,0.0,256,1952,3309,711,liboqs,gateway
Dilithium3,verify,37803,0.037803,7.48,0.0,256,1952,3309,712,liboqs,gateway
Dilithium3,verify,46795,0.046795,7.48,0.0,256,1952,3309,713,liboqs,gateway
Dilithium3,verify,41259,0.041259,7.48,0.0,256,1952,3309,714,liboqs,gateway
Dilithium3,verify,39124,0.039124,7.48,0.0,256,1952,3309,715,liboqs,gateway
Dilithium3,verify,38525,0.038525,7.48,0.0,256,1952,3309,716,liboqs,gateway
Dilithium3,verify,38668,0.038668,7.48,0.0,256,1952,3309,717,liboqs,gateway
Dilithium3,verify,38933,0.038933,7.48,0.0,256,1952,3309,718,liboqs,gateway
Dilithium3,verify,38476,0.038476,7.48,0.0,256,1952,3309,719,liboqs,gateway
Dilithium3,verify,39666,0.039666,7.48,0.0,256,1952,3309,720,liboqs,gateway
Dilithium3,verify,38046,0.038046,7.48,0.0,256,1952,3309,721,liboqs,gateway
Dilithium3,verify,38010,0.03801,7.48,0.0,256,1952,3309,722,liboqs,gateway
Dilithium3,verify,39585,0.039585,7.48,0.0,256,1952,3309,723,liboqs,gateway
Dilithium3,verify,37773,0.037773,7.48,0.0,256,1952,3309,724,liboqs,gateway
Dilithium3,verify,39362,0.039362,7.48,0.0,256,1952,3309,725,liboqs,gateway
Dilithium3,verify,37951,0.037951,7.48,0.0,256,1952,3309,726,liboqs,gateway
Dilithium3,verify,37951,0.037951,7.48,0.0,256,1952,3309,727,liboqs,gateway
Dilithium3,verify,37874,0.037874,7.48,0.0,256,1952,3309,728,liboqs,gateway
Dilithium3,verify,44287,0.044287,7.48,0.0,256,1952,3309,729,liboqs,gateway
Dilithium3,verify,39329,0.039329,7.48,0.0,256,1952,3309,730,liboqs,gateway
Dilithium3,verify,56640,0.05664,7.48,0.0,256,1952,3309,731,liboqs,gateway
Dilithium3,verify,51899,0.051899,7.48,0.0,256,1952,3309,732,liboqs,gateway
Dilithium3,verify,41446,0.041446,7.48,0.0,256,1952,3309,733,liboqs,gateway
Dilithium3,verify,40065,0.040065,7.48,0.0,256,1952,3309,734,liboqs,gateway
Dilithium3,verify,39673,0.039673,7.48,0.0,256,1952,3309,735,liboqs,gateway
Dilithium3,verify,39268,0.039268,7.48,0.0,256,1952,3309,736,liboqs,gateway
Dilithium3,verify,40606,0.040606,7.48,0.0,256,1952,3309,737,liboqs,gateway
Dilithium3,verify,39157,0.039157,7.48,0.0,256,1952,3309,738,liboqs,gateway
Dilithium3,verify,39187,0.039187,7.48,0.0,256,1952,3309,739,liboqs,gateway
Dilithium3,verify,38671,0.038671,7.48,0.0,256,1952,3309,740,liboqs,gateway
Dilithium3,verify,39461,0.039461,7.48,0.0,256,1952,3309,741,liboqs,gateway
Dilithium3,verify,38472,0.038472,7.48,0.0,256,1952,3309,742,liboqs,gateway
Dilithium3,verify,38717,0.038717,7.48,0.0,256,1952,3309,743,liboqs,gateway
Dilithium3,verify,38675,0.038675,7.48,0.0,256,1952,3309,744,liboqs,gateway
Dilithium3,verify,38085,0.038085,7.48,0.0,256,1952,3309,745,liboqs,gateway
Dilithium3,verify,38338,0.038338,7.48,0.0,256,1952,3309,746,liboqs,gateway
Dilithium3,verify,39543,0.039543,7.48,0.0,256,1952,3309,747,liboqs,gateway
Dilithium3,verify,38386,0.038386,7.48,0.0,256,1952,3309,748,liboqs,gateway
Dilithium3,verify,39843,0.039843,7.48,0.0,256,1952,3309,749,liboqs,gateway
Dilithium3,verify,39730,0.03973,7.48,0.0,256,1952,3309,750,liboqs,gateway
Dilithium3,verify,38202,0.038202,7.48,0.0,256,1952,3309,751,liboqs,gateway
Dilithium3,verify,37927,0.037927,7.48,0.0,256,1952,3309,752,liboqs,gateway
Dilithium3,verify,38356,0.038356,7.48,0.0,256,1952,3309,753,liboqs,gateway
Dilithium3,verify,38324,0.038324,7.48,0.0,256,1952,3309,754,liboqs,gateway
Dilithium3,verify,39802,0.039802,7.48,0.0,256,1952,3309,755,liboqs,gateway
Dilithium3,verify,38667,0.038667,7.48,0.0,256,1952,3309,756,liboqs,gateway
Dilithium3,verify,37990,0.03799,7.48,0.0,256,1952,3309,757,liboqs,gateway
Dilithium3,verify,38218,0.038218,7.48,0.0,256,1952,3309,758,liboqs,gateway
Dilithium3,verify,39877,0.039877,7.48,0.0,256,1952,3309,759,liboqs,gateway
Dilithium3,verify,38054,0.038054,7.48,0.0,256,1952,3309,760,liboqs,gateway
Dilithium3,verify,38124,0.038124,7.48,0.0,256,1952,3309,761,liboqs,gateway
Dilithium3,verify,39682,0.039682,7.48,0.0,256,1952,3309,762,liboqs,gateway
Dilithium3,verify,38260,0.03826,7.48,0.0,256,1952,3309,763,liboqs,gateway
Dilithium3,verify,39798,0.039798,7.48,0.0,256,1952,3309,764,liboqs,gateway
Dilithium3,verify,38309,0.038309,7.48,0.0,256,1952,3309,765,liboqs,gateway
Dilithium3,verify,38119,0.038119,7.48,0.0,256,1952,3309,766,liboqs,gateway
Dilithium3,verify,38519,0.038519,7.48,0.0,256,1952,3309,767,liboqs,gateway
Dilithium3,verify,40830,0.04083,7.48,0.0,256,1952,3309,768,liboqs,gateway
Dilithium3,verify,38176,0.038176,7.48,0.0,256,1952,3309,769,liboqs,gateway
Dilithium3,verify,37970,0.03797,7.48,0.0,256,1952,3309,770,liboqs,gateway
Dilithium3,verify,38077,0.038077,7.48,0.0,256,1952,3309,771,liboqs,gateway
Dilithium3,verify,37936,0.037936,7.48,0.0,256,1952,3309,772,liboqs,gateway
Dilithium3,verify,39284,0.039284,7.48,0.0,256,1952,3309,773,liboqs,gateway
Dilithium3,verify,38398,0.038398,7.48,0.0,256,1952,3309,774,liboqs,gateway
Dilithium3,verify,37740,0.03774,7.48,0.0,256,1952,3309,775,liboqs,gateway
Dilithium3,verify,82080,0.08208,9.94,0.0,256,1952,3309,776,liboqs,gateway
Dilithium3,verify,52825,0.052825,9.63,0.0,256,1952,3309,777,liboqs,gateway
Dilithium3,verify,53102,0.053102,7.42,0.0,256,1952,3309,778,liboqs,gateway
Dilithium3,verify,44126,0.044126,7.42,0.0,256,1952,3309,779,liboqs,gateway
Dilithium3,verify,41433,0.041433,7.48,0.0,256,1952,3309,780,liboqs,gateway
Dilithium3,verify,39533,0.039533,7.48,0.0,256,1952,3309,781,liboqs,gateway
Dilithium3,verify,40237,0.040237,7.48,0.0,256,1952,3309,782,liboqs,gateway
Dilithium3,verify,39503,0.039503,7.48,0.0,256,1952,3309,783,liboqs,gateway
Dilithium3,verify,40245,0.040245,7.48,0.0,256,1952,3309,784,liboqs,gateway
Dilithium3,verify,39564,0.039564,7.48,0.0,256,1952,3309,785,liboqs,gateway
Dilithium3,verify,39179,0.039179,7.48,0.0,256,1952,3309,786,liboqs,gateway
Dilithium3,verify,38900,0.0389,7.48,0.0,256,1952,3309,787,liboqs,gateway
Dilithium3,verify,38737,0.038737,7.48,0.0,256,1952,3309,788,liboqs,gateway
Dilithium3,verify,38607,0.038607,7.48,0.0,256,1952,3309,789,liboqs,gateway
Dilithium3,verify,38611,0.038611,7.48,0.0,256,1952,3309,790,liboqs,gateway
Dilithium3,verify,39626,0.039626,7.48,0.0,256,1952,3309,791,liboqs,gateway
Dilithium3,verify,40642,0.040642,7.48,0.0,256,1952,3309,792,liboqs,gateway
Dilithium3,verify,39069,0.039069,7.48,0.0,256,1952,3309,793,liboqs,gateway
Dilithium3,verify,39791,0.039791,7.48,0.0,256,1952,3309,794,liboqs,gateway
Dilithium3,verify,38417,0.038417,7.48,0.0,256,1952,3309,795,liboqs,gateway
Dilithium3,verify,38370,0.03837,7.48,0.0,256,1952,3309,796,liboqs,gateway
Dilithium3,verify,45786,0.045786,7.48,0.0,256,1952,3309,797,liboqs,gateway
Dilithium3,verify,45687,0.045687,7.48,0.0,256,1952,3309,798,liboqs,gateway
Dilithium3,verify,42395,0.042395,7.48,0.0,256,1952,3309,799,liboqs,gateway
Dilithium3,verify,39776,0.039776,7.48,0.0,256,1952,3309,800,liboqs,gateway
Dilithium3,verify,39085,0.039085,7.48,0.0,256,1952,3309,801,liboqs,gateway
Dilithium3,verify,38721,0.038721,7.48,0.0,256,1952,3309,802,liboqs,gateway
Dilithium3,verify,41333,0.041333,7.48,0.0,256,1952,3309,803,liboqs,gateway
Dilithium3,verify,38386,0.038386,7.48,0.0,256,1952,3309,804,liboqs,gateway
Dilithium3,verify,38598,0.038598,7.48,0.0,256,1952,3309,805,liboqs,gateway
Dilithium3,verify,39663,0.039663,7.48,0.0,256,1952,3309,806,liboqs,gateway
Dilithium3,verify,38603,0.038603,7.48,0.0,256,1952,3309,807,liboqs,gateway
Dilithium3,verify,38707,0.038707,7.48,0.0,256,1952,3309,808,liboqs,gateway
Dilithium3,verify,38398,0.038398,7.48,0.0,256,1952,3309,809,liboqs,gateway
Dilithium3,verify,38355,0.038355,7.48,0.0,256,1952,3309,810,liboqs,gateway
Dilithium3,verify,38400,0.0384,7.48,0.0,256,1952,3309,811,liboqs,gateway
Dilithium3,verify,39930,0.03993,7.48,0.0,256,1952,3309,812,liboqs,gateway
Dilithium3,verify,38185,0.038185,7.48,0.0,256,1952,3309,813,liboqs,gateway
Dilithium3,verify,38537,0.038537,7.48,0.0,256,1952,3309,814,liboqs,gateway
Dilithium3,verify,37987,0.037987,7.48,0.0,256,1952,3309,815,liboqs,gateway
Dilithium3,verify,38074,0.038074,7.48,0.0,256,1952,3309,816,liboqs,gateway
Dilithium3,verify,39452,0.039452,7.48,0.0,256,1952,3309,817,liboqs,gateway
Dilithium3,verify,38413,0.038413,7.48,0.0,256,1952,3309,818,liboqs,gateway
Dilithium3,verify,38045,0.038045,7.48,0.0,256,1952,3309,819,liboqs,gateway
Dilithium3,verify,50909,0.050909,7.48,0.0,256,1952,3309,820,liboqs,gateway
Dilithium3,verify,41902,0.041902,7.48,0.0,256,1952,3309,821,liboqs,gateway
Dilithium3,verify,39623,0.039623,7.48,0.0,256,1952,3309,822,liboqs,gateway
Dilithium3,verify,38757,0.038757,7.48,0.0,256,1952,3309,823,liboqs,gateway
Dilithium3,verify,39756,0.039756,7.48,0.0,256,1952,3309,824,liboqs,gateway
Dilithium3,verify,39970,0.03997,7.48,0.0,256,1952,3309,825,liboqs,gateway
Dilithium3,verify,38486,0.038486,7.48,0.0,256,1952,3309,826,liboqs,gateway
Dilithium3,verify,43755,0.043755,7.48,0.0,256,1952,3309,827,liboqs,gateway
Dilithium3,verify,40115,0.040115,7.48,0.0,256,1952,3309,828,liboqs,gateway
Dilithium3,verify,38635,0.038635,7.48,0.0,256,1952,3309,829,liboqs,gateway
Dilithium3,verify,39511,0.039511,7.48,0.0,256,1952,3309,830,liboqs,gateway
Dilithium3,verify,38359,0.038359,7.48,0.0,256,1952,3309,831,liboqs,gateway
Dilithium3,verify,38276,0.038276,7.48,0.0,256,1952,3309,832,liboqs,gateway
Dilithium3,verify,39320,0.03932,7.48,0.0,256,1952,3309,833,liboqs,gateway
Dilithium3,verify,39464,0.039464,7.48,0.0,256,1952,3309,834,liboqs,gateway
Dilithium3,verify,38379,0.038379,7.48,0.0,256,1952,3309,835,liboqs,gateway
Dilithium3,verify,38156,0.038156,7.48,0.0,256,1952,3309,836,liboqs,gateway
Dilithium3,verify,38256,0.038256,7.48,0.0,256,1952,3309,837,liboqs,gateway
Dilithium3,verify,38251,0.038251,7.48,0.0,256,1952,3309,838,liboqs,gateway
Dilithium3,verify,39593,0.039593,7.48,0.0,256,1952,3309,839,liboqs,gateway
Dilithium3,verify,38092,0.038092,7.48,0.0,256,1952,3309,840,liboqs,gateway
Dilithium3,verify,38267,0.038267,7.48,0.0,256,1952,3309,841,liboqs,gateway
Dilithium3,verify,39226,0.039226,7.48,0.0,256,1952,3309,842,liboqs,gateway
Dilithium3,verify,37824,0.037824,7.48,0.0,256,1952,3309,843,liboqs,gateway
Dilithium3,verify,38146,0.038146,7.48,0.0,256,1952,3309,844,liboqs,gateway
Dilithium3,verify,38366,0.038366,7.48,0.0,256,1952,3309,845,liboqs,gateway
Dilithium3,verify,37846,0.037846,7.48,0.0,256,1952,3309,846,liboqs,gateway
Dilithium3,verify,38982,0.038982,7.48,0.0,256,1952,3309,847,liboqs,gateway
Dilithium3,verify,38373,0.038373,7.48,0.0,256,1952,3309,848,liboqs,gateway
Dilithium3,verify,37905,0.037905,7.48,0.0,256,1952,3309,849,liboqs,gateway
Dilithium3,verify,38152,0.038152,7.48,0.0,256,1952,3309,850,liboqs,gateway
Dilithium3,verify,39724,0.039724,7.48,0.0,256,1952,3309,851,liboqs,gateway
Dilithium3,verify,38070,0.03807,7.48,0.0,256,1952,3309,852,liboqs,gateway
Dilithium3,verify,39226,0.039226,7.48,0.0,256,1952,3309,853,liboqs,gateway
Dilithium3,verify,38324,0.038324,7.48,0.0,256,1952,3309,854,liboqs,gateway
Dilithium3,verify,38213,0.038213,7.48,0.0,256,1952,3309,855,liboqs,gateway
Dilithium3,verify,38366,0.038366,7.48,0.0,256,1952,3309,856,liboqs,gateway
Dilithium3,verify,39145,0.039145,7.48,0.0,256,1952,3309,857,liboqs,gateway
Dilithium3,verify,38136,0.038136,7.48,0.0,256,1952,3309,858,liboqs,gateway
Dilithium3,verify,37912,0.037912,7.48,0.0,256,1952,3309,859,liboqs,gateway
Dilithium3,verify,39495,0.039495,7.48,0.0,256,1952,3309,860,liboqs,gateway
Dilithium3,verify,37925,0.037925,7.48,0.0,256,1952,3309,861,liboqs,gateway
Dilithium3,verify,46990,0.04699,7.48,0.0,256,1952,3309,862,liboqs,gateway
Dilithium3,verify,43175,0.043175,7.48,0.0,256,1952,3309,863,liboqs,gateway
Dilithium3,verify,39197,0.039197,7.48,0.0,256,1952,3309,864,liboqs,gateway
Dilithium3,verify,42012,0.042012,7.48,0.0,256,1952,3309,865,liboqs,gateway
Dilithium3,verify,42288,0.042288,7.48,0.0,256,1952,3309,866,liboqs,gateway
Dilithium3,verify,42284,0.042284,7.48,0.0,256,1952,3309,867,liboqs,gateway
Dilithium3,verify,41821,0.041821,7.48,0.0,256,1952,3309,868,liboqs,gateway
Dilithium3,verify,42756,0.042756,7.48,0.0,256,1952,3309,869,liboqs,gateway
Dilithium3,verify,40747,0.040747,7.48,0.0,256,1952,3309,870,liboqs,gateway
Dilithium3,verify,37776,0.037776,7.48,0.0,256,1952,3309,871,liboqs,gateway
Dilithium3,verify,38010,0.03801,7.48,0.0,256,1952,3309,872,liboqs,gateway
Dilithium3,verify,38231,0.038231,7.48,0.0,256,1952,3309,873,liboqs,gateway
Dilithium3,verify,40732,0.040732,7.48,0.0,256,1952,3309,874,liboqs,gateway
Dilithium3,verify,38145,0.038145,7.48,0.0,256,1952,3309,875,liboqs,gateway
Dilithium3,verify,38970,0.03897,7.48,0.0,256,1952,3309,876,liboqs,gateway
Dilithium3,verify,39904,0.039904,7.48,0.0,256,1952,3309,877,liboqs,gateway
Dilithium3,verify,39856,0.039856,7.48,0.0,256,1952,3309,878,liboqs,gateway
Dilithium3,verify,38176,0.038176,7.48,0.0,256,1952,3309,879,liboqs,gateway
Dilithium3,verify,38683,0.038683,7.48,0.0,256,1952,3309,880,liboqs,gateway
Dilithium3,verify,38403,0.038403,7.48,0.0,256,1952,3309,881,liboqs,gateway
Dilithium3,verify,38221,0.038221,7.48,0.0,256,1952,3309,882,liboqs,gateway
Dilithium3,verify,39502,0.039502,7.48,0.0,256,1952,3309,883,liboqs,gateway
Dilithium3,verify,38084,0.038084,7.48,0.0,256,1952,3309,884,liboqs,gateway
Dilithium3,verify,39654,0.039654,7.48,0.0,256,1952,3309,885,liboqs,gateway
Dilithium3,verify,38585,0.038585,7.48,0.0,256,1952,3309,886,liboqs,gateway
Dilithium3,verify,38201,0.038201,7.48,0.0,256,1952,3309,887,liboqs,gateway
Dilithium3,verify,38643,0.038643,7.48,0.0,256,1952,3309,888,liboqs,gateway
Dilithium3,verify,39417,0.039417,7.48,0.0,256,1952,3309,889,liboqs,gateway
Dilithium3,verify,38197,0.038197,7.48,0.0,256,1952,3309,890,liboqs,gateway
Dilithium3,verify,38355,0.038355,7.48,0.0,256,1952,3309,891,liboqs,gateway
Dilithium3,verify,38163,0.038163,7.48,0.0,256,1952,3309,892,liboqs,gateway
Dilithium3,verify,38289,0.038289,7.48,0.0,256,1952,3309,893,liboqs,gateway
Dilithium3,verify,37840,0.03784,7.48,0.0,256,1952,3309,894,liboqs,gateway
Dilithium3,verify,38267,0.038267,7.48,0.0,256,1952,3309,895,liboqs,gateway
Dilithium3,verify,38275,0.038275,7.48,0.0,256,1952,3309,896,liboqs,gateway
Dilithium3,verify,38222,0.038222,7.48,0.0,256,1952,3309,897,liboqs,gateway
Dilithium3,verify,38141,0.038141,7.48,0.0,256,1952,3309,898,liboqs,gateway
Dilithium3,verify,37962,0.037962,7.48,0.0,256,1952,3309,899,liboqs,gateway
Dilithium3,verify,37990,0.03799,7.48,0.0,256,1952,3309,900,liboqs,gateway
Dilithium3,verify,38330,0.03833,7.48,0.0,256,1952,3309,901,liboqs,gateway
Dilithium3,verify,38021,0.038021,7.48,0.0,256,1952,3309,902,liboqs,gateway
Dilithium3,verify,37849,0.037849,7.48,0.0,256,1952,3309,903,liboqs,gateway
Dilithium3,verify,37895,0.037895,7.48,0.0,256,1952,3309,904,liboqs,gateway
Dilithium3,verify,39453,0.039453,7.48,0.0,256,1952,3309,905,liboqs,gateway
Dilithium3,verify,38432,0.038432,7.48,0.0,256,1952,3309,906,liboqs,gateway
Dilithium3,verify,38355,0.038355,7.48,0.0,256,1952,3309,907,liboqs,gateway
Dilithium3,verify,38004,0.038004,7.48,0.0,256,1952,3309,908,liboqs,gateway
Dilithium3,verify,38396,0.038396,7.48,0.0,256,1952,3309,909,liboqs,gateway
Dilithium3,verify,39743,0.039743,7.48,0.0,256,1952,3309,910,liboqs,gateway
Dilithium3,verify,47332,0.047332,7.48,0.0,256,1952,3309,911,liboqs,gateway
Dilithium3,verify,44078,0.044078,7.48,0.0,256,1952,3309,912,liboqs,gateway
Dilithium3,verify,40221,0.040221,7.48,0.0,256,1952,3309,913,liboqs,gateway
Dilithium3,verify,40447,0.040447,7.48,0.0,256,1952,3309,914,liboqs,gateway
Dilithium3,verify,39069,0.039069,7.48,0.0,256,1952,3309,915,liboqs,gateway
Dilithium3,verify,38857,0.038857,7.48,0.0,256,1952,3309,916,liboqs,gateway
Dilithium3,verify,38485,0.038485,7.48,0.0,256,1952,3309,917,liboqs,gateway
Dilithium3,verify,38660,0.03866,7.48,0.0,256,1952,3309,918,liboqs,gateway
Dilithium3,verify,40387,0.040387,7.48,0.0,256,1952,3309,919,liboqs,gateway
Dilithium3,verify,38290,0.03829,7.48,0.0,256,1952,3309,920,liboqs,gateway
Dilithium3,verify,38842,0.038842,7.48,0.0,256,1952,3309,921,liboqs,gateway
Dilithium3,verify,38575,0.038575,7.48,0.0,256,1952,3309,922,liboqs,gateway
Dilithium3,verify,39444,0.039444,7.48,0.0,256,1952,3309,923,liboqs,gateway
Dilithium3,verify,38474,0.038474,7.48,0.0,256,1952,3309,924,liboqs,gateway
Dilithium3,verify,43080,0.04308,7.48,0.0,256,1952,3309,925,liboqs,gateway
Dilithium3,verify,39850,0.03985,7.48,0.0,256,1952,3309,926,liboqs,gateway
Dilithium3,verify,38616,0.038616,7.48,0.0,256,1952,3309,927,liboqs,gateway
Dilithium3,verify,39774,0.039774,7.48,0.0,256,1952,3309,928,liboqs,gateway
Dilithium3,verify,38381,0.038381,7.48,0.0,256,1952,3309,929,liboqs,gateway
Dilithium3,verify,38255,0.038255,7.48,0.0,256,1952,3309,930,liboqs,gateway
Dilithium3,verify,37926,0.037926,7.48,0.0,256,1952,3309,931,liboqs,gateway
Dilithium3,verify,39349,0.039349,7.48,0.0,256,1952,3309,932,liboqs,gateway
Dilithium3,verify,38035,0.038035,7.48,0.0,256,1952,3309,933,liboqs,gateway
Dilithium3,verify,38283,0.038283,7.48,0.0,256,1952,3309,934,liboqs,gateway
Dilithium3,verify,39583,0.039583,7.48,0.0,256,1952,3309,935,liboqs,gateway
Dilithium3,verify,38410,0.03841,7.48,0.0,256,1952,3309,936,liboqs,gateway
Dilithium3,verify,38262,0.038262,7.48,0.0,256,1952,3309,937,liboqs,gateway
Dilithium3,verify,37951,0.037951,7.48,0.0,256,1952,3309,938,liboqs,gateway
Dilithium3,verify,39686,0.039686,7.48,0.0,256,1952,3309,939,liboqs,gateway
Dilithium3,verify,38671,0.038671,7.48,0.0,256,1952,3309,940,liboqs,gateway
Dilithium3,verify,40607,0.040607,7.48,0.0,256,1952,3309,941,liboqs,gateway
Dilithium3,verify,38650,0.03865,7.48,0.0,256,1952,3309,942,liboqs,gateway
Dilithium3,verify,38090,0.03809,7.48,0.0,256,1952,3309,943,liboqs,gateway
Dilithium3,verify,38309,0.038309,7.48,0.0,256,1952,3309,944,liboqs,gateway
Dilithium3,verify,37995,0.037995,7.48,0.0,256,1952,3309,945,liboqs,gateway
Dilithium3,verify,38953,0.038953,7.48,0.0,256,1952,3309,946,liboqs,gateway
Dilithium3,verify,38226,0.038226,7.48,0.0,256,1952,3309,947,liboqs,gateway
Dilithium3,verify,38276,0.038276,7.48,0.0,256,1952,3309,948,liboqs,gateway
Dilithium3,verify,37968,0.037968,7.48,0.0,256,1952,3309,949,liboqs,gateway
Dilithium3,verify,38917,0.038917,7.48,0.0,256,1952,3309,950,liboqs,gateway
Dilithium3,verify,37965,0.037965,7.48,0.0,256,1952,3309,951,liboqs,gateway
Dilithium3,verify,38319,0.038319,7.48,0.0,256,1952,3309,952,liboqs,gateway
Dilithium3,verify,39802,0.039802,7.48,0.0,256,1952,3309,953,liboqs,gateway
Dilithium3,verify,49974,0.049974,7.48,0.0,256,1952,3309,954,liboqs,gateway
Dilithium3,verify,41247,0.041247,7.48,0.0,256,1952,3309,955,liboqs,gateway
Dilithium3,verify,39460,0.03946,7.48,0.0,256,1952,3309,956,liboqs,gateway
Dilithium3,verify,38465,0.038465,7.48,0.0,256,1952,3309,957,liboqs,gateway
Dilithium3,verify,40249,0.040249,7.48,0.0,256,1952,3309,958,liboqs,gateway
Dilithium3,verify,38065,0.038065,7.48,0.0,256,1952,3309,959,liboqs,gateway
Dilithium3,verify,38402,0.038402,7.48,0.0,256,1952,3309,960,liboqs,gateway
Dilithium3,verify,38106,0.038106,7.48,0.0,256,1952,3309,961,liboqs,gateway
Dilithium3,verify,41676,0.041676,7.48,0.0,256,1952,3309,962,liboqs,gateway
Dilithium3,verify,39115,0.039115,7.48,0.0,256,1952,3309,963,liboqs,gateway
Dilithium3,verify,39053,0.039053,7.48,0.0,256,1952,3309,964,liboqs,gateway
Dilithium3,verify,39242,0.039242,7.48,0.0,256,1952,3309,965,liboqs,gateway
Dilithium3,verify,38615,0.038615,7.48,0.0,256,1952,3309,966,liboqs,gateway
Dilithium3,verify,38992,0.038992,7.48,0.0,256,1952,3309,967,liboqs,gateway
Dilithium3,verify,41353,0.041353,7.48,0.0,256,1952,3309,968,liboqs,gateway
Dilithium3,verify,39050,0.03905,7.48,0.0,256,1952,3309,969,liboqs,gateway
Dilithium3,verify,38820,0.03882,7.48,0.0,256,1952,3309,970,liboqs,gateway
Dilithium3,verify,39727,0.039727,7.48,0.0,256,1952,3309,971,liboqs,gateway
Dilithium3,verify,38537,0.038537,7.48,0.0,256,1952,3309,972,liboqs,gateway
Dilithium3,verify,38157,0.038157,7.48,0.0,256,1952,3309,973,liboqs,gateway
Dilithium3,verify,38257,0.038257,7.48,0.0,256,1952,3309,974,liboqs,gateway
Dilithium3,verify,38751,0.038751,7.48,0.0,256,1952,3309,975,liboqs,gateway
Dilithium3,verify,42852,0.042852,7.48,0.0,256,1952,3309,976,liboqs,gateway
Dilithium3,verify,51768,0.051768,7.48,0.0,256,1952,3309,977,liboqs,gateway
Dilithium3,verify,46084,0.046084,7.48,0.0,256,1952,3309,978,liboqs,gateway
Dilithium3,verify,40864,0.040864,7.48,0.0,256,1952,3309,979,liboqs,gateway
Dilithium3,verify,42399,0.042399,7.48,0.0,256,1952,3309,980,liboqs,gateway
Dilithium3,verify,39369,0.039369,7.48,0.0,256,1952,3309,981,liboqs,gateway
Dilithium3,verify,38939,0.038939,7.48,0.0,256,1952,3309,982,liboqs,gateway
Dilithium3,verify,38602,0.038602,7.48,0.0,256,1952,3309,983,liboqs,gateway
Dilithium3,verify,38567,0.038567,7.48,0.0,256,1952,3309,984,liboqs,gateway
Dilithium3,verify,40425,0.040425,7.48,0.0,256,1952,3309,985,liboqs,gateway
Dilithium3,verify,38834,0.038834,7.48,0.0,256,1952,3309,986,liboqs,gateway
Dilithium3,verify,39157,0.039157,7.48,0.0,256,1952,3309,987,liboqs,gateway
Dilithium3,verify,39205,0.039205,7.48,0.0,256,1952,3309,988,liboqs,gateway
Dilithium3,verify,40373,0.040373,7.48,0.0,256,1952,3309,989,liboqs,gateway
Dilithium3,verify,37998,0.037998,7.48,0.0,256,1952,3309,990,liboqs,gateway
Dilithium3,verify,38139,0.038139,7.48,0.0,256,1952,3309,991,liboqs,gateway
Dilithium3,verify,38124,0.038124,7.48,0.0,256,1952,3309,992,liboqs,gateway
Dilithium3,verify,38072,0.038072,7.48,0.0,256,1952,3309,993,liboqs,gateway
Dilithium3,verify,39136,0.039136,7.48,0.0,256,1952,3309,994,liboqs,gateway
Dilithium3,verify,48883,0.048883,7.48,0.0,256,1952,3309,995,liboqs,gateway
Dilithium3,verify,44717,0.044717,7.48,0.0,256,1952,3309,996,liboqs,gateway
Dilithium3,verify,39947,0.039947,7.48,0.0,256,1952,3309,997,liboqs,gateway
Dilithium3,verify,40379,0.040379,7.48,0.0,256,1952,3309,998,liboqs,gateway
Dilithium3,verify,38726,0.038726,7.48,0.0,256,1952,3309,999,liboqs,gateway
