scheme,operation,time_ns,time_ms,memory_kb,message_size,key_size,signature_size,iteration,backend,environment
Falcon-512,keygen,3416114,3.416114,4.86,0,897,0,0,liboqs,validator
Falcon-512,keygen,3143107,3.143107,4.86,0,897,0,1,liboqs,validator
Falcon-512,keygen,3623419,3.623419,4.86,0,897,0,2,liboqs,validator
Falcon-512,keygen,8424309,8.424309,4.86,0,897,0,3,liboqs,validator
Falcon-512,keygen,4373527,4.373527,4.86,0,897,0,4,liboqs,validator
Falcon-512,keygen,3403558,3.403558,4.86,0,897,0,5,liboqs,validator
Falcon-512,keygen,3776994,3.776994,4.86,0,897,0,6,liboqs,validator
Falcon-512,keygen,4984362,4.984362,4.86,0,897,0,7,liboqs,validator
Falcon-512,keygen,5082845,5.082845,4.86,0,897,0,8,liboqs,validator
Falcon-512,keygen,3032083,3.032083,4.86,0,897,0,9,liboqs,validator
Falcon-512,keygen,3134114,3.134114,4.86,0,897,0,10,liboqs,validator
Falcon-512,keygen,3299554,3.299554,4.86,0,897,0,11,liboqs,validator
Falcon-512,keygen,3979830,3.97983,4.86,0,897,0,12,liboqs,validator
Falcon-512,keygen,3313070,3.31307,4.86,0,897,0,13,liboqs,validator
Falcon-512,keygen,3461004,3.461004,4.86,0,897,0,14,liboqs,validator
Falcon-512,keygen,3275006,3.275006,4.86,0,897,0,15,liboqs,validator
Falcon-512,keygen,4033023,4.033023,4.86,0,897,0,16,liboqs,validator
Falcon-512,keygen,4372855,4.372855,4.86,0,897,0,17,liboqs,validator
Falcon-512,keygen,3448139,3.448139,4.86,0,897,0,18,liboqs,validator
Falcon-512,keygen,3702534,3.702534,4.86,0,897,0,19,liboqs,validator
Falcon-512,keygen,3373427,3.373427,4.86,0,897,0,20,liboqs,validator
Falcon-512,keygen,5175585,5.175585,4.86,0,897,0,21,liboqs,validator
Falcon-512,keygen,5298633,5.298633,4.86,0,897,0,22,liboqs,validator
Falcon-512,keygen,3190077,3.190077,4.86,0,897,0,23,liboqs,validator
Falcon-512,keygen,13490323,13.490323,4.86,0,897,0,24,liboqs,validator
Falcon-512,keygen,17972684,17.972684,4.86,0,897,0,25,liboqs,validator
Falcon-512,keygen,20590334,20.590334,4.86,0,897,0,26,liboqs,validator
Falcon-512,keygen,16267925,16.267925,4.86,0,897,0,27,liboqs,validator
Falcon-512,keygen,14811116,14.811116,4.86,0,897,0,28,liboqs,validator
Falcon-512,keygen,18238806,18.238806,4.86,0,897,0,29,liboqs,validator
Falcon-512,keygen,14487152,14.487152,4.86,0,897,0,30,liboqs,validator
Falcon-512,keygen,14655452,14.655452,4.86,0,897,0,31,liboqs,validator
Falcon-512,keygen,16740906,16.740906,4.86,0,897,0,32,liboqs,validator
Falcon-512,keygen,16817546,16.817546,4.86,0,897,0,33,liboqs,validator
Falcon-512,keygen,14541392,14.541392,4.86,0,897,0,34,liboqs,validator
Falcon-512,keygen,17252077,17.252077,4.86,0,897,0,35,liboqs,validator
Falcon-512,keygen,14371142,14.371142,4.86,0,897,0,36,liboqs,validator
Falcon-512,keygen,14767205,14.767205,4.86,0,897,0,37,liboqs,validator
Falcon-512,keygen,16678675,16.678675,4.86,0,897,0,38,liboqs,validator
Falcon-512,keygen,15798595,15.798595,4.86,0,897,0,39,liboqs,validator
Falcon-512,keygen,14394020,14.39402,4.86,0,897,0,40,liboqs,validator
Falcon-512,keygen,18408214,18.408214,4.86,0,897,0,41,liboqs,validator
Falcon-512,keygen,23259871,23.259871,4.86,0,897,0,42,liboqs,validator
Falcon-512,keygen,17834171,17.834171,4.86,0,897,0,43,liboqs,validator
Falcon-512,keygen,18305986,18.305986,4.86,0,897,0,44,liboqs,validator
Falcon-512,keygen,13323472,13.323472,4.86,0,897,0,45,liboqs,validator
Falcon-512,keygen,16941636,16.941636,4.86,0,897,0,46,liboqs,validator
Falcon-512,keygen,13081505,13.081505,4.86,0,897,0,47,liboqs,validator
Falcon-512,keygen,22448678,22.448678,4.86,0,897,0,48,liboqs,validator
Falcon-512,keygen,12806978,12.806978,4.86,0,897,0,49,liboqs,validator
Falcon-512,keygen,22047136,22.047136,4.86,0,897,0,50,liboqs,validator
Falcon-512,keygen,13911686,13.911686,4.86,0,897,0,51,liboqs,validator
Falcon-512,keygen,20821047,20.821047,4.86,0,897,0,52,liboqs,validator
Falcon-512,keygen,10582479,10.582479,4.86,0,897,0,53,liboqs,validator
Falcon-512,keygen,3140065,3.140065,4.86,0,897,0,54,liboqs,validator
Falcon-512,keygen,3837876,3.837876,4.86,0,897,0,55,liboqs,validator
Falcon-512,keygen,3730762,3.730762,4.86,0,897,0,56,liboqs,validator
Falcon-512,keygen,3387176,3.387176,4.89,0,897,0,57,liboqs,validator
Falcon-512,keygen,4322486,4.322486,4.86,0,897,0,58,liboqs,validator
Falcon-512,keygen,4076562,4.076562,4.86,0,897,0,59,liboqs,validator
Falcon-512,keygen,4661352,4.661352,4.86,0,897,0,60,liboqs,validator
Falcon-512,keygen,3475522,3.475522,4.86,0,897,0,61,liboqs,validator
Falcon-512,keygen,6100947,6.100947,4.86,0,897,0,62,liboqs,validator
Falcon-512,keygen,3002492,3.002492,4.86,0,897,0,63,liboqs,validator
Falcon-512,keygen,3933684,3.933684,4.86,0,897,0,64,liboqs,validator
Falcon-512,keygen,3320928,3.320928,4.86,0,897,0,65,liboqs,validator
Falcon-512,keygen,3194254,3.194254,4.86,0,897,0,66,liboqs,validator
Falcon-512,keygen,4108816,4.108816,4.86,0,897,0,67,liboqs,validator
Falcon-512,keygen,3199461,3.199461,4.86,0,897,0,68,liboqs,validator
Falcon-512,keygen,6025616,6.025616,4.86,0,897,0,69,liboqs,validator
Falcon-512,keygen,4267175,4.267175,4.86,0,897,0,70,liboqs,validator
Falcon-512,keygen,3537748,3.537748,4.86,0,897,0,71,liboqs,validator
Falcon-512,keygen,3572623,3.572623,4.86,0,897,0,72,liboqs,validator
Falcon-512,keygen,4496373,4.496373,4.86,0,897,0,73,liboqs,validator
Falcon-512,keygen,4331579,4.331579,4.86,0,897,0,74,liboqs,validator
Falcon-512,keygen,5169865,5.169865,4.86,0,897,0,75,liboqs,validator
Falcon-512,keygen,3979476,3.979476,4.86,0,897,0,76,liboqs,validator
Falcon-512,keygen,3188430,3.18843,4.86,0,897,0,77,liboqs,validator
Falcon-512,keygen,3089439,3.089439,4.86,0,897,0,78,liboqs,validator
Falcon-512,keygen,6488455,6.488455,4.86,0,897,0,79,liboqs,validator
Falcon-512,keygen,3825854,3.825854,4.86,0,897,0,80,liboqs,validator
Falcon-512,keygen,3438579,3.438579,4.86,0,897,0,81,liboqs,validator
Falcon-512,keygen,3090231,3.090231,4.86,0,897,0,82,liboqs,validator
Falcon-512,keygen,3678563,3.678563,4.86,0,897,0,83,liboqs,validator
Falcon-512,keygen,3650153,3.650153,4.86,0,897,0,84,liboqs,validator
Falcon-512,keygen,3997532,3.997532,4.86,0,897,0,85,liboqs,validator
Falcon-512,keygen,3654983,3.654983,4.86,0,897,0,86,liboqs,validator
Falcon-512,keygen,4536886,4.536886,4.86,0,897,0,87,liboqs,validator
Falcon-512,keygen,3117189,3.117189,4.86,0,897,0,88,liboqs,validator
Falcon-512,keygen,3035625,3.035625,4.86,0,897,0,89,liboqs,validator
Falcon-512,keygen,4329319,4.329319,4.86,0,897,0,90,liboqs,validator
Falcon-512,keygen,4777093,4.777093,4.86,0,897,0,91,liboqs,validator
Falcon-512,keygen,3016083,3.016083,4.86,0,897,0,92,liboqs,validator
Falcon-512,keygen,4297186,4.297186,4.86,0,897,0,93,liboqs,validator
Falcon-512,keygen,4596936,4.596936,4.86,0,897,0,94,liboqs,validator
Falcon-512,keygen,3400027,3.400027,4.86,0,897,0,95,liboqs,validator
Falcon-512,keygen,3089184,3.089184,4.86,0,897,0,96,liboqs,validator
Falcon-512,keygen,3638334,3.638334,4.86,0,897,0,97,liboqs,validator
Falcon-512,keygen,4225163,4.225163,4.86,0,897,0,98,liboqs,validator
Falcon-512,keygen,3106810,3.10681,4.86,0,897,0,99,liboqs,validator
Falcon-512,keygen,5752737,5.752737,4.86,0,897,0,100,liboqs,validator
Falcon-512,keygen,3113727,3.113727,4.86,0,897,0,101,liboqs,validator
Falcon-512,keygen,3722724,3.722724,4.86,0,897,0,102,liboqs,validator
Falcon-512,keygen,4639312,4.639312,4.86,0,897,0,103,liboqs,validator
Falcon-512,keygen,3852446,3.852446,4.86,0,897,0,104,liboqs,validator
Falcon-512,keygen,3026402,3.026402,4.86,0,897,0,105,liboqs,validator
Falcon-512,keygen,7549248,7.549248,4.86,0,897,0,106,liboqs,validator
Falcon-512,keygen,3537897,3.537897,4.86,0,897,0,107,liboqs,validator
Falcon-512,keygen,5315173,5.315173,4.86,0,897,0,108,liboqs,validator
Falcon-512,keygen,4799285,4.799285,4.86,0,897,0,109,liboqs,validator
Falcon-512,keygen,3008930,3.00893,4.86,0,897,0,110,liboqs,validator
Falcon-512,keygen,3009683,3.009683,4.86,0,897,0,111,liboqs,validator
Falcon-512,keygen,5353008,5.353008,4.86,0,897,0,112,liboqs,validator
Falcon-512,keygen,3754311,3.754311,4.86,0,897,0,113,liboqs,validator
Falcon-512,keygen,3002187,3.002187,4.86,0,897,0,114,liboqs,validator
Falcon-512,keygen,3288676,3.288676,4.86,0,897,0,115,liboqs,validator
Falcon-512,keygen,3364075,3.364075,4.86,0,897,0,116,liboqs,validator
Falcon-512,keygen,3463357,3.463357,4.86,0,897,0,117,liboqs,validator
Falcon-512,keygen,6166727,6.166727,4.86,0,897,0,118,liboqs,validator
Falcon-512,keygen,3510376,3.510376,4.86,0,897,0,119,liboqs,validator
Falcon-512,keygen,3173134,3.173134,4.86,0,897,0,120,liboqs,validator
Falcon-512,keygen,3992006,3.992006,4.86,0,897,0,121,liboqs,validator
Falcon-512,keygen,4190122,4.190122,4.86,0,897,0,122,liboqs,validator
Falcon-512,keygen,3731392,3.731392,4.86,0,897,0,123,liboqs,validator
Falcon-512,keygen,3054666,3.054666,4.86,0,897,0,124,liboqs,validator
Falcon-512,keygen,3321305,3.321305,4.86,0,897,0,125,liboqs,validator
Falcon-512,keygen,3562757,3.562757,4.86,0,897,0,126,liboqs,validator
Falcon-512,keygen,3308984,3.308984,4.86,0,897,0,127,liboqs,validator
Falcon-512,keygen,3457011,3.457011,4.86,0,897,0,128,liboqs,validator
Falcon-512,keygen,3243532,3.243532,4.86,0,897,0,129,liboqs,validator
Falcon-512,keygen,4014854,4.014854,4.86,0,897,0,130,liboqs,validator
Falcon-512,keygen,3484363,3.484363,4.86,0,897,0,131,liboqs,validator
Falcon-512,keygen,3448890,3.44889,4.86,0,897,0,132,liboqs,validator
Falcon-512,keygen,3189879,3.189879,4.86,0,897,0,133,liboqs,validator
Falcon-512,keygen,4918343,4.918343,4.86,0,897,0,134,liboqs,validator
Falcon-512,keygen,4166704,4.166704,4.86,0,897,0,135,liboqs,validator
Falcon-512,keygen,3294987,3.294987,4.86,0,897,0,136,liboqs,validator
Falcon-512,keygen,3093331,3.093331,4.86,0,897,0,137,liboqs,validator
Falcon-512,keygen,3356347,3.356347,4.86,0,897,0,138,liboqs,validator
Falcon-512,keygen,3615457,3.615457,4.86,0,897,0,139,liboqs,validator
Falcon-512,keygen,3274640,3.27464,4.86,0,897,0,140,liboqs,validator
Falcon-512,keygen,3467466,3.467466,4.86,0,897,0,141,liboqs,validator
Falcon-512,keygen,3085844,3.085844,4.86,0,897,0,142,liboqs,validator
Falcon-512,keygen,4739072,4.739072,4.86,0,897,0,143,liboqs,validator
Falcon-512,keygen,3533608,3.533608,4.86,0,897,0,144,liboqs,validator
Falcon-512,keygen,5422266,5.422266,4.86,0,897,0,145,liboqs,validator
Falcon-512,keygen,4570866,4.570866,4.86,0,897,0,146,liboqs,validator
Falcon-512,keygen,4141802,4.141802,4.86,0,897,0,147,liboqs,validator
Falcon-512,keygen,3245120,3.24512,4.86,0,897,0,148,liboqs,validator
Falcon-512,keygen,5705478,5.705478,4.86,0,897,0,149,liboqs,validator
Falcon-512,keygen,4506727,4.506727,4.86,0,897,0,150,liboqs,validator
Falcon-512,keygen,3689190,3.68919,4.86,0,897,0,151,liboqs,validator
Falcon-512,keygen,4135150,4.13515,4.86,0,897,0,152,liboqs,validator
Falcon-512,keygen,3116329,3.116329,4.86,0,897,0,153,liboqs,validator
Falcon-512,keygen,3315718,3.315718,4.86,0,897,0,154,liboqs,validator
Falcon-512,keygen,7121106,7.121106,4.86,0,897,0,155,liboqs,validator
Falcon-512,keygen,4856973,4.856973,4.86,0,897,0,156,liboqs,validator
Falcon-512,keygen,5400943,5.400943,4.86,0,897,0,157,liboqs,validator
Falcon-512,keygen,3385767,3.385767,4.86,0,897,0,158,liboqs,validator
Falcon-512,keygen,3454587,3.454587,4.86,0,897,0,159,liboqs,validator
Falcon-512,keygen,3022790,3.02279,4.86,0,897,0,160,liboqs,validator
Falcon-512,keygen,4906150,4.90615,4.86,0,897,0,161,liboqs,validator
Falcon-512,keygen,4640620,4.64062,4.86,0,897,0,162,liboqs,validator
Falcon-512,keygen,3351596,3.351596,4.86,0,897,0,163,liboqs,validator
Falcon-512,keygen,3762024,3.762024,4.86,0,897,0,164,liboqs,validator
Falcon-512,keygen,3097205,3.097205,4.86,0,897,0,165,liboqs,validator
Falcon-512,keygen,3278553,3.278553,4.86,0,897,0,166,liboqs,validator
Falcon-512,keygen,4118639,4.118639,4.86,0,897,0,167,liboqs,validator
Falcon-512,keygen,3318751,3.318751,4.86,0,897,0,168,liboqs,validator
Falcon-512,keygen,6846771,6.846771,4.86,0,897,0,169,liboqs,validator
Falcon-512,keygen,3523915,3.523915,4.86,0,897,0,170,liboqs,validator
Falcon-512,keygen,3043543,3.043543,4.86,0,897,0,171,liboqs,validator
Falcon-512,keygen,6111635,6.111635,4.86,0,897,0,172,liboqs,validator
Falcon-512,keygen,4168208,4.168208,4.86,0,897,0,173,liboqs,validator
Falcon-512,keygen,3093855,3.093855,4.86,0,897,0,174,liboqs,validator
Falcon-512,keygen,3112685,3.112685,4.86,0,897,0,175,liboqs,validator
Falcon-512,keygen,4448001,4.448001,4.86,0,897,0,176,liboqs,validator
Falcon-512,keygen,3525181,3.525181,4.86,0,897,0,177,liboqs,validator
Falcon-512,keygen,4383212,4.383212,4.86,0,897,0,178,liboqs,validator
Falcon-512,keygen,3456085,3.456085,4.86,0,897,0,179,liboqs,validator
Falcon-512,keygen,3090995,3.090995,4.86,0,897,0,180,liboqs,validator
Falcon-512,keygen,3256604,3.256604,4.86,0,897,0,181,liboqs,validator
Falcon-512,keygen,5162914,5.162914,4.86,0,897,0,182,liboqs,validator
Falcon-512,keygen,3589237,3.589237,4.86,0,897,0,183,liboqs,validator
Falcon-512,keygen,3934353,3.934353,4.86,0,897,0,184,liboqs,validator
Falcon-512,keygen,4610069,4.610069,4.86,0,897,0,185,liboqs,validator
Falcon-512,keygen,5255109,5.255109,4.86,0,897,0,186,liboqs,validator
Falcon-512,keygen,3328247,3.328247,4.86,0,897,0,187,liboqs,validator
Falcon-512,keygen,4603776,4.603776,4.86,0,897,0,188,liboqs,validator
Falcon-512,keygen,3193176,3.193176,4.86,0,897,0,189,liboqs,validator
Falcon-512,keygen,3127576,3.127576,4.86,0,897,0,190,liboqs,validator
Falcon-512,keygen,4250182,4.250182,4.86,0,897,0,191,liboqs,validator
Falcon-512,keygen,4511565,4.511565,4.86,0,897,0,192,liboqs,validator
Falcon-512,keygen,7258713,7.258713,4.86,0,897,0,193,liboqs,validator
Falcon-512,keygen,3316031,3.316031,9.52,0,897,0,194,liboqs,validator
Falcon-512,keygen,3656188,3.656188,7.44,0,897,0,195,liboqs,validator
Falcon-512,keygen,5320594,5.320594,4.86,0,897,0,196,liboqs,validator
Falcon-512,keygen,3576615,3.576615,4.86,0,897,0,197,liboqs,validator
Falcon-512,keygen,3555598,3.555598,4.86,0,897,0,198,liboqs,validator
Falcon-512,keygen,4665166,4.665166,4.86,0,897,0,199,liboqs,validator
Falcon-512,keygen,6203984,6.203984,4.86,0,897,0,200,liboqs,validator
Falcon-512,keygen,3097605,3.097605,4.86,0,897,0,201,liboqs,validator
Falcon-512,keygen,3975902,3.975902,4.86,0,897,0,202,liboqs,validator
Falcon-512,keygen,3836964,3.836964,4.86,0,897,0,203,liboqs,validator
Falcon-512,keygen,3846162,3.846162,4.86,0,897,0,204,liboqs,validator
Falcon-512,keygen,3400851,3.400851,4.86,0,897,0,205,liboqs,validator
Falcon-512,keygen,4871114,4.871114,4.86,0,897,0,206,liboqs,validator
Falcon-512,keygen,3738415,3.738415,4.86,0,897,0,207,liboqs,validator
Falcon-512,keygen,4195530,4.19553,4.86,0,897,0,208,liboqs,validator
Falcon-512,keygen,4237711,4.237711,4.86,0,897,0,209,liboqs,validator
Falcon-512,keygen,4077754,4.077754,4.86,0,897,0,210,liboqs,validator
Falcon-512,keygen,3257519,3.257519,4.86,0,897,0,211,liboqs,validator
Falcon-512,keygen,3381283,3.381283,4.86,0,897,0,212,liboqs,validator
Falcon-512,keygen,3169656,3.169656,4.86,0,897,0,213,liboqs,validator
Falcon-512,keygen,3028351,3.028351,4.86,0,897,0,214,liboqs,validator
Falcon-512,keygen,3593761,3.593761,4.86,0,897,0,215,liboqs,validator
Falcon-512,keygen,3972097,3.972097,4.86,0,897,0,216,liboqs,validator
Falcon-512,keygen,3248966,3.248966,4.86,0,897,0,217,liboqs,validator
Falcon-512,keygen,3191441,3.191441,4.86,0,897,0,218,liboqs,validator
Falcon-512,keygen,3617141,3.617141,4.86,0,897,0,219,liboqs,validator
Falcon-512,keygen,3746035,3.746035,4.86,0,897,0,220,liboqs,validator
Falcon-512,keygen,3976498,3.976498,4.86,0,897,0,221,liboqs,validator
Falcon-512,keygen,3130311,3.130311,4.86,0,897,0,222,liboqs,validator
Falcon-512,keygen,3130856,3.130856,4.86,0,897,0,223,liboqs,validator
Falcon-512,keygen,4720766,4.720766,4.86,0,897,0,224,liboqs,validator
Falcon-512,keygen,4178305,4.178305,4.86,0,897,0,225,liboqs,validator
Falcon-512,keygen,3236241,3.236241,4.86,0,897,0,226,liboqs,validator
Falcon-512,keygen,3446198,3.446198,4.86,0,897,0,227,liboqs,validator
Falcon-512,keygen,3719796,3.719796,4.86,0,897,0,228,liboqs,validator
Falcon-512,keygen,3353121,3.353121,4.86,0,897,0,229,liboqs,validator
Falcon-512,keygen,3209042,3.209042,4.86,0,897,0,230,liboqs,validator
Falcon-512,keygen,3343789,3.343789,4.86,0,897,0,231,liboqs,validator
Falcon-512,keygen,3375165,3.375165,4.86,0,897,0,232,liboqs,validator
Falcon-512,keygen,5474932,5.474932,4.86,0,897,0,233,liboqs,validator
Falcon-512,keygen,3208349,3.208349,4.86,0,897,0,234,liboqs,validator
Falcon-512,keygen,6136102,6.136102,4.86,0,897,0,235,liboqs,validator
Falcon-512,keygen,3085530,3.08553,4.86,0,897,0,236,liboqs,validator
Falcon-512,keygen,2977916,2.977916,4.86,0,897,0,237,liboqs,validator
Falcon-512,keygen,4444749,4.444749,4.86,0,897,0,238,liboqs,validator
Falcon-512,keygen,3526605,3.526605,4.86,0,897,0,239,liboqs,validator
Falcon-512,keygen,3192310,3.19231,4.86,0,897,0,240,liboqs,validator
Falcon-512,keygen,2983049,2.983049,4.86,0,897,0,241,liboqs,validator
Falcon-512,keygen,4316677,4.316677,4.86,0,897,0,242,liboqs,validator
Falcon-512,keygen,3661625,3.661625,4.86,0,897,0,243,liboqs,validator
Falcon-512,keygen,3549139,3.549139,4.86,0,897,0,244,liboqs,validator
Falcon-512,keygen,3851512,3.851512,4.86,0,897,0,245,liboqs,validator
Falcon-512,keygen,4595133,4.595133,4.86,0,897,0,246,liboqs,validator
Falcon-512,keygen,3200422,3.200422,4.86,0,897,0,247,liboqs,validator
Falcon-512,keygen,4682027,4.682027,4.86,0,897,0,248,liboqs,validator
Falcon-512,keygen,6465366,6.465366,4.86,0,897,0,249,liboqs,validator
Falcon-512,keygen,5594411,5.594411,4.86,0,897,0,250,liboqs,validator
Falcon-512,keygen,3080486,3.080486,4.86,0,897,0,251,liboqs,validator
Falcon-512,keygen,5384347,5.384347,4.86,0,897,0,252,liboqs,validator
Falcon-512,keygen,6399266,6.399266,4.86,0,897,0,253,liboqs,validator
Falcon-512,keygen,3966420,3.96642,4.86,0,897,0,254,liboqs,validator
Falcon-512,keygen,3079561,3.079561,4.86,0,897,0,255,liboqs,validator
Falcon-512,keygen,4439135,4.439135,4.86,0,897,0,256,liboqs,validator
Falcon-512,keygen,3919260,3.91926,4.86,0,897,0,257,liboqs,validator
Falcon-512,keygen,4010639,4.010639,4.86,0,897,0,258,liboqs,validator
Falcon-512,keygen,8967994,8.967994,4.86,0,897,0,259,liboqs,validator
Falcon-512,keygen,3285686,3.285686,4.86,0,897,0,260,liboqs,validator
Falcon-512,keygen,3485078,3.485078,4.86,0,897,0,261,liboqs,validator
Falcon-512,keygen,3441184,3.441184,4.86,0,897,0,262,liboqs,validator
Falcon-512,keygen,3187841,3.187841,4.86,0,897,0,263,liboqs,validator
Falcon-512,keygen,6183278,6.183278,4.86,0,897,0,264,liboqs,validator
Falcon-512,keygen,3034279,3.034279,4.86,0,897,0,265,liboqs,validator
Falcon-512,keygen,4268171,4.268171,4.86,0,897,0,266,liboqs,validator
Falcon-512,keygen,3129879,3.129879,4.86,0,897,0,267,liboqs,validator
Falcon-512,keygen,4186586,4.186586,4.86,0,897,0,268,liboqs,validator
Falcon-512,keygen,3957540,3.95754,4.86,0,897,0,269,liboqs,validator
Falcon-512,keygen,4897457,4.897457,4.86,0,897,0,270,liboqs,validator
Falcon-512,keygen,3304702,3.304702,4.86,0,897,0,271,liboqs,validator
Falcon-512,keygen,3678689,3.678689,4.86,0,897,0,272,liboqs,validator
Falcon-512,keygen,6791892,6.791892,4.86,0,897,0,273,liboqs,validator
Falcon-512,keygen,4010044,4.010044,4.86,0,897,0,274,liboqs,validator
Falcon-512,keygen,4107335,4.107335,4.86,0,897,0,275,liboqs,validator
Falcon-512,keygen,3017699,3.017699,4.86,0,897,0,276,liboqs,validator
Falcon-512,keygen,4024648,4.024648,4.86,0,897,0,277,liboqs,validator
Falcon-512,keygen,3380369,3.380369,4.86,0,897,0,278,liboqs,validator
Falcon-512,keygen,4215440,4.21544,4.86,0,897,0,279,liboqs,validator
Falcon-512,keygen,3630805,3.630805,4.86,0,897,0,280,liboqs,validator
Falcon-512,keygen,3180735,3.180735,4.86,0,897,0,281,liboqs,validator
Falcon-512,keygen,3464621,3.464621,4.86,0,897,0,282,liboqs,validator
Falcon-512,keygen,4076662,4.076662,4.86,0,897,0,283,liboqs,validator
Falcon-512,keygen,3647706,3.647706,4.86,0,897,0,284,liboqs,validator
Falcon-512,keygen,3092313,3.092313,4.86,0,897,0,285,liboqs,validator
Falcon-512,keygen,5067835,5.067835,4.86,0,897,0,286,liboqs,validator
Falcon-512,keygen,3385830,3.38583,4.86,0,897,0,287,liboqs,validator
Falcon-512,keygen,4064339,4.064339,4.86,0,897,0,288,liboqs,validator
Falcon-512,keygen,3117904,3.117904,4.86,0,897,0,289,liboqs,validator
Falcon-512,keygen,5362454,5.362454,4.86,0,897,0,290,liboqs,validator
Falcon-512,keygen,3332124,3.332124,4.86,0,897,0,291,liboqs,validator
Falcon-512,keygen,3284482,3.284482,4.86,0,897,0,292,liboqs,validator
Falcon-512,keygen,3174020,3.17402,4.86,0,897,0,293,liboqs,validator
Falcon-512,keygen,2987291,2.987291,4.86,0,897,0,294,liboqs,validator
Falcon-512,keygen,2987967,2.987967,4.86,0,897,0,295,liboqs,validator
Falcon-512,keygen,5640888,5.640888,4.86,0,897,0,296,liboqs,validator
Falcon-512,keygen,6815753,6.815753,4.86,0,897,0,297,liboqs,validator
Falcon-512,keygen,3306857,3.306857,4.86,0,897,0,298,liboqs,validator
Falcon-512,keygen,3587639,3.587639,4.86,0,897,0,299,liboqs,validator
Falcon-512,keygen,3010776,3.010776,4.86,0,897,0,300,liboqs,validator
Falcon-512,keygen,3786117,3.786117,4.86,0,897,0,301,liboqs,validator
Falcon-512,keygen,8051581,8.051581,4.86,0,897,0,302,liboqs,validator
Falcon-512,keygen,4020773,4.020773,4.86,0,897,0,303,liboqs,validator
Falcon-512,keygen,3301885,3.301885,4.86,0,897,0,304,liboqs,validator
Falcon-512,keygen,3801017,3.801017,4.86,0,897,0,305,liboqs,validator
Falcon-512,keygen,8004871,8.004871,4.86,0,897,0,306,liboqs,validator
Falcon-512,keygen,4601818,4.601818,4.86,0,897,0,307,liboqs,validator
Falcon-512,keygen,6089388,6.089388,4.86,0,897,0,308,liboqs,validator
Falcon-512,keygen,6624538,6.624538,4.86,0,897,0,309,liboqs,validator
Falcon-512,keygen,7552577,7.552577,4.86,0,897,0,310,liboqs,validator
Falcon-512,keygen,10825921,10.825921,4.86,0,897,0,311,liboqs,validator
Falcon-512,keygen,12484277,12.484277,4.86,0,897,0,312,liboqs,validator
Falcon-512,keygen,16475067,16.475067,4.86,0,897,0,313,liboqs,validator
Falcon-512,keygen,27101079,27.101079,4.86,0,897,0,314,liboqs,validator
Falcon-512,keygen,15955912,15.955912,4.86,0,897,0,315,liboqs,validator
Falcon-512,keygen,15191284,15.191284,4.86,0,897,0,316,liboqs,validator
Falcon-512,keygen,13411184,13.411184,4.86,0,897,0,317,liboqs,validator
Falcon-512,keygen,19241754,19.241754,4.86,0,897,0,318,liboqs,validator
Falcon-512,keygen,20094941,20.094941,4.86,0,897,0,319,liboqs,validator
Falcon-512,keygen,4526415,4.526415,4.86,0,897,0,320,liboqs,validator
Falcon-512,keygen,7704791,7.704791,4.86,0,897,0,321,liboqs,validator
Falcon-512,keygen,3168226,3.168226,4.86,0,897,0,322,liboqs,validator
Falcon-512,keygen,3221951,3.221951,4.86,0,897,0,323,liboqs,validator
Falcon-512,keygen,4109090,4.10909,4.86,0,897,0,324,liboqs,validator
Falcon-512,keygen,15847941,15.847941,4.86,0,897,0,325,liboqs,validator
Falcon-512,keygen,19063731,19.063731,4.86,0,897,0,326,liboqs,validator
Falcon-512,keygen,7247018,7.247018,4.86,0,897,0,327,liboqs,validator
Falcon-512,keygen,6456929,6.456929,4.86,0,897,0,328,liboqs,validator
Falcon-512,keygen,10126818,10.126818,4.86,0,897,0,329,liboqs,validator
Falcon-512,keygen,6550727,6.550727,4.86,0,897,0,330,liboqs,validator
Falcon-512,keygen,7758728,7.758728,4.86,0,897,0,331,liboqs,validator
Falcon-512,keygen,6210328,6.210328,4.86,0,897,0,332,liboqs,validator
Falcon-512,keygen,6424853,6.424853,4.86,0,897,0,333,liboqs,validator
Falcon-512,keygen,11527620,11.52762,4.86,0,897,0,334,liboqs,validator
Falcon-512,keygen,19540176,19.540176,4.86,0,897,0,335,liboqs,validator
Falcon-512,keygen,22442325,22.442325,4.86,0,897,0,336,liboqs,validator
Falcon-512,keygen,16677138,16.677138,4.86,0,897,0,337,liboqs,validator
Falcon-512,keygen,16027859,16.027859,4.86,0,897,0,338,liboqs,validator
Falcon-512,keygen,13802964,13.802964,4.86,0,897,0,339,liboqs,validator
Falcon-512,keygen,14081900,14.0819,4.86,0,897,0,340,liboqs,validator
Falcon-512,keygen,20490588,20.490588,4.86,0,897,0,341,liboqs,validator
Falcon-512,keygen,15773577,15.773577,4.86,0,897,0,342,liboqs,validator
Falcon-512,keygen,5088585,5.088585,4.86,0,897,0,343,liboqs,validator
Falcon-512,keygen,4041543,4.041543,4.86,0,897,0,344,liboqs,validator
Falcon-512,keygen,6469175,6.469175,4.86,0,897,0,345,liboqs,validator
Falcon-512,keygen,3035179,3.035179,4.86,0,897,0,346,liboqs,validator
Falcon-512,keygen,3794663,3.794663,4.86,0,897,0,347,liboqs,validator
Falcon-512,keygen,3128973,3.128973,4.86,0,897,0,348,liboqs,validator
Falcon-512,keygen,3188642,3.188642,4.86,0,897,0,349,liboqs,validator
Falcon-512,keygen,3094735,3.094735,4.86,0,897,0,350,liboqs,validator
Falcon-512,keygen,4079144,4.079144,4.86,0,897,0,351,liboqs,validator
Falcon-512,keygen,4170581,4.170581,4.86,0,897,0,352,liboqs,validator
Falcon-512,keygen,2997287,2.997287,4.86,0,897,0,353,liboqs,validator
Falcon-512,keygen,2981305,2.981305,4.86,0,897,0,354,liboqs,validator
Falcon-512,keygen,3411571,3.411571,4.86,0,897,0,355,liboqs,validator
Falcon-512,keygen,3048675,3.048675,4.86,0,897,0,356,liboqs,validator
Falcon-512,keygen,4049383,4.049383,4.86,0,897,0,357,liboqs,validator
Falcon-512,keygen,4033490,4.03349,4.86,0,897,0,358,liboqs,validator
Falcon-512,keygen,3195060,3.19506,4.86,0,897,0,359,liboqs,validator
Falcon-512,keygen,3378849,3.378849,4.86,0,897,0,360,liboqs,validator
Falcon-512,keygen,4929999,4.929999,4.86,0,897,0,361,liboqs,validator
Falcon-512,keygen,5732999,5.732999,4.86,0,897,0,362,liboqs,validator
Falcon-512,keygen,3369703,3.369703,4.86,0,897,0,363,liboqs,validator
Falcon-512,keygen,6201962,6.201962,4.86,0,897,0,364,liboqs,validator
Falcon-512,keygen,3639114,3.639114,4.86,0,897,0,365,liboqs,validator
Falcon-512,keygen,3177232,3.177232,4.86,0,897,0,366,liboqs,validator
Falcon-512,keygen,3569936,3.569936,4.86,0,897,0,367,liboqs,validator
Falcon-512,keygen,3182923,3.182923,4.86,0,897,0,368,liboqs,validator
Falcon-512,keygen,3813398,3.813398,4.86,0,897,0,369,liboqs,validator
Falcon-512,keygen,4631075,4.631075,4.86,0,897,0,370,liboqs,validator
Falcon-512,keygen,3765356,3.765356,4.86,0,897,0,371,liboqs,validator
Falcon-512,keygen,3362558,3.362558,4.86,0,897,0,372,liboqs,validator
Falcon-512,keygen,4855170,4.85517,4.86,0,897,0,373,liboqs,validator
Falcon-512,keygen,3468120,3.46812,4.86,0,897,0,374,liboqs,validator
Falcon-512,keygen,3811508,3.811508,4.86,0,897,0,375,liboqs,validator
Falcon-512,keygen,7869593,7.869593,4.86,0,897,0,376,liboqs,validator
Falcon-512,keygen,4465246,4.465246,4.86,0,897,0,377,liboqs,validator
Falcon-512,keygen,3294511,3.294511,4.86,0,897,0,378,liboqs,validator
Falcon-512,keygen,4469138,4.469138,4.86,0,897,0,379,liboqs,validator
Falcon-512,keygen,4082653,4.082653,4.86,0,897,0,380,liboqs,validator
Falcon-512,keygen,4426771,4.426771,4.86,0,897,0,381,liboqs,validator
Falcon-512,keygen,3000301,3.000301,4.86,0,897,0,382,liboqs,validator
Falcon-512,keygen,5181511,5.181511,4.86,0,897,0,383,liboqs,validator
Falcon-512,keygen,3492374,3.492374,4.86,0,897,0,384,liboqs,validator
Falcon-512,keygen,3615028,3.615028,4.86,0,897,0,385,liboqs,validator
Falcon-512,keygen,3293120,3.29312,4.86,0,897,0,386,liboqs,validator
Falcon-512,keygen,6459694,6.459694,4.86,0,897,0,387,liboqs,validator
Falcon-512,keygen,4784310,4.78431,4.86,0,897,0,388,liboqs,validator
Falcon-512,keygen,3326887,3.326887,4.86,0,897,0,389,liboqs,validator
Falcon-512,keygen,4926442,4.926442,4.86,0,897,0,390,liboqs,validator
Falcon-512,keygen,6109676,6.109676,4.86,0,897,0,391,liboqs,validator
Falcon-512,keygen,3772670,3.77267,4.86,0,897,0,392,liboqs,validator
Falcon-512,keygen,3157518,3.157518,4.86,0,897,0,393,liboqs,validator
Falcon-512,keygen,3518240,3.51824,4.86,0,897,0,394,liboqs,validator
Falcon-512,keygen,3221540,3.22154,4.86,0,897,0,395,liboqs,validator
Falcon-512,keygen,4023282,4.023282,4.86,0,897,0,396,liboqs,validator
Falcon-512,keygen,4019022,4.019022,4.86,0,897,0,397,liboqs,validator
Falcon-512,keygen,6292507,6.292507,4.86,0,897,0,398,liboqs,validator
Falcon-512,keygen,3555926,3.555926,4.86,0,897,0,399,liboqs,validator
Falcon-512,keygen,3447886,3.447886,4.86,0,897,0,400,liboqs,validator
Falcon-512,keygen,4274256,4.274256,4.86,0,897,0,401,liboqs,validator
Falcon-512,keygen,3733656,3.733656,4.86,0,897,0,402,liboqs,validator
Falcon-512,keygen,4619230,4.61923,4.86,0,897,0,403,liboqs,validator
Falcon-512,keygen,4002226,4.002226,4.86,0,897,0,404,liboqs,validator
Falcon-512,keygen,2989716,2.989716,4.86,0,897,0,405,liboqs,validator
Falcon-512,keygen,2993514,2.993514,4.86,0,897,0,406,liboqs,validator
Falcon-512,keygen,3059845,3.059845,4.86,0,897,0,407,liboqs,validator
Falcon-512,keygen,3439966,3.439966,4.86,0,897,0,408,liboqs,validator
Falcon-512,keygen,4944134,4.944134,4.86,0,897,0,409,liboqs,validator
Falcon-512,keygen,4002706,4.002706,4.86,0,897,0,410,liboqs,validator
Falcon-512,keygen,3696964,3.696964,4.86,0,897,0,411,liboqs,validator
Falcon-512,keygen,4412688,4.412688,4.86,0,897,0,412,liboqs,validator
Falcon-512,keygen,3639811,3.639811,4.86,0,897,0,413,liboqs,validator
Falcon-512,keygen,3400023,3.400023,4.86,0,897,0,414,liboqs,validator
Falcon-512,keygen,3577025,3.577025,4.86,0,897,0,415,liboqs,validator
Falcon-512,keygen,3926038,3.926038,4.86,0,897,0,416,liboqs,validator
Falcon-512,keygen,3687408,3.687408,4.86,0,897,0,417,liboqs,validator
Falcon-512,keygen,4463343,4.463343,4.86,0,897,0,418,liboqs,validator
Falcon-512,keygen,3386976,3.386976,4.86,0,897,0,419,liboqs,validator
Falcon-512,keygen,4386498,4.386498,4.86,0,897,0,420,liboqs,validator
Falcon-512,keygen,3102623,3.102623,4.86,0,897,0,421,liboqs,validator
Falcon-512,keygen,3094756,3.094756,4.86,0,897,0,422,liboqs,validator
Falcon-512,keygen,3543788,3.543788,4.86,0,897,0,423,liboqs,validator
Falcon-512,keygen,3814111,3.814111,4.86,0,897,0,424,liboqs,validator
Falcon-512,keygen,3083753,3.083753,4.86,0,897,0,425,liboqs,validator
Falcon-512,keygen,3265254,3.265254,4.86,0,897,0,426,liboqs,validator
Falcon-512,keygen,4573255,4.573255,4.86,0,897,0,427,liboqs,validator
Falcon-512,keygen,3867331,3.867331,4.86,0,897,0,428,liboqs,validator
Falcon-512,keygen,3918748,3.918748,4.86,0,897,0,429,liboqs,validator
Falcon-512,keygen,3019643,3.019643,4.86,0,897,0,430,liboqs,validator
Falcon-512,keygen,5709259,5.709259,4.86,0,897,0,431,liboqs,validator
Falcon-512,keygen,3654669,3.654669,4.86,0,897,0,432,liboqs,validator
Falcon-512,keygen,4012219,4.012219,4.86,0,897,0,433,liboqs,validator
Falcon-512,keygen,3050173,3.050173,4.86,0,897,0,434,liboqs,validator
Falcon-512,keygen,3675171,3.675171,4.86,0,897,0,435,liboqs,validator
Falcon-512,keygen,3587139,3.587139,4.86,0,897,0,436,liboqs,validator
Falcon-512,keygen,3149436,3.149436,4.86,0,897,0,437,liboqs,validator
Falcon-512,keygen,3657848,3.657848,4.86,0,897,0,438,liboqs,validator
Falcon-512,keygen,4018309,4.018309,4.86,0,897,0,439,liboqs,validator
Falcon-512,keygen,2980508,2.980508,4.86,0,897,0,440,liboqs,validator
Falcon-512,keygen,3169630,3.16963,4.86,0,897,0,441,liboqs,validator
Falcon-512,keygen,3267231,3.267231,4.86,0,897,0,442,liboqs,validator
Falcon-512,keygen,3456980,3.45698,4.86,0,897,0,443,liboqs,validator
Falcon-512,keygen,3177917,3.177917,4.86,0,897,0,444,liboqs,validator
Falcon-512,keygen,3881973,3.881973,4.86,0,897,0,445,liboqs,validator
Falcon-512,keygen,4557146,4.557146,4.86,0,897,0,446,liboqs,validator
Falcon-512,keygen,3955907,3.955907,4.86,0,897,0,447,liboqs,validator
Falcon-512,keygen,3741952,3.741952,4.86,0,897,0,448,liboqs,validator
Falcon-512,keygen,3159502,3.159502,4.86,0,897,0,449,liboqs,validator
Falcon-512,keygen,4126760,4.12676,4.86,0,897,0,450,liboqs,validator
Falcon-512,keygen,3223671,3.223671,4.86,0,897,0,451,liboqs,validator
Falcon-512,keygen,4202899,4.202899,4.86,0,897,0,452,liboqs,validator
Falcon-512,keygen,5122702,5.122702,4.86,0,897,0,453,liboqs,validator
Falcon-512,keygen,3400036,3.400036,4.86,0,897,0,454,liboqs,validator
Falcon-512,keygen,3501386,3.501386,4.86,0,897,0,455,liboqs,validator
Falcon-512,keygen,3930753,3.930753,4.86,0,897,0,456,liboqs,validator
Falcon-512,keygen,5308458,5.308458,4.86,0,897,0,457,liboqs,validator
Falcon-512,keygen,3294233,3.294233,4.86,0,897,0,458,liboqs,validator
Falcon-512,keygen,3409732,3.409732,4.86,0,897,0,459,liboqs,validator
Falcon-512,keygen,4204845,4.204845,4.86,0,897,0,460,liboqs,validator
Falcon-512,keygen,3609897,3.609897,4.86,0,897,0,461,liboqs,validator
Falcon-512,keygen,4453823,4.453823,4.86,0,897,0,462,liboqs,validator
Falcon-512,keygen,3294900,3.2949,4.86,0,897,0,463,liboqs,validator
Falcon-512,keygen,3721351,3.721351,4.86,0,897,0,464,liboqs,validator
Falcon-512,keygen,3682760,3.68276,4.86,0,897,0,465,liboqs,validator
Falcon-512,keygen,4532292,4.532292,4.86,0,897,0,466,liboqs,validator
Falcon-512,keygen,3578886,3.578886,4.86,0,897,0,467,liboqs,validator
Falcon-512,keygen,4452961,4.452961,4.86,0,897,0,468,liboqs,validator
Falcon-512,keygen,3272015,3.272015,4.86,0,897,0,469,liboqs,validator
Falcon-512,keygen,3031295,3.031295,4.86,0,897,0,470,liboqs,validator
Falcon-512,keygen,3378599,3.378599,4.86,0,897,0,471,liboqs,validator
Falcon-512,keygen,3639524,3.639524,4.86,0,897,0,472,liboqs,validator
Falcon-512,keygen,3974876,3.974876,4.86,0,897,0,473,liboqs,validator
Falcon-512,keygen,4096478,4.096478,4.86,0,897,0,474,liboqs,validator
Falcon-512,keygen,3273165,3.273165,4.86,0,897,0,475,liboqs,validator
Falcon-512,keygen,3423177,3.423177,4.86,0,897,0,476,liboqs,validator
Falcon-512,keygen,3093015,3.093015,4.86,0,897,0,477,liboqs,validator
Falcon-512,keygen,3612377,3.612377,4.86,0,897,0,478,liboqs,validator
Falcon-512,keygen,3154247,3.154247,4.86,0,897,0,479,liboqs,validator
Falcon-512,keygen,3663380,3.66338,4.86,0,897,0,480,liboqs,validator
Falcon-512,keygen,8092548,8.092548,4.86,0,897,0,481,liboqs,validator
Falcon-512,keygen,3315665,3.315665,4.86,0,897,0,482,liboqs,validator
Falcon-512,keygen,3275694,3.275694,4.86,0,897,0,483,liboqs,validator
Falcon-512,keygen,3929328,3.929328,4.86,0,897,0,484,liboqs,validator
Falcon-512,keygen,2999194,2.999194,4.86,0,897,0,485,liboqs,validator
Falcon-512,keygen,3281515,3.281515,4.86,0,897,0,486,liboqs,validator
Falcon-512,keygen,3615808,3.615808,4.86,0,897,0,487,liboqs,validator
Falcon-512,keygen,3629088,3.629088,4.86,0,897,0,488,liboqs,validator
Falcon-512,keygen,5460817,5.460817,4.86,0,897,0,489,liboqs,validator
Falcon-512,keygen,3242644,3.242644,4.86,0,897,0,490,liboqs,validator
Falcon-512,keygen,4922770,4.92277,4.86,0,897,0,491,liboqs,validator
Falcon-512,keygen,5187435,5.187435,4.86,0,897,0,492,liboqs,validator
Falcon-512,keygen,2994684,2.994684,4.86,0,897,0,493,liboqs,validator
Falcon-512,keygen,4097346,4.097346,4.86,0,897,0,494,liboqs,validator
Falcon-512,keygen,4578784,4.578784,4.86,0,897,0,495,liboqs,validator
Falcon-512,keygen,3180793,3.180793,4.86,0,897,0,496,liboqs,validator
Falcon-512,keygen,3088665,3.088665,4.86,0,897,0,497,liboqs,validator
Falcon-512,keygen,3087133,3.087133,4.86,0,897,0,498,liboqs,validator
Falcon-512,keygen,4508404,4.508404,4.86,0,897,0,499,liboqs,validator
Falcon-512,keygen,6467317,6.467317,4.86,0,897,0,500,liboqs,validator
Falcon-512,keygen,3253290,3.25329,4.86,0,897,0,501,liboqs,validator
Falcon-512,keygen,3288182,3.288182,4.86,0,897,0,502,liboqs,validator
Falcon-512,keygen,4089900,4.0899,4.86,0,897,0,503,liboqs,validator
Falcon-512,keygen,3689481,3.689481,4.86,0,897,0,504,liboqs,validator
Falcon-512,keygen,3344277,3.344277,4.86,0,897,0,505,liboqs,validator
Falcon-512,keygen,3118419,3.118419,4.86,0,897,0,506,liboqs,validator
Falcon-512,keygen,3910588,3.910588,4.86,0,897,0,507,liboqs,validator
Falcon-512,keygen,3166558,3.166558,4.86,0,897,0,508,liboqs,validator
Falcon-512,keygen,3996054,3.996054,4.86,0,897,0,509,liboqs,validator
Falcon-512,keygen,5005993,5.005993,4.86,0,897,0,510,liboqs,validator
Falcon-512,keygen,3231790,3.23179,4.86,0,897,0,511,liboqs,validator
Falcon-512,keygen,3361794,3.361794,4.86,0,897,0,512,liboqs,validator
Falcon-512,keygen,5156866,5.156866,4.86,0,897,0,513,liboqs,validator
Falcon-512,keygen,3300000,3.3,4.86,0,897,0,514,liboqs,validator
Falcon-512,keygen,4087158,4.087158,4.86,0,897,0,515,liboqs,validator
Falcon-512,keygen,2986267,2.986267,4.86,0,897,0,516,liboqs,validator
Falcon-512,keygen,3271815,3.271815,4.86,0,897,0,517,liboqs,validator
Falcon-512,keygen,4374952,4.374952,4.86,0,897,0,518,liboqs,validator
Falcon-512,keygen,4729102,4.729102,4.86,0,897,0,519,liboqs,validator
Falcon-512,keygen,4583917,4.583917,4.86,0,897,0,520,liboqs,validator
Falcon-512,keygen,3723040,3.72304,4.86,0,897,0,521,liboqs,validator
Falcon-512,keygen,3522237,3.522237,4.86,0,897,0,522,liboqs,validator
Falcon-512,keygen,3042038,3.042038,4.86,0,897,0,523,liboqs,validator
Falcon-512,keygen,4319481,4.319481,4.86,0,897,0,524,liboqs,validator
Falcon-512,keygen,3364193,3.364193,4.86,0,897,0,525,liboqs,validator
Falcon-512,keygen,4559837,4.559837,4.86,0,897,0,526,liboqs,validator
Falcon-512,keygen,3560520,3.56052,4.86,0,897,0,527,liboqs,validator
Falcon-512,keygen,4165833,4.165833,4.86,0,897,0,528,liboqs,validator
Falcon-512,keygen,3937123,3.937123,4.86,0,897,0,529,liboqs,validator
Falcon-512,keygen,3717523,3.717523,4.86,0,897,0,530,liboqs,validator
Falcon-512,keygen,3605374,3.605374,4.86,0,897,0,531,liboqs,validator
Falcon-512,keygen,11263155,11.263155,12.31,0,897,0,532,liboqs,validator
Falcon-512,keygen,27261220,27.26122,7.07,0,897,0,533,liboqs,validator
Falcon-512,keygen,12311727,12.311727,4.86,0,897,0,534,liboqs,validator
Falcon-512,keygen,16882221,16.882221,4.86,0,897,0,535,liboqs,validator
Falcon-512,keygen,5346457,5.346457,4.86,0,897,0,536,liboqs,validator
Falcon-512,keygen,16221369,16.221369,4.86,0,897,0,537,liboqs,validator
Falcon-512,keygen,24041386,24.041386,4.86,0,897,0,538,liboqs,validator
Falcon-512,keygen,16330384,16.330384,4.86,0,897,0,539,liboqs,validator
Falcon-512,keygen,16678350,16.67835,4.86,0,897,0,540,liboqs,validator
Falcon-512,keygen,11503007,11.503007,4.86,0,897,0,541,liboqs,validator
Falcon-512,keygen,20852563,20.852563,4.86,0,897,0,542,liboqs,validator
Falcon-512,keygen,16643389,16.643389,4.86,0,897,0,543,liboqs,validator
Falcon-512,keygen,18167241,18.167241,4.86,0,897,0,544,liboqs,validator
Falcon-512,keygen,18579743,18.579743,4.86,0,897,0,545,liboqs,validator
Falcon-512,keygen,16338414,16.338414,4.86,0,897,0,546,liboqs,validator
Falcon-512,keygen,12937202,12.937202,4.86,0,897,0,547,liboqs,validator
Falcon-512,keygen,14836628,14.836628,4.86,0,897,0,548,liboqs,validator
Falcon-512,keygen,7994440,7.99444,4.86,0,897,0,549,liboqs,validator
Falcon-512,keygen,19709691,19.709691,4.86,0,897,0,550,liboqs,validator
Falcon-512,keygen,20158968,20.158968,4.86,0,897,0,551,liboqs,validator
Falcon-512,keygen,16743401,16.743401,4.86,0,897,0,552,liboqs,validator
Falcon-512,keygen,20481773,20.481773,4.86,0,897,0,553,liboqs,validator
Falcon-512,keygen,19121712,19.121712,4.86,0,897,0,554,liboqs,validator
Falcon-512,keygen,15410839,15.410839,4.86,0,897,0,555,liboqs,validator
Falcon-512,keygen,14034634,14.034634,4.86,0,897,0,556,liboqs,validator
Falcon-512,keygen,13992625,13.992625,4.86,0,897,0,557,liboqs,validator
Falcon-512,keygen,28256028,28.256028,4.86,0,897,0,558,liboqs,validator
Falcon-512,keygen,19657640,19.65764,4.86,0,897,0,559,liboqs,validator
Falcon-512,keygen,19505092,19.505092,4.86,0,897,0,560,liboqs,validator
Falcon-512,keygen,5601055,5.601055,4.86,0,897,0,561,liboqs,validator
Falcon-512,keygen,4586842,4.586842,4.86,0,897,0,562,liboqs,validator
Falcon-512,keygen,3324687,3.324687,4.86,0,897,0,563,liboqs,validator
Falcon-512,keygen,3389074,3.389074,4.86,0,897,0,564,liboqs,validator
Falcon-512,keygen,3180489,3.180489,4.86,0,897,0,565,liboqs,validator
Falcon-512,keygen,3094269,3.094269,4.86,0,897,0,566,liboqs,validator
Falcon-512,keygen,3570543,3.570543,4.86,0,897,0,567,liboqs,validator
Falcon-512,keygen,5331459,5.331459,4.86,0,897,0,568,liboqs,validator
Falcon-512,keygen,5121151,5.121151,4.86,0,897,0,569,liboqs,validator
Falcon-512,keygen,3375636,3.375636,4.86,0,897,0,570,liboqs,validator
Falcon-512,keygen,3622704,3.622704,4.86,0,897,0,571,liboqs,validator
Falcon-512,keygen,3722946,3.722946,4.86,0,897,0,572,liboqs,validator
Falcon-512,keygen,3324487,3.324487,4.86,0,897,0,573,liboqs,validator
Falcon-512,keygen,3119748,3.119748,4.86,0,897,0,574,liboqs,validator
Falcon-512,keygen,4531982,4.531982,4.86,0,897,0,575,liboqs,validator
Falcon-512,keygen,3346279,3.346279,4.86,0,897,0,576,liboqs,validator
Falcon-512,keygen,3831018,3.831018,4.86,0,897,0,577,liboqs,validator
Falcon-512,keygen,7543787,7.543787,4.86,0,897,0,578,liboqs,validator
Falcon-512,keygen,16153614,16.153614,4.86,0,897,0,579,liboqs,validator
Falcon-512,keygen,10970475,10.970475,4.86,0,897,0,580,liboqs,validator
Falcon-512,keygen,5790548,5.790548,4.86,0,897,0,581,liboqs,validator
Falcon-512,keygen,8278745,8.278745,4.86,0,897,0,582,liboqs,validator
Falcon-512,keygen,13995432,13.995432,4.86,0,897,0,583,liboqs,validator
Falcon-512,keygen,3853362,3.853362,4.86,0,897,0,584,liboqs,validator
Falcon-512,keygen,4090574,4.090574,4.86,0,897,0,585,liboqs,validator
Falcon-512,keygen,4319577,4.319577,4.86,0,897,0,586,liboqs,validator
Falcon-512,keygen,4109996,4.109996,4.86,0,897,0,587,liboqs,validator
Falcon-512,keygen,3616310,3.61631,4.86,0,897,0,588,liboqs,validator
Falcon-512,keygen,4327520,4.32752,4.86,0,897,0,589,liboqs,validator
Falcon-512,keygen,5241966,5.241966,4.86,0,897,0,590,liboqs,validator
Falcon-512,keygen,11613395,11.613395,4.86,0,897,0,591,liboqs,validator
Falcon-512,keygen,24451281,24.451281,4.86,0,897,0,592,liboqs,validator
Falcon-512,keygen,17344975,17.344975,4.86,0,897,0,593,liboqs,validator
Falcon-512,keygen,15203112,15.203112,4.86,0,897,0,594,liboqs,validator
Falcon-512,keygen,11948659,11.948659,4.86,0,897,0,595,liboqs,validator
Falcon-512,keygen,18495268,18.495268,4.86,0,897,0,596,liboqs,validator
Falcon-512,keygen,8045037,8.045037,4.86,0,897,0,597,liboqs,validator
Falcon-512,keygen,4732514,4.732514,4.86,0,897,0,598,liboqs,validator
Falcon-512,keygen,3669590,3.66959,4.86,0,897,0,599,liboqs,validator
Falcon-512,keygen,7778504,7.778504,4.86,0,897,0,600,liboqs,validator
Falcon-512,keygen,3428948,3.428948,4.86,0,897,0,601,liboqs,validator
Falcon-512,keygen,3051212,3.051212,4.86,0,897,0,602,liboqs,validator
Falcon-512,keygen,3749176,3.749176,4.86,0,897,0,603,liboqs,validator
Falcon-512,keygen,4550386,4.550386,4.86,0,897,0,604,liboqs,validator
Falcon-512,keygen,3671486,3.671486,4.86,0,897,0,605,liboqs,validator
Falcon-512,keygen,3426338,3.426338,4.86,0,897,0,606,liboqs,validator
Falcon-512,keygen,3491915,3.491915,4.86,0,897,0,607,liboqs,validator
Falcon-512,keygen,3186669,3.186669,4.86,0,897,0,608,liboqs,validator
Falcon-512,keygen,2988396,2.988396,4.86,0,897,0,609,liboqs,validator
Falcon-512,keygen,3188005,3.188005,4.86,0,897,0,610,liboqs,validator
Falcon-512,keygen,3172571,3.172571,4.86,0,897,0,611,liboqs,validator
Falcon-512,keygen,3440136,3.440136,4.86,0,897,0,612,liboqs,validator
Falcon-512,keygen,3092205,3.092205,4.86,0,897,0,613,liboqs,validator
Falcon-512,keygen,4349847,4.349847,4.86,0,897,0,614,liboqs,validator
Falcon-512,keygen,3076876,3.076876,4.86,0,897,0,615,liboqs,validator
Falcon-512,keygen,4678996,4.678996,4.86,0,897,0,616,liboqs,validator
Falcon-512,keygen,3617787,3.617787,4.86,0,897,0,617,liboqs,validator
Falcon-512,keygen,3562633,3.562633,4.86,0,897,0,618,liboqs,validator
Falcon-512,keygen,5049256,5.049256,4.86,0,897,0,619,liboqs,validator
Falcon-512,keygen,4848515,4.848515,4.86,0,897,0,620,liboqs,validator
Falcon-512,keygen,3011079,3.011079,4.86,0,897,0,621,liboqs,validator
Falcon-512,keygen,4736801,4.736801,4.86,0,897,0,622,liboqs,validator
Falcon-512,keygen,3133420,3.13342,4.86,0,897,0,623,liboqs,validator
Falcon-512,keygen,4132875,4.132875,4.86,0,897,0,624,liboqs,validator
Falcon-512,keygen,3157333,3.157333,4.86,0,897,0,625,liboqs,validator
Falcon-512,keygen,4211167,4.211167,4.86,0,897,0,626,liboqs,validator
Falcon-512,keygen,3092669,3.092669,4.86,0,897,0,627,liboqs,validator
Falcon-512,keygen,4258286,4.258286,4.86,0,897,0,628,liboqs,validator
Falcon-512,keygen,3070574,3.070574,4.86,0,897,0,629,liboqs,validator
Falcon-512,keygen,3251650,3.25165,4.86,0,897,0,630,liboqs,validator
Falcon-512,keygen,3199846,3.199846,4.86,0,897,0,631,liboqs,validator
Falcon-512,keygen,5083985,5.083985,4.86,0,897,0,632,liboqs,validator
Falcon-512,keygen,3351024,3.351024,4.86,0,897,0,633,liboqs,validator
Falcon-512,keygen,7960993,7.960993,4.86,0,897,0,634,liboqs,validator
Falcon-512,keygen,18127701,18.127701,4.86,0,897,0,635,liboqs,validator
Falcon-512,keygen,14950552,14.950552,4.86,0,897,0,636,liboqs,validator
Falcon-512,keygen,21769211,21.769211,4.86,0,897,0,637,liboqs,validator
Falcon-512,keygen,21678301,21.678301,4.86,0,897,0,638,liboqs,validator
Falcon-512,keygen,18241794,18.241794,4.86,0,897,0,639,liboqs,validator
Falcon-512,keygen,32150460,32.15046,4.86,0,897,0,640,liboqs,validator
Falcon-512,keygen,10218090,10.21809,4.86,0,897,0,641,liboqs,validator
Falcon-512,keygen,10691828,10.691828,4.86,0,897,0,642,liboqs,validator
Falcon-512,keygen,5278833,5.278833,4.86,0,897,0,643,liboqs,validator
Falcon-512,keygen,4916739,4.916739,4.86,0,897,0,644,liboqs,validator
Falcon-512,keygen,4202382,4.202382,4.86,0,897,0,645,liboqs,validator
Falcon-512,keygen,4583778,4.583778,4.86,0,897,0,646,liboqs,validator
Falcon-512,keygen,3386692,3.386692,4.86,0,897,0,647,liboqs,validator
Falcon-512,keygen,3147244,3.147244,4.86,0,897,0,648,liboqs,validator
Falcon-512,keygen,4042907,4.042907,4.86,0,897,0,649,liboqs,validator
Falcon-512,keygen,3015436,3.015436,4.86,0,897,0,650,liboqs,validator
Falcon-512,keygen,5200291,5.200291,4.86,0,897,0,651,liboqs,validator
Falcon-512,keygen,4048277,4.048277,4.86,0,897,0,652,liboqs,validator
Falcon-512,keygen,3545801,3.545801,4.86,0,897,0,653,liboqs,validator
Falcon-512,keygen,4398604,4.398604,4.86,0,897,0,654,liboqs,validator
Falcon-512,keygen,9170274,9.170274,4.86,0,897,0,655,liboqs,validator
Falcon-512,keygen,21618755,21.618755,4.86,0,897,0,656,liboqs,validator
Falcon-512,keygen,13700476,13.700476,4.86,0,897,0,657,liboqs,validator
Falcon-512,keygen,21315764,21.315764,4.86,0,897,0,658,liboqs,validator
Falcon-512,keygen,3932520,3.93252,4.86,0,897,0,659,liboqs,validator
Falcon-512,keygen,3385014,3.385014,4.86,0,897,0,660,liboqs,validator
Falcon-512,keygen,4645562,4.645562,4.86,0,897,0,661,liboqs,validator
Falcon-512,keygen,11467736,11.467736,4.86,0,897,0,662,liboqs,validator
Falcon-512,keygen,4549193,4.549193,4.86,0,897,0,663,liboqs,validator
Falcon-512,keygen,3836437,3.836437,4.86,0,897,0,664,liboqs,validator
Falcon-512,keygen,3640416,3.640416,4.86,0,897,0,665,liboqs,validator
Falcon-512,keygen,3105649,3.105649,4.86,0,897,0,666,liboqs,validator
Falcon-512,keygen,4716657,4.716657,4.86,0,897,0,667,liboqs,validator
Falcon-512,keygen,3590094,3.590094,4.86,0,897,0,668,liboqs,validator
Falcon-512,keygen,3408260,3.40826,4.86,0,897,0,669,liboqs,validator
Falcon-512,keygen,4101481,4.101481,4.86,0,897,0,670,liboqs,validator
Falcon-512,keygen,3792861,3.792861,4.86,0,897,0,671,liboqs,validator
Falcon-512,keygen,3137366,3.137366,4.86,0,897,0,672,liboqs,validator
Falcon-512,keygen,3321171,3.321171,4.86,0,897,0,673,liboqs,validator
Falcon-512,keygen,3010468,3.010468,4.86,0,897,0,674,liboqs,validator
Falcon-512,keygen,3645924,3.645924,4.86,0,897,0,675,liboqs,validator
Falcon-512,keygen,3595571,3.595571,4.86,0,897,0,676,liboqs,validator
Falcon-512,keygen,3205348,3.205348,4.86,0,897,0,677,liboqs,validator
Falcon-512,keygen,5288558,5.288558,4.86,0,897,0,678,liboqs,validator
Falcon-512,keygen,3667188,3.667188,4.86,0,897,0,679,liboqs,validator
Falcon-512,keygen,4072331,4.072331,4.86,0,897,0,680,liboqs,validator
Falcon-512,keygen,4015319,4.015319,4.86,0,897,0,681,liboqs,validator
Falcon-512,keygen,3805102,3.805102,4.86,0,897,0,682,liboqs,validator
Falcon-512,keygen,3340993,3.340993,4.86,0,897,0,683,liboqs,validator
Falcon-512,keygen,7031741,7.031741,4.86,0,897,0,684,liboqs,validator
Falcon-512,keygen,3379264,3.379264,4.86,0,897,0,685,liboqs,validator
Falcon-512,keygen,3081556,3.081556,4.86,0,897,0,686,liboqs,validator
Falcon-512,keygen,4590666,4.590666,4.86,0,897,0,687,liboqs,validator
Falcon-512,keygen,3897697,3.897697,4.86,0,897,0,688,liboqs,validator
Falcon-512,keygen,3667727,3.667727,4.86,0,897,0,689,liboqs,validator
Falcon-512,keygen,6843496,6.843496,4.86,0,897,0,690,liboqs,validator
Falcon-512,keygen,3844312,3.844312,4.86,0,897,0,691,liboqs,validator
Falcon-512,keygen,4591835,4.591835,4.86,0,897,0,692,liboqs,validator
Falcon-512,keygen,3097728,3.097728,4.86,0,897,0,693,liboqs,validator
Falcon-512,keygen,4740172,4.740172,4.86,0,897,0,694,liboqs,validator
Falcon-512,keygen,4370499,4.370499,4.86,0,897,0,695,liboqs,validator
Falcon-512,keygen,3246567,3.246567,4.86,0,897,0,696,liboqs,validator
Falcon-512,keygen,3103061,3.103061,4.86,0,897,0,697,liboqs,validator
Falcon-512,keygen,3487477,3.487477,4.86,0,897,0,698,liboqs,validator
Falcon-512,keygen,8991459,8.991459,4.86,0,897,0,699,liboqs,validator
Falcon-512,keygen,3202631,3.202631,4.86,0,897,0,700,liboqs,validator
Falcon-512,keygen,3589862,3.589862,4.86,0,897,0,701,liboqs,validator
Falcon-512,keygen,3990079,3.990079,4.86,0,897,0,702,liboqs,validator
Falcon-512,keygen,3732799,3.732799,4.86,0,897,0,703,liboqs,validator
Falcon-512,keygen,3952077,3.952077,4.86,0,897,0,704,liboqs,validator
Falcon-512,keygen,3961162,3.961162,4.86,0,897,0,705,liboqs,validator
Falcon-512,keygen,3614849,3.614849,4.86,0,897,0,706,liboqs,validator
Falcon-512,keygen,3008787,3.008787,4.86,0,897,0,707,liboqs,validator
Falcon-512,keygen,3372643,3.372643,4.86,0,897,0,708,liboqs,validator
Falcon-512,keygen,3926822,3.926822,4.86,0,897,0,709,liboqs,validator
Falcon-512,keygen,3004118,3.004118,4.86,0,897,0,710,liboqs,validator
Falcon-512,keygen,3550194,3.550194,4.86,0,897,0,711,liboqs,validator
Falcon-512,keygen,3948095,3.948095,4.86,0,897,0,712,liboqs,validator
Falcon-512,keygen,3016477,3.016477,4.86,0,897,0,713,liboqs,validator
Falcon-512,keygen,4613924,4.613924,4.86,0,897,0,714,liboqs,validator
Falcon-512,keygen,8125447,8.125447,4.86,0,897,0,715,liboqs,validator
Falcon-512,keygen,4689061,4.689061,4.86,0,897,0,716,liboqs,validator
Falcon-512,keygen,13894364,13.894364,4.86,0,897,0,717,liboqs,validator
Falcon-512,keygen,19952832,19.952832,4.86,0,897,0,718,liboqs,validator
Falcon-512,keygen,17925805,17.925805,4.86,0,897,0,719,liboqs,validator
Falcon-512,keygen,14621421,14.621421,4.86,0,897,0,720,liboqs,validator
Falcon-512,keygen,15653036,15.653036,4.86,0,897,0,721,liboqs,validator
Falcon-512,keygen,15296814,15.296814,4.86,0,897,0,722,liboqs,validator
Falcon-512,keygen,6493255,6.493255,4.86,0,897,0,723,liboqs,validator
Falcon-512,keygen,16766151,16.766151,4.86,0,897,0,724,liboqs,validator
Falcon-512,keygen,20466162,20.466162,4.86,0,897,0,725,liboqs,validator
Falcon-512,keygen,15173588,15.173588,4.86,0,897,0,726,liboqs,validator
Falcon-512,keygen,11738513,11.738513,4.86,0,897,0,727,liboqs,validator
Falcon-512,keygen,21773172,21.773172,4.86,0,897,0,728,liboqs,validator
Falcon-512,keygen,14264161,14.264161,4.86,0,897,0,729,liboqs,validator
Falcon-512,keygen,18955621,18.955621,4.86,0,897,0,730,liboqs,validator
Falcon-512,keygen,4060868,4.060868,4.86,0,897,0,731,liboqs,validator
Falcon-512,keygen,3891551,3.891551,4.86,0,897,0,732,liboqs,validator
Falcon-512,keygen,3024043,3.024043,4.86,0,897,0,733,liboqs,validator
Falcon-512,keygen,3766613,3.766613,4.86,0,897,0,734,liboqs,validator
Falcon-512,keygen,3147368,3.147368,4.86,0,897,0,735,liboqs,validator
Falcon-512,keygen,3576891,3.576891,4.86,0,897,0,736,liboqs,validator
Falcon-512,keygen,3026673,3.026673,4.86,0,897,0,737,liboqs,validator
Falcon-512,keygen,3659019,3.659019,4.86,0,897,0,738,liboqs,validator
Falcon-512,keygen,5780105,5.780105,4.86,0,897,0,739,liboqs,validator
Falcon-512,keygen,5009032,5.009032,4.86,0,897,0,740,liboqs,validator
Falcon-512,keygen,3989748,3.989748,4.86,0,897,0,741,liboqs,validator
Falcon-512,keygen,3385959,3.385959,4.86,0,897,0,742,liboqs,validator
Falcon-512,keygen,2990199,2.990199,4.86,0,897,0,743,liboqs,validator
Falcon-512,keygen,3625516,3.625516,4.86,0,897,0,744,liboqs,validator
Falcon-512,keygen,4730854,4.730854,4.86,0,897,0,745,liboqs,validator
Falcon-512,keygen,5232311,5.232311,4.86,0,897,0,746,liboqs,validator
Falcon-512,keygen,4232553,4.232553,4.86,0,897,0,747,liboqs,validator
Falcon-512,keygen,3212010,3.21201,4.86,0,897,0,748,liboqs,validator
Falcon-512,keygen,3259069,3.259069,4.86,0,897,0,749,liboqs,validator
Falcon-512,keygen,2988904,2.988904,4.86,0,897,0,750,liboqs,validator
Falcon-512,keygen,3239419,3.239419,4.86,0,897,0,751,liboqs,validator
Falcon-512,keygen,6968450,6.96845,4.86,0,897,0,752,liboqs,validator
Falcon-512,keygen,3377763,3.377763,4.86,0,897,0,753,liboqs,validator
Falcon-512,keygen,4457041,4.457041,4.86,0,897,0,754,liboqs,validator
Falcon-512,keygen,3388356,3.388356,4.86,0,897,0,755,liboqs,validator
Falcon-512,keygen,3440017,3.440017,4.86,0,897,0,756,liboqs,validator
Falcon-512,keygen,3820709,3.820709,4.86,0,897,0,757,liboqs,validator
Falcon-512,keygen,5078618,5.078618,4.86,0,897,0,758,liboqs,validator
Falcon-512,keygen,3103129,3.103129,4.86,0,897,0,759,liboqs,validator
Falcon-512,keygen,3080426,3.080426,4.86,0,897,0,760,liboqs,validator
Falcon-512,keygen,3104844,3.104844,4.86,0,897,0,761,liboqs,validator
Falcon-512,keygen,3348062,3.348062,4.86,0,897,0,762,liboqs,validator
Falcon-512,keygen,3750587,3.750587,4.86,0,897,0,763,liboqs,validator
Falcon-512,keygen,2990207,2.990207,4.86,0,897,0,764,liboqs,validator
Falcon-512,keygen,4529184,4.529184,4.86,0,897,0,765,liboqs,validator
Falcon-512,keygen,3066959,3.066959,4.86,0,897,0,766,liboqs,validator
Falcon-512,keygen,3515522,3.515522,4.86,0,897,0,767,liboqs,validator
Falcon-512,keygen,8002852,8.002852,4.86,0,897,0,768,liboqs,validator
Falcon-512,keygen,12578801,12.578801,4.86,0,897,0,769,liboqs,validator
Falcon-512,keygen,18689253,18.689253,4.86,0,897,0,770,liboqs,validator
Falcon-512,keygen,16332020,16.33202,4.86,0,897,0,771,liboqs,validator
Falcon-512,keygen,17587639,17.587639,4.86,0,897,0,772,liboqs,validator
Falcon-512,keygen,16945868,16.945868,4.86,0,897,0,773,liboqs,validator
Falcon-512,keygen,18084928,18.084928,4.86,0,897,0,774,liboqs,validator
Falcon-512,keygen,14454894,14.454894,4.86,0,897,0,775,liboqs,validator
Falcon-512,keygen,17743297,17.743297,4.86,0,897,0,776,liboqs,validator
Falcon-512,keygen,14688698,14.688698,4.86,0,897,0,777,liboqs,validator
Falcon-512,keygen,12595581,12.595581,4.86,0,897,0,778,liboqs,validator
Falcon-512,keygen,14417442,14.417442,4.86,0,897,0,779,liboqs,validator
Falcon-512,keygen,12593680,12.59368,4.86,0,897,0,780,liboqs,validator
Falcon-512,keygen,10561046,10.561046,4.86,0,897,0,781,liboqs,validator
Falcon-512,keygen,3661761,3.661761,4.86,0,897,0,782,liboqs,validator
Falcon-512,keygen,3395261,3.395261,4.86,0,897,0,783,liboqs,validator
Falcon-512,keygen,3251966,3.251966,4.86,0,897,0,784,liboqs,validator
Falcon-512,keygen,3570521,3.570521,4.86,0,897,0,785,liboqs,validator
Falcon-512,keygen,3864398,3.864398,4.86,0,897,0,786,liboqs,validator
Falcon-512,keygen,6718230,6.71823,4.86,0,897,0,787,liboqs,validator
Falcon-512,keygen,3813297,3.813297,4.86,0,897,0,788,liboqs,validator
Falcon-512,keygen,3770530,3.77053,4.86,0,897,0,789,liboqs,validator
Falcon-512,keygen,4139040,4.13904,4.86,0,897,0,790,liboqs,validator
Falcon-512,keygen,3111508,3.111508,4.86,0,897,0,791,liboqs,validator
Falcon-512,keygen,3689806,3.689806,4.86,0,897,0,792,liboqs,validator
Falcon-512,keygen,4533554,4.533554,4.86,0,897,0,793,liboqs,validator
Falcon-512,keygen,3149655,3.149655,4.86,0,897,0,794,liboqs,validator
Falcon-512,keygen,6243380,6.24338,4.86,0,897,0,795,liboqs,validator
Falcon-512,keygen,4474909,4.474909,4.86,0,897,0,796,liboqs,validator
Falcon-512,keygen,3720624,3.720624,4.86,0,897,0,797,liboqs,validator
Falcon-512,keygen,3295113,3.295113,4.86,0,897,0,798,liboqs,validator
Falcon-512,keygen,3255602,3.255602,4.86,0,897,0,799,liboqs,validator
Falcon-512,keygen,4058041,4.058041,4.86,0,897,0,800,liboqs,validator
Falcon-512,keygen,4333633,4.333633,4.86,0,897,0,801,liboqs,validator
Falcon-512,keygen,3554099,3.554099,4.86,0,897,0,802,liboqs,validator
Falcon-512,keygen,4822290,4.82229,4.86,0,897,0,803,liboqs,validator
Falcon-512,keygen,3319615,3.319615,4.86,0,897,0,804,liboqs,validator
Falcon-512,keygen,4610970,4.61097,4.86,0,897,0,805,liboqs,validator
Falcon-512,keygen,5592048,5.592048,4.86,0,897,0,806,liboqs,validator
Falcon-512,keygen,4959406,4.959406,4.86,0,897,0,807,liboqs,validator
Falcon-512,keygen,3084801,3.084801,4.86,0,897,0,808,liboqs,validator
Falcon-512,keygen,3611788,3.611788,4.86,0,897,0,809,liboqs,validator
Falcon-512,keygen,3947753,3.947753,4.86,0,897,0,810,liboqs,validator
Falcon-512,keygen,5336306,5.336306,4.86,0,897,0,811,liboqs,validator
Falcon-512,keygen,6999784,6.999784,4.86,0,897,0,812,liboqs,validator
Falcon-512,keygen,4302964,4.302964,4.86,0,897,0,813,liboqs,validator
Falcon-512,keygen,3040691,3.040691,4.86,0,897,0,814,liboqs,validator
Falcon-512,keygen,3523069,3.523069,4.86,0,897,0,815,liboqs,validator
Falcon-512,keygen,2994162,2.994162,4.86,0,897,0,816,liboqs,validator
Falcon-512,keygen,3019143,3.019143,4.86,0,897,0,817,liboqs,validator
Falcon-512,keygen,3255411,3.255411,4.86,0,897,0,818,liboqs,validator
Falcon-512,keygen,5708803,5.708803,4.86,0,897,0,819,liboqs,validator
Falcon-512,keygen,3821106,3.821106,4.86,0,897,0,820,liboqs,validator
Falcon-512,keygen,3352773,3.352773,4.86,0,897,0,821,liboqs,validator
Falcon-512,keygen,3614662,3.614662,4.86,0,897,0,822,liboqs,validator
Falcon-512,keygen,3335939,3.335939,4.86,0,897,0,823,liboqs,validator
Falcon-512,keygen,3593271,3.593271,4.86,0,897,0,824,liboqs,validator
Falcon-512,keygen,4461380,4.46138,4.86,0,897,0,825,liboqs,validator
Falcon-512,keygen,3871608,3.871608,4.86,0,897,0,826,liboqs,validator
Falcon-512,keygen,3796834,3.796834,4.86,0,897,0,827,liboqs,validator
Falcon-512,keygen,4569198,4.569198,4.86,0,897,0,828,liboqs,validator
Falcon-512,keygen,3761194,3.761194,4.86,0,897,0,829,liboqs,validator
Falcon-512,keygen,4870823,4.870823,4.86,0,897,0,830,liboqs,validator
Falcon-512,keygen,3959469,3.959469,4.86,0,897,0,831,liboqs,validator
Falcon-512,keygen,4595327,4.595327,4.86,0,897,0,832,liboqs,validator
Falcon-512,keygen,5834397,5.834397,4.86,0,897,0,833,liboqs,validator
Falcon-512,keygen,4292325,4.292325,4.86,0,897,0,834,liboqs,validator
Falcon-512,keygen,3104405,3.104405,4.86,0,897,0,835,liboqs,validator
Falcon-512,keygen,3701417,3.701417,4.86,0,897,0,836,liboqs,validator
Falcon-512,keygen,6326787,6.326787,4.86,0,897,0,837,liboqs,validator
Falcon-512,keygen,3086017,3.086017,4.86,0,897,0,838,liboqs,validator
Falcon-512,keygen,4758625,4.758625,4.86,0,897,0,839,liboqs,validator
Falcon-512,keygen,3598545,3.598545,4.86,0,897,0,840,liboqs,validator
Falcon-512,keygen,4110804,4.110804,4.86,0,897,0,841,liboqs,validator
Falcon-512,keygen,3523492,3.523492,4.86,0,897,0,842,liboqs,validator
Falcon-512,keygen,3057423,3.057423,4.86,0,897,0,843,liboqs,validator
Falcon-512,keygen,4183320,4.18332,4.86,0,897,0,844,liboqs,validator
Falcon-512,keygen,3497162,3.497162,4.86,0,897,0,845,liboqs,validator
Falcon-512,keygen,4956131,4.956131,4.86,0,897,0,846,liboqs,validator
Falcon-512,keygen,5711741,5.711741,4.86,0,897,0,847,liboqs,validator
Falcon-512,keygen,3767843,3.767843,4.86,0,897,0,848,liboqs,validator
Falcon-512,keygen,4479560,4.47956,4.86,0,897,0,849,liboqs,validator
Falcon-512,keygen,3816837,3.816837,4.86,0,897,0,850,liboqs,validator
Falcon-512,keygen,3727445,3.727445,4.86,0,897,0,851,liboqs,validator
Falcon-512,keygen,5426506,5.426506,4.86,0,897,0,852,liboqs,validator
Falcon-512,keygen,3784199,3.784199,4.86,0,897,0,853,liboqs,validator
Falcon-512,keygen,4744185,4.744185,4.86,0,897,0,854,liboqs,validator
Falcon-512,keygen,3585672,3.585672,4.86,0,897,0,855,liboqs,validator
Falcon-512,keygen,4511713,4.511713,4.86,0,897,0,856,liboqs,validator
Falcon-512,keygen,3093779,3.093779,4.86,0,897,0,857,liboqs,validator
Falcon-512,keygen,3469831,3.469831,4.86,0,897,0,858,liboqs,validator
Falcon-512,keygen,6690707,6.690707,4.86,0,897,0,859,liboqs,validator
Falcon-512,keygen,3796535,3.796535,4.86,0,897,0,860,liboqs,validator
Falcon-512,keygen,3256716,3.256716,4.86,0,897,0,861,liboqs,validator
Falcon-512,keygen,4135376,4.135376,4.86,0,897,0,862,liboqs,validator
Falcon-512,keygen,6002122,6.002122,4.86,0,897,0,863,liboqs,validator
Falcon-512,keygen,3214289,3.214289,4.86,0,897,0,864,liboqs,validator
Falcon-512,keygen,4273813,4.273813,4.86,0,897,0,865,liboqs,validator
Falcon-512,keygen,3502879,3.502879,4.86,0,897,0,866,liboqs,validator
Falcon-512,keygen,5846531,5.846531,4.86,0,897,0,867,liboqs,validator
Falcon-512,keygen,3913920,3.91392,4.86,0,897,0,868,liboqs,validator
Falcon-512,keygen,4280844,4.280844,4.86,0,897,0,869,liboqs,validator
Falcon-512,keygen,3263812,3.263812,4.86,0,897,0,870,liboqs,validator
Falcon-512,keygen,3385323,3.385323,4.86,0,897,0,871,liboqs,validator
Falcon-512,keygen,3036395,3.036395,4.86,0,897,0,872,liboqs,validator
Falcon-512,keygen,3070923,3.070923,4.86,0,897,0,873,liboqs,validator
Falcon-512,keygen,4916180,4.91618,4.86,0,897,0,874,liboqs,validator
Falcon-512,keygen,3212538,3.212538,4.86,0,897,0,875,liboqs,validator
Falcon-512,keygen,3559581,3.559581,4.86,0,897,0,876,liboqs,validator
Falcon-512,keygen,4826697,4.826697,4.86,0,897,0,877,liboqs,validator
Falcon-512,keygen,3080806,3.080806,4.86,0,897,0,878,liboqs,validator
Falcon-512,keygen,4542917,4.542917,4.86,0,897,0,879,liboqs,validator
Falcon-512,keygen,4154948,4.154948,4.86,0,897,0,880,liboqs,validator
Falcon-512,keygen,3194729,3.194729,4.86,0,897,0,881,liboqs,validator
Falcon-512,keygen,3190626,3.190626,4.86,0,897,0,882,liboqs,validator
Falcon-512,keygen,3359582,3.359582,4.86,0,897,0,883,liboqs,validator
Falcon-512,keygen,3188022,3.188022,4.86,0,897,0,884,liboqs,validator
Falcon-512,keygen,3143945,3.143945,4.86,0,897,0,885,liboqs,validator
Falcon-512,keygen,3272772,3.272772,4.86,0,897,0,886,liboqs,validator
Falcon-512,keygen,3014196,3.014196,4.86,0,897,0,887,liboqs,validator
Falcon-512,keygen,4028187,4.028187,4.86,0,897,0,888,liboqs,validator
Falcon-512,keygen,3937660,3.93766,4.86,0,897,0,889,liboqs,validator
Falcon-512,keygen,4496515,4.496515,4.86,0,897,0,890,liboqs,validator
Falcon-512,keygen,3011165,3.011165,4.86,0,897,0,891,liboqs,validator
Falcon-512,keygen,4179728,4.179728,4.86,0,897,0,892,liboqs,validator
Falcon-512,keygen,3886937,3.886937,4.86,0,897,0,893,liboqs,validator
Falcon-512,keygen,3132899,3.132899,4.86,0,897,0,894,liboqs,validator
Falcon-512,keygen,3842717,3.842717,4.86,0,897,0,895,liboqs,validator
Falcon-512,keygen,3100676,3.100676,4.86,0,897,0,896,liboqs,validator
Falcon-512,keygen,3887729,3.887729,4.86,0,897,0,897,liboqs,validator
Falcon-512,keygen,4894622,4.894622,4.86,0,897,0,898,liboqs,validator
Falcon-512,keygen,3093510,3.09351,4.86,0,897,0,899,liboqs,validator
Falcon-512,keygen,3356224,3.356224,4.86,0,897,0,900,liboqs,validator
Falcon-512,keygen,3242516,3.242516,4.86,0,897,0,901,liboqs,validator
Falcon-512,keygen,3279522,3.279522,4.86,0,897,0,902,liboqs,validator
Falcon-512,keygen,4181404,4.181404,4.86,0,897,0,903,liboqs,validator
Falcon-512,keygen,3639858,3.639858,4.86,0,897,0,904,liboqs,validator
Falcon-512,keygen,3141032,3.141032,4.86,0,897,0,905,liboqs,validator
Falcon-512,keygen,6330665,6.330665,4.86,0,897,0,906,liboqs,validator
Falcon-512,keygen,3911757,3.911757,4.86,0,897,0,907,liboqs,validator
Falcon-512,keygen,3567379,3.567379,4.86,0,897,0,908,liboqs,validator
Falcon-512,keygen,3135020,3.13502,7.25,0,897,0,909,liboqs,validator
Falcon-512,keygen,3669296,3.669296,7.07,0,897,0,910,liboqs,validator
Falcon-512,keygen,6890129,6.890129,4.86,0,897,0,911,liboqs,validator
Falcon-512,keygen,3352974,3.352974,4.86,0,897,0,912,liboqs,validator
Falcon-512,keygen,3017930,3.01793,4.86,0,897,0,913,liboqs,validator
Falcon-512,keygen,2996897,2.996897,4.86,0,897,0,914,liboqs,validator
Falcon-512,keygen,9903473,9.903473,4.86,0,897,0,915,liboqs,validator
Falcon-512,keygen,3214938,3.214938,4.86,0,897,0,916,liboqs,validator
Falcon-512,keygen,3458347,3.458347,4.86,0,897,0,917,liboqs,validator
Falcon-512,keygen,4193685,4.193685,4.86,0,897,0,918,liboqs,validator
Falcon-512,keygen,3356541,3.356541,4.86,0,897,0,919,liboqs,validator
Falcon-512,keygen,3194034,3.194034,4.86,0,897,0,920,liboqs,validator
Falcon-512,keygen,3753249,3.753249,4.86,0,897,0,921,liboqs,validator
Falcon-512,keygen,3624775,3.624775,4.86,0,897,0,922,liboqs,validator
Falcon-512,keygen,5892644,5.892644,4.86,0,897,0,923,liboqs,validator
Falcon-512,keygen,3557571,3.557571,4.86,0,897,0,924,liboqs,validator
Falcon-512,keygen,2986932,2.986932,4.86,0,897,0,925,liboqs,validator
Falcon-512,keygen,3093056,3.093056,4.86,0,897,0,926,liboqs,validator
Falcon-512,keygen,3169364,3.169364,4.86,0,897,0,927,liboqs,validator
Falcon-512,keygen,3282250,3.28225,4.86,0,897,0,928,liboqs,validator
Falcon-512,keygen,3267147,3.267147,4.86,0,897,0,929,liboqs,validator
Falcon-512,keygen,3088451,3.088451,4.86,0,897,0,930,liboqs,validator
Falcon-512,keygen,2994317,2.994317,4.86,0,897,0,931,liboqs,validator
Falcon-512,keygen,3372894,3.372894,4.86,0,897,0,932,liboqs,validator
Falcon-512,keygen,3760686,3.760686,4.86,0,897,0,933,liboqs,validator
Falcon-512,keygen,3003563,3.003563,4.86,0,897,0,934,liboqs,validator
Falcon-512,keygen,6074977,6.074977,4.86,0,897,0,935,liboqs,validator
Falcon-512,keygen,3082376,3.082376,4.86,0,897,0,936,liboqs,validator
Falcon-512,keygen,3517390,3.51739,4.86,0,897,0,937,liboqs,validator
Falcon-512,keygen,2985128,2.985128,4.86,0,897,0,938,liboqs,validator
Falcon-512,keygen,3256773,3.256773,4.86,0,897,0,939,liboqs,validator
Falcon-512,keygen,3702133,3.702133,4.86,0,897,0,940,liboqs,validator
Falcon-512,keygen,3381962,3.381962,4.86,0,897,0,941,liboqs,validator
Falcon-512,keygen,4163694,4.163694,4.86,0,897,0,942,liboqs,validator
Falcon-512,keygen,3831664,3.831664,4.86,0,897,0,943,liboqs,validator
Falcon-512,keygen,3269515,3.269515,4.86,0,897,0,944,liboqs,validator
Falcon-512,keygen,3083742,3.083742,4.86,0,897,0,945,liboqs,validator
Falcon-512,keygen,4255750,4.25575,4.86,0,897,0,946,liboqs,validator
Falcon-512,keygen,2993583,2.993583,4.86,0,897,0,947,liboqs,validator
Falcon-512,keygen,3984818,3.984818,4.86,0,897,0,948,liboqs,validator
Falcon-512,keygen,2979307,2.979307,4.86,0,897,0,949,liboqs,validator
Falcon-512,keygen,2983439,2.983439,4.86,0,897,0,950,liboqs,validator
Falcon-512,keygen,3109420,3.10942,4.86,0,897,0,951,liboqs,validator
Falcon-512,keygen,3425269,3.425269,4.86,0,897,0,952,liboqs,validator
Falcon-512,keygen,4005843,4.005843,4.86,0,897,0,953,liboqs,validator
Falcon-512,keygen,3803332,3.803332,4.86,0,897,0,954,liboqs,validator
Falcon-512,keygen,3159002,3.159002,4.86,0,897,0,955,liboqs,validator
Falcon-512,keygen,3096305,3.096305,4.86,0,897,0,956,liboqs,validator
Falcon-512,keygen,3079117,3.079117,4.86,0,897,0,957,liboqs,validator
Falcon-512,keygen,4611002,4.611002,4.86,0,897,0,958,liboqs,validator
Falcon-512,keygen,4562524,4.562524,4.86,0,897,0,959,liboqs,validator
Falcon-512,keygen,4913301,4.913301,4.86,0,897,0,960,liboqs,validator
Falcon-512,keygen,4536248,4.536248,4.86,0,897,0,961,liboqs,validator
Falcon-512,keygen,2990705,2.990705,4.86,0,897,0,962,liboqs,validator
Falcon-512,keygen,6355975,6.355975,4.86,0,897,0,963,liboqs,validator
Falcon-512,keygen,3999303,3.999303,4.86,0,897,0,964,liboqs,validator
Falcon-512,keygen,5922969,5.922969,4.86,0,897,0,965,liboqs,validator
Falcon-512,keygen,6501982,6.501982,4.86,0,897,0,966,liboqs,validator
Falcon-512,keygen,3853141,3.853141,4.86,0,897,0,967,liboqs,validator
Falcon-512,keygen,3124045,3.124045,4.86,0,897,0,968,liboqs,validator
Falcon-512,keygen,7292554,7.292554,4.86,0,897,0,969,liboqs,validator
Falcon-512,keygen,3964926,3.964926,4.86,0,897,0,970,liboqs,validator
Falcon-512,keygen,4225888,4.225888,4.86,0,897,0,971,liboqs,validator
Falcon-512,keygen,5273942,5.273942,4.86,0,897,0,972,liboqs,validator
Falcon-512,keygen,3991050,3.99105,4.86,0,897,0,973,liboqs,validator
Falcon-512,keygen,3464231,3.464231,4.86,0,897,0,974,liboqs,validator
Falcon-512,keygen,4496379,4.496379,4.86,0,897,0,975,liboqs,validator
Falcon-512,keygen,3613904,3.613904,4.86,0,897,0,976,liboqs,validator
Falcon-512,keygen,3818016,3.818016,4.86,0,897,0,977,liboqs,validator
Falcon-512,keygen,3504806,3.504806,4.86,0,897,0,978,liboqs,validator
Falcon-512,keygen,3113941,3.113941,4.86,0,897,0,979,liboqs,validator
Falcon-512,keygen,7561745,7.561745,4.86,0,897,0,980,liboqs,validator
Falcon-512,keygen,4437709,4.437709,4.86,0,897,0,981,liboqs,validator
Falcon-512,keygen,3015655,3.015655,4.86,0,897,0,982,liboqs,validator
Falcon-512,keygen,2984160,2.98416,4.86,0,897,0,983,liboqs,validator
Falcon-512,keygen,3660026,3.660026,4.86,0,897,0,984,liboqs,validator
Falcon-512,keygen,6579130,6.57913,4.86,0,897,0,985,liboqs,validator
Falcon-512,keygen,3314566,3.314566,4.86,0,897,0,986,liboqs,validator
Falcon-512,keygen,4487406,4.487406,4.86,0,897,0,987,liboqs,validator
Falcon-512,keygen,3399632,3.399632,4.86,0,897,0,988,liboqs,validator
Falcon-512,keygen,4351786,4.351786,4.86,0,897,0,989,liboqs,validator
Falcon-512,keygen,3577135,3.577135,4.86,0,897,0,990,liboqs,validator
Falcon-512,keygen,3475377,3.475377,4.86,0,897,0,991,liboqs,validator
Falcon-512,keygen,5017296,5.017296,6.69,0,897,0,992,liboqs,validator
Falcon-512,keygen,4201497,4.201497,5.17,0,897,0,993,liboqs,validator
Falcon-512,keygen,5999911,5.999911,4.86,0,897,0,994,liboqs,validator
Falcon-512,keygen,3474623,3.474623,4.86,0,897,0,995,liboqs,validator
Falcon-512,keygen,3633797,3.633797,4.86,0,897,0,996,liboqs,validator
Falcon-512,keygen,3162282,3.162282,4.86,0,897,0,997,liboqs,validator
Falcon-512,keygen,3182541,3.182541,4.86,0,897,0,998,liboqs,validator
Falcon-512,keygen,3982831,3.982831,4.86,0,897,0,999,liboqs,validator
Falcon-512,sign,231033,0.231033,9.82,256,897,651,0,liboqs,validator
Falcon-512,sign,168092,0.168092,4.64,256,897,660,1,liboqs,validator
Falcon-512,sign,165977,0.165977,4.64,256,897,657,2,liboqs,validator
Falcon-512,sign,158108,0.158108,4.7,256,897,654,3,liboqs,validator
Falcon-512,sign,150787,0.150787,4.7,256,897,658,4,liboqs,validator
Falcon-512,sign,161077,0.161077,4.7,256,897,657,5,liboqs,validator
Falcon-512,sign,156962,0.156962,4.7,256,897,652,6,liboqs,validator
Falcon-512,sign,147968,0.147968,4.7,256,897,653,7,liboqs,validator
Falcon-512,sign,150884,0.150884,4.7,256,897,655,8,liboqs,validator
Falcon-512,sign,148269,0.148269,4.7,256,897,655,9,liboqs,validator
Falcon-512,sign,148032,0.148032,4.7,256,897,652,10,liboqs,validator
Falcon-512,sign,146008,0.146008,4.7,256,897,655,11,liboqs,validator
Falcon-512,sign,149573,0.149573,4.7,256,897,655,12,liboqs,validator
Falcon-512,sign,148811,0.148811,4.7,256,897,658,13,liboqs,validator
Falcon-512,sign,147033,0.147033,4.7,256,897,654,14,liboqs,validator
Falcon-512,sign,149718,0.149718,4.7,256,897,657,15,liboqs,validator
Falcon-512,sign,152843,0.152843,4.7,256,897,655,16,liboqs,validator
Falcon-512,sign,147198,0.147198,4.7,256,897,653,17,liboqs,validator
Falcon-512,sign,155280,0.15528,4.7,256,897,656,18,liboqs,validator
Falcon-512,sign,155762,0.155762,4.7,256,897,654,19,liboqs,validator
Falcon-512,sign,150871,0.150871,4.7,256,897,654,20,liboqs,validator
Falcon-512,sign,150346,0.150346,4.7,256,897,655,21,liboqs,validator
Falcon-512,sign,144989,0.144989,4.7,256,897,655,22,liboqs,validator
Falcon-512,sign,145620,0.14562,4.7,256,897,652,23,liboqs,validator
Falcon-512,sign,153255,0.153255,4.7,256,897,654,24,liboqs,validator
Falcon-512,sign,153899,0.153899,4.7,256,897,656,25,liboqs,validator
Falcon-512,sign,146196,0.146196,4.7,256,897,654,26,liboqs,validator
Falcon-512,sign,146603,0.146603,4.7,256,897,653,27,liboqs,validator
Falcon-512,sign,146572,0.146572,4.7,256,897,656,28,liboqs,validator
Falcon-512,sign,147735,0.147735,4.7,256,897,655,29,liboqs,validator
Falcon-512,sign,156843,0.156843,4.7,256,897,655,30,liboqs,validator
Falcon-512,sign,151858,0.151858,4.7,256,897,653,31,liboqs,validator
Falcon-512,sign,158562,0.158562,4.7,256,897,655,32,liboqs,validator
Falcon-512,sign,156679,0.156679,4.7,256,897,655,33,liboqs,validator
Falcon-512,sign,156518,0.156518,4.7,256,897,655,34,liboqs,validator
Falcon-512,sign,152054,0.152054,4.7,256,897,654,35,liboqs,validator
Falcon-512,sign,147225,0.147225,4.7,256,897,654,36,liboqs,validator
Falcon-512,sign,147480,0.14748,4.7,256,897,655,37,liboqs,validator
Falcon-512,sign,145492,0.145492,4.7,256,897,659,38,liboqs,validator
Falcon-512,sign,149138,0.149138,4.69,256,897,651,39,liboqs,validator
Falcon-512,sign,146667,0.146667,4.7,256,897,652,40,liboqs,validator
Falcon-512,sign,146465,0.146465,4.7,256,897,655,41,liboqs,validator
Falcon-512,sign,146727,0.146727,4.7,256,897,658,42,liboqs,validator
Falcon-512,sign,157004,0.157004,4.7,256,897,655,43,liboqs,validator
Falcon-512,sign,154628,0.154628,4.7,256,897,660,44,liboqs,validator
Falcon-512,sign,151125,0.151125,4.69,256,897,651,45,liboqs,validator
Falcon-512,sign,146066,0.146066,4.7,256,897,652,46,liboqs,validator
Falcon-512,sign,145896,0.145896,4.7,256,897,654,47,liboqs,validator
Falcon-512,sign,146615,0.146615,4.69,256,897,651,48,liboqs,validator
Falcon-512,sign,147952,0.147952,4.7,256,897,658,49,liboqs,validator
Falcon-512,sign,153414,0.153414,4.7,256,897,652,50,liboqs,validator
Falcon-512,sign,150396,0.150396,4.7,256,897,656,51,liboqs,validator
Falcon-512,sign,147455,0.147455,4.7,256,897,658,52,liboqs,validator
Falcon-512,sign,145466,0.145466,4.7,256,897,653,53,liboqs,validator
Falcon-512,sign,147297,0.147297,4.7,256,897,652,54,liboqs,validator
Falcon-512,sign,149625,0.149625,4.7,256,897,659,55,liboqs,validator
Falcon-512,sign,154121,0.154121,4.7,256,897,656,56,liboqs,validator
Falcon-512,sign,153226,0.153226,4.7,256,897,654,57,liboqs,validator
Falcon-512,sign,152841,0.152841,4.7,256,897,655,58,liboqs,validator
Falcon-512,sign,147619,0.147619,4.7,256,897,658,59,liboqs,validator
Falcon-512,sign,148438,0.148438,4.7,256,897,652,60,liboqs,validator
Falcon-512,sign,145306,0.145306,4.7,256,897,653,61,liboqs,validator
Falcon-512,sign,147872,0.147872,4.7,256,897,652,62,liboqs,validator
Falcon-512,sign,146316,0.146316,4.7,256,897,658,63,liboqs,validator
Falcon-512,sign,153765,0.153765,4.7,256,897,657,64,liboqs,validator
Falcon-512,sign,155978,0.155978,4.7,256,897,655,65,liboqs,validator
Falcon-512,sign,149158,0.149158,4.7,256,897,654,66,liboqs,validator
Falcon-512,sign,156333,0.156333,4.7,256,897,656,67,liboqs,validator
Falcon-512,sign,154768,0.154768,4.7,256,897,656,68,liboqs,validator
Falcon-512,sign,148905,0.148905,4.7,256,897,656,69,liboqs,validator
Falcon-512,sign,150912,0.150912,4.7,256,897,652,70,liboqs,validator
Falcon-512,sign,146851,0.146851,4.7,256,897,654,71,liboqs,validator
Falcon-512,sign,148371,0.148371,4.7,256,897,653,72,liboqs,validator
Falcon-512,sign,146924,0.146924,4.7,256,897,658,73,liboqs,validator
Falcon-512,sign,148060,0.14806,4.69,256,897,651,74,liboqs,validator
Falcon-512,sign,155423,0.155423,4.7,256,897,655,75,liboqs,validator
Falcon-512,sign,149550,0.14955,4.7,256,897,659,76,liboqs,validator
Falcon-512,sign,147655,0.147655,4.7,256,897,656,77,liboqs,validator
Falcon-512,sign,145700,0.1457,4.7,256,897,653,78,liboqs,validator
Falcon-512,sign,155873,0.155873,4.7,256,897,654,79,liboqs,validator
Falcon-512,sign,155321,0.155321,4.7,256,897,657,80,liboqs,validator
Falcon-512,sign,149202,0.149202,4.7,256,897,654,81,liboqs,validator
Falcon-512,sign,149587,0.149587,4.7,256,897,654,82,liboqs,validator
Falcon-512,sign,145064,0.145064,4.7,256,897,655,83,liboqs,validator
Falcon-512,sign,150243,0.150243,4.7,256,897,657,84,liboqs,validator
Falcon-512,sign,148078,0.148078,4.7,256,897,659,85,liboqs,validator
Falcon-512,sign,147386,0.147386,4.7,256,897,655,86,liboqs,validator
Falcon-512,sign,145335,0.145335,4.7,256,897,656,87,liboqs,validator
Falcon-512,sign,147321,0.147321,4.7,256,897,654,88,liboqs,validator
Falcon-512,sign,147670,0.14767,4.7,256,897,655,89,liboqs,validator
Falcon-512,sign,156915,0.156915,4.7,256,897,654,90,liboqs,validator
Falcon-512,sign,155133,0.155133,4.7,256,897,653,91,liboqs,validator
Falcon-512,sign,150581,0.150581,4.7,256,897,652,92,liboqs,validator
Falcon-512,sign,145883,0.145883,4.7,256,897,655,93,liboqs,validator
Falcon-512,sign,147519,0.147519,4.7,256,897,657,94,liboqs,validator
Falcon-512,sign,153916,0.153916,4.7,256,897,656,95,liboqs,validator
Falcon-512,sign,152309,0.152309,4.7,256,897,656,96,liboqs,validator
Falcon-512,sign,146439,0.146439,4.7,256,897,654,97,liboqs,validator
Falcon-512,sign,147712,0.147712,4.7,256,897,657,98,liboqs,validator
Falcon-512,sign,148068,0.148068,4.7,256,897,657,99,liboqs,validator
Falcon-512,sign,147473,0.147473,4.7,256,897,652,100,liboqs,validator
Falcon-512,sign,148172,0.148172,4.7,256,897,656,101,liboqs,validator
Falcon-512,sign,149734,0.149734,4.7,256,897,655,102,liboqs,validator
Falcon-512,sign,156189,0.156189,4.7,256,897,655,103,liboqs,validator
Falcon-512,sign,154431,0.154431,4.7,256,897,655,104,liboqs,validator
Falcon-512,sign,148632,0.148632,4.7,256,897,653,105,liboqs,validator
Falcon-512,sign,149953,0.149953,4.7,256,897,655,106,liboqs,validator
Falcon-512,sign,244682,0.244682,4.7,256,897,657,107,liboqs,validator
Falcon-512,sign,160432,0.160432,4.7,256,897,655,108,liboqs,validator
Falcon-512,sign,153158,0.153158,4.7,256,897,655,109,liboqs,validator
Falcon-512,sign,154963,0.154963,4.7,256,897,654,110,liboqs,validator
Falcon-512,sign,146892,0.146892,4.7,256,897,656,111,liboqs,validator
Falcon-512,sign,146618,0.146618,4.7,256,897,660,112,liboqs,validator
Falcon-512,sign,145897,0.145897,4.7,256,897,653,113,liboqs,validator
Falcon-512,sign,150503,0.150503,4.69,256,897,651,114,liboqs,validator
Falcon-512,sign,147966,0.147966,4.7,256,897,658,115,liboqs,validator
Falcon-512,sign,163200,0.1632,4.7,256,897,657,116,liboqs,validator
Falcon-512,sign,152904,0.152904,4.7,256,897,659,117,liboqs,validator
Falcon-512,sign,147642,0.147642,4.7,256,897,654,118,liboqs,validator
Falcon-512,sign,146556,0.146556,4.7,256,897,653,119,liboqs,validator
Falcon-512,sign,149599,0.149599,4.7,256,897,657,120,liboqs,validator
Falcon-512,sign,147467,0.147467,4.7,256,897,658,121,liboqs,validator
Falcon-512,sign,147901,0.147901,4.7,256,897,655,122,liboqs,validator
Falcon-512,sign,150609,0.150609,4.7,256,897,655,123,liboqs,validator
Falcon-512,sign,146960,0.14696,4.7,256,897,655,124,liboqs,validator
Falcon-512,sign,146035,0.146035,4.7,256,897,655,125,liboqs,validator
Falcon-512,sign,158707,0.158707,4.7,256,897,653,126,liboqs,validator
Falcon-512,sign,154619,0.154619,4.7,256,897,653,127,liboqs,validator
Falcon-512,sign,153090,0.15309,4.7,256,897,653,128,liboqs,validator
Falcon-512,sign,164828,0.164828,4.7,256,897,653,129,liboqs,validator
Falcon-512,sign,151386,0.151386,4.7,256,897,654,130,liboqs,validator
Falcon-512,sign,148335,0.148335,4.7,256,897,653,131,liboqs,validator
Falcon-512,sign,146863,0.146863,4.7,256,897,658,132,liboqs,validator
Falcon-512,sign,147383,0.147383,4.7,256,897,653,133,liboqs,validator
Falcon-512,sign,147963,0.147963,4.7,256,897,655,134,liboqs,validator
Falcon-512,sign,146623,0.146623,4.7,256,897,658,135,liboqs,validator
Falcon-512,sign,147849,0.147849,4.7,256,897,654,136,liboqs,validator
Falcon-512,sign,146428,0.146428,4.7,256,897,656,137,liboqs,validator
Falcon-512,sign,147414,0.147414,4.7,256,897,655,138,liboqs,validator
Falcon-512,sign,145655,0.145655,4.69,256,897,651,139,liboqs,validator
Falcon-512,sign,147254,0.147254,4.7,256,897,657,140,liboqs,validator
Falcon-512,sign,146218,0.146218,4.7,256,897,652,141,liboqs,validator
Falcon-512,sign,153785,0.153785,4.7,256,897,656,142,liboqs,validator
Falcon-512,sign,152083,0.152083,4.7,256,897,656,143,liboqs,validator
Falcon-512,sign,148069,0.148069,4.7,256,897,658,144,liboqs,validator
Falcon-512,sign,145615,0.145615,4.7,256,897,654,145,liboqs,validator
Falcon-512,sign,146184,0.146184,4.7,256,897,656,146,liboqs,validator
Falcon-512,sign,147062,0.147062,4.7,256,897,661,147,liboqs,validator
Falcon-512,sign,147098,0.147098,4.7,256,897,657,148,liboqs,validator
Falcon-512,sign,147697,0.147697,4.7,256,897,655,149,liboqs,validator
Falcon-512,sign,149245,0.149245,4.7,256,897,656,150,liboqs,validator
Falcon-512,sign,144795,0.144795,4.7,256,897,654,151,liboqs,validator
Falcon-512,sign,145480,0.14548,4.7,256,897,661,152,liboqs,validator
Falcon-512,sign,144671,0.144671,4.7,256,897,657,153,liboqs,validator
Falcon-512,sign,151226,0.151226,4.7,256,897,655,154,liboqs,validator
Falcon-512,sign,157118,0.157118,4.69,256,897,651,155,liboqs,validator
Falcon-512,sign,163723,0.163723,4.7,256,897,654,156,liboqs,validator
Falcon-512,sign,156893,0.156893,4.7,256,897,658,157,liboqs,validator
Falcon-512,sign,146507,0.146507,4.7,256,897,657,158,liboqs,validator
Falcon-512,sign,148926,0.148926,4.7,256,897,652,159,liboqs,validator
Falcon-512,sign,148321,0.148321,4.7,256,897,654,160,liboqs,validator
Falcon-512,sign,144459,0.144459,4.7,256,897,656,161,liboqs,validator
Falcon-512,sign,145856,0.145856,4.7,256,897,656,162,liboqs,validator
Falcon-512,sign,148924,0.148924,4.7,256,897,654,163,liboqs,validator
Falcon-512,sign,143846,0.143846,4.7,256,897,657,164,liboqs,validator
Falcon-512,sign,145457,0.145457,4.69,256,897,649,165,liboqs,validator
Falcon-512,sign,147527,0.147527,4.7,256,897,658,166,liboqs,validator
Falcon-512,sign,148025,0.148025,4.7,256,897,656,167,liboqs,validator
Falcon-512,sign,153165,0.153165,4.7,256,897,654,168,liboqs,validator
Falcon-512,sign,152940,0.15294,4.7,256,897,658,169,liboqs,validator
Falcon-512,sign,149137,0.149137,4.7,256,897,652,170,liboqs,validator
Falcon-512,sign,145565,0.145565,4.7,256,897,655,171,liboqs,validator
Falcon-512,sign,145777,0.145777,4.7,256,897,656,172,liboqs,validator
Falcon-512,sign,148116,0.148116,4.7,256,897,655,173,liboqs,validator
Falcon-512,sign,147256,0.147256,4.7,256,897,656,174,liboqs,validator
Falcon-512,sign,148273,0.148273,4.7,256,897,654,175,liboqs,validator
Falcon-512,sign,147326,0.147326,4.7,256,897,657,176,liboqs,validator
Falcon-512,sign,148040,0.14804,4.7,256,897,654,177,liboqs,validator
Falcon-512,sign,145765,0.145765,4.7,256,897,658,178,liboqs,validator
Falcon-512,sign,146001,0.146001,4.7,256,897,656,179,liboqs,validator
Falcon-512,sign,155123,0.155123,4.7,256,897,656,180,liboqs,validator
Falcon-512,sign,161411,0.161411,4.7,256,897,652,181,liboqs,validator
Falcon-512,sign,154878,0.154878,4.7,256,897,654,182,liboqs,validator
Falcon-512,sign,150751,0.150751,4.7,256,897,656,183,liboqs,validator
Falcon-512,sign,146973,0.146973,4.7,256,897,656,184,liboqs,validator
Falcon-512,sign,224917,0.224917,4.7,256,897,656,185,liboqs,validator
Falcon-512,sign,213109,0.213109,4.7,256,897,652,186,liboqs,validator
Falcon-512,sign,165003,0.165003,4.7,256,897,659,187,liboqs,validator
Falcon-512,sign,153055,0.153055,4.69,256,897,651,188,liboqs,validator
Falcon-512,sign,153051,0.153051,4.7,256,897,652,189,liboqs,validator
Falcon-512,sign,153074,0.153074,4.7,256,897,653,190,liboqs,validator
Falcon-512,sign,154734,0.154734,4.7,256,897,652,191,liboqs,validator
Falcon-512,sign,150439,0.150439,4.69,256,897,650,192,liboqs,validator
Falcon-512,sign,149593,0.149593,4.7,256,897,654,193,liboqs,validator
Falcon-512,sign,149389,0.149389,4.7,256,897,653,194,liboqs,validator
Falcon-512,sign,159617,0.159617,4.7,256,897,657,195,liboqs,validator
Falcon-512,sign,156853,0.156853,4.7,256,897,654,196,liboqs,validator
Falcon-512,sign,150943,0.150943,4.7,256,897,659,197,liboqs,validator
Falcon-512,sign,147852,0.147852,4.7,256,897,656,198,liboqs,validator
Falcon-512,sign,147854,0.147854,4.7,256,897,657,199,liboqs,validator
Falcon-512,sign,157789,0.157789,4.7,256,897,654,200,liboqs,validator
Falcon-512,sign,150479,0.150479,4.7,256,897,653,201,liboqs,validator
Falcon-512,sign,147649,0.147649,4.7,256,897,653,202,liboqs,validator
Falcon-512,sign,150199,0.150199,4.7,256,897,654,203,liboqs,validator
Falcon-512,sign,146855,0.146855,4.7,256,897,656,204,liboqs,validator
Falcon-512,sign,159541,0.159541,4.7,256,897,653,205,liboqs,validator
Falcon-512,sign,149463,0.149463,4.7,256,897,655,206,liboqs,validator
Falcon-512,sign,149334,0.149334,4.7,256,897,657,207,liboqs,validator
Falcon-512,sign,157343,0.157343,4.7,256,897,657,208,liboqs,validator
Falcon-512,sign,153125,0.153125,4.7,256,897,652,209,liboqs,validator
Falcon-512,sign,162039,0.162039,4.69,256,897,651,210,liboqs,validator
Falcon-512,sign,153999,0.153999,4.7,256,897,655,211,liboqs,validator
Falcon-512,sign,147890,0.14789,4.7,256,897,656,212,liboqs,validator
Falcon-512,sign,152363,0.152363,4.7,256,897,656,213,liboqs,validator
Falcon-512,sign,146618,0.146618,4.7,256,897,656,214,liboqs,validator
Falcon-512,sign,147093,0.147093,4.7,256,897,657,215,liboqs,validator
Falcon-512,sign,150062,0.150062,4.7,256,897,655,216,liboqs,validator
Falcon-512,sign,147364,0.147364,4.7,256,897,657,217,liboqs,validator
Falcon-512,sign,147067,0.147067,4.7,256,897,658,218,liboqs,validator
Falcon-512,sign,148547,0.148547,4.7,256,897,653,219,liboqs,validator
Falcon-512,sign,149017,0.149017,4.7,256,897,654,220,liboqs,validator
Falcon-512,sign,156937,0.156937,4.7,256,897,653,221,liboqs,validator
Falcon-512,sign,155145,0.155145,4.7,256,897,656,222,liboqs,validator
Falcon-512,sign,150488,0.150488,4.7,256,897,657,223,liboqs,validator
Falcon-512,sign,149972,0.149972,4.7,256,897,657,224,liboqs,validator
Falcon-512,sign,148536,0.148536,4.7,256,897,654,225,liboqs,validator
Falcon-512,sign,149270,0.14927,4.7,256,897,656,226,liboqs,validator
Falcon-512,sign,148797,0.148797,4.7,256,897,656,227,liboqs,validator
Falcon-512,sign,154475,0.154475,4.7,256,897,654,228,liboqs,validator
Falcon-512,sign,152053,0.152053,4.7,256,897,657,229,liboqs,validator
Falcon-512,sign,151122,0.151122,4.7,256,897,659,230,liboqs,validator
Falcon-512,sign,154591,0.154591,4.7,256,897,654,231,liboqs,validator
Falcon-512,sign,151402,0.151402,4.7,256,897,655,232,liboqs,validator
Falcon-512,sign,154234,0.154234,4.7,256,897,655,233,liboqs,validator
Falcon-512,sign,165027,0.165027,4.7,256,897,654,234,liboqs,validator
Falcon-512,sign,177991,0.177991,4.7,256,897,652,235,liboqs,validator
Falcon-512,sign,170429,0.170429,4.7,256,897,655,236,liboqs,validator
Falcon-512,sign,159144,0.159144,4.7,256,897,655,237,liboqs,validator
Falcon-512,sign,156364,0.156364,4.7,256,897,652,238,liboqs,validator
Falcon-512,sign,156820,0.15682,4.7,256,897,658,239,liboqs,validator
Falcon-512,sign,165334,0.165334,4.7,256,897,656,240,liboqs,validator
Falcon-512,sign,151440,0.15144,4.7,256,897,655,241,liboqs,validator
Falcon-512,sign,199359,0.199359,7.09,256,897,653,242,liboqs,validator
Falcon-512,sign,165413,0.165413,6.85,256,897,655,243,liboqs,validator
Falcon-512,sign,150246,0.150246,4.63,256,897,654,244,liboqs,validator
Falcon-512,sign,159434,0.159434,4.7,256,897,657,245,liboqs,validator
Falcon-512,sign,163492,0.163492,4.7,256,897,654,246,liboqs,validator
Falcon-512,sign,155530,0.15553,4.7,256,897,656,247,liboqs,validator
Falcon-512,sign,151209,0.151209,4.7,256,897,657,248,liboqs,validator
Falcon-512,sign,150369,0.150369,4.7,256,897,656,249,liboqs,validator
Falcon-512,sign,150497,0.150497,4.7,256,897,658,250,liboqs,validator
Falcon-512,sign,148292,0.148292,4.7,256,897,655,251,liboqs,validator
Falcon-512,sign,146711,0.146711,4.7,256,897,656,252,liboqs,validator
Falcon-512,sign,145499,0.145499,4.7,256,897,657,253,liboqs,validator
Falcon-512,sign,146137,0.146137,4.7,256,897,654,254,liboqs,validator
Falcon-512,sign,151982,0.151982,4.7,256,897,655,255,liboqs,validator
Falcon-512,sign,158398,0.158398,4.7,256,897,652,256,liboqs,validator
Falcon-512,sign,152481,0.152481,4.7,256,897,652,257,liboqs,validator
Falcon-512,sign,151908,0.151908,4.7,256,897,653,258,liboqs,validator
Falcon-512,sign,158753,0.158753,4.7,256,897,656,259,liboqs,validator
Falcon-512,sign,152538,0.152538,4.7,256,897,656,260,liboqs,validator
Falcon-512,sign,151061,0.151061,4.7,256,897,656,261,liboqs,validator
Falcon-512,sign,149802,0.149802,4.7,256,897,654,262,liboqs,validator
Falcon-512,sign,147751,0.147751,4.7,256,897,654,263,liboqs,validator
Falcon-512,sign,151145,0.151145,4.7,256,897,653,264,liboqs,validator
Falcon-512,sign,153439,0.153439,4.69,256,897,651,265,liboqs,validator
Falcon-512,sign,151001,0.151001,4.7,256,897,655,266,liboqs,validator
Falcon-512,sign,151205,0.151205,4.7,256,897,656,267,liboqs,validator
Falcon-512,sign,149811,0.149811,4.7,256,897,655,268,liboqs,validator
Falcon-512,sign,148375,0.148375,4.7,256,897,658,269,liboqs,validator
Falcon-512,sign,155085,0.155085,4.7,256,897,659,270,liboqs,validator
Falcon-512,sign,157479,0.157479,4.7,256,897,657,271,liboqs,validator
Falcon-512,sign,150017,0.150017,4.7,256,897,654,272,liboqs,validator
Falcon-512,sign,148865,0.148865,4.7,256,897,654,273,liboqs,validator
Falcon-512,sign,149624,0.149624,4.7,256,897,652,274,liboqs,validator
Falcon-512,sign,151995,0.151995,4.7,256,897,652,275,liboqs,validator
Falcon-512,sign,149180,0.14918,4.7,256,897,656,276,liboqs,validator
Falcon-512,sign,148795,0.148795,4.69,256,897,651,277,liboqs,validator
Falcon-512,sign,151204,0.151204,4.7,256,897,656,278,liboqs,validator
Falcon-512,sign,148753,0.148753,4.7,256,897,654,279,liboqs,validator
Falcon-512,sign,147233,0.147233,4.7,256,897,659,280,liboqs,validator
Falcon-512,sign,160771,0.160771,4.7,256,897,654,281,liboqs,validator
Falcon-512,sign,158010,0.15801,4.7,256,897,654,282,liboqs,validator
Falcon-512,sign,154127,0.154127,4.7,256,897,654,283,liboqs,validator
Falcon-512,sign,167873,0.167873,4.7,256,897,656,284,liboqs,validator
Falcon-512,sign,156083,0.156083,4.7,256,897,653,285,liboqs,validator
Falcon-512,sign,149562,0.149562,4.7,256,897,654,286,liboqs,validator
Falcon-512,sign,149581,0.149581,4.69,256,897,650,287,liboqs,validator
Falcon-512,sign,153159,0.153159,4.7,256,897,657,288,liboqs,validator
Falcon-512,sign,149456,0.149456,4.69,256,897,650,289,liboqs,validator
Falcon-512,sign,149967,0.149967,4.7,256,897,656,290,liboqs,validator
Falcon-512,sign,225252,0.225252,4.7,256,897,652,291,liboqs,validator
Falcon-512,sign,262281,0.262281,4.7,256,897,658,292,liboqs,validator
Falcon-512,sign,755521,0.755521,4.7,256,897,654,293,liboqs,validator
Falcon-512,sign,227658,0.227658,4.7,256,897,655,294,liboqs,validator
Falcon-512,sign,170096,0.170096,4.7,256,897,654,295,liboqs,validator
Falcon-512,sign,153995,0.153995,4.7,256,897,653,296,liboqs,validator
Falcon-512,sign,151791,0.151791,4.7,256,897,655,297,liboqs,validator
Falcon-512,sign,149962,0.149962,4.7,256,897,654,298,liboqs,validator
Falcon-512,sign,151368,0.151368,4.7,256,897,652,299,liboqs,validator
Falcon-512,sign,149295,0.149295,4.7,256,897,654,300,liboqs,validator
Falcon-512,sign,160202,0.160202,4.7,256,897,658,301,liboqs,validator
Falcon-512,sign,149319,0.149319,4.7,256,897,655,302,liboqs,validator
Falcon-512,sign,148731,0.148731,4.7,256,897,653,303,liboqs,validator
Falcon-512,sign,159793,0.159793,4.7,256,897,655,304,liboqs,validator
Falcon-512,sign,154817,0.154817,4.7,256,897,658,305,liboqs,validator
Falcon-512,sign,149403,0.149403,4.7,256,897,657,306,liboqs,validator
Falcon-512,sign,146828,0.146828,4.7,256,897,656,307,liboqs,validator
Falcon-512,sign,150491,0.150491,4.7,256,897,654,308,liboqs,validator
Falcon-512,sign,145482,0.145482,4.7,256,897,653,309,liboqs,validator
Falcon-512,sign,147472,0.147472,4.7,256,897,653,310,liboqs,validator
Falcon-512,sign,146051,0.146051,4.7,256,897,655,311,liboqs,validator
Falcon-512,sign,145793,0.145793,4.7,256,897,655,312,liboqs,validator
Falcon-512,sign,146943,0.146943,4.7,256,897,654,313,liboqs,validator
Falcon-512,sign,147288,0.147288,4.7,256,897,652,314,liboqs,validator
Falcon-512,sign,146175,0.146175,4.7,256,897,656,315,liboqs,validator
Falcon-512,sign,163016,0.163016,4.7,256,897,654,316,liboqs,validator
Falcon-512,sign,161880,0.16188,4.7,256,897,654,317,liboqs,validator
Falcon-512,sign,158690,0.15869,4.7,256,897,656,318,liboqs,validator
Falcon-512,sign,148681,0.148681,4.7,256,897,654,319,liboqs,validator
Falcon-512,sign,148754,0.148754,4.7,256,897,655,320,liboqs,validator
Falcon-512,sign,147749,0.147749,4.7,256,897,655,321,liboqs,validator
Falcon-512,sign,146624,0.146624,4.7,256,897,654,322,liboqs,validator
Falcon-512,sign,146313,0.146313,4.69,256,897,651,323,liboqs,validator
Falcon-512,sign,158354,0.158354,4.7,256,897,658,324,liboqs,validator
Falcon-512,sign,148705,0.148705,4.7,256,897,657,325,liboqs,validator
Falcon-512,sign,148673,0.148673,4.7,256,897,653,326,liboqs,validator
Falcon-512,sign,153097,0.153097,4.7,256,897,653,327,liboqs,validator
Falcon-512,sign,150804,0.150804,4.7,256,897,654,328,liboqs,validator
Falcon-512,sign,146981,0.146981,4.7,256,897,656,329,liboqs,validator
Falcon-512,sign,156419,0.156419,4.7,256,897,653,330,liboqs,validator
Falcon-512,sign,154422,0.154422,4.7,256,897,652,331,liboqs,validator
Falcon-512,sign,145798,0.145798,4.7,256,897,655,332,liboqs,validator
Falcon-512,sign,158410,0.15841,4.7,256,897,656,333,liboqs,validator
Falcon-512,sign,156389,0.156389,4.7,256,897,654,334,liboqs,validator
Falcon-512,sign,148305,0.148305,4.7,256,897,659,335,liboqs,validator
Falcon-512,sign,147254,0.147254,4.7,256,897,655,336,liboqs,validator
Falcon-512,sign,145781,0.145781,4.7,256,897,655,337,liboqs,validator
Falcon-512,sign,147871,0.147871,4.7,256,897,654,338,liboqs,validator
Falcon-512,sign,145524,0.145524,4.69,256,897,650,339,liboqs,validator
Falcon-512,sign,144364,0.144364,4.7,256,897,656,340,liboqs,validator
Falcon-512,sign,155844,0.155844,4.7,256,897,658,341,liboqs,validator
Falcon-512,sign,153431,0.153431,4.7,256,897,655,342,liboqs,validator
Falcon-512,sign,149837,0.149837,4.7,256,897,658,343,liboqs,validator
Falcon-512,sign,150943,0.150943,4.7,256,897,655,344,liboqs,validator
Falcon-512,sign,148071,0.148071,4.7,256,897,654,345,liboqs,validator
Falcon-512,sign,149263,0.149263,4.7,256,897,656,346,liboqs,validator
Falcon-512,sign,149834,0.149834,4.7,256,897,656,347,liboqs,validator
Falcon-512,sign,148471,0.148471,4.7,256,897,657,348,liboqs,validator
Falcon-512,sign,145792,0.145792,4.7,256,897,654,349,liboqs,validator
Falcon-512,sign,145441,0.145441,4.7,256,897,653,350,liboqs,validator
Falcon-512,sign,147849,0.147849,4.7,256,897,655,351,liboqs,validator
Falcon-512,sign,149122,0.149122,4.7,256,897,658,352,liboqs,validator
Falcon-512,sign,156958,0.156958,4.7,256,897,658,353,liboqs,validator
Falcon-512,sign,157609,0.157609,4.7,256,897,654,354,liboqs,validator
Falcon-512,sign,148745,0.148745,4.7,256,897,653,355,liboqs,validator
Falcon-512,sign,150791,0.150791,4.7,256,897,657,356,liboqs,validator
Falcon-512,sign,147930,0.14793,4.7,256,897,655,357,liboqs,validator
Falcon-512,sign,149309,0.149309,4.7,256,897,654,358,liboqs,validator
Falcon-512,sign,146627,0.146627,4.7,256,897,654,359,liboqs,validator
Falcon-512,sign,148469,0.148469,4.7,256,897,656,360,liboqs,validator
Falcon-512,sign,146367,0.146367,4.69,256,897,651,361,liboqs,validator
Falcon-512,sign,145233,0.145233,4.7,256,897,660,362,liboqs,validator
Falcon-512,sign,149242,0.149242,4.7,256,897,656,363,liboqs,validator
Falcon-512,sign,157078,0.157078,4.7,256,897,656,364,liboqs,validator
Falcon-512,sign,152570,0.15257,4.7,256,897,652,365,liboqs,validator
Falcon-512,sign,147221,0.147221,4.69,256,897,651,366,liboqs,validator
Falcon-512,sign,147870,0.14787,4.7,256,897,656,367,liboqs,validator
Falcon-512,sign,157403,0.157403,4.7,256,897,656,368,liboqs,validator
Falcon-512,sign,147558,0.147558,4.7,256,897,658,369,liboqs,validator
Falcon-512,sign,153572,0.153572,4.7,256,897,655,370,liboqs,validator
Falcon-512,sign,154131,0.154131,4.7,256,897,654,371,liboqs,validator
Falcon-512,sign,148628,0.148628,4.7,256,897,654,372,liboqs,validator
Falcon-512,sign,148155,0.148155,4.7,256,897,655,373,liboqs,validator
Falcon-512,sign,148155,0.148155,4.7,256,897,658,374,liboqs,validator
Falcon-512,sign,155165,0.155165,4.7,256,897,654,375,liboqs,validator
Falcon-512,sign,152703,0.152703,4.7,256,897,655,376,liboqs,validator
Falcon-512,sign,149662,0.149662,4.7,256,897,656,377,liboqs,validator
Falcon-512,sign,146954,0.146954,4.7,256,897,653,378,liboqs,validator
Falcon-512,sign,154437,0.154437,4.7,256,897,654,379,liboqs,validator
Falcon-512,sign,152077,0.152077,4.7,256,897,656,380,liboqs,validator
Falcon-512,sign,149870,0.14987,4.7,256,897,655,381,liboqs,validator
Falcon-512,sign,148811,0.148811,4.69,256,897,650,382,liboqs,validator
Falcon-512,sign,144789,0.144789,4.7,256,897,659,383,liboqs,validator
Falcon-512,sign,150059,0.150059,4.7,256,897,653,384,liboqs,validator
Falcon-512,sign,148122,0.148122,4.7,256,897,657,385,liboqs,validator
Falcon-512,sign,144694,0.144694,4.7,256,897,655,386,liboqs,validator
Falcon-512,sign,154408,0.154408,4.7,256,897,655,387,liboqs,validator
Falcon-512,sign,154464,0.154464,4.7,256,897,652,388,liboqs,validator
Falcon-512,sign,148333,0.148333,4.7,256,897,657,389,liboqs,validator
Falcon-512,sign,146687,0.146687,4.7,256,897,659,390,liboqs,validator
Falcon-512,sign,148302,0.148302,4.7,256,897,656,391,liboqs,validator
Falcon-512,sign,146649,0.146649,4.7,256,897,656,392,liboqs,validator
Falcon-512,sign,145533,0.145533,4.7,256,897,653,393,liboqs,validator
Falcon-512,sign,148747,0.148747,4.7,256,897,653,394,liboqs,validator
Falcon-512,sign,147350,0.14735,4.7,256,897,657,395,liboqs,validator
Falcon-512,sign,147933,0.147933,4.7,256,897,656,396,liboqs,validator
Falcon-512,sign,144913,0.144913,4.7,256,897,654,397,liboqs,validator
Falcon-512,sign,146739,0.146739,4.7,256,897,653,398,liboqs,validator
Falcon-512,sign,145137,0.145137,4.7,256,897,653,399,liboqs,validator
Falcon-512,sign,154655,0.154655,4.7,256,897,653,400,liboqs,validator
Falcon-512,sign,160486,0.160486,4.7,256,897,652,401,liboqs,validator
Falcon-512,sign,149231,0.149231,4.7,256,897,653,402,liboqs,validator
Falcon-512,sign,148770,0.14877,4.7,256,897,655,403,liboqs,validator
Falcon-512,sign,150293,0.150293,4.7,256,897,657,404,liboqs,validator
Falcon-512,sign,149163,0.149163,4.69,256,897,650,405,liboqs,validator
Falcon-512,sign,148282,0.148282,4.7,256,897,657,406,liboqs,validator
Falcon-512,sign,148899,0.148899,4.7,256,897,657,407,liboqs,validator
Falcon-512,sign,150425,0.150425,4.7,256,897,652,408,liboqs,validator
Falcon-512,sign,145935,0.145935,4.7,256,897,654,409,liboqs,validator
Falcon-512,sign,147198,0.147198,4.7,256,897,655,410,liboqs,validator
Falcon-512,sign,145803,0.145803,4.7,256,897,655,411,liboqs,validator
Falcon-512,sign,149817,0.149817,4.7,256,897,654,412,liboqs,validator
Falcon-512,sign,158416,0.158416,4.7,256,897,657,413,liboqs,validator
Falcon-512,sign,154050,0.15405,4.7,256,897,659,414,liboqs,validator
Falcon-512,sign,163844,0.163844,4.7,256,897,654,415,liboqs,validator
Falcon-512,sign,156685,0.156685,4.7,256,897,656,416,liboqs,validator
Falcon-512,sign,150083,0.150083,4.7,256,897,654,417,liboqs,validator
Falcon-512,sign,147778,0.147778,4.7,256,897,657,418,liboqs,validator
Falcon-512,sign,149506,0.149506,4.7,256,897,655,419,liboqs,validator
Falcon-512,sign,149406,0.149406,4.7,256,897,657,420,liboqs,validator
Falcon-512,sign,147785,0.147785,4.7,256,897,657,421,liboqs,validator
Falcon-512,sign,147428,0.147428,4.7,256,897,653,422,liboqs,validator
Falcon-512,sign,150931,0.150931,4.7,256,897,655,423,liboqs,validator
Falcon-512,sign,153778,0.153778,4.7,256,897,656,424,liboqs,validator
Falcon-512,sign,145826,0.145826,4.7,256,897,655,425,liboqs,validator
Falcon-512,sign,161701,0.161701,4.7,256,897,655,426,liboqs,validator
Falcon-512,sign,153064,0.153064,4.7,256,897,661,427,liboqs,validator
Falcon-512,sign,147387,0.147387,4.7,256,897,656,428,liboqs,validator
Falcon-512,sign,147757,0.147757,4.7,256,897,655,429,liboqs,validator
Falcon-512,sign,148916,0.148916,4.7,256,897,658,430,liboqs,validator
Falcon-512,sign,147717,0.147717,4.7,256,897,653,431,liboqs,validator
Falcon-512,sign,150217,0.150217,4.7,256,897,656,432,liboqs,validator
Falcon-512,sign,147612,0.147612,4.7,256,897,655,433,liboqs,validator
Falcon-512,sign,148219,0.148219,4.7,256,897,656,434,liboqs,validator
Falcon-512,sign,146851,0.146851,4.7,256,897,656,435,liboqs,validator
Falcon-512,sign,149371,0.149371,4.69,256,897,651,436,liboqs,validator
Falcon-512,sign,154456,0.154456,4.7,256,897,654,437,liboqs,validator
Falcon-512,sign,151237,0.151237,4.7,256,897,657,438,liboqs,validator
Falcon-512,sign,149407,0.149407,4.7,256,897,652,439,liboqs,validator
Falcon-512,sign,146281,0.146281,4.7,256,897,653,440,liboqs,validator
Falcon-512,sign,148653,0.148653,4.7,256,897,657,441,liboqs,validator
Falcon-512,sign,148175,0.148175,4.7,256,897,658,442,liboqs,validator
Falcon-512,sign,146068,0.146068,4.7,256,897,653,443,liboqs,validator
Falcon-512,sign,145296,0.145296,4.7,256,897,654,444,liboqs,validator
Falcon-512,sign,147551,0.147551,4.7,256,897,656,445,liboqs,validator
Falcon-512,sign,149454,0.149454,4.7,256,897,657,446,liboqs,validator
Falcon-512,sign,146754,0.146754,4.7,256,897,657,447,liboqs,validator
Falcon-512,sign,144958,0.144958,4.7,256,897,654,448,liboqs,validator
Falcon-512,sign,146207,0.146207,4.7,256,897,655,449,liboqs,validator
Falcon-512,sign,148126,0.148126,4.7,256,897,657,450,liboqs,validator
Falcon-512,sign,155689,0.155689,4.7,256,897,659,451,liboqs,validator
Falcon-512,sign,153327,0.153327,4.7,256,897,655,452,liboqs,validator
Falcon-512,sign,148016,0.148016,4.7,256,897,657,453,liboqs,validator
Falcon-512,sign,150725,0.150725,4.7,256,897,654,454,liboqs,validator
Falcon-512,sign,144762,0.144762,4.7,256,897,661,455,liboqs,validator
Falcon-512,sign,149433,0.149433,4.7,256,897,654,456,liboqs,validator
Falcon-512,sign,146101,0.146101,4.7,256,897,655,457,liboqs,validator
Falcon-512,sign,151535,0.151535,4.7,256,897,655,458,liboqs,validator
Falcon-512,sign,149108,0.149108,4.7,256,897,657,459,liboqs,validator
Falcon-512,sign,153712,0.153712,4.7,256,897,656,460,liboqs,validator
Falcon-512,sign,153039,0.153039,4.7,256,897,655,461,liboqs,validator
Falcon-512,sign,154780,0.15478,4.7,256,897,653,462,liboqs,validator
Falcon-512,sign,152129,0.152129,4.7,256,897,652,463,liboqs,validator
Falcon-512,sign,150350,0.15035,4.7,256,897,658,464,liboqs,validator
Falcon-512,sign,150125,0.150125,4.7,256,897,653,465,liboqs,validator
Falcon-512,sign,145437,0.145437,4.7,256,897,656,466,liboqs,validator
Falcon-512,sign,146365,0.146365,4.7,256,897,656,467,liboqs,validator
Falcon-512,sign,148613,0.148613,4.7,256,897,657,468,liboqs,validator
Falcon-512,sign,149829,0.149829,4.7,256,897,659,469,liboqs,validator
Falcon-512,sign,147290,0.14729,4.69,256,897,651,470,liboqs,validator
Falcon-512,sign,145635,0.145635,4.7,256,897,656,471,liboqs,validator
Falcon-512,sign,146924,0.146924,4.7,256,897,652,472,liboqs,validator
Falcon-512,sign,145671,0.145671,4.7,256,897,656,473,liboqs,validator
Falcon-512,sign,163930,0.16393,4.7,256,897,659,474,liboqs,validator
Falcon-512,sign,149350,0.14935,4.7,256,897,656,475,liboqs,validator
Falcon-512,sign,149161,0.149161,4.7,256,897,657,476,liboqs,validator
Falcon-512,sign,147605,0.147605,4.7,256,897,654,477,liboqs,validator
Falcon-512,sign,144985,0.144985,4.7,256,897,654,478,liboqs,validator
Falcon-512,sign,149335,0.149335,4.7,256,897,655,479,liboqs,validator
Falcon-512,sign,149178,0.149178,4.7,256,897,654,480,liboqs,validator
Falcon-512,sign,150176,0.150176,4.7,256,897,655,481,liboqs,validator
Falcon-512,sign,149415,0.149415,4.7,256,897,654,482,liboqs,validator
Falcon-512,sign,147081,0.147081,4.7,256,897,656,483,liboqs,validator
Falcon-512,sign,151525,0.151525,4.7,256,897,654,484,liboqs,validator
Falcon-512,sign,158484,0.158484,4.7,256,897,656,485,liboqs,validator
Falcon-512,sign,169464,0.169464,4.7,256,897,656,486,liboqs,validator
Falcon-512,sign,156061,0.156061,4.7,256,897,652,487,liboqs,validator
Falcon-512,sign,148945,0.148945,4.7,256,897,657,488,liboqs,validator
Falcon-512,sign,151022,0.151022,4.7,256,897,655,489,liboqs,validator
Falcon-512,sign,147382,0.147382,4.7,256,897,654,490,liboqs,validator
Falcon-512,sign,145607,0.145607,4.7,256,897,653,491,liboqs,validator
Falcon-512,sign,149205,0.149205,4.69,256,897,651,492,liboqs,validator
Falcon-512,sign,145750,0.14575,4.7,256,897,657,493,liboqs,validator
Falcon-512,sign,148392,0.148392,4.7,256,897,655,494,liboqs,validator
Falcon-512,sign,147548,0.147548,4.7,256,897,655,495,liboqs,validator
Falcon-512,sign,158091,0.158091,4.7,256,897,655,496,liboqs,validator
Falcon-512,sign,153888,0.153888,4.7,256,897,657,497,liboqs,validator
Falcon-512,sign,147287,0.147287,4.7,256,897,653,498,liboqs,validator
Falcon-512,sign,152184,0.152184,4.7,256,897,656,499,liboqs,validator
Falcon-512,sign,149411,0.149411,4.7,256,897,653,500,liboqs,validator
Falcon-512,sign,146108,0.146108,4.7,256,897,652,501,liboqs,validator
Falcon-512,sign,147504,0.147504,4.7,256,897,656,502,liboqs,validator
Falcon-512,sign,147744,0.147744,4.7,256,897,655,503,liboqs,validator
Falcon-512,sign,149168,0.149168,4.7,256,897,655,504,liboqs,validator
Falcon-512,sign,155046,0.155046,4.7,256,897,653,505,liboqs,validator
Falcon-512,sign,150497,0.150497,4.7,256,897,654,506,liboqs,validator
Falcon-512,sign,147623,0.147623,4.7,256,897,655,507,liboqs,validator
Falcon-512,sign,149287,0.149287,4.7,256,897,655,508,liboqs,validator
Falcon-512,sign,160954,0.160954,4.7,256,897,659,509,liboqs,validator
Falcon-512,sign,158935,0.158935,4.7,256,897,652,510,liboqs,validator
Falcon-512,sign,154693,0.154693,4.7,256,897,653,511,liboqs,validator
Falcon-512,sign,155496,0.155496,4.7,256,897,657,512,liboqs,validator
Falcon-512,sign,151373,0.151373,4.7,256,897,654,513,liboqs,validator
Falcon-512,sign,146404,0.146404,4.7,256,897,656,514,liboqs,validator
Falcon-512,sign,164461,0.164461,4.7,256,897,655,515,liboqs,validator
Falcon-512,sign,154336,0.154336,4.7,256,897,654,516,liboqs,validator
Falcon-512,sign,145988,0.145988,4.7,256,897,654,517,liboqs,validator
Falcon-512,sign,144999,0.144999,4.7,256,897,653,518,liboqs,validator
Falcon-512,sign,150933,0.150933,4.7,256,897,660,519,liboqs,validator
Falcon-512,sign,145447,0.145447,4.7,256,897,655,520,liboqs,validator
Falcon-512,sign,144985,0.144985,4.7,256,897,656,521,liboqs,validator
Falcon-512,sign,157233,0.157233,4.7,256,897,657,522,liboqs,validator
Falcon-512,sign,152750,0.15275,4.7,256,897,653,523,liboqs,validator
Falcon-512,sign,151020,0.15102,4.7,256,897,659,524,liboqs,validator
Falcon-512,sign,149039,0.149039,4.7,256,897,654,525,liboqs,validator
Falcon-512,sign,145740,0.14574,4.7,256,897,654,526,liboqs,validator
Falcon-512,sign,145551,0.145551,4.7,256,897,652,527,liboqs,validator
Falcon-512,sign,147437,0.147437,4.7,256,897,656,528,liboqs,validator
Falcon-512,sign,146145,0.146145,4.7,256,897,655,529,liboqs,validator
Falcon-512,sign,147961,0.147961,4.7,256,897,652,530,liboqs,validator
Falcon-512,sign,144043,0.144043,4.7,256,897,654,531,liboqs,validator
Falcon-512,sign,154295,0.154295,4.7,256,897,658,532,liboqs,validator
Falcon-512,sign,145569,0.145569,4.7,256,897,655,533,liboqs,validator
Falcon-512,sign,155181,0.155181,4.7,256,897,654,534,liboqs,validator
Falcon-512,sign,153094,0.153094,4.7,256,897,653,535,liboqs,validator
Falcon-512,sign,153771,0.153771,4.7,256,897,654,536,liboqs,validator
Falcon-512,sign,147825,0.147825,4.7,256,897,657,537,liboqs,validator
Falcon-512,sign,147192,0.147192,4.7,256,897,660,538,liboqs,validator
Falcon-512,sign,147152,0.147152,4.7,256,897,653,539,liboqs,validator
Falcon-512,sign,146046,0.146046,4.7,256,897,660,540,liboqs,validator
Falcon-512,sign,144955,0.144955,4.7,256,897,656,541,liboqs,validator
Falcon-512,sign,148309,0.148309,4.7,256,897,655,542,liboqs,validator
Falcon-512,sign,158675,0.158675,4.7,256,897,653,543,liboqs,validator
Falcon-512,sign,153772,0.153772,4.69,256,897,648,544,liboqs,validator
Falcon-512,sign,156921,0.156921,4.7,256,897,657,545,liboqs,validator
Falcon-512,sign,153119,0.153119,4.7,256,897,657,546,liboqs,validator
Falcon-512,sign,149093,0.149093,4.7,256,897,658,547,liboqs,validator
Falcon-512,sign,148276,0.148276,4.7,256,897,653,548,liboqs,validator
Falcon-512,sign,146632,0.146632,4.7,256,897,654,549,liboqs,validator
Falcon-512,sign,145962,0.145962,4.7,256,897,656,550,liboqs,validator
Falcon-512,sign,144508,0.144508,4.7,256,897,655,551,liboqs,validator
Falcon-512,sign,148130,0.14813,4.7,256,897,653,552,liboqs,validator
Falcon-512,sign,145063,0.145063,4.7,256,897,654,553,liboqs,validator
Falcon-512,sign,147083,0.147083,4.7,256,897,654,554,liboqs,validator
Falcon-512,sign,148441,0.148441,4.7,256,897,655,555,liboqs,validator
Falcon-512,sign,156427,0.156427,4.7,256,897,653,556,liboqs,validator
Falcon-512,sign,153643,0.153643,4.7,256,897,653,557,liboqs,validator
Falcon-512,sign,149789,0.149789,4.7,256,897,654,558,liboqs,validator
Falcon-512,sign,145696,0.145696,4.69,256,897,651,559,liboqs,validator
Falcon-512,sign,145472,0.145472,4.7,256,897,657,560,liboqs,validator
Falcon-512,sign,148700,0.1487,4.7,256,897,652,561,liboqs,validator
Falcon-512,sign,147944,0.147944,4.7,256,897,655,562,liboqs,validator
Falcon-512,sign,150228,0.150228,4.69,256,897,651,563,liboqs,validator
Falcon-512,sign,146362,0.146362,4.7,256,897,655,564,liboqs,validator
Falcon-512,sign,148523,0.148523,4.7,256,897,654,565,liboqs,validator
Falcon-512,sign,146711,0.146711,4.7,256,897,652,566,liboqs,validator
Falcon-512,sign,148514,0.148514,4.7,256,897,653,567,liboqs,validator
Falcon-512,sign,147579,0.147579,4.7,256,897,660,568,liboqs,validator
Falcon-512,sign,146194,0.146194,4.7,256,897,657,569,liboqs,validator
Falcon-512,sign,157330,0.15733,4.7,256,897,655,570,liboqs,validator
Falcon-512,sign,168170,0.16817,4.7,256,897,660,571,liboqs,validator
Falcon-512,sign,149304,0.149304,4.7,256,897,654,572,liboqs,validator
Falcon-512,sign,148384,0.148384,4.7,256,897,654,573,liboqs,validator
Falcon-512,sign,147273,0.147273,4.7,256,897,655,574,liboqs,validator
Falcon-512,sign,202867,0.202867,4.7,256,897,657,575,liboqs,validator
Falcon-512,sign,191534,0.191534,4.7,256,897,657,576,liboqs,validator
Falcon-512,sign,158011,0.158011,4.7,256,897,660,577,liboqs,validator
Falcon-512,sign,187975,0.187975,4.7,256,897,659,578,liboqs,validator
Falcon-512,sign,193367,0.193367,4.7,256,897,653,579,liboqs,validator
Falcon-512,sign,237742,0.237742,4.7,256,897,653,580,liboqs,validator
Falcon-512,sign,170986,0.170986,4.7,256,897,654,581,liboqs,validator
Falcon-512,sign,222862,0.222862,4.7,256,897,656,582,liboqs,validator
Falcon-512,sign,181700,0.1817,4.7,256,897,654,583,liboqs,validator
Falcon-512,sign,201657,0.201657,7.09,256,897,655,584,liboqs,validator
Falcon-512,sign,178255,0.178255,6.85,256,897,654,585,liboqs,validator
Falcon-512,sign,157154,0.157154,4.63,256,897,650,586,liboqs,validator
Falcon-512,sign,151652,0.151652,4.7,256,897,657,587,liboqs,validator
Falcon-512,sign,148095,0.148095,4.7,256,897,653,588,liboqs,validator
Falcon-512,sign,148905,0.148905,4.7,256,897,655,589,liboqs,validator
Falcon-512,sign,145084,0.145084,4.7,256,897,656,590,liboqs,validator
Falcon-512,sign,147632,0.147632,4.7,256,897,652,591,liboqs,validator
Falcon-512,sign,158767,0.158767,4.69,256,897,650,592,liboqs,validator
Falcon-512,sign,149819,0.149819,4.7,256,897,653,593,liboqs,validator
Falcon-512,sign,148316,0.148316,4.7,256,897,655,594,liboqs,validator
Falcon-512,sign,147125,0.147125,4.7,256,897,657,595,liboqs,validator
Falcon-512,sign,149133,0.149133,4.7,256,897,655,596,liboqs,validator
Falcon-512,sign,146574,0.146574,4.69,256,897,650,597,liboqs,validator
Falcon-512,sign,146483,0.146483,4.7,256,897,654,598,liboqs,validator
Falcon-512,sign,146884,0.146884,4.7,256,897,660,599,liboqs,validator
Falcon-512,sign,149618,0.149618,4.7,256,897,657,600,liboqs,validator
Falcon-512,sign,146869,0.146869,4.7,256,897,655,601,liboqs,validator
Falcon-512,sign,146556,0.146556,4.7,256,897,655,602,liboqs,validator
Falcon-512,sign,149783,0.149783,4.7,256,897,656,603,liboqs,validator
Falcon-512,sign,148008,0.148008,4.7,256,897,656,604,liboqs,validator
Falcon-512,sign,147940,0.14794,4.7,256,897,654,605,liboqs,validator
Falcon-512,sign,164188,0.164188,4.7,256,897,655,606,liboqs,validator
Falcon-512,sign,153015,0.153015,4.7,256,897,657,607,liboqs,validator
Falcon-512,sign,148882,0.148882,4.7,256,897,654,608,liboqs,validator
Falcon-512,sign,144107,0.144107,4.7,256,897,656,609,liboqs,validator
Falcon-512,sign,147670,0.14767,4.7,256,897,652,610,liboqs,validator
Falcon-512,sign,145721,0.145721,4.7,256,897,656,611,liboqs,validator
Falcon-512,sign,154192,0.154192,4.7,256,897,656,612,liboqs,validator
Falcon-512,sign,147899,0.147899,4.7,256,897,655,613,liboqs,validator
Falcon-512,sign,144623,0.144623,4.7,256,897,652,614,liboqs,validator
Falcon-512,sign,147782,0.147782,4.7,256,897,658,615,liboqs,validator
Falcon-512,sign,147999,0.147999,4.7,256,897,657,616,liboqs,validator
Falcon-512,sign,153587,0.153587,4.7,256,897,654,617,liboqs,validator
Falcon-512,sign,150083,0.150083,4.7,256,897,657,618,liboqs,validator
Falcon-512,sign,156736,0.156736,4.7,256,897,653,619,liboqs,validator
Falcon-512,sign,157324,0.157324,4.7,256,897,658,620,liboqs,validator
Falcon-512,sign,150470,0.15047,4.7,256,897,655,621,liboqs,validator
Falcon-512,sign,149631,0.149631,4.7,256,897,656,622,liboqs,validator
Falcon-512,sign,150582,0.150582,4.7,256,897,655,623,liboqs,validator
Falcon-512,sign,145941,0.145941,4.7,256,897,653,624,liboqs,validator
Falcon-512,sign,148069,0.148069,4.7,256,897,656,625,liboqs,validator
Falcon-512,sign,154983,0.154983,4.7,256,897,657,626,liboqs,validator
Falcon-512,sign,162495,0.162495,4.7,256,897,652,627,liboqs,validator
Falcon-512,sign,146418,0.146418,4.7,256,897,658,628,liboqs,validator
Falcon-512,sign,161064,0.161064,4.7,256,897,656,629,liboqs,validator
Falcon-512,sign,160974,0.160974,4.7,256,897,652,630,liboqs,validator
Falcon-512,sign,155925,0.155925,4.7,256,897,655,631,liboqs,validator
Falcon-512,sign,152611,0.152611,4.7,256,897,653,632,liboqs,validator
Falcon-512,sign,150997,0.150997,4.7,256,897,652,633,liboqs,validator
Falcon-512,sign,149064,0.149064,4.7,256,897,653,634,liboqs,validator
Falcon-512,sign,145483,0.145483,4.7,256,897,655,635,liboqs,validator
Falcon-512,sign,146758,0.146758,4.7,256,897,657,636,liboqs,validator
Falcon-512,sign,145676,0.145676,4.7,256,897,654,637,liboqs,validator
Falcon-512,sign,151387,0.151387,4.7,256,897,654,638,liboqs,validator
Falcon-512,sign,146423,0.146423,4.7,256,897,654,639,liboqs,validator
Falcon-512,sign,147731,0.147731,4.7,256,897,654,640,liboqs,validator
Falcon-512,sign,147965,0.147965,4.7,256,897,658,641,liboqs,validator
Falcon-512,sign,146007,0.146007,4.7,256,897,659,642,liboqs,validator
Falcon-512,sign,158811,0.158811,4.7,256,897,656,643,liboqs,validator
Falcon-512,sign,151539,0.151539,4.7,256,897,652,644,liboqs,validator
Falcon-512,sign,145246,0.145246,4.7,256,897,656,645,liboqs,validator
Falcon-512,sign,147395,0.147395,4.7,256,897,659,646,liboqs,validator
Falcon-512,sign,144777,0.144777,4.7,256,897,657,647,liboqs,validator
Falcon-512,sign,145366,0.145366,4.7,256,897,657,648,liboqs,validator
Falcon-512,sign,147880,0.14788,4.7,256,897,657,649,liboqs,validator
Falcon-512,sign,148576,0.148576,4.7,256,897,655,650,liboqs,validator
Falcon-512,sign,147548,0.147548,4.7,256,897,654,651,liboqs,validator
Falcon-512,sign,146820,0.14682,4.7,256,897,655,652,liboqs,validator
Falcon-512,sign,146427,0.146427,4.7,256,897,653,653,liboqs,validator
Falcon-512,sign,145075,0.145075,4.7,256,897,653,654,liboqs,validator
Falcon-512,sign,158595,0.158595,4.7,256,897,653,655,liboqs,validator
Falcon-512,sign,152328,0.152328,4.7,256,897,655,656,liboqs,validator
Falcon-512,sign,149322,0.149322,4.7,256,897,655,657,liboqs,validator
Falcon-512,sign,145361,0.145361,4.7,256,897,658,658,liboqs,validator
Falcon-512,sign,147420,0.14742,4.7,256,897,653,659,liboqs,validator
Falcon-512,sign,163573,0.163573,4.7,256,897,659,660,liboqs,validator
Falcon-512,sign,154037,0.154037,4.69,256,897,651,661,liboqs,validator
Falcon-512,sign,147889,0.147889,4.7,256,897,657,662,liboqs,validator
Falcon-512,sign,149282,0.149282,4.7,256,897,653,663,liboqs,validator
Falcon-512,sign,152914,0.152914,4.7,256,897,659,664,liboqs,validator
Falcon-512,sign,150141,0.150141,4.7,256,897,659,665,liboqs,validator
Falcon-512,sign,157544,0.157544,4.7,256,897,656,666,liboqs,validator
Falcon-512,sign,152925,0.152925,4.7,256,897,658,667,liboqs,validator
Falcon-512,sign,147734,0.147734,4.7,256,897,656,668,liboqs,validator
Falcon-512,sign,146468,0.146468,4.7,256,897,656,669,liboqs,validator
Falcon-512,sign,145976,0.145976,4.7,256,897,657,670,liboqs,validator
Falcon-512,sign,144348,0.144348,4.7,256,897,657,671,liboqs,validator
Falcon-512,sign,144378,0.144378,4.7,256,897,654,672,liboqs,validator
Falcon-512,sign,148271,0.148271,4.7,256,897,655,673,liboqs,validator
Falcon-512,sign,146280,0.14628,4.7,256,897,655,674,liboqs,validator
Falcon-512,sign,147015,0.147015,4.7,256,897,656,675,liboqs,validator
Falcon-512,sign,245998,0.245998,4.69,256,897,651,676,liboqs,validator
Falcon-512,sign,166647,0.166647,4.7,256,897,657,677,liboqs,validator
Falcon-512,sign,153152,0.153152,4.7,256,897,657,678,liboqs,validator
Falcon-512,sign,155907,0.155907,4.7,256,897,653,679,liboqs,validator
Falcon-512,sign,147383,0.147383,4.7,256,897,654,680,liboqs,validator
Falcon-512,sign,150591,0.150591,4.7,256,897,656,681,liboqs,validator
Falcon-512,sign,146993,0.146993,4.7,256,897,652,682,liboqs,validator
Falcon-512,sign,149824,0.149824,4.69,256,897,650,683,liboqs,validator
Falcon-512,sign,148930,0.14893,4.7,256,897,653,684,liboqs,validator
Falcon-512,sign,146187,0.146187,4.7,256,897,652,685,liboqs,validator
Falcon-512,sign,163570,0.16357,4.7,256,897,654,686,liboqs,validator
Falcon-512,sign,155026,0.155026,4.7,256,897,655,687,liboqs,validator
Falcon-512,sign,185195,0.185195,4.7,256,897,654,688,liboqs,validator
Falcon-512,sign,208437,0.208437,4.7,256,897,656,689,liboqs,validator
Falcon-512,sign,165663,0.165663,4.7,256,897,656,690,liboqs,validator
Falcon-512,sign,156641,0.156641,4.7,256,897,653,691,liboqs,validator
Falcon-512,sign,150292,0.150292,4.7,256,897,655,692,liboqs,validator
Falcon-512,sign,152378,0.152378,4.7,256,897,652,693,liboqs,validator
Falcon-512,sign,146755,0.146755,4.7,256,897,654,694,liboqs,validator
Falcon-512,sign,147480,0.14748,4.7,256,897,656,695,liboqs,validator
Falcon-512,sign,164552,0.164552,4.7,256,897,654,696,liboqs,validator
Falcon-512,sign,146652,0.146652,4.7,256,897,657,697,liboqs,validator
Falcon-512,sign,149470,0.14947,4.7,256,897,655,698,liboqs,validator
Falcon-512,sign,158318,0.158318,4.7,256,897,657,699,liboqs,validator
Falcon-512,sign,155657,0.155657,4.7,256,897,652,700,liboqs,validator
Falcon-512,sign,151975,0.151975,4.7,256,897,655,701,liboqs,validator
Falcon-512,sign,147602,0.147602,4.7,256,897,657,702,liboqs,validator
Falcon-512,sign,149223,0.149223,4.7,256,897,654,703,liboqs,validator
Falcon-512,sign,146167,0.146167,4.7,256,897,659,704,liboqs,validator
Falcon-512,sign,147185,0.147185,4.7,256,897,655,705,liboqs,validator
Falcon-512,sign,147343,0.147343,4.7,256,897,658,706,liboqs,validator
Falcon-512,sign,144788,0.144788,4.7,256,897,652,707,liboqs,validator
Falcon-512,sign,145097,0.145097,4.7,256,897,657,708,liboqs,validator
Falcon-512,sign,144096,0.144096,4.7,256,897,657,709,liboqs,validator
Falcon-512,sign,148042,0.148042,4.7,256,897,656,710,liboqs,validator
Falcon-512,sign,144981,0.144981,4.7,256,897,655,711,liboqs,validator
Falcon-512,sign,155748,0.155748,4.7,256,897,656,712,liboqs,validator
Falcon-512,sign,156966,0.156966,4.7,256,897,660,713,liboqs,validator
Falcon-512,sign,148698,0.148698,4.7,256,897,653,714,liboqs,validator
Falcon-512,sign,148943,0.148943,4.7,256,897,657,715,liboqs,validator
Falcon-512,sign,163142,0.163142,4.69,256,897,651,716,liboqs,validator
Falcon-512,sign,145774,0.145774,4.7,256,897,657,717,liboqs,validator
Falcon-512,sign,147320,0.14732,4.7,256,897,658,718,liboqs,validator
Falcon-512,sign,146924,0.146924,4.69,256,897,651,719,liboqs,validator
Falcon-512,sign,146515,0.146515,4.7,256,897,656,720,liboqs,validator
Falcon-512,sign,144677,0.144677,4.7,256,897,659,721,liboqs,validator
Falcon-512,sign,145305,0.145305,4.7,256,897,653,722,liboqs,validator
Falcon-512,sign,147240,0.14724,4.7,256,897,657,723,liboqs,validator
Falcon-512,sign,146282,0.146282,4.7,256,897,653,724,liboqs,validator
Falcon-512,sign,155099,0.155099,4.7,256,897,656,725,liboqs,validator
Falcon-512,sign,159900,0.1599,4.7,256,897,657,726,liboqs,validator
Falcon-512,sign,148690,0.14869,4.7,256,897,653,727,liboqs,validator
Falcon-512,sign,149747,0.149747,4.7,256,897,658,728,liboqs,validator
Falcon-512,sign,147945,0.147945,4.7,256,897,658,729,liboqs,validator
Falcon-512,sign,145049,0.145049,4.7,256,897,654,730,liboqs,validator
Falcon-512,sign,146600,0.1466,4.7,256,897,660,731,liboqs,validator
Falcon-512,sign,148003,0.148003,4.7,256,897,656,732,liboqs,validator
Falcon-512,sign,146084,0.146084,4.7,256,897,657,733,liboqs,validator
Falcon-512,sign,146430,0.14643,4.7,256,897,653,734,liboqs,validator
Falcon-512,sign,155501,0.155501,4.7,256,897,653,735,liboqs,validator
Falcon-512,sign,158049,0.158049,4.7,256,897,657,736,liboqs,validator
Falcon-512,sign,158776,0.158776,4.7,256,897,653,737,liboqs,validator
Falcon-512,sign,150839,0.150839,4.7,256,897,655,738,liboqs,validator
Falcon-512,sign,149933,0.149933,4.7,256,897,655,739,liboqs,validator
Falcon-512,sign,145493,0.145493,4.7,256,897,657,740,liboqs,validator
Falcon-512,sign,150852,0.150852,4.7,256,897,656,741,liboqs,validator
Falcon-512,sign,150377,0.150377,4.7,256,897,657,742,liboqs,validator
Falcon-512,sign,146500,0.1465,4.7,256,897,657,743,liboqs,validator
Falcon-512,sign,146582,0.146582,4.7,256,897,659,744,liboqs,validator
Falcon-512,sign,146596,0.146596,4.7,256,897,657,745,liboqs,validator
Falcon-512,sign,147163,0.147163,4.7,256,897,656,746,liboqs,validator
Falcon-512,sign,146380,0.14638,4.7,256,897,655,747,liboqs,validator
Falcon-512,sign,145718,0.145718,4.7,256,897,654,748,liboqs,validator
Falcon-512,sign,147059,0.147059,4.7,256,897,652,749,liboqs,validator
Falcon-512,sign,156090,0.15609,4.7,256,897,654,750,liboqs,validator
Falcon-512,sign,154594,0.154594,4.7,256,897,653,751,liboqs,validator
Falcon-512,sign,151505,0.151505,4.7,256,897,653,752,liboqs,validator
Falcon-512,sign,149564,0.149564,4.69,256,897,650,753,liboqs,validator
Falcon-512,sign,146180,0.14618,4.7,256,897,656,754,liboqs,validator
Falcon-512,sign,147329,0.147329,4.7,256,897,655,755,liboqs,validator
Falcon-512,sign,147755,0.147755,4.7,256,897,655,756,liboqs,validator
Falcon-512,sign,147436,0.147436,4.7,256,897,652,757,liboqs,validator
Falcon-512,sign,146335,0.146335,4.7,256,897,658,758,liboqs,validator
Falcon-512,sign,149325,0.149325,4.7,256,897,656,759,liboqs,validator
Falcon-512,sign,147833,0.147833,4.7,256,897,655,760,liboqs,validator
Falcon-512,sign,145852,0.145852,4.7,256,897,652,761,liboqs,validator
Falcon-512,sign,147854,0.147854,4.7,256,897,660,762,liboqs,validator
Falcon-512,sign,156004,0.156004,4.7,256,897,659,763,liboqs,validator
Falcon-512,sign,154704,0.154704,4.7,256,897,654,764,liboqs,validator
Falcon-512,sign,144900,0.1449,4.7,256,897,654,765,liboqs,validator
Falcon-512,sign,147826,0.147826,4.7,256,897,652,766,liboqs,validator
Falcon-512,sign,152591,0.152591,4.7,256,897,653,767,liboqs,validator
Falcon-512,sign,147354,0.147354,4.69,256,897,651,768,liboqs,validator
Falcon-512,sign,147220,0.14722,4.69,256,897,651,769,liboqs,validator
Falcon-512,sign,143783,0.143783,4.7,256,897,653,770,liboqs,validator
Falcon-512,sign,152889,0.152889,4.7,256,897,657,771,liboqs,validator
Falcon-512,sign,157685,0.157685,4.69,256,897,651,772,liboqs,validator
Falcon-512,sign,146546,0.146546,4.7,256,897,653,773,liboqs,validator
Falcon-512,sign,144706,0.144706,4.7,256,897,654,774,liboqs,validator
Falcon-512,sign,144658,0.144658,4.7,256,897,653,775,liboqs,validator
Falcon-512,sign,157834,0.157834,4.7,256,897,652,776,liboqs,validator
Falcon-512,sign,155372,0.155372,4.7,256,897,660,777,liboqs,validator
Falcon-512,sign,148788,0.148788,4.7,256,897,654,778,liboqs,validator
Falcon-512,sign,146855,0.146855,4.7,256,897,657,779,liboqs,validator
Falcon-512,sign,161946,0.161946,4.7,256,897,657,780,liboqs,validator
Falcon-512,sign,150558,0.150558,4.69,256,897,650,781,liboqs,validator
Falcon-512,sign,150190,0.15019,4.7,256,897,654,782,liboqs,validator
Falcon-512,sign,146985,0.146985,4.7,256,897,652,783,liboqs,validator
Falcon-512,sign,147314,0.147314,4.7,256,897,654,784,liboqs,validator
Falcon-512,sign,147360,0.14736,4.7,256,897,655,785,liboqs,validator
Falcon-512,sign,147584,0.147584,4.7,256,897,654,786,liboqs,validator
Falcon-512,sign,157560,0.15756,4.7,256,897,654,787,liboqs,validator
Falcon-512,sign,155335,0.155335,4.7,256,897,655,788,liboqs,validator
Falcon-512,sign,152073,0.152073,4.7,256,897,654,789,liboqs,validator
Falcon-512,sign,149765,0.149765,4.7,256,897,654,790,liboqs,validator
Falcon-512,sign,148477,0.148477,4.7,256,897,659,791,liboqs,validator
Falcon-512,sign,144426,0.144426,4.7,256,897,657,792,liboqs,validator
Falcon-512,sign,150777,0.150777,4.71,256,897,662,793,liboqs,validator
Falcon-512,sign,148354,0.148354,4.7,256,897,654,794,liboqs,validator
Falcon-512,sign,146217,0.146217,4.7,256,897,656,795,liboqs,validator
Falcon-512,sign,145979,0.145979,4.7,256,897,658,796,liboqs,validator
Falcon-512,sign,145883,0.145883,4.7,256,897,654,797,liboqs,validator
Falcon-512,sign,144322,0.144322,4.7,256,897,655,798,liboqs,validator
Falcon-512,sign,155875,0.155875,4.7,256,897,656,799,liboqs,validator
Falcon-512,sign,153335,0.153335,4.7,256,897,658,800,liboqs,validator
Falcon-512,sign,147365,0.147365,4.7,256,897,657,801,liboqs,validator
Falcon-512,sign,262895,0.262895,4.7,256,897,654,802,liboqs,validator
Falcon-512,sign,223225,0.223225,4.7,256,897,657,803,liboqs,validator
Falcon-512,sign,175109,0.175109,4.69,256,897,651,804,liboqs,validator
Falcon-512,sign,153314,0.153314,4.7,256,897,653,805,liboqs,validator
Falcon-512,sign,152819,0.152819,4.7,256,897,657,806,liboqs,validator
Falcon-512,sign,153763,0.153763,4.7,256,897,655,807,liboqs,validator
Falcon-512,sign,150792,0.150792,4.7,256,897,653,808,liboqs,validator
Falcon-512,sign,150364,0.150364,4.7,256,897,656,809,liboqs,validator
Falcon-512,sign,148496,0.148496,4.7,256,897,654,810,liboqs,validator
Falcon-512,sign,149489,0.149489,4.7,256,897,653,811,liboqs,validator
Falcon-512,sign,149019,0.149019,4.7,256,897,658,812,liboqs,validator
Falcon-512,sign,154629,0.154629,4.7,256,897,656,813,liboqs,validator
Falcon-512,sign,153837,0.153837,4.7,256,897,654,814,liboqs,validator
Falcon-512,sign,148779,0.148779,4.7,256,897,655,815,liboqs,validator
Falcon-512,sign,147114,0.147114,4.69,256,897,651,816,liboqs,validator
Falcon-512,sign,149371,0.149371,4.7,256,897,655,817,liboqs,validator
Falcon-512,sign,175355,0.175355,4.7,256,897,655,818,liboqs,validator
Falcon-512,sign,154116,0.154116,4.7,256,897,655,819,liboqs,validator
Falcon-512,sign,150495,0.150495,4.7,256,897,656,820,liboqs,validator
Falcon-512,sign,147407,0.147407,4.7,256,897,655,821,liboqs,validator
Falcon-512,sign,147642,0.147642,4.7,256,897,657,822,liboqs,validator
Falcon-512,sign,156096,0.156096,4.7,256,897,654,823,liboqs,validator
Falcon-512,sign,154125,0.154125,4.7,256,897,654,824,liboqs,validator
Falcon-512,sign,149785,0.149785,4.7,256,897,657,825,liboqs,validator
Falcon-512,sign,156714,0.156714,4.7,256,897,657,826,liboqs,validator
Falcon-512,sign,154027,0.154027,4.7,256,897,660,827,liboqs,validator
Falcon-512,sign,146807,0.146807,4.7,256,897,659,828,liboqs,validator
Falcon-512,sign,146700,0.1467,4.7,256,897,656,829,liboqs,validator
Falcon-512,sign,148493,0.148493,4.7,256,897,655,830,liboqs,validator
Falcon-512,sign,145474,0.145474,4.7,256,897,655,831,liboqs,validator
Falcon-512,sign,160062,0.160062,4.7,256,897,656,832,liboqs,validator
Falcon-512,sign,155506,0.155506,4.7,256,897,658,833,liboqs,validator
Falcon-512,sign,153035,0.153035,4.7,256,897,656,834,liboqs,validator
Falcon-512,sign,148979,0.148979,4.7,256,897,657,835,liboqs,validator
Falcon-512,sign,147085,0.147085,4.7,256,897,657,836,liboqs,validator
Falcon-512,sign,151706,0.151706,4.7,256,897,655,837,liboqs,validator
Falcon-512,sign,150185,0.150185,4.7,256,897,657,838,liboqs,validator
Falcon-512,sign,155672,0.155672,4.7,256,897,657,839,liboqs,validator
Falcon-512,sign,154986,0.154986,4.7,256,897,659,840,liboqs,validator
Falcon-512,sign,152397,0.152397,4.7,256,897,654,841,liboqs,validator
Falcon-512,sign,146833,0.146833,4.7,256,897,656,842,liboqs,validator
Falcon-512,sign,147334,0.147334,4.7,256,897,653,843,liboqs,validator
Falcon-512,sign,151902,0.151902,4.7,256,897,655,844,liboqs,validator
Falcon-512,sign,146123,0.146123,4.7,256,897,655,845,liboqs,validator
Falcon-512,sign,147276,0.147276,4.7,256,897,658,846,liboqs,validator
Falcon-512,sign,149881,0.149881,4.7,256,897,655,847,liboqs,validator
Falcon-512,sign,146154,0.146154,4.7,256,897,654,848,liboqs,validator
Falcon-512,sign,149424,0.149424,4.7,256,897,655,849,liboqs,validator
Falcon-512,sign,158030,0.15803,4.7,256,897,657,850,liboqs,validator
Falcon-512,sign,153298,0.153298,4.7,256,897,652,851,liboqs,validator
Falcon-512,sign,149057,0.149057,4.7,256,897,654,852,liboqs,validator
Falcon-512,sign,146777,0.146777,4.7,256,897,657,853,liboqs,validator
Falcon-512,sign,147480,0.14748,4.7,256,897,652,854,liboqs,validator
Falcon-512,sign,148687,0.148687,4.7,256,897,654,855,liboqs,validator
Falcon-512,sign,147372,0.147372,4.7,256,897,653,856,liboqs,validator
Falcon-512,sign,151592,0.151592,4.69,256,897,649,857,liboqs,validator
Falcon-512,sign,147925,0.147925,4.7,256,897,654,858,liboqs,validator
Falcon-512,sign,146951,0.146951,4.7,256,897,656,859,liboqs,validator
Falcon-512,sign,151256,0.151256,4.7,256,897,652,860,liboqs,validator
Falcon-512,sign,144594,0.144594,4.7,256,897,655,861,liboqs,validator
Falcon-512,sign,161649,0.161649,4.7,256,897,654,862,liboqs,validator
Falcon-512,sign,153819,0.153819,4.7,256,897,653,863,liboqs,validator
Falcon-512,sign,147517,0.147517,4.7,256,897,655,864,liboqs,validator
Falcon-512,sign,147501,0.147501,4.7,256,897,654,865,liboqs,validator
Falcon-512,sign,146734,0.146734,4.7,256,897,659,866,liboqs,validator
Falcon-512,sign,146878,0.146878,4.7,256,897,655,867,liboqs,validator
Falcon-512,sign,146163,0.146163,4.7,256,897,656,868,liboqs,validator
Falcon-512,sign,145209,0.145209,4.7,256,897,655,869,liboqs,validator
Falcon-512,sign,156369,0.156369,4.7,256,897,656,870,liboqs,validator
Falcon-512,sign,146893,0.146893,4.7,256,897,654,871,liboqs,validator
Falcon-512,sign,150302,0.150302,4.7,256,897,654,872,liboqs,validator
Falcon-512,sign,158552,0.158552,4.7,256,897,659,873,liboqs,validator
Falcon-512,sign,162621,0.162621,4.7,256,897,653,874,liboqs,validator
Falcon-512,sign,155204,0.155204,4.7,256,897,654,875,liboqs,validator
Falcon-512,sign,148839,0.148839,4.7,256,897,653,876,liboqs,validator
Falcon-512,sign,148825,0.148825,4.7,256,897,654,877,liboqs,validator
Falcon-512,sign,147081,0.147081,4.7,256,897,657,878,liboqs,validator
Falcon-512,sign,148897,0.148897,4.7,256,897,657,879,liboqs,validator
Falcon-512,sign,147838,0.147838,4.7,256,897,656,880,liboqs,validator
Falcon-512,sign,146399,0.146399,4.7,256,897,654,881,liboqs,validator
Falcon-512,sign,148804,0.148804,4.7,256,897,652,882,liboqs,validator
Falcon-512,sign,149169,0.149169,4.7,256,897,657,883,liboqs,validator
Falcon-512,sign,147923,0.147923,4.7,256,897,653,884,liboqs,validator
Falcon-512,sign,146083,0.146083,4.7,256,897,656,885,liboqs,validator
Falcon-512,sign,147464,0.147464,4.7,256,897,655,886,liboqs,validator
Falcon-512,sign,158237,0.158237,4.7,256,897,656,887,liboqs,validator
Falcon-512,sign,157550,0.15755,4.7,256,897,655,888,liboqs,validator
Falcon-512,sign,148156,0.148156,4.7,256,897,657,889,liboqs,validator
Falcon-512,sign,149755,0.149755,4.7,256,897,652,890,liboqs,validator
Falcon-512,sign,147214,0.147214,4.7,256,897,656,891,liboqs,validator
Falcon-512,sign,150100,0.1501,4.7,256,897,658,892,liboqs,validator
Falcon-512,sign,149570,0.14957,4.7,256,897,656,893,liboqs,validator
Falcon-512,sign,146249,0.146249,4.7,256,897,657,894,liboqs,validator
Falcon-512,sign,153966,0.153966,4.7,256,897,652,895,liboqs,validator
Falcon-512,sign,149286,0.149286,4.7,256,897,655,896,liboqs,validator
Falcon-512,sign,150161,0.150161,4.7,256,897,655,897,liboqs,validator
Falcon-512,sign,145020,0.14502,4.7,256,897,655,898,liboqs,validator
Falcon-512,sign,145666,0.145666,4.7,256,897,656,899,liboqs,validator
Falcon-512,sign,156971,0.156971,4.7,256,897,655,900,liboqs,validator
Falcon-512,sign,153884,0.153884,4.7,256,897,659,901,liboqs,validator
Falcon-512,sign,150263,0.150263,4.7,256,897,656,902,liboqs,validator
Falcon-512,sign,151044,0.151044,4.7,256,897,656,903,liboqs,validator
Falcon-512,sign,148797,0.148797,4.7,256,897,658,904,liboqs,validator
Falcon-512,sign,145586,0.145586,4.7,256,897,655,905,liboqs,validator
Falcon-512,sign,148546,0.148546,4.7,256,897,653,906,liboqs,validator
Falcon-512,sign,148763,0.148763,4.7,256,897,655,907,liboqs,validator
Falcon-512,sign,148965,0.148965,4.7,256,897,659,908,liboqs,validator
Falcon-512,sign,146957,0.146957,4.7,256,897,652,909,liboqs,validator
Falcon-512,sign,147229,0.147229,4.7,256,897,655,910,liboqs,validator
Falcon-512,sign,146166,0.146166,4.7,256,897,658,911,liboqs,validator
Falcon-512,sign,156688,0.156688,4.7,256,897,652,912,liboqs,validator
Falcon-512,sign,152983,0.152983,4.7,256,897,657,913,liboqs,validator
Falcon-512,sign,147023,0.147023,4.7,256,897,653,914,liboqs,validator
Falcon-512,sign,148990,0.14899,4.7,256,897,655,915,liboqs,validator
Falcon-512,sign,146876,0.146876,4.7,256,897,655,916,liboqs,validator
Falcon-512,sign,146850,0.14685,4.7,256,897,657,917,liboqs,validator
Falcon-512,sign,145771,0.145771,4.7,256,897,658,918,liboqs,validator
Falcon-512,sign,146625,0.146625,4.7,256,897,652,919,liboqs,validator
Falcon-512,sign,147460,0.14746,4.7,256,897,657,920,liboqs,validator
Falcon-512,sign,146339,0.146339,4.7,256,897,656,921,liboqs,validator
Falcon-512,sign,160824,0.160824,4.7,256,897,652,922,liboqs,validator
Falcon-512,sign,164936,0.164936,4.7,256,897,653,923,liboqs,validator
Falcon-512,sign,154944,0.154944,4.7,256,897,652,924,liboqs,validator
Falcon-512,sign,160011,0.160011,4.7,256,897,656,925,liboqs,validator
Falcon-512,sign,196672,0.196672,7.09,256,897,655,926,liboqs,validator
Falcon-512,sign,163861,0.163861,7.43,256,897,654,927,liboqs,validator
Falcon-512,sign,150358,0.150358,4.63,256,897,654,928,liboqs,validator
Falcon-512,sign,147343,0.147343,4.7,256,897,656,929,liboqs,validator
Falcon-512,sign,151227,0.151227,4.7,256,897,656,930,liboqs,validator
Falcon-512,sign,146221,0.146221,4.7,256,897,655,931,liboqs,validator
Falcon-512,sign,145748,0.145748,4.7,256,897,652,932,liboqs,validator
Falcon-512,sign,149652,0.149652,4.7,256,897,652,933,liboqs,validator
Falcon-512,sign,145066,0.145066,4.7,256,897,654,934,liboqs,validator
Falcon-512,sign,146540,0.14654,4.7,256,897,659,935,liboqs,validator
Falcon-512,sign,149008,0.149008,4.7,256,897,653,936,liboqs,validator
Falcon-512,sign,147951,0.147951,4.7,256,897,654,937,liboqs,validator
Falcon-512,sign,158065,0.158065,4.7,256,897,652,938,liboqs,validator
Falcon-512,sign,148680,0.14868,4.7,256,897,655,939,liboqs,validator
Falcon-512,sign,149695,0.149695,4.7,256,897,654,940,liboqs,validator
Falcon-512,sign,146521,0.146521,4.7,256,897,660,941,liboqs,validator
Falcon-512,sign,147122,0.147122,4.7,256,897,656,942,liboqs,validator
Falcon-512,sign,152373,0.152373,4.7,256,897,656,943,liboqs,validator
Falcon-512,sign,146786,0.146786,4.7,256,897,656,944,liboqs,validator
Falcon-512,sign,148417,0.148417,4.7,256,897,655,945,liboqs,validator
Falcon-512,sign,148530,0.14853,4.7,256,897,655,946,liboqs,validator
Falcon-512,sign,152665,0.152665,4.7,256,897,653,947,liboqs,validator
Falcon-512,sign,153176,0.153176,4.7,256,897,653,948,liboqs,validator
Falcon-512,sign,155129,0.155129,4.7,256,897,656,949,liboqs,validator
Falcon-512,sign,156053,0.156053,4.7,256,897,654,950,liboqs,validator
Falcon-512,sign,150508,0.150508,4.7,256,897,654,951,liboqs,validator
Falcon-512,sign,146639,0.146639,4.7,256,897,657,952,liboqs,validator
Falcon-512,sign,149459,0.149459,4.7,256,897,653,953,liboqs,validator
Falcon-512,sign,148960,0.14896,4.7,256,897,656,954,liboqs,validator
Falcon-512,sign,147518,0.147518,4.7,256,897,659,955,liboqs,validator
Falcon-512,sign,149039,0.149039,4.7,256,897,657,956,liboqs,validator
Falcon-512,sign,147080,0.14708,4.7,256,897,655,957,liboqs,validator
Falcon-512,sign,145927,0.145927,4.7,256,897,659,958,liboqs,validator
Falcon-512,sign,145553,0.145553,4.7,256,897,653,959,liboqs,validator
Falcon-512,sign,146619,0.146619,4.7,256,897,655,960,liboqs,validator
Falcon-512,sign,146975,0.146975,4.7,256,897,654,961,liboqs,validator
Falcon-512,sign,158193,0.158193,4.7,256,897,656,962,liboqs,validator
Falcon-512,sign,155098,0.155098,4.7,256,897,655,963,liboqs,validator
Falcon-512,sign,150366,0.150366,4.7,256,897,655,964,liboqs,validator
Falcon-512,sign,153353,0.153353,4.7,256,897,654,965,liboqs,validator
Falcon-512,sign,155564,0.155564,4.7,256,897,656,966,liboqs,validator
Falcon-512,sign,161369,0.161369,4.7,256,897,656,967,liboqs,validator
Falcon-512,sign,153798,0.153798,4.7,256,897,655,968,liboqs,validator
Falcon-512,sign,146514,0.146514,4.7,256,897,656,969,liboqs,validator
Falcon-512,sign,146275,0.146275,4.7,256,897,654,970,liboqs,validator
Falcon-512,sign,147707,0.147707,4.7,256,897,655,971,liboqs,validator
Falcon-512,sign,146424,0.146424,4.7,256,897,653,972,liboqs,validator
Falcon-512,sign,161265,0.161265,4.7,256,897,656,973,liboqs,validator
Falcon-512,sign,155732,0.155732,4.7,256,897,655,974,liboqs,validator
Falcon-512,sign,149164,0.149164,4.7,256,897,657,975,liboqs,validator
Falcon-512,sign,145711,0.145711,4.7,256,897,655,976,liboqs,validator
Falcon-512,sign,278978,0.278978,4.7,256,897,655,977,liboqs,validator
Falcon-512,sign,175001,0.175001,4.7,256,897,653,978,liboqs,validator
Falcon-512,sign,175421,0.175421,4.7,256,897,655,979,liboqs,validator
Falcon-512,sign,172204,0.172204,4.7,256,897,655,980,liboqs,validator
Falcon-512,sign,159269,0.159269,4.69,256,897,651,981,liboqs,validator
Falcon-512,sign,152708,0.152708,4.69,256,897,651,982,liboqs,validator
Falcon-512,sign,153179,0.153179,4.7,256,897,656,983,liboqs,validator
Falcon-512,sign,148744,0.148744,4.7,256,897,658,984,liboqs,validator
Falcon-512,sign,159845,0.159845,4.7,256,897,658,985,liboqs,validator
Falcon-512,sign,154893,0.154893,4.7,256,897,656,986,liboqs,validator
Falcon-512,sign,152472,0.152472,4.7,256,897,655,987,liboqs,validator
Falcon-512,sign,150636,0.150636,4.69,256,897,650,988,liboqs,validator
Falcon-512,sign,149246,0.149246,4.7,256,897,652,989,liboqs,validator
Falcon-512,sign,150029,0.150029,4.7,256,897,655,990,liboqs,validator
Falcon-512,sign,158211,0.158211,4.7,256,897,655,991,liboqs,validator
Falcon-512,sign,156910,0.15691,4.7,256,897,659,992,liboqs,validator
Falcon-512,sign,148201,0.148201,4.7,256,897,655,993,liboqs,validator
Falcon-512,sign,148286,0.148286,4.7,256,897,656,994,liboqs,validator
Falcon-512,sign,147812,0.147812,4.7,256,897,657,995,liboqs,validator
Falcon-512,sign,150540,0.15054,4.7,256,897,653,996,liboqs,validator
Falcon-512,sign,146836,0.146836,4.7,256,897,652,997,liboqs,validator
Falcon-512,sign,174164,0.174164,4.7,256,897,656,998,liboqs,validator
Falcon-512,sign,154641,0.154641,4.7,256,897,659,999,liboqs,validator
Falcon-512,verify,74196,0.074196,6.24,256,897,752,0,liboqs,validator
Falcon-512,verify,65535,0.065535,6.17,256,897,752,1,liboqs,validator
Falcon-512,verify,48890,0.04889,3.84,256,897,752,2,liboqs,validator
Falcon-512,verify,54471,0.054471,3.84,256,897,752,3,liboqs,validator
Falcon-512,verify,59407,0.059407,6.23,256,897,752,4,liboqs,validator
Falcon-512,verify,56626,0.056626,6.17,256,897,752,5,liboqs,validator
Falcon-512,verify,54728,0.054728,6.17,256,897,752,6,liboqs,validator
Falcon-512,verify,43315,0.043315,3.84,256,897,752,7,liboqs,validator
Falcon-512,verify,48556,0.048556,3.84,256,897,752,8,liboqs,validator
Falcon-512,verify,54038,0.054038,7.36,256,897,752,9,liboqs,validator
Falcon-512,verify,51850,0.05185,6.25,256,897,752,10,liboqs,validator
Falcon-512,verify,42228,0.042228,3.84,256,897,752,11,liboqs,validator
Falcon-512,verify,51841,0.051841,6.3,256,897,752,12,liboqs,validator
Falcon-512,verify,49991,0.049991,3.84,256,897,752,13,liboqs,validator
Falcon-512,verify,43203,0.043203,3.84,256,897,752,14,liboqs,validator
Falcon-512,verify,41880,0.04188,3.84,256,897,752,15,liboqs,validator
Falcon-512,verify,41801,0.041801,3.84,256,897,752,16,liboqs,validator
Falcon-512,verify,41117,0.041117,3.84,256,897,752,17,liboqs,validator
Falcon-512,verify,47140,0.04714,3.84,256,897,752,18,liboqs,validator
Falcon-512,verify,53961,0.053961,6.31,256,897,752,19,liboqs,validator
Falcon-512,verify,42237,0.042237,3.84,256,897,752,20,liboqs,validator
Falcon-512,verify,41851,0.041851,3.85,256,897,752,21,liboqs,validator
Falcon-512,verify,42303,0.042303,3.84,256,897,752,22,liboqs,validator
Falcon-512,verify,49319,0.049319,3.84,256,897,752,23,liboqs,validator
Falcon-512,verify,43580,0.04358,3.84,256,897,752,24,liboqs,validator
Falcon-512,verify,43526,0.043526,3.84,256,897,752,25,liboqs,validator
Falcon-512,verify,41997,0.041997,3.84,256,897,752,26,liboqs,validator
Falcon-512,verify,41200,0.0412,3.84,256,897,752,27,liboqs,validator
Falcon-512,verify,53823,0.053823,3.84,256,897,752,28,liboqs,validator
Falcon-512,verify,46548,0.046548,3.84,256,897,752,29,liboqs,validator
Falcon-512,verify,42345,0.042345,3.84,256,897,752,30,liboqs,validator
Falcon-512,verify,41332,0.041332,3.84,256,897,752,31,liboqs,validator
Falcon-512,verify,40817,0.040817,3.84,256,897,752,32,liboqs,validator
Falcon-512,verify,40544,0.040544,3.84,256,897,752,33,liboqs,validator
Falcon-512,verify,48326,0.048326,3.84,256,897,752,34,liboqs,validator
Falcon-512,verify,42254,0.042254,3.84,256,897,752,35,liboqs,validator
Falcon-512,verify,41129,0.041129,3.84,256,897,752,36,liboqs,validator
Falcon-512,verify,40321,0.040321,3.84,256,897,752,37,liboqs,validator
Falcon-512,verify,40511,0.040511,3.84,256,897,752,38,liboqs,validator
Falcon-512,verify,46097,0.046097,3.84,256,897,752,39,liboqs,validator
Falcon-512,verify,42486,0.042486,3.84,256,897,752,40,liboqs,validator
Falcon-512,verify,43364,0.043364,3.84,256,897,752,41,liboqs,validator
Falcon-512,verify,40338,0.040338,3.84,256,897,752,42,liboqs,validator
Falcon-512,verify,48262,0.048262,3.84,256,897,752,43,liboqs,validator
Falcon-512,verify,41941,0.041941,3.84,256,897,752,44,liboqs,validator
Falcon-512,verify,41685,0.041685,3.84,256,897,752,45,liboqs,validator
Falcon-512,verify,46136,0.046136,3.84,256,897,752,46,liboqs,validator
Falcon-512,verify,42057,0.042057,3.84,256,897,752,47,liboqs,validator
Falcon-512,verify,48408,0.048408,3.84,256,897,752,48,liboqs,validator
Falcon-512,verify,42748,0.042748,3.84,256,897,752,49,liboqs,validator
Falcon-512,verify,42148,0.042148,3.84,256,897,752,50,liboqs,validator
Falcon-512,verify,41549,0.041549,3.84,256,897,752,51,liboqs,validator
Falcon-512,verify,40797,0.040797,3.84,256,897,752,52,liboqs,validator
Falcon-512,verify,46287,0.046287,3.84,256,897,752,53,liboqs,validator
Falcon-512,verify,41415,0.041415,3.84,256,897,752,54,liboqs,validator
Falcon-512,verify,41107,0.041107,3.84,256,897,752,55,liboqs,validator
Falcon-512,verify,40531,0.040531,3.84,256,897,752,56,liboqs,validator
Falcon-512,verify,40311,0.040311,3.84,256,897,752,57,liboqs,validator
Falcon-512,verify,40834,0.040834,3.84,256,897,752,58,liboqs,validator
Falcon-512,verify,90724,0.090724,3.84,256,897,752,59,liboqs,validator
Falcon-512,verify,46802,0.046802,3.84,256,897,752,60,liboqs,validator
Falcon-512,verify,44209,0.044209,3.84,256,897,752,61,liboqs,validator
Falcon-512,verify,72200,0.0722,6.3,256,897,752,62,liboqs,validator
Falcon-512,verify,43878,0.043878,3.84,256,897,752,63,liboqs,validator
Falcon-512,verify,42771,0.042771,3.84,256,897,752,64,liboqs,validator
Falcon-512,verify,42697,0.042697,3.84,256,897,752,65,liboqs,validator
Falcon-512,verify,41353,0.041353,3.84,256,897,752,66,liboqs,validator
Falcon-512,verify,47527,0.047527,3.84,256,897,752,67,liboqs,validator
Falcon-512,verify,42061,0.042061,3.84,256,897,752,68,liboqs,validator
Falcon-512,verify,40656,0.040656,3.84,256,897,752,69,liboqs,validator
Falcon-512,verify,40837,0.040837,3.84,256,897,752,70,liboqs,validator
Falcon-512,verify,40622,0.040622,3.84,256,897,752,71,liboqs,validator
Falcon-512,verify,40496,0.040496,3.84,256,897,752,72,liboqs,validator
Falcon-512,verify,87717,0.087717,3.84,256,897,752,73,liboqs,validator
Falcon-512,verify,66159,0.066159,3.84,256,897,752,74,liboqs,validator
Falcon-512,verify,52899,0.052899,3.84,256,897,752,75,liboqs,validator
Falcon-512,verify,45096,0.045096,3.84,256,897,752,76,liboqs,validator
Falcon-512,verify,49340,0.04934,3.84,256,897,752,77,liboqs,validator
Falcon-512,verify,43082,0.043082,3.84,256,897,752,78,liboqs,validator
Falcon-512,verify,42074,0.042074,3.84,256,897,752,79,liboqs,validator
Falcon-512,verify,40994,0.040994,3.84,256,897,752,80,liboqs,validator
Falcon-512,verify,41836,0.041836,3.84,256,897,752,81,liboqs,validator
Falcon-512,verify,46042,0.046042,3.84,256,897,752,82,liboqs,validator
Falcon-512,verify,43333,0.043333,3.84,256,897,752,83,liboqs,validator
Falcon-512,verify,40924,0.040924,3.84,256,897,752,84,liboqs,validator
Falcon-512,verify,40530,0.04053,3.84,256,897,752,85,liboqs,validator
Falcon-512,verify,40037,0.040037,3.84,256,897,752,86,liboqs,validator
Falcon-512,verify,41244,0.041244,3.84,256,897,752,87,liboqs,validator
Falcon-512,verify,40577,0.040577,3.84,256,897,752,88,liboqs,validator
Falcon-512,verify,40394,0.040394,3.84,256,897,752,89,liboqs,validator
Falcon-512,verify,39810,0.03981,3.84,256,897,752,90,liboqs,validator
Falcon-512,verify,39778,0.039778,3.84,256,897,752,91,liboqs,validator
Falcon-512,verify,40138,0.040138,3.84,256,897,752,92,liboqs,validator
Falcon-512,verify,45942,0.045942,3.84,256,897,752,93,liboqs,validator
Falcon-512,verify,41197,0.041197,3.84,256,897,752,94,liboqs,validator
Falcon-512,verify,40230,0.04023,3.84,256,897,752,95,liboqs,validator
Falcon-512,verify,45166,0.045166,3.84,256,897,752,96,liboqs,validator
Falcon-512,verify,41771,0.041771,3.84,256,897,752,97,liboqs,validator
Falcon-512,verify,45842,0.045842,3.84,256,897,752,98,liboqs,validator
Falcon-512,verify,41759,0.041759,3.84,256,897,752,99,liboqs,validator
Falcon-512,verify,40843,0.040843,3.84,256,897,752,100,liboqs,validator
Falcon-512,verify,40231,0.040231,3.84,256,897,752,101,liboqs,validator
Falcon-512,verify,46396,0.046396,3.84,256,897,752,102,liboqs,validator
Falcon-512,verify,40669,0.040669,3.84,256,897,752,103,liboqs,validator
Falcon-512,verify,40133,0.040133,3.84,256,897,752,104,liboqs,validator
Falcon-512,verify,40905,0.040905,3.84,256,897,752,105,liboqs,validator
Falcon-512,verify,40099,0.040099,3.84,256,897,752,106,liboqs,validator
Falcon-512,verify,41078,0.041078,3.84,256,897,752,107,liboqs,validator
Falcon-512,verify,39660,0.03966,3.84,256,897,752,108,liboqs,validator
Falcon-512,verify,40069,0.040069,3.84,256,897,752,109,liboqs,validator
Falcon-512,verify,40410,0.04041,3.84,256,897,752,110,liboqs,validator
Falcon-512,verify,48046,0.048046,3.84,256,897,752,111,liboqs,validator
Falcon-512,verify,48576,0.048576,3.84,256,897,752,112,liboqs,validator
Falcon-512,verify,46371,0.046371,3.84,256,897,752,113,liboqs,validator
Falcon-512,verify,42791,0.042791,3.84,256,897,752,114,liboqs,validator
Falcon-512,verify,41490,0.04149,3.84,256,897,752,115,liboqs,validator
Falcon-512,verify,41861,0.041861,3.84,256,897,752,116,liboqs,validator
Falcon-512,verify,41419,0.041419,3.84,256,897,752,117,liboqs,validator
Falcon-512,verify,41713,0.041713,3.84,256,897,752,118,liboqs,validator
Falcon-512,verify,41258,0.041258,3.84,256,897,752,119,liboqs,validator
Falcon-512,verify,80494,0.080494,6.31,256,897,752,120,liboqs,validator
Falcon-512,verify,47747,0.047747,3.84,256,897,752,121,liboqs,validator
Falcon-512,verify,41922,0.041922,3.84,256,897,752,122,liboqs,validator
Falcon-512,verify,42217,0.042217,3.84,256,897,752,123,liboqs,validator
Falcon-512,verify,41737,0.041737,3.84,256,897,752,124,liboqs,validator
Falcon-512,verify,42218,0.042218,3.84,256,897,752,125,liboqs,validator
Falcon-512,verify,42073,0.042073,3.84,256,897,752,126,liboqs,validator
Falcon-512,verify,42131,0.042131,3.84,256,897,752,127,liboqs,validator
Falcon-512,verify,41749,0.041749,3.84,256,897,752,128,liboqs,validator
Falcon-512,verify,40412,0.040412,3.84,256,897,752,129,liboqs,validator
Falcon-512,verify,64927,0.064927,6.31,256,897,752,130,liboqs,validator
Falcon-512,verify,49630,0.04963,3.84,256,897,752,131,liboqs,validator
Falcon-512,verify,51065,0.051065,3.84,256,897,752,132,liboqs,validator
Falcon-512,verify,48700,0.0487,3.84,256,897,752,133,liboqs,validator
Falcon-512,verify,48638,0.048638,3.84,256,897,752,134,liboqs,validator
Falcon-512,verify,46280,0.04628,3.84,256,897,752,135,liboqs,validator
Falcon-512,verify,54722,0.054722,3.84,256,897,752,136,liboqs,validator
Falcon-512,verify,42075,0.042075,3.84,256,897,752,137,liboqs,validator
Falcon-512,verify,46939,0.046939,3.84,256,897,752,138,liboqs,validator
Falcon-512,verify,42892,0.042892,3.84,256,897,752,139,liboqs,validator
Falcon-512,verify,43406,0.043406,3.84,256,897,752,140,liboqs,validator
Falcon-512,verify,42470,0.04247,3.84,256,897,752,141,liboqs,validator
Falcon-512,verify,41861,0.041861,3.84,256,897,752,142,liboqs,validator
Falcon-512,verify,41500,0.0415,3.84,256,897,752,143,liboqs,validator
Falcon-512,verify,42076,0.042076,3.84,256,897,752,144,liboqs,validator
Falcon-512,verify,40757,0.040757,3.84,256,897,752,145,liboqs,validator
Falcon-512,verify,41546,0.041546,3.84,256,897,752,146,liboqs,validator
Falcon-512,verify,40928,0.040928,3.84,256,897,752,147,liboqs,validator
Falcon-512,verify,40869,0.040869,3.84,256,897,752,148,liboqs,validator
Falcon-512,verify,46205,0.046205,3.84,256,897,752,149,liboqs,validator
Falcon-512,verify,48891,0.048891,3.84,256,897,752,150,liboqs,validator
Falcon-512,verify,42110,0.04211,3.84,256,897,752,151,liboqs,validator
Falcon-512,verify,41037,0.041037,3.84,256,897,752,152,liboqs,validator
Falcon-512,verify,40643,0.040643,3.84,256,897,752,153,liboqs,validator
Falcon-512,verify,40032,0.040032,3.84,256,897,752,154,liboqs,validator
Falcon-512,verify,39649,0.039649,3.84,256,897,752,155,liboqs,validator
Falcon-512,verify,40059,0.040059,3.84,256,897,752,156,liboqs,validator
Falcon-512,verify,40163,0.040163,3.84,256,897,752,157,liboqs,validator
Falcon-512,verify,39310,0.03931,3.84,256,897,752,158,liboqs,validator
Falcon-512,verify,48338,0.048338,3.84,256,897,752,159,liboqs,validator
Falcon-512,verify,45615,0.045615,3.84,256,897,752,160,liboqs,validator
Falcon-512,verify,47521,0.047521,3.84,256,897,752,161,liboqs,validator
Falcon-512,verify,41075,0.041075,3.84,256,897,752,162,liboqs,validator
Falcon-512,verify,44848,0.044848,3.84,256,897,752,163,liboqs,validator
Falcon-512,verify,42161,0.042161,3.84,256,897,752,164,liboqs,validator
Falcon-512,verify,42490,0.04249,3.84,256,897,752,165,liboqs,validator
Falcon-512,verify,40538,0.040538,3.85,256,897,752,166,liboqs,validator
Falcon-512,verify,39953,0.039953,3.84,256,897,752,167,liboqs,validator
Falcon-512,verify,40242,0.040242,3.84,256,897,752,168,liboqs,validator
Falcon-512,verify,40503,0.040503,3.84,256,897,752,169,liboqs,validator
Falcon-512,verify,46289,0.046289,3.84,256,897,752,170,liboqs,validator
Falcon-512,verify,41088,0.041088,3.84,256,897,752,171,liboqs,validator
Falcon-512,verify,40577,0.040577,3.84,256,897,752,172,liboqs,validator
Falcon-512,verify,40701,0.040701,3.84,256,897,752,173,liboqs,validator
Falcon-512,verify,40036,0.040036,3.84,256,897,752,174,liboqs,validator
Falcon-512,verify,40185,0.040185,3.84,256,897,752,175,liboqs,validator
Falcon-512,verify,40060,0.04006,3.84,256,897,752,176,liboqs,validator
Falcon-512,verify,40291,0.040291,3.84,256,897,752,177,liboqs,validator
Falcon-512,verify,39251,0.039251,3.84,256,897,752,178,liboqs,validator
Falcon-512,verify,39691,0.039691,3.84,256,897,752,179,liboqs,validator
Falcon-512,verify,39452,0.039452,3.84,256,897,752,180,liboqs,validator
Falcon-512,verify,46569,0.046569,3.84,256,897,752,181,liboqs,validator
Falcon-512,verify,42053,0.042053,3.84,256,897,752,182,liboqs,validator
Falcon-512,verify,41395,0.041395,3.84,256,897,752,183,liboqs,validator
Falcon-512,verify,39865,0.039865,3.84,256,897,752,184,liboqs,validator
Falcon-512,verify,46503,0.046503,3.84,256,897,752,185,liboqs,validator
Falcon-512,verify,40941,0.040941,3.84,256,897,752,186,liboqs,validator
Falcon-512,verify,40200,0.0402,3.84,256,897,752,187,liboqs,validator
Falcon-512,verify,40198,0.040198,3.84,256,897,752,188,liboqs,validator
Falcon-512,verify,39947,0.039947,3.84,256,897,752,189,liboqs,validator
Falcon-512,verify,39898,0.039898,3.84,256,897,752,190,liboqs,validator
Falcon-512,verify,39688,0.039688,3.84,256,897,752,191,liboqs,validator
Falcon-512,verify,43968,0.043968,3.84,256,897,752,192,liboqs,validator
Falcon-512,verify,40946,0.040946,3.84,256,897,752,193,liboqs,validator
Falcon-512,verify,39970,0.03997,3.84,256,897,752,194,liboqs,validator
Falcon-512,verify,39825,0.039825,3.84,256,897,752,195,liboqs,validator
Falcon-512,verify,40391,0.040391,3.85,256,897,752,196,liboqs,validator
Falcon-512,verify,41052,0.041052,3.85,256,897,752,197,liboqs,validator
Falcon-512,verify,40039,0.040039,3.84,256,897,752,198,liboqs,validator
Falcon-512,verify,41189,0.041189,3.84,256,897,752,199,liboqs,validator
Falcon-512,verify,40655,0.040655,3.84,256,897,752,200,liboqs,validator
Falcon-512,verify,40348,0.040348,3.84,256,897,752,201,liboqs,validator
Falcon-512,verify,40997,0.040997,3.84,256,897,752,202,liboqs,validator
Falcon-512,verify,48974,0.048974,3.84,256,897,752,203,liboqs,validator
Falcon-512,verify,46117,0.046117,3.84,256,897,752,204,liboqs,validator
Falcon-512,verify,51986,0.051986,3.84,256,897,752,205,liboqs,validator
Falcon-512,verify,42315,0.042315,3.84,256,897,752,206,liboqs,validator
Falcon-512,verify,41615,0.041615,3.84,256,897,752,207,liboqs,validator
Falcon-512,verify,40982,0.040982,3.84,256,897,752,208,liboqs,validator
Falcon-512,verify,40260,0.04026,3.84,256,897,752,209,liboqs,validator
Falcon-512,verify,39973,0.039973,3.84,256,897,752,210,liboqs,validator
Falcon-512,verify,39984,0.039984,3.84,256,897,752,211,liboqs,validator
Falcon-512,verify,40134,0.040134,3.84,256,897,752,212,liboqs,validator
Falcon-512,verify,45266,0.045266,3.84,256,897,752,213,liboqs,validator
Falcon-512,verify,40775,0.040775,3.84,256,897,752,214,liboqs,validator
Falcon-512,verify,40868,0.040868,3.84,256,897,752,215,liboqs,validator
Falcon-512,verify,39544,0.039544,3.84,256,897,752,216,liboqs,validator
Falcon-512,verify,80408,0.080408,8.45,256,897,752,217,liboqs,validator
Falcon-512,verify,53009,0.053009,6.18,256,897,752,218,liboqs,validator
Falcon-512,verify,41019,0.041019,3.84,256,897,752,219,liboqs,validator
Falcon-512,verify,60022,0.060022,6.24,256,897,752,220,liboqs,validator
Falcon-512,verify,53397,0.053397,7.3,256,897,752,221,liboqs,validator
Falcon-512,verify,52125,0.052125,6.17,256,897,752,222,liboqs,validator
Falcon-512,verify,49863,0.049863,3.84,256,897,752,223,liboqs,validator
Falcon-512,verify,43765,0.043765,3.84,256,897,752,224,liboqs,validator
Falcon-512,verify,44414,0.044414,3.84,256,897,752,225,liboqs,validator
Falcon-512,verify,42225,0.042225,3.84,256,897,752,226,liboqs,validator
Falcon-512,verify,41611,0.041611,3.84,256,897,752,227,liboqs,validator
Falcon-512,verify,41543,0.041543,3.84,256,897,752,228,liboqs,validator
Falcon-512,verify,40686,0.040686,3.84,256,897,752,229,liboqs,validator
Falcon-512,verify,40565,0.040565,3.84,256,897,752,230,liboqs,validator
Falcon-512,verify,40170,0.04017,3.84,256,897,752,231,liboqs,validator
Falcon-512,verify,40600,0.0406,3.84,256,897,752,232,liboqs,validator
Falcon-512,verify,41746,0.041746,3.84,256,897,752,233,liboqs,validator
Falcon-512,verify,44911,0.044911,3.84,256,897,752,234,liboqs,validator
Falcon-512,verify,57455,0.057455,6.24,256,897,752,235,liboqs,validator
Falcon-512,verify,41889,0.041889,3.85,256,897,752,236,liboqs,validator
Falcon-512,verify,40946,0.040946,3.84,256,897,752,237,liboqs,validator
Falcon-512,verify,55088,0.055088,6.23,256,897,752,238,liboqs,validator
Falcon-512,verify,41678,0.041678,3.84,256,897,752,239,liboqs,validator
Falcon-512,verify,54861,0.054861,6.24,256,897,752,240,liboqs,validator
Falcon-512,verify,42156,0.042156,3.84,256,897,752,241,liboqs,validator
Falcon-512,verify,41457,0.041457,3.84,256,897,752,242,liboqs,validator
Falcon-512,verify,47034,0.047034,3.84,256,897,752,243,liboqs,validator
Falcon-512,verify,56364,0.056364,6.23,256,897,752,244,liboqs,validator
Falcon-512,verify,43581,0.043581,3.84,256,897,752,245,liboqs,validator
Falcon-512,verify,45073,0.045073,3.84,256,897,752,246,liboqs,validator
Falcon-512,verify,42150,0.04215,3.84,256,897,752,247,liboqs,validator
Falcon-512,verify,41848,0.041848,3.84,256,897,752,248,liboqs,validator
Falcon-512,verify,41188,0.041188,3.84,256,897,752,249,liboqs,validator
Falcon-512,verify,52893,0.052893,3.84,256,897,752,250,liboqs,validator
Falcon-512,verify,44166,0.044166,3.84,256,897,752,251,liboqs,validator
Falcon-512,verify,54288,0.054288,6.24,256,897,752,252,liboqs,validator
Falcon-512,verify,50007,0.050007,3.84,256,897,752,253,liboqs,validator
Falcon-512,verify,45607,0.045607,3.84,256,897,752,254,liboqs,validator
Falcon-512,verify,41639,0.041639,3.84,256,897,752,255,liboqs,validator
Falcon-512,verify,41861,0.041861,3.84,256,897,752,256,liboqs,validator
Falcon-512,verify,41146,0.041146,3.84,256,897,752,257,liboqs,validator
Falcon-512,verify,81926,0.081926,3.84,256,897,752,258,liboqs,validator
Falcon-512,verify,47483,0.047483,3.84,256,897,752,259,liboqs,validator
Falcon-512,verify,45151,0.045151,3.85,256,897,752,260,liboqs,validator
Falcon-512,verify,44280,0.04428,3.84,256,897,752,261,liboqs,validator
Falcon-512,verify,42600,0.0426,3.84,256,897,752,262,liboqs,validator
Falcon-512,verify,42311,0.042311,3.84,256,897,752,263,liboqs,validator
Falcon-512,verify,41388,0.041388,3.84,256,897,752,264,liboqs,validator
Falcon-512,verify,40536,0.040536,3.84,256,897,752,265,liboqs,validator
Falcon-512,verify,52870,0.05287,3.84,256,897,752,266,liboqs,validator
Falcon-512,verify,45419,0.045419,3.84,256,897,752,267,liboqs,validator
Falcon-512,verify,41643,0.041643,3.84,256,897,752,268,liboqs,validator
Falcon-512,verify,40565,0.040565,3.84,256,897,752,269,liboqs,validator
Falcon-512,verify,40962,0.040962,3.84,256,897,752,270,liboqs,validator
Falcon-512,verify,40352,0.040352,3.84,256,897,752,271,liboqs,validator
Falcon-512,verify,40711,0.040711,3.84,256,897,752,272,liboqs,validator
Falcon-512,verify,40703,0.040703,3.84,256,897,752,273,liboqs,validator
Falcon-512,verify,40539,0.040539,3.84,256,897,752,274,liboqs,validator
Falcon-512,verify,40517,0.040517,3.85,256,897,752,275,liboqs,validator
Falcon-512,verify,42172,0.042172,3.84,256,897,752,276,liboqs,validator
Falcon-512,verify,46163,0.046163,3.84,256,897,752,277,liboqs,validator
Falcon-512,verify,40780,0.04078,3.84,256,897,752,278,liboqs,validator
Falcon-512,verify,40947,0.040947,3.84,256,897,752,279,liboqs,validator
Falcon-512,verify,46775,0.046775,3.84,256,897,752,280,liboqs,validator
Falcon-512,verify,42280,0.04228,3.84,256,897,752,281,liboqs,validator
Falcon-512,verify,41243,0.041243,3.84,256,897,752,282,liboqs,validator
Falcon-512,verify,41544,0.041544,3.84,256,897,752,283,liboqs,validator
Falcon-512,verify,40470,0.04047,3.84,256,897,752,284,liboqs,validator
Falcon-512,verify,41104,0.041104,3.84,256,897,752,285,liboqs,validator
Falcon-512,verify,40075,0.040075,3.84,256,897,752,286,liboqs,validator
Falcon-512,verify,45868,0.045868,3.84,256,897,752,287,liboqs,validator
Falcon-512,verify,48564,0.048564,3.84,256,897,752,288,liboqs,validator
Falcon-512,verify,42092,0.042092,3.85,256,897,752,289,liboqs,validator
Falcon-512,verify,41473,0.041473,3.84,256,897,752,290,liboqs,validator
Falcon-512,verify,40643,0.040643,3.84,256,897,752,291,liboqs,validator
Falcon-512,verify,40738,0.040738,3.84,256,897,752,292,liboqs,validator
Falcon-512,verify,40521,0.040521,3.84,256,897,752,293,liboqs,validator
Falcon-512,verify,40072,0.040072,3.84,256,897,752,294,liboqs,validator
Falcon-512,verify,40397,0.040397,3.84,256,897,752,295,liboqs,validator
Falcon-512,verify,40320,0.04032,3.84,256,897,752,296,liboqs,validator
Falcon-512,verify,45834,0.045834,3.84,256,897,752,297,liboqs,validator
Falcon-512,verify,40812,0.040812,3.84,256,897,752,298,liboqs,validator
Falcon-512,verify,40216,0.040216,3.84,256,897,752,299,liboqs,validator
Falcon-512,verify,40530,0.04053,3.84,256,897,752,300,liboqs,validator
Falcon-512,verify,40712,0.040712,3.84,256,897,752,301,liboqs,validator
Falcon-512,verify,40114,0.040114,3.84,256,897,752,302,liboqs,validator
Falcon-512,verify,90512,0.090512,3.84,256,897,752,303,liboqs,validator
Falcon-512,verify,56896,0.056896,3.84,256,897,752,304,liboqs,validator
Falcon-512,verify,52595,0.052595,3.84,256,897,752,305,liboqs,validator
Falcon-512,verify,45681,0.045681,3.84,256,897,752,306,liboqs,validator
Falcon-512,verify,53597,0.053597,3.84,256,897,752,307,liboqs,validator
Falcon-512,verify,45697,0.045697,3.84,256,897,752,308,liboqs,validator
Falcon-512,verify,44067,0.044067,3.84,256,897,752,309,liboqs,validator
Falcon-512,verify,42806,0.042806,3.85,256,897,752,310,liboqs,validator
Falcon-512,verify,42825,0.042825,3.84,256,897,752,311,liboqs,validator
Falcon-512,verify,42950,0.04295,3.85,256,897,752,312,liboqs,validator
Falcon-512,verify,42056,0.042056,3.84,256,897,752,313,liboqs,validator
Falcon-512,verify,42427,0.042427,3.84,256,897,752,314,liboqs,validator
Falcon-512,verify,43023,0.043023,3.84,256,897,752,315,liboqs,validator
Falcon-512,verify,44947,0.044947,3.84,256,897,752,316,liboqs,validator
Falcon-512,verify,42228,0.042228,3.84,256,897,752,317,liboqs,validator
Falcon-512,verify,50999,0.050999,3.84,256,897,752,318,liboqs,validator
Falcon-512,verify,44327,0.044327,3.84,256,897,752,319,liboqs,validator
Falcon-512,verify,45722,0.045722,3.84,256,897,752,320,liboqs,validator
Falcon-512,verify,42701,0.042701,3.84,256,897,752,321,liboqs,validator
Falcon-512,verify,41412,0.041412,3.84,256,897,752,322,liboqs,validator
Falcon-512,verify,40851,0.040851,3.84,256,897,752,323,liboqs,validator
Falcon-512,verify,40896,0.040896,3.84,256,897,752,324,liboqs,validator
Falcon-512,verify,40771,0.040771,3.84,256,897,752,325,liboqs,validator
Falcon-512,verify,40838,0.040838,3.84,256,897,752,326,liboqs,validator
Falcon-512,verify,47675,0.047675,3.84,256,897,752,327,liboqs,validator
Falcon-512,verify,42654,0.042654,3.85,256,897,752,328,liboqs,validator
Falcon-512,verify,41614,0.041614,3.84,256,897,752,329,liboqs,validator
Falcon-512,verify,43664,0.043664,3.84,256,897,752,330,liboqs,validator
Falcon-512,verify,40869,0.040869,3.84,256,897,752,331,liboqs,validator
Falcon-512,verify,40742,0.040742,3.84,256,897,752,332,liboqs,validator
Falcon-512,verify,40918,0.040918,3.84,256,897,752,333,liboqs,validator
Falcon-512,verify,40777,0.040777,3.85,256,897,752,334,liboqs,validator
Falcon-512,verify,41301,0.041301,3.84,256,897,752,335,liboqs,validator
Falcon-512,verify,41046,0.041046,3.84,256,897,752,336,liboqs,validator
Falcon-512,verify,40613,0.040613,3.84,256,897,752,337,liboqs,validator
Falcon-512,verify,46116,0.046116,3.84,256,897,752,338,liboqs,validator
Falcon-512,verify,41494,0.041494,3.84,256,897,752,339,liboqs,validator
Falcon-512,verify,42614,0.042614,3.84,256,897,752,340,liboqs,validator
Falcon-512,verify,41116,0.041116,3.84,256,897,752,341,liboqs,validator
Falcon-512,verify,40223,0.040223,3.84,256,897,752,342,liboqs,validator
Falcon-512,verify,41506,0.041506,3.85,256,897,752,343,liboqs,validator
Falcon-512,verify,40019,0.040019,3.84,256,897,752,344,liboqs,validator
Falcon-512,verify,42273,0.042273,3.84,256,897,752,345,liboqs,validator
Falcon-512,verify,41385,0.041385,3.84,256,897,752,346,liboqs,validator
Falcon-512,verify,41327,0.041327,3.84,256,897,752,347,liboqs,validator
Falcon-512,verify,41673,0.041673,3.84,256,897,752,348,liboqs,validator
Falcon-512,verify,45805,0.045805,3.84,256,897,752,349,liboqs,validator
Falcon-512,verify,48598,0.048598,3.84,256,897,752,350,liboqs,validator
Falcon-512,verify,42756,0.042756,3.84,256,897,752,351,liboqs,validator
Falcon-512,verify,41694,0.041694,3.84,256,897,752,352,liboqs,validator
Falcon-512,verify,40944,0.040944,3.84,256,897,752,353,liboqs,validator
Falcon-512,verify,39728,0.039728,3.84,256,897,752,354,liboqs,validator
Falcon-512,verify,40353,0.040353,3.84,256,897,752,355,liboqs,validator
Falcon-512,verify,47477,0.047477,3.84,256,897,752,356,liboqs,validator
Falcon-512,verify,42039,0.042039,3.84,256,897,752,357,liboqs,validator
Falcon-512,verify,45700,0.0457,3.84,256,897,752,358,liboqs,validator
Falcon-512,verify,41861,0.041861,3.84,256,897,752,359,liboqs,validator
Falcon-512,verify,40917,0.040917,3.84,256,897,752,360,liboqs,validator
Falcon-512,verify,41300,0.0413,3.84,256,897,752,361,liboqs,validator
Falcon-512,verify,40995,0.040995,3.84,256,897,752,362,liboqs,validator
Falcon-512,verify,48775,0.048775,3.84,256,897,752,363,liboqs,validator
Falcon-512,verify,42000,0.042,3.84,256,897,752,364,liboqs,validator
Falcon-512,verify,41694,0.041694,3.84,256,897,752,365,liboqs,validator
Falcon-512,verify,40542,0.040542,3.84,256,897,752,366,liboqs,validator
Falcon-512,verify,45395,0.045395,3.84,256,897,752,367,liboqs,validator
Falcon-512,verify,41090,0.04109,3.84,256,897,752,368,liboqs,validator
Falcon-512,verify,40166,0.040166,3.84,256,897,752,369,liboqs,validator
Falcon-512,verify,40001,0.040001,3.84,256,897,752,370,liboqs,validator
Falcon-512,verify,40947,0.040947,3.84,256,897,752,371,liboqs,validator
Falcon-512,verify,43221,0.043221,3.84,256,897,752,372,liboqs,validator
Falcon-512,verify,41273,0.041273,3.84,256,897,752,373,liboqs,validator
Falcon-512,verify,40172,0.040172,3.84,256,897,752,374,liboqs,validator
Falcon-512,verify,40650,0.04065,3.84,256,897,752,375,liboqs,validator
Falcon-512,verify,47038,0.047038,3.84,256,897,752,376,liboqs,validator
Falcon-512,verify,43154,0.043154,3.84,256,897,752,377,liboqs,validator
Falcon-512,verify,41967,0.041967,3.84,256,897,752,378,liboqs,validator
Falcon-512,verify,41288,0.041288,3.85,256,897,752,379,liboqs,validator
Falcon-512,verify,40254,0.040254,3.84,256,897,752,380,liboqs,validator
Falcon-512,verify,40435,0.040435,3.84,256,897,752,381,liboqs,validator
Falcon-512,verify,40009,0.040009,3.84,256,897,752,382,liboqs,validator
Falcon-512,verify,39896,0.039896,3.84,256,897,752,383,liboqs,validator
Falcon-512,verify,40508,0.040508,3.84,256,897,752,384,liboqs,validator
Falcon-512,verify,46989,0.046989,3.84,256,897,752,385,liboqs,validator
Falcon-512,verify,42598,0.042598,3.84,256,897,752,386,liboqs,validator
Falcon-512,verify,47508,0.047508,3.84,256,897,752,387,liboqs,validator
Falcon-512,verify,41896,0.041896,3.84,256,897,752,388,liboqs,validator
Falcon-512,verify,41331,0.041331,3.84,256,897,752,389,liboqs,validator
Falcon-512,verify,40157,0.040157,3.84,256,897,752,390,liboqs,validator
Falcon-512,verify,40542,0.040542,3.84,256,897,752,391,liboqs,validator
Falcon-512,verify,47560,0.04756,3.84,256,897,752,392,liboqs,validator
Falcon-512,verify,63209,0.063209,3.84,256,897,752,393,liboqs,validator
Falcon-512,verify,47239,0.047239,3.84,256,897,752,394,liboqs,validator
Falcon-512,verify,41085,0.041085,3.84,256,897,752,395,liboqs,validator
Falcon-512,verify,40594,0.040594,3.84,256,897,752,396,liboqs,validator
Falcon-512,verify,40156,0.040156,3.84,256,897,752,397,liboqs,validator
Falcon-512,verify,39935,0.039935,3.84,256,897,752,398,liboqs,validator
Falcon-512,verify,39939,0.039939,3.84,256,897,752,399,liboqs,validator
Falcon-512,verify,40245,0.040245,3.85,256,897,752,400,liboqs,validator
Falcon-512,verify,40583,0.040583,3.84,256,897,752,401,liboqs,validator
Falcon-512,verify,39808,0.039808,3.84,256,897,752,402,liboqs,validator
Falcon-512,verify,40005,0.040005,3.84,256,897,752,403,liboqs,validator
Falcon-512,verify,49397,0.049397,3.84,256,897,752,404,liboqs,validator
Falcon-512,verify,72219,0.072219,6.23,256,897,752,405,liboqs,validator
Falcon-512,verify,42376,0.042376,3.84,256,897,752,406,liboqs,validator
Falcon-512,verify,41617,0.041617,3.84,256,897,752,407,liboqs,validator
Falcon-512,verify,40992,0.040992,3.84,256,897,752,408,liboqs,validator
Falcon-512,verify,40257,0.040257,3.84,256,897,752,409,liboqs,validator
Falcon-512,verify,41224,0.041224,3.84,256,897,752,410,liboqs,validator
Falcon-512,verify,41425,0.041425,3.84,256,897,752,411,liboqs,validator
Falcon-512,verify,41270,0.04127,3.84,256,897,752,412,liboqs,validator
Falcon-512,verify,46923,0.046923,3.84,256,897,752,413,liboqs,validator
Falcon-512,verify,46247,0.046247,3.84,256,897,752,414,liboqs,validator
Falcon-512,verify,42973,0.042973,3.84,256,897,752,415,liboqs,validator
Falcon-512,verify,41510,0.04151,3.84,256,897,752,416,liboqs,validator
Falcon-512,verify,40874,0.040874,3.84,256,897,752,417,liboqs,validator
Falcon-512,verify,40829,0.040829,3.84,256,897,752,418,liboqs,validator
Falcon-512,verify,39825,0.039825,3.84,256,897,752,419,liboqs,validator
Falcon-512,verify,40356,0.040356,3.84,256,897,752,420,liboqs,validator
Falcon-512,verify,40483,0.040483,3.84,256,897,752,421,liboqs,validator
Falcon-512,verify,40378,0.040378,3.84,256,897,752,422,liboqs,validator
Falcon-512,verify,40335,0.040335,3.84,256,897,752,423,liboqs,validator
Falcon-512,verify,46664,0.046664,3.84,256,897,752,424,liboqs,validator
Falcon-512,verify,41028,0.041028,3.84,256,897,752,425,liboqs,validator
Falcon-512,verify,40676,0.040676,3.84,256,897,752,426,liboqs,validator
Falcon-512,verify,40025,0.040025,3.84,256,897,752,427,liboqs,validator
Falcon-512,verify,46136,0.046136,3.84,256,897,752,428,liboqs,validator
Falcon-512,verify,41134,0.041134,3.84,256,897,752,429,liboqs,validator
Falcon-512,verify,41080,0.04108,3.84,256,897,752,430,liboqs,validator
Falcon-512,verify,40204,0.040204,3.84,256,897,752,431,liboqs,validator
Falcon-512,verify,39728,0.039728,3.84,256,897,752,432,liboqs,validator
Falcon-512,verify,45524,0.045524,3.85,256,897,752,433,liboqs,validator
Falcon-512,verify,40823,0.040823,3.84,256,897,752,434,liboqs,validator
Falcon-512,verify,40538,0.040538,3.84,256,897,752,435,liboqs,validator
Falcon-512,verify,42447,0.042447,3.84,256,897,752,436,liboqs,validator
Falcon-512,verify,40537,0.040537,3.84,256,897,752,437,liboqs,validator
Falcon-512,verify,40180,0.04018,3.84,256,897,752,438,liboqs,validator
Falcon-512,verify,40278,0.040278,3.85,256,897,752,439,liboqs,validator
Falcon-512,verify,41634,0.041634,3.85,256,897,752,440,liboqs,validator
Falcon-512,verify,41835,0.041835,3.84,256,897,752,441,liboqs,validator
Falcon-512,verify,41533,0.041533,3.84,256,897,752,442,liboqs,validator
Falcon-512,verify,41279,0.041279,3.84,256,897,752,443,liboqs,validator
Falcon-512,verify,47864,0.047864,3.85,256,897,752,444,liboqs,validator
Falcon-512,verify,41501,0.041501,3.84,256,897,752,445,liboqs,validator
Falcon-512,verify,41376,0.041376,3.84,256,897,752,446,liboqs,validator
Falcon-512,verify,40231,0.040231,3.84,256,897,752,447,liboqs,validator
Falcon-512,verify,57107,0.057107,6.24,256,897,752,448,liboqs,validator
Falcon-512,verify,42012,0.042012,3.84,256,897,752,449,liboqs,validator
Falcon-512,verify,41744,0.041744,3.84,256,897,752,450,liboqs,validator
Falcon-512,verify,40659,0.040659,3.84,256,897,752,451,liboqs,validator
Falcon-512,verify,40278,0.040278,3.84,256,897,752,452,liboqs,validator
Falcon-512,verify,53395,0.053395,3.84,256,897,752,453,liboqs,validator
Falcon-512,verify,41264,0.041264,3.84,256,897,752,454,liboqs,validator
Falcon-512,verify,42004,0.042004,3.84,256,897,752,455,liboqs,validator
Falcon-512,verify,40149,0.040149,3.84,256,897,752,456,liboqs,validator
Falcon-512,verify,40105,0.040105,3.84,256,897,752,457,liboqs,validator
Falcon-512,verify,42178,0.042178,3.84,256,897,752,458,liboqs,validator
Falcon-512,verify,40722,0.040722,3.84,256,897,752,459,liboqs,validator
Falcon-512,verify,46434,0.046434,3.84,256,897,752,460,liboqs,validator
Falcon-512,verify,41681,0.041681,3.84,256,897,752,461,liboqs,validator
Falcon-512,verify,41008,0.041008,3.84,256,897,752,462,liboqs,validator
Falcon-512,verify,40918,0.040918,3.84,256,897,752,463,liboqs,validator
Falcon-512,verify,46331,0.046331,3.84,256,897,752,464,liboqs,validator
Falcon-512,verify,41412,0.041412,3.84,256,897,752,465,liboqs,validator
Falcon-512,verify,41460,0.04146,3.84,256,897,752,466,liboqs,validator
Falcon-512,verify,40823,0.040823,3.84,256,897,752,467,liboqs,validator
Falcon-512,verify,40610,0.04061,3.84,256,897,752,468,liboqs,validator
Falcon-512,verify,40796,0.040796,3.84,256,897,752,469,liboqs,validator
Falcon-512,verify,39906,0.039906,3.84,256,897,752,470,liboqs,validator
Falcon-512,verify,46835,0.046835,3.85,256,897,752,471,liboqs,validator
Falcon-512,verify,40825,0.040825,3.84,256,897,752,472,liboqs,validator
Falcon-512,verify,40449,0.040449,3.84,256,897,752,473,liboqs,validator
Falcon-512,verify,40547,0.040547,3.84,256,897,752,474,liboqs,validator
Falcon-512,verify,45567,0.045567,3.84,256,897,752,475,liboqs,validator
Falcon-512,verify,41040,0.04104,3.85,256,897,752,476,liboqs,validator
Falcon-512,verify,40707,0.040707,3.84,256,897,752,477,liboqs,validator
Falcon-512,verify,39761,0.039761,3.84,256,897,752,478,liboqs,validator
Falcon-512,verify,42184,0.042184,3.85,256,897,752,479,liboqs,validator
Falcon-512,verify,40291,0.040291,3.84,256,897,752,480,liboqs,validator
Falcon-512,verify,40495,0.040495,3.84,256,897,752,481,liboqs,validator
Falcon-512,verify,40353,0.040353,3.84,256,897,752,482,liboqs,validator
Falcon-512,verify,39888,0.039888,3.84,256,897,752,483,liboqs,validator
Falcon-512,verify,40130,0.04013,3.84,256,897,752,484,liboqs,validator
Falcon-512,verify,39719,0.039719,3.84,256,897,752,485,liboqs,validator
Falcon-512,verify,45903,0.045903,3.84,256,897,752,486,liboqs,validator
Falcon-512,verify,41189,0.041189,3.84,256,897,752,487,liboqs,validator
Falcon-512,verify,40938,0.040938,3.84,256,897,752,488,liboqs,validator
Falcon-512,verify,40753,0.040753,3.84,256,897,752,489,liboqs,validator
Falcon-512,verify,40359,0.040359,3.84,256,897,752,490,liboqs,validator
Falcon-512,verify,39957,0.039957,3.84,256,897,752,491,liboqs,validator
Falcon-512,verify,47135,0.047135,3.84,256,897,752,492,liboqs,validator
Falcon-512,verify,42142,0.042142,3.84,256,897,752,493,liboqs,validator
Falcon-512,verify,46688,0.046688,3.84,256,897,752,494,liboqs,validator
Falcon-512,verify,42105,0.042105,3.84,256,897,752,495,liboqs,validator
Falcon-512,verify,46886,0.046886,3.84,256,897,752,496,liboqs,validator
Falcon-512,verify,41840,0.04184,3.85,256,897,752,497,liboqs,validator
Falcon-512,verify,40981,0.040981,3.84,256,897,752,498,liboqs,validator
Falcon-512,verify,41792,0.041792,3.84,256,897,752,499,liboqs,validator
Falcon-512,verify,41037,0.041037,3.84,256,897,752,500,liboqs,validator
Falcon-512,verify,42042,0.042042,3.84,256,897,752,501,liboqs,validator
Falcon-512,verify,40873,0.040873,3.84,256,897,752,502,liboqs,validator
Falcon-512,verify,40283,0.040283,3.84,256,897,752,503,liboqs,validator
Falcon-512,verify,39932,0.039932,3.84,256,897,752,504,liboqs,validator
Falcon-512,verify,39888,0.039888,3.84,256,897,752,505,liboqs,validator
Falcon-512,verify,40135,0.040135,3.84,256,897,752,506,liboqs,validator
Falcon-512,verify,46049,0.046049,3.84,256,897,752,507,liboqs,validator
Falcon-512,verify,40844,0.040844,3.84,256,897,752,508,liboqs,validator
Falcon-512,verify,40821,0.040821,3.84,256,897,752,509,liboqs,validator
Falcon-512,verify,40390,0.04039,3.84,256,897,752,510,liboqs,validator
Falcon-512,verify,75212,0.075212,3.85,256,897,752,511,liboqs,validator
Falcon-512,verify,45870,0.04587,3.85,256,897,752,512,liboqs,validator
Falcon-512,verify,57604,0.057604,6.24,256,897,752,513,liboqs,validator
Falcon-512,verify,54415,0.054415,6.17,256,897,752,514,liboqs,validator
Falcon-512,verify,52959,0.052959,6.18,256,897,752,515,liboqs,validator
Falcon-512,verify,52404,0.052404,7.3,256,897,752,516,liboqs,validator
Falcon-512,verify,48198,0.048198,3.84,256,897,752,517,liboqs,validator
Falcon-512,verify,52364,0.052364,6.23,256,897,752,518,liboqs,validator
Falcon-512,verify,51497,0.051497,6.18,256,897,752,519,liboqs,validator
Falcon-512,verify,50839,0.050839,3.84,256,897,752,520,liboqs,validator
Falcon-512,verify,45345,0.045345,3.84,256,897,752,521,liboqs,validator
Falcon-512,verify,43076,0.043076,3.84,256,897,752,522,liboqs,validator
Falcon-512,verify,47085,0.047085,3.84,256,897,752,523,liboqs,validator
Falcon-512,verify,42438,0.042438,3.84,256,897,752,524,liboqs,validator
Falcon-512,verify,42290,0.04229,3.84,256,897,752,525,liboqs,validator
Falcon-512,verify,63800,0.0638,6.24,256,897,752,526,liboqs,validator
Falcon-512,verify,47639,0.047639,3.84,256,897,752,527,liboqs,validator
Falcon-512,verify,41849,0.041849,3.84,256,897,752,528,liboqs,validator
Falcon-512,verify,41490,0.04149,3.84,256,897,752,529,liboqs,validator
Falcon-512,verify,40822,0.040822,3.84,256,897,752,530,liboqs,validator
Falcon-512,verify,40356,0.040356,3.84,256,897,752,531,liboqs,validator
Falcon-512,verify,40674,0.040674,3.84,256,897,752,532,liboqs,validator
Falcon-512,verify,40235,0.040235,3.84,256,897,752,533,liboqs,validator
Falcon-512,verify,39696,0.039696,3.84,256,897,752,534,liboqs,validator
Falcon-512,verify,52080,0.05208,3.84,256,897,752,535,liboqs,validator
Falcon-512,verify,42156,0.042156,3.84,256,897,752,536,liboqs,validator
Falcon-512,verify,40692,0.040692,3.84,256,897,752,537,liboqs,validator
Falcon-512,verify,55929,0.055929,6.24,256,897,752,538,liboqs,validator
Falcon-512,verify,53608,0.053608,6.17,256,897,752,539,liboqs,validator
Falcon-512,verify,43161,0.043161,3.84,256,897,752,540,liboqs,validator
Falcon-512,verify,41985,0.041985,3.84,256,897,752,541,liboqs,validator
Falcon-512,verify,43142,0.043142,3.84,256,897,752,542,liboqs,validator
Falcon-512,verify,52961,0.052961,6.24,256,897,752,543,liboqs,validator
Falcon-512,verify,41897,0.041897,3.85,256,897,752,544,liboqs,validator
Falcon-512,verify,40812,0.040812,3.84,256,897,752,545,liboqs,validator
Falcon-512,verify,47322,0.047322,3.84,256,897,752,546,liboqs,validator
Falcon-512,verify,41789,0.041789,3.84,256,897,752,547,liboqs,validator
Falcon-512,verify,41413,0.041413,3.84,256,897,752,548,liboqs,validator
Falcon-512,verify,40945,0.040945,3.84,256,897,752,549,liboqs,validator
Falcon-512,verify,40885,0.040885,3.84,256,897,752,550,liboqs,validator
Falcon-512,verify,46447,0.046447,3.84,256,897,752,551,liboqs,validator
Falcon-512,verify,41747,0.041747,3.84,256,897,752,552,liboqs,validator
Falcon-512,verify,41341,0.041341,3.84,256,897,752,553,liboqs,validator
Falcon-512,verify,58916,0.058916,3.84,256,897,752,554,liboqs,validator
Falcon-512,verify,77879,0.077879,3.84,256,897,752,555,liboqs,validator
Falcon-512,verify,290048,0.290048,3.84,256,897,752,556,liboqs,validator
Falcon-512,verify,88768,0.088768,3.84,256,897,752,557,liboqs,validator
Falcon-512,verify,186157,0.186157,3.84,256,897,752,558,liboqs,validator
Falcon-512,verify,63515,0.063515,3.84,256,897,752,559,liboqs,validator
Falcon-512,verify,48012,0.048012,3.84,256,897,752,560,liboqs,validator
Falcon-512,verify,45500,0.0455,3.84,256,897,752,561,liboqs,validator
Falcon-512,verify,73289,0.073289,3.84,256,897,752,562,liboqs,validator
Falcon-512,verify,48945,0.048945,3.84,256,897,752,563,liboqs,validator
Falcon-512,verify,53109,0.053109,3.84,256,897,752,564,liboqs,validator
Falcon-512,verify,46497,0.046497,3.84,256,897,752,565,liboqs,validator
Falcon-512,verify,45472,0.045472,3.84,256,897,752,566,liboqs,validator
Falcon-512,verify,61435,0.061435,3.84,256,897,752,567,liboqs,validator
Falcon-512,verify,46348,0.046348,3.84,256,897,752,568,liboqs,validator
Falcon-512,verify,43813,0.043813,3.84,256,897,752,569,liboqs,validator
Falcon-512,verify,42318,0.042318,3.84,256,897,752,570,liboqs,validator
Falcon-512,verify,61107,0.061107,3.84,256,897,752,571,liboqs,validator
Falcon-512,verify,66251,0.066251,3.84,256,897,752,572,liboqs,validator
Falcon-512,verify,67719,0.067719,3.84,256,897,752,573,liboqs,validator
Falcon-512,verify,61758,0.061758,3.84,256,897,752,574,liboqs,validator
Falcon-512,verify,57259,0.057259,3.84,256,897,752,575,liboqs,validator
Falcon-512,verify,45617,0.045617,3.84,256,897,752,576,liboqs,validator
Falcon-512,verify,43734,0.043734,3.84,256,897,752,577,liboqs,validator
Falcon-512,verify,42570,0.04257,3.84,256,897,752,578,liboqs,validator
Falcon-512,verify,44325,0.044325,3.84,256,897,752,579,liboqs,validator
Falcon-512,verify,45989,0.045989,3.85,256,897,752,580,liboqs,validator
Falcon-512,verify,45497,0.045497,3.84,256,897,752,581,liboqs,validator
Falcon-512,verify,52554,0.052554,3.85,256,897,752,582,liboqs,validator
Falcon-512,verify,85125,0.085125,6.23,256,897,752,583,liboqs,validator
Falcon-512,verify,48902,0.048902,3.84,256,897,752,584,liboqs,validator
Falcon-512,verify,46590,0.04659,3.84,256,897,752,585,liboqs,validator
Falcon-512,verify,43136,0.043136,3.84,256,897,752,586,liboqs,validator
Falcon-512,verify,42357,0.042357,3.84,256,897,752,587,liboqs,validator
Falcon-512,verify,42870,0.04287,3.84,256,897,752,588,liboqs,validator
Falcon-512,verify,41437,0.041437,3.84,256,897,752,589,liboqs,validator
Falcon-512,verify,47498,0.047498,3.84,256,897,752,590,liboqs,validator
Falcon-512,verify,47334,0.047334,3.84,256,897,752,591,liboqs,validator
Falcon-512,verify,60534,0.060534,6.3,256,897,752,592,liboqs,validator
Falcon-512,verify,44278,0.044278,3.84,256,897,752,593,liboqs,validator
Falcon-512,verify,101081,0.101081,3.84,256,897,752,594,liboqs,validator
Falcon-512,verify,48729,0.048729,3.84,256,897,752,595,liboqs,validator
Falcon-512,verify,45370,0.04537,3.84,256,897,752,596,liboqs,validator
Falcon-512,verify,43930,0.04393,3.84,256,897,752,597,liboqs,validator
Falcon-512,verify,43226,0.043226,3.84,256,897,752,598,liboqs,validator
Falcon-512,verify,42070,0.04207,3.84,256,897,752,599,liboqs,validator
Falcon-512,verify,42032,0.042032,3.84,256,897,752,600,liboqs,validator
Falcon-512,verify,41960,0.04196,3.84,256,897,752,601,liboqs,validator
Falcon-512,verify,40969,0.040969,3.84,256,897,752,602,liboqs,validator
Falcon-512,verify,47573,0.047573,3.84,256,897,752,603,liboqs,validator
Falcon-512,verify,42871,0.042871,3.84,256,897,752,604,liboqs,validator
Falcon-512,verify,41829,0.041829,3.84,256,897,752,605,liboqs,validator
Falcon-512,verify,41789,0.041789,3.84,256,897,752,606,liboqs,validator
Falcon-512,verify,43353,0.043353,3.84,256,897,752,607,liboqs,validator
Falcon-512,verify,43133,0.043133,3.84,256,897,752,608,liboqs,validator
Falcon-512,verify,41848,0.041848,3.84,256,897,752,609,liboqs,validator
Falcon-512,verify,49895,0.049895,3.84,256,897,752,610,liboqs,validator
Falcon-512,verify,46164,0.046164,3.84,256,897,752,611,liboqs,validator
Falcon-512,verify,42384,0.042384,3.84,256,897,752,612,liboqs,validator
Falcon-512,verify,48916,0.048916,3.84,256,897,752,613,liboqs,validator
Falcon-512,verify,42652,0.042652,3.85,256,897,752,614,liboqs,validator
Falcon-512,verify,42880,0.04288,3.84,256,897,752,615,liboqs,validator
Falcon-512,verify,46420,0.04642,3.84,256,897,752,616,liboqs,validator
Falcon-512,verify,43151,0.043151,3.84,256,897,752,617,liboqs,validator
Falcon-512,verify,42037,0.042037,3.85,256,897,752,618,liboqs,validator
Falcon-512,verify,41757,0.041757,3.84,256,897,752,619,liboqs,validator
Falcon-512,verify,41450,0.04145,3.84,256,897,752,620,liboqs,validator
Falcon-512,verify,42019,0.042019,3.84,256,897,752,621,liboqs,validator
Falcon-512,verify,49518,0.049518,3.84,256,897,752,622,liboqs,validator
Falcon-512,verify,42771,0.042771,3.84,256,897,752,623,liboqs,validator
Falcon-512,verify,41649,0.041649,3.84,256,897,752,624,liboqs,validator
Falcon-512,verify,41150,0.04115,3.84,256,897,752,625,liboqs,validator
Falcon-512,verify,40934,0.040934,3.84,256,897,752,626,liboqs,validator
Falcon-512,verify,41033,0.041033,3.84,256,897,752,627,liboqs,validator
Falcon-512,verify,40859,0.040859,3.84,256,897,752,628,liboqs,validator
Falcon-512,verify,40984,0.040984,3.84,256,897,752,629,liboqs,validator
Falcon-512,verify,40620,0.04062,3.84,256,897,752,630,liboqs,validator
Falcon-512,verify,42342,0.042342,3.84,256,897,752,631,liboqs,validator
Falcon-512,verify,46757,0.046757,3.84,256,897,752,632,liboqs,validator
Falcon-512,verify,41333,0.041333,3.85,256,897,752,633,liboqs,validator
Falcon-512,verify,40678,0.040678,3.84,256,897,752,634,liboqs,validator
Falcon-512,verify,40425,0.040425,3.84,256,897,752,635,liboqs,validator
Falcon-512,verify,51258,0.051258,3.84,256,897,752,636,liboqs,validator
Falcon-512,verify,41847,0.041847,3.84,256,897,752,637,liboqs,validator
Falcon-512,verify,42470,0.04247,3.84,256,897,752,638,liboqs,validator
Falcon-512,verify,42960,0.04296,3.84,256,897,752,639,liboqs,validator
Falcon-512,verify,42473,0.042473,3.84,256,897,752,640,liboqs,validator
Falcon-512,verify,40742,0.040742,3.84,256,897,752,641,liboqs,validator
Falcon-512,verify,46385,0.046385,3.84,256,897,752,642,liboqs,validator
Falcon-512,verify,43388,0.043388,3.84,256,897,752,643,liboqs,validator
Falcon-512,verify,41401,0.041401,3.84,256,897,752,644,liboqs,validator
Falcon-512,verify,40878,0.040878,3.84,256,897,752,645,liboqs,validator
Falcon-512,verify,40266,0.040266,3.84,256,897,752,646,liboqs,validator
Falcon-512,verify,40175,0.040175,3.84,256,897,752,647,liboqs,validator
Falcon-512,verify,40585,0.040585,3.84,256,897,752,648,liboqs,validator
Falcon-512,verify,40856,0.040856,3.84,256,897,752,649,liboqs,validator
Falcon-512,verify,43672,0.043672,3.84,256,897,752,650,liboqs,validator
Falcon-512,verify,42407,0.042407,3.84,256,897,752,651,liboqs,validator
Falcon-512,verify,42282,0.042282,3.84,256,897,752,652,liboqs,validator
Falcon-512,verify,46190,0.04619,3.84,256,897,752,653,liboqs,validator
Falcon-512,verify,41451,0.041451,3.84,256,897,752,654,liboqs,validator
Falcon-512,verify,41806,0.041806,3.84,256,897,752,655,liboqs,validator
Falcon-512,verify,41415,0.041415,3.84,256,897,752,656,liboqs,validator
Falcon-512,verify,41542,0.041542,3.84,256,897,752,657,liboqs,validator
Falcon-512,verify,42961,0.042961,3.84,256,897,752,658,liboqs,validator
Falcon-512,verify,41834,0.041834,3.84,256,897,752,659,liboqs,validator
Falcon-512,verify,45122,0.045122,3.84,256,897,752,660,liboqs,validator
Falcon-512,verify,45959,0.045959,3.84,256,897,752,661,liboqs,validator
Falcon-512,verify,45582,0.045582,3.84,256,897,752,662,liboqs,validator
Falcon-512,verify,53810,0.05381,3.84,256,897,752,663,liboqs,validator
Falcon-512,verify,44025,0.044025,3.84,256,897,752,664,liboqs,validator
Falcon-512,verify,41303,0.041303,3.84,256,897,752,665,liboqs,validator
Falcon-512,verify,40726,0.040726,3.84,256,897,752,666,liboqs,validator
Falcon-512,verify,41416,0.041416,3.84,256,897,752,667,liboqs,validator
Falcon-512,verify,40560,0.04056,3.84,256,897,752,668,liboqs,validator
Falcon-512,verify,63693,0.063693,3.84,256,897,752,669,liboqs,validator
Falcon-512,verify,42998,0.042998,3.85,256,897,752,670,liboqs,validator
Falcon-512,verify,42563,0.042563,3.84,256,897,752,671,liboqs,validator
Falcon-512,verify,43280,0.04328,3.84,256,897,752,672,liboqs,validator
Falcon-512,verify,42956,0.042956,3.84,256,897,752,673,liboqs,validator
Falcon-512,verify,47046,0.047046,3.84,256,897,752,674,liboqs,validator
Falcon-512,verify,43002,0.043002,3.84,256,897,752,675,liboqs,validator
Falcon-512,verify,44110,0.04411,3.84,256,897,752,676,liboqs,validator
Falcon-512,verify,42871,0.042871,3.84,256,897,752,677,liboqs,validator
Falcon-512,verify,48380,0.04838,3.84,256,897,752,678,liboqs,validator
Falcon-512,verify,41420,0.04142,3.84,256,897,752,679,liboqs,validator
Falcon-512,verify,42651,0.042651,3.84,256,897,752,680,liboqs,validator
Falcon-512,verify,41445,0.041445,3.84,256,897,752,681,liboqs,validator
Falcon-512,verify,40631,0.040631,3.84,256,897,752,682,liboqs,validator
Falcon-512,verify,39986,0.039986,3.84,256,897,752,683,liboqs,validator
Falcon-512,verify,48764,0.048764,3.84,256,897,752,684,liboqs,validator
Falcon-512,verify,45233,0.045233,3.84,256,897,752,685,liboqs,validator
Falcon-512,verify,40572,0.040572,3.84,256,897,752,686,liboqs,validator
Falcon-512,verify,45549,0.045549,3.85,256,897,752,687,liboqs,validator
Falcon-512,verify,44453,0.044453,3.84,256,897,752,688,liboqs,validator
Falcon-512,verify,41989,0.041989,3.84,256,897,752,689,liboqs,validator
Falcon-512,verify,40646,0.040646,3.84,256,897,752,690,liboqs,validator
Falcon-512,verify,40820,0.04082,3.84,256,897,752,691,liboqs,validator
Falcon-512,verify,40685,0.040685,3.84,256,897,752,692,liboqs,validator
Falcon-512,verify,40908,0.040908,3.84,256,897,752,693,liboqs,validator
Falcon-512,verify,39875,0.039875,3.84,256,897,752,694,liboqs,validator
Falcon-512,verify,45789,0.045789,3.84,256,897,752,695,liboqs,validator
Falcon-512,verify,41224,0.041224,3.84,256,897,752,696,liboqs,validator
Falcon-512,verify,40901,0.040901,3.84,256,897,752,697,liboqs,validator
Falcon-512,verify,40168,0.040168,3.84,256,897,752,698,liboqs,validator
Falcon-512,verify,39778,0.039778,3.84,256,897,752,699,liboqs,validator
Falcon-512,verify,42739,0.042739,3.84,256,897,752,700,liboqs,validator
Falcon-512,verify,44257,0.044257,3.84,256,897,752,701,liboqs,validator
Falcon-512,verify,42179,0.042179,3.84,256,897,752,702,liboqs,validator
Falcon-512,verify,41844,0.041844,3.84,256,897,752,703,liboqs,validator
Falcon-512,verify,50089,0.050089,3.84,256,897,752,704,liboqs,validator
Falcon-512,verify,44554,0.044554,3.84,256,897,752,705,liboqs,validator
Falcon-512,verify,43053,0.043053,3.84,256,897,752,706,liboqs,validator
Falcon-512,verify,41156,0.041156,3.84,256,897,752,707,liboqs,validator
Falcon-512,verify,40838,0.040838,3.84,256,897,752,708,liboqs,validator
Falcon-512,verify,40598,0.040598,3.84,256,897,752,709,liboqs,validator
Falcon-512,verify,40454,0.040454,3.84,256,897,752,710,liboqs,validator
Falcon-512,verify,40721,0.040721,3.84,256,897,752,711,liboqs,validator
Falcon-512,verify,47444,0.047444,3.84,256,897,752,712,liboqs,validator
Falcon-512,verify,41595,0.041595,3.84,256,897,752,713,liboqs,validator
Falcon-512,verify,40723,0.040723,3.84,256,897,752,714,liboqs,validator
Falcon-512,verify,45885,0.045885,3.84,256,897,752,715,liboqs,validator
Falcon-512,verify,41021,0.041021,3.84,256,897,752,716,liboqs,validator
Falcon-512,verify,40722,0.040722,3.84,256,897,752,717,liboqs,validator
Falcon-512,verify,40588,0.040588,3.84,256,897,752,718,liboqs,validator
Falcon-512,verify,39885,0.039885,3.84,256,897,752,719,liboqs,validator
Falcon-512,verify,39996,0.039996,3.84,256,897,752,720,liboqs,validator
Falcon-512,verify,45900,0.0459,3.84,256,897,752,721,liboqs,validator
Falcon-512,verify,40022,0.040022,3.84,256,897,752,722,liboqs,validator
Falcon-512,verify,40845,0.040845,3.84,256,897,752,723,liboqs,validator
Falcon-512,verify,40828,0.040828,3.84,256,897,752,724,liboqs,validator
Falcon-512,verify,45743,0.045743,3.84,256,897,752,725,liboqs,validator
Falcon-512,verify,41097,0.041097,3.84,256,897,752,726,liboqs,validator
Falcon-512,verify,39940,0.03994,3.84,256,897,752,727,liboqs,validator
Falcon-512,verify,44601,0.044601,3.84,256,897,752,728,liboqs,validator
Falcon-512,verify,39652,0.039652,3.84,256,897,752,729,liboqs,validator
Falcon-512,verify,39245,0.039245,3.84,256,897,752,730,liboqs,validator
Falcon-512,verify,40081,0.040081,3.84,256,897,752,731,liboqs,validator
Falcon-512,verify,40193,0.040193,3.85,256,897,752,732,liboqs,validator
Falcon-512,verify,39713,0.039713,3.84,256,897,752,733,liboqs,validator
Falcon-512,verify,46506,0.046506,3.84,256,897,752,734,liboqs,validator
Falcon-512,verify,41319,0.041319,3.84,256,897,752,735,liboqs,validator
Falcon-512,verify,41452,0.041452,3.84,256,897,752,736,liboqs,validator
Falcon-512,verify,47158,0.047158,3.84,256,897,752,737,liboqs,validator
Falcon-512,verify,42035,0.042035,3.84,256,897,752,738,liboqs,validator
Falcon-512,verify,40879,0.040879,3.84,256,897,752,739,liboqs,validator
Falcon-512,verify,40873,0.040873,3.84,256,897,752,740,liboqs,validator
Falcon-512,verify,39921,0.039921,3.84,256,897,752,741,liboqs,validator
Falcon-512,verify,40024,0.040024,3.84,256,897,752,742,liboqs,validator
Falcon-512,verify,42168,0.042168,3.84,256,897,752,743,liboqs,validator
Falcon-512,verify,41707,0.041707,3.84,256,897,752,744,liboqs,validator
Falcon-512,verify,45858,0.045858,3.84,256,897,752,745,liboqs,validator
Falcon-512,verify,41520,0.04152,3.84,256,897,752,746,liboqs,validator
Falcon-512,verify,40461,0.040461,3.84,256,897,752,747,liboqs,validator
Falcon-512,verify,40830,0.04083,3.84,256,897,752,748,liboqs,validator
Falcon-512,verify,40296,0.040296,3.84,256,897,752,749,liboqs,validator
Falcon-512,verify,40375,0.040375,3.84,256,897,752,750,liboqs,validator
Falcon-512,verify,39897,0.039897,3.84,256,897,752,751,liboqs,validator
Falcon-512,verify,40045,0.040045,3.84,256,897,752,752,liboqs,validator
Falcon-512,verify,39535,0.039535,3.84,256,897,752,753,liboqs,validator
Falcon-512,verify,45694,0.045694,3.84,256,897,752,754,liboqs,validator
Falcon-512,verify,40764,0.040764,3.84,256,897,752,755,liboqs,validator
Falcon-512,verify,40459,0.040459,3.84,256,897,752,756,liboqs,validator
Falcon-512,verify,40530,0.04053,3.84,256,897,752,757,liboqs,validator
Falcon-512,verify,39780,0.03978,3.84,256,897,752,758,liboqs,validator
Falcon-512,verify,39530,0.03953,3.84,256,897,752,759,liboqs,validator
Falcon-512,verify,39554,0.039554,3.84,256,897,752,760,liboqs,validator
Falcon-512,verify,39662,0.039662,3.84,256,897,752,761,liboqs,validator
Falcon-512,verify,46064,0.046064,3.84,256,897,752,762,liboqs,validator
Falcon-512,verify,40879,0.040879,3.84,256,897,752,763,liboqs,validator
Falcon-512,verify,51374,0.051374,3.84,256,897,752,764,liboqs,validator
Falcon-512,verify,42008,0.042008,3.84,256,897,752,765,liboqs,validator
Falcon-512,verify,40748,0.040748,3.84,256,897,752,766,liboqs,validator
Falcon-512,verify,40123,0.040123,3.84,256,897,752,767,liboqs,validator
Falcon-512,verify,40252,0.040252,3.84,256,897,752,768,liboqs,validator
Falcon-512,verify,39819,0.039819,3.84,256,897,752,769,liboqs,validator
Falcon-512,verify,41046,0.041046,3.84,256,897,752,770,liboqs,validator
Falcon-512,verify,41087,0.041087,3.84,256,897,752,771,liboqs,validator
Falcon-512,verify,40646,0.040646,3.84,256,897,752,772,liboqs,validator
Falcon-512,verify,45953,0.045953,3.84,256,897,752,773,liboqs,validator
Falcon-512,verify,45944,0.045944,3.84,256,897,752,774,liboqs,validator
Falcon-512,verify,41520,0.04152,3.85,256,897,752,775,liboqs,validator
Falcon-512,verify,41028,0.041028,3.84,256,897,752,776,liboqs,validator
Falcon-512,verify,40317,0.040317,3.84,256,897,752,777,liboqs,validator
Falcon-512,verify,39815,0.039815,3.84,256,897,752,778,liboqs,validator
Falcon-512,verify,39868,0.039868,3.84,256,897,752,779,liboqs,validator
Falcon-512,verify,40375,0.040375,3.84,256,897,752,780,liboqs,validator
Falcon-512,verify,40211,0.040211,3.84,256,897,752,781,liboqs,validator
Falcon-512,verify,39662,0.039662,3.84,256,897,752,782,liboqs,validator
Falcon-512,verify,102622,0.102622,3.84,256,897,752,783,liboqs,validator
Falcon-512,verify,51557,0.051557,3.84,256,897,752,784,liboqs,validator
Falcon-512,verify,53188,0.053188,3.84,256,897,752,785,liboqs,validator
Falcon-512,verify,47802,0.047802,3.84,256,897,752,786,liboqs,validator
Falcon-512,verify,44129,0.044129,3.84,256,897,752,787,liboqs,validator
Falcon-512,verify,44006,0.044006,3.84,256,897,752,788,liboqs,validator
Falcon-512,verify,42692,0.042692,3.84,256,897,752,789,liboqs,validator
Falcon-512,verify,42182,0.042182,3.84,256,897,752,790,liboqs,validator
Falcon-512,verify,47628,0.047628,3.84,256,897,752,791,liboqs,validator
Falcon-512,verify,42093,0.042093,3.84,256,897,752,792,liboqs,validator
Falcon-512,verify,41964,0.041964,3.84,256,897,752,793,liboqs,validator
Falcon-512,verify,41092,0.041092,3.84,256,897,752,794,liboqs,validator
Falcon-512,verify,41579,0.041579,3.84,256,897,752,795,liboqs,validator
Falcon-512,verify,40059,0.040059,3.84,256,897,752,796,liboqs,validator
Falcon-512,verify,40589,0.040589,3.84,256,897,752,797,liboqs,validator
Falcon-512,verify,40663,0.040663,3.84,256,897,752,798,liboqs,validator
Falcon-512,verify,40039,0.040039,3.84,256,897,752,799,liboqs,validator
Falcon-512,verify,40089,0.040089,3.84,256,897,752,800,liboqs,validator
Falcon-512,verify,46338,0.046338,3.84,256,897,752,801,liboqs,validator
Falcon-512,verify,41422,0.041422,3.84,256,897,752,802,liboqs,validator
Falcon-512,verify,40816,0.040816,3.84,256,897,752,803,liboqs,validator
Falcon-512,verify,40432,0.040432,3.84,256,897,752,804,liboqs,validator
Falcon-512,verify,82370,0.08237,8.45,256,897,752,805,liboqs,validator
Falcon-512,verify,56246,0.056246,6.17,256,897,752,806,liboqs,validator
Falcon-512,verify,54683,0.054683,7.3,256,897,752,807,liboqs,validator
Falcon-512,verify,54669,0.054669,6.18,256,897,752,808,liboqs,validator
Falcon-512,verify,44343,0.044343,3.84,256,897,752,809,liboqs,validator
Falcon-512,verify,43682,0.043682,3.84,256,897,752,810,liboqs,validator
Falcon-512,verify,58289,0.058289,6.24,256,897,752,811,liboqs,validator
Falcon-512,verify,52401,0.052401,6.17,256,897,752,812,liboqs,validator
Falcon-512,verify,54041,0.054041,6.17,256,897,752,813,liboqs,validator
Falcon-512,verify,43414,0.043414,3.84,256,897,752,814,liboqs,validator
Falcon-512,verify,42402,0.042402,3.84,256,897,752,815,liboqs,validator
Falcon-512,verify,53271,0.053271,6.24,256,897,752,816,liboqs,validator
Falcon-512,verify,41857,0.041857,3.84,256,897,752,817,liboqs,validator
Falcon-512,verify,40971,0.040971,3.84,256,897,752,818,liboqs,validator
Falcon-512,verify,40708,0.040708,3.84,256,897,752,819,liboqs,validator
Falcon-512,verify,41716,0.041716,3.84,256,897,752,820,liboqs,validator
Falcon-512,verify,48699,0.048699,3.84,256,897,752,821,liboqs,validator
Falcon-512,verify,43269,0.043269,3.84,256,897,752,822,liboqs,validator
Falcon-512,verify,42462,0.042462,3.84,256,897,752,823,liboqs,validator
Falcon-512,verify,48868,0.048868,3.84,256,897,752,824,liboqs,validator
Falcon-512,verify,42510,0.04251,3.84,256,897,752,825,liboqs,validator
Falcon-512,verify,42089,0.042089,3.84,256,897,752,826,liboqs,validator
Falcon-512,verify,51141,0.051141,3.84,256,897,752,827,liboqs,validator
Falcon-512,verify,42873,0.042873,3.84,256,897,752,828,liboqs,validator
Falcon-512,verify,42928,0.042928,3.84,256,897,752,829,liboqs,validator
Falcon-512,verify,47462,0.047462,3.84,256,897,752,830,liboqs,validator
Falcon-512,verify,42373,0.042373,3.84,256,897,752,831,liboqs,validator
Falcon-512,verify,42448,0.042448,3.84,256,897,752,832,liboqs,validator
Falcon-512,verify,41444,0.041444,3.84,256,897,752,833,liboqs,validator
Falcon-512,verify,41434,0.041434,3.84,256,897,752,834,liboqs,validator
Falcon-512,verify,41137,0.041137,3.84,256,897,752,835,liboqs,validator
Falcon-512,verify,41416,0.041416,3.84,256,897,752,836,liboqs,validator
Falcon-512,verify,40475,0.040475,3.84,256,897,752,837,liboqs,validator
Falcon-512,verify,40793,0.040793,3.84,256,897,752,838,liboqs,validator
Falcon-512,verify,46659,0.046659,3.84,256,897,752,839,liboqs,validator
Falcon-512,verify,41405,0.041405,3.84,256,897,752,840,liboqs,validator
Falcon-512,verify,41075,0.041075,3.84,256,897,752,841,liboqs,validator
Falcon-512,verify,40895,0.040895,3.84,256,897,752,842,liboqs,validator
Falcon-512,verify,39789,0.039789,3.84,256,897,752,843,liboqs,validator
Falcon-512,verify,40373,0.040373,3.84,256,897,752,844,liboqs,validator
Falcon-512,verify,40851,0.040851,3.84,256,897,752,845,liboqs,validator
Falcon-512,verify,40430,0.04043,3.84,256,897,752,846,liboqs,validator
Falcon-512,verify,41019,0.041019,3.84,256,897,752,847,liboqs,validator
Falcon-512,verify,43508,0.043508,3.84,256,897,752,848,liboqs,validator
Falcon-512,verify,47687,0.047687,3.84,256,897,752,849,liboqs,validator
Falcon-512,verify,41719,0.041719,3.84,256,897,752,850,liboqs,validator
Falcon-512,verify,40778,0.040778,3.84,256,897,752,851,liboqs,validator
Falcon-512,verify,41465,0.041465,3.84,256,897,752,852,liboqs,validator
Falcon-512,verify,40564,0.040564,3.84,256,897,752,853,liboqs,validator
Falcon-512,verify,39834,0.039834,3.84,256,897,752,854,liboqs,validator
Falcon-512,verify,40114,0.040114,3.84,256,897,752,855,liboqs,validator
Falcon-512,verify,40039,0.040039,3.84,256,897,752,856,liboqs,validator
Falcon-512,verify,40144,0.040144,3.84,256,897,752,857,liboqs,validator
Falcon-512,verify,40934,0.040934,3.85,256,897,752,858,liboqs,validator
Falcon-512,verify,41602,0.041602,3.84,256,897,752,859,liboqs,validator
Falcon-512,verify,60938,0.060938,6.23,256,897,752,860,liboqs,validator
Falcon-512,verify,42094,0.042094,3.84,256,897,752,861,liboqs,validator
Falcon-512,verify,41268,0.041268,3.84,256,897,752,862,liboqs,validator
Falcon-512,verify,40864,0.040864,3.84,256,897,752,863,liboqs,validator
Falcon-512,verify,48802,0.048802,3.84,256,897,752,864,liboqs,validator
Falcon-512,verify,44703,0.044703,3.84,256,897,752,865,liboqs,validator
Falcon-512,verify,44081,0.044081,3.84,256,897,752,866,liboqs,validator
Falcon-512,verify,43395,0.043395,3.84,256,897,752,867,liboqs,validator
Falcon-512,verify,54230,0.05423,3.84,256,897,752,868,liboqs,validator
Falcon-512,verify,50395,0.050395,3.84,256,897,752,869,liboqs,validator
Falcon-512,verify,46288,0.046288,3.84,256,897,752,870,liboqs,validator
Falcon-512,verify,51208,0.051208,3.84,256,897,752,871,liboqs,validator
Falcon-512,verify,46628,0.046628,3.85,256,897,752,872,liboqs,validator
Falcon-512,verify,45331,0.045331,3.84,256,897,752,873,liboqs,validator
Falcon-512,verify,44022,0.044022,3.84,256,897,752,874,liboqs,validator
Falcon-512,verify,43064,0.043064,3.85,256,897,752,875,liboqs,validator
Falcon-512,verify,41604,0.041604,3.84,256,897,752,876,liboqs,validator
Falcon-512,verify,40921,0.040921,3.84,256,897,752,877,liboqs,validator
Falcon-512,verify,52011,0.052011,3.84,256,897,752,878,liboqs,validator
Falcon-512,verify,49169,0.049169,3.84,256,897,752,879,liboqs,validator
Falcon-512,verify,43669,0.043669,3.84,256,897,752,880,liboqs,validator
Falcon-512,verify,44494,0.044494,3.84,256,897,752,881,liboqs,validator
Falcon-512,verify,43840,0.04384,3.84,256,897,752,882,liboqs,validator
Falcon-512,verify,41257,0.041257,3.84,256,897,752,883,liboqs,validator
Falcon-512,verify,40602,0.040602,3.84,256,897,752,884,liboqs,validator
Falcon-512,verify,40989,0.040989,3.84,256,897,752,885,liboqs,validator
Falcon-512,verify,40468,0.040468,3.84,256,897,752,886,liboqs,validator
Falcon-512,verify,41436,0.041436,3.84,256,897,752,887,liboqs,validator
Falcon-512,verify,45248,0.045248,3.84,256,897,752,888,liboqs,validator
Falcon-512,verify,42601,0.042601,3.84,256,897,752,889,liboqs,validator
Falcon-512,verify,42025,0.042025,3.84,256,897,752,890,liboqs,validator
Falcon-512,verify,40268,0.040268,3.84,256,897,752,891,liboqs,validator
Falcon-512,verify,40977,0.040977,3.84,256,897,752,892,liboqs,validator
Falcon-512,verify,40383,0.040383,3.84,256,897,752,893,liboqs,validator
Falcon-512,verify,40185,0.040185,3.84,256,897,752,894,liboqs,validator
Falcon-512,verify,60587,0.060587,6.23,256,897,752,895,liboqs,validator
Falcon-512,verify,41118,0.041118,3.84,256,897,752,896,liboqs,validator
Falcon-512,verify,41690,0.04169,3.84,256,897,752,897,liboqs,validator
Falcon-512,verify,46881,0.046881,3.85,256,897,752,898,liboqs,validator
Falcon-512,verify,41258,0.041258,3.84,256,897,752,899,liboqs,validator
Falcon-512,verify,41122,0.041122,3.84,256,897,752,900,liboqs,validator
Falcon-512,verify,42369,0.042369,3.84,256,897,752,901,liboqs,validator
Falcon-512,verify,41787,0.041787,3.84,256,897,752,902,liboqs,validator
Falcon-512,verify,48029,0.048029,3.84,256,897,752,903,liboqs,validator
Falcon-512,verify,42574,0.042574,3.84,256,897,752,904,liboqs,validator
Falcon-512,verify,42124,0.042124,3.84,256,897,752,905,liboqs,validator
Falcon-512,verify,41244,0.041244,3.84,256,897,752,906,liboqs,validator
Falcon-512,verify,40887,0.040887,3.84,256,897,752,907,liboqs,validator
Falcon-512,verify,41417,0.041417,3.84,256,897,752,908,liboqs,validator
Falcon-512,verify,45907,0.045907,3.84,256,897,752,909,liboqs,validator
Falcon-512,verify,41496,0.041496,3.84,256,897,752,910,liboqs,validator
Falcon-512,verify,48492,0.048492,3.84,256,897,752,911,liboqs,validator
Falcon-512,verify,42426,0.042426,3.84,256,897,752,912,liboqs,validator
Falcon-512,verify,43542,0.043542,3.84,256,897,752,913,liboqs,validator
Falcon-512,verify,40977,0.040977,3.84,256,897,752,914,liboqs,validator
Falcon-512,verify,40917,0.040917,3.84,256,897,752,915,liboqs,validator
Falcon-512,verify,45418,0.045418,3.84,256,897,752,916,liboqs,validator
Falcon-512,verify,56264,0.056264,6.24,256,897,752,917,liboqs,validator
Falcon-512,verify,41919,0.041919,3.84,256,897,752,918,liboqs,validator
Falcon-512,verify,50712,0.050712,3.84,256,897,752,919,liboqs,validator
Falcon-512,verify,45398,0.045398,3.84,256,897,752,920,liboqs,validator
Falcon-512,verify,43190,0.04319,3.84,256,897,752,921,liboqs,validator
Falcon-512,verify,42282,0.042282,3.84,256,897,752,922,liboqs,validator
Falcon-512,verify,41714,0.041714,3.84,256,897,752,923,liboqs,validator
Falcon-512,verify,41762,0.041762,3.84,256,897,752,924,liboqs,validator
Falcon-512,verify,40960,0.04096,3.84,256,897,752,925,liboqs,validator
Falcon-512,verify,40625,0.040625,3.84,256,897,752,926,liboqs,validator
Falcon-512,verify,41169,0.041169,3.84,256,897,752,927,liboqs,validator
Falcon-512,verify,41242,0.041242,3.84,256,897,752,928,liboqs,validator
Falcon-512,verify,40732,0.040732,3.84,256,897,752,929,liboqs,validator
Falcon-512,verify,46665,0.046665,3.84,256,897,752,930,liboqs,validator
Falcon-512,verify,41356,0.041356,3.84,256,897,752,931,liboqs,validator
Falcon-512,verify,42418,0.042418,3.84,256,897,752,932,liboqs,validator
Falcon-512,verify,41194,0.041194,3.84,256,897,752,933,liboqs,validator
Falcon-512,verify,47864,0.047864,3.84,256,897,752,934,liboqs,validator
Falcon-512,verify,42454,0.042454,3.85,256,897,752,935,liboqs,validator
Falcon-512,verify,42881,0.042881,3.85,256,897,752,936,liboqs,validator
Falcon-512,verify,41805,0.041805,3.84,256,897,752,937,liboqs,validator
Falcon-512,verify,41538,0.041538,3.84,256,897,752,938,liboqs,validator
Falcon-512,verify,48573,0.048573,3.84,256,897,752,939,liboqs,validator
Falcon-512,verify,46051,0.046051,3.84,256,897,752,940,liboqs,validator
Falcon-512,verify,41981,0.041981,3.84,256,897,752,941,liboqs,validator
Falcon-512,verify,40699,0.040699,3.84,256,897,752,942,liboqs,validator
Falcon-512,verify,41342,0.041342,3.84,256,897,752,943,liboqs,validator
Falcon-512,verify,40958,0.040958,3.84,256,897,752,944,liboqs,validator
Falcon-512,verify,40105,0.040105,3.85,256,897,752,945,liboqs,validator
Falcon-512,verify,40316,0.040316,3.84,256,897,752,946,liboqs,validator
Falcon-512,verify,40104,0.040104,3.84,256,897,752,947,liboqs,validator
Falcon-512,verify,40051,0.040051,3.84,256,897,752,948,liboqs,validator
Falcon-512,verify,47207,0.047207,3.84,256,897,752,949,liboqs,validator
Falcon-512,verify,41602,0.041602,3.84,256,897,752,950,liboqs,validator
Falcon-512,verify,42504,0.042504,3.84,256,897,752,951,liboqs,validator
Falcon-512,verify,41516,0.041516,3.84,256,897,752,952,liboqs,validator
Falcon-512,verify,46137,0.046137,3.84,256,897,752,953,liboqs,validator
Falcon-512,verify,43166,0.043166,3.84,256,897,752,954,liboqs,validator
Falcon-512,verify,41729,0.041729,3.84,256,897,752,955,liboqs,validator
Falcon-512,verify,41848,0.041848,3.84,256,897,752,956,liboqs,validator
Falcon-512,verify,41360,0.04136,3.84,256,897,752,957,liboqs,validator
Falcon-512,verify,41921,0.041921,3.85,256,897,752,958,liboqs,validator
Falcon-512,verify,50403,0.050403,3.84,256,897,752,959,liboqs,validator
Falcon-512,verify,43444,0.043444,3.85,256,897,752,960,liboqs,validator
Falcon-512,verify,45797,0.045797,3.84,256,897,752,961,liboqs,validator
Falcon-512,verify,40244,0.040244,3.84,256,897,752,962,liboqs,validator
Falcon-512,verify,40237,0.040237,3.84,256,897,752,963,liboqs,validator
Falcon-512,verify,40541,0.040541,3.84,256,897,752,964,liboqs,validator
Falcon-512,verify,45613,0.045613,3.84,256,897,752,965,liboqs,validator
Falcon-512,verify,40931,0.040931,3.84,256,897,752,966,liboqs,validator
Falcon-512,verify,40655,0.040655,3.84,256,897,752,967,liboqs,validator
Falcon-512,verify,40600,0.0406,3.84,256,897,752,968,liboqs,validator
Falcon-512,verify,45698,0.045698,3.84,256,897,752,969,liboqs,validator
Falcon-512,verify,42902,0.042902,3.84,256,897,752,970,liboqs,validator
Falcon-512,verify,41368,0.041368,3.84,256,897,752,971,liboqs,validator
Falcon-512,verify,41212,0.041212,3.84,256,897,752,972,liboqs,validator
Falcon-512,verify,40374,0.040374,3.84,256,897,752,973,liboqs,validator
Falcon-512,verify,40275,0.040275,3.84,256,897,752,974,liboqs,validator
Falcon-512,verify,42565,0.042565,3.84,256,897,752,975,liboqs,validator
Falcon-512,verify,41007,0.041007,3.84,256,897,752,976,liboqs,validator
Falcon-512,verify,41471,0.041471,3.84,256,897,752,977,liboqs,validator
Falcon-512,verify,41603,0.041603,3.84,256,897,752,978,liboqs,validator
Falcon-512,verify,41310,0.04131,3.84,256,897,752,979,liboqs,validator
Falcon-512,verify,46036,0.046036,3.84,256,897,752,980,liboqs,validator
Falcon-512,verify,41394,0.041394,3.84,256,897,752,981,liboqs,validator
Falcon-512,verify,40954,0.040954,3.84,256,897,752,982,liboqs,validator
Falcon-512,verify,40580,0.04058,3.84,256,897,752,983,liboqs,validator
Falcon-512,verify,41029,0.041029,3.84,256,897,752,984,liboqs,validator
Falcon-512,verify,40718,0.040718,3.84,256,897,752,985,liboqs,validator
Falcon-512,verify,48334,0.048334,3.84,256,897,752,986,liboqs,validator
Falcon-512,verify,41331,0.041331,3.84,256,897,752,987,liboqs,validator
Falcon-512,verify,41675,0.041675,3.84,256,897,752,988,liboqs,validator
Falcon-512,verify,40485,0.040485,3.84,256,897,752,989,liboqs,validator
Falcon-512,verify,45120,0.04512,3.84,256,897,752,990,liboqs,validator
Falcon-512,verify,40831,0.040831,3.84,256,897,752,991,liboqs,validator
Falcon-512,verify,46994,0.046994,3.84,256,897,752,992,liboqs,validator
Falcon-512,verify,41637,0.041637,3.84,256,897,752,993,liboqs,validator
Falcon-512,verify,41188,0.041188,3.84,256,897,752,994,liboqs,validator
Falcon-512,verify,40686,0.040686,3.84,256,897,752,995,liboqs,validator
Falcon-512,verify,64102,0.064102,6.23,256,897,752,996,liboqs,validator
Falcon-512,verify,42317,0.042317,3.84,256,897,752,997,liboqs,validator
Falcon-512,verify,41068,0.041068,3.84,256,897,752,998,liboqs,validator
Falcon-512,verify,49430,0.04943,3.84,256,897,752,999,liboqs,validator
ECDSA,keygen,206018,0.206018,0.5,0,64,0,0,liboqs,validator
ECDSA,keygen,217648,0.217648,0.5,0,64,0,1,liboqs,validator
ECDSA,keygen,197414,0.197414,0.5,0,64,0,2,liboqs,validator
ECDSA,keygen,198005,0.198005,1.08,0,64,0,3,liboqs,validator
ECDSA,keygen,196062,0.196062,0.5,0,64,0,4,liboqs,validator
ECDSA,keygen,194075,0.194075,0.5,0,64,0,5,liboqs,validator
ECDSA,keygen,194605,0.194605,0.5,0,64,0,6,liboqs,validator
ECDSA,keygen,208180,0.20818,0.5,0,64,0,7,liboqs,validator
ECDSA,keygen,203604,0.203604,0.5,0,64,0,8,liboqs,validator
ECDSA,keygen,196377,0.196377,0.5,0,64,0,9,liboqs,validator
ECDSA,keygen,194725,0.194725,0.5,0,64,0,10,liboqs,validator
ECDSA,keygen,195084,0.195084,0.5,0,64,0,11,liboqs,validator
ECDSA,keygen,195099,0.195099,0.5,0,64,0,12,liboqs,validator
ECDSA,keygen,194040,0.19404,0.5,0,64,0,13,liboqs,validator
ECDSA,keygen,194883,0.194883,0.5,0,64,0,14,liboqs,validator
ECDSA,keygen,193938,0.193938,0.5,0,64,0,15,liboqs,validator
ECDSA,keygen,208378,0.208378,0.5,0,64,0,16,liboqs,validator
ECDSA,keygen,195413,0.195413,0.5,0,64,0,17,liboqs,validator
ECDSA,keygen,195045,0.195045,0.5,0,64,0,18,liboqs,validator
ECDSA,keygen,202731,0.202731,0.5,0,64,0,19,liboqs,validator
ECDSA,keygen,197030,0.19703,0.5,0,64,0,20,liboqs,validator
ECDSA,keygen,201649,0.201649,0.5,0,64,0,21,liboqs,validator
ECDSA,keygen,217023,0.217023,0.5,0,64,0,22,liboqs,validator
ECDSA,keygen,204000,0.204,0.5,0,64,0,23,liboqs,validator
ECDSA,keygen,202150,0.20215,0.5,0,64,0,24,liboqs,validator
ECDSA,keygen,215443,0.215443,0.5,0,64,0,25,liboqs,validator
ECDSA,keygen,201970,0.20197,0.5,0,64,0,26,liboqs,validator
ECDSA,keygen,204555,0.204555,0.5,0,64,0,27,liboqs,validator
ECDSA,keygen,199451,0.199451,0.5,0,64,0,28,liboqs,validator
ECDSA,keygen,198477,0.198477,0.5,0,64,0,29,liboqs,validator
ECDSA,keygen,199180,0.19918,0.5,0,64,0,30,liboqs,validator
ECDSA,keygen,196821,0.196821,0.5,0,64,0,31,liboqs,validator
ECDSA,keygen,195789,0.195789,0.5,0,64,0,32,liboqs,validator
ECDSA,keygen,213261,0.213261,0.5,0,64,0,33,liboqs,validator
ECDSA,keygen,197139,0.197139,0.5,0,64,0,34,liboqs,validator
ECDSA,keygen,205156,0.205156,0.5,0,64,0,35,liboqs,validator
ECDSA,keygen,196998,0.196998,0.5,0,64,0,36,liboqs,validator
ECDSA,keygen,195359,0.195359,0.5,0,64,0,37,liboqs,validator
ECDSA,keygen,194815,0.194815,0.5,0,64,0,38,liboqs,validator
ECDSA,keygen,195105,0.195105,0.5,0,64,0,39,liboqs,validator
ECDSA,keygen,194730,0.19473,0.5,0,64,0,40,liboqs,validator
ECDSA,keygen,243557,0.243557,0.5,0,64,0,41,liboqs,validator
ECDSA,keygen,199964,0.199964,0.5,0,64,0,42,liboqs,validator
ECDSA,keygen,198771,0.198771,0.5,0,64,0,43,liboqs,validator
ECDSA,keygen,194496,0.194496,0.5,0,64,0,44,liboqs,validator
ECDSA,keygen,210439,0.210439,0.5,0,64,0,45,liboqs,validator
ECDSA,keygen,197537,0.197537,0.5,0,64,0,46,liboqs,validator
ECDSA,keygen,195075,0.195075,0.5,0,64,0,47,liboqs,validator
ECDSA,keygen,194916,0.194916,0.5,0,64,0,48,liboqs,validator
ECDSA,keygen,195310,0.19531,0.5,0,64,0,49,liboqs,validator
ECDSA,keygen,207732,0.207732,0.5,0,64,0,50,liboqs,validator
ECDSA,keygen,197088,0.197088,0.5,0,64,0,51,liboqs,validator
ECDSA,keygen,197341,0.197341,0.5,0,64,0,52,liboqs,validator
ECDSA,keygen,194593,0.194593,0.5,0,64,0,53,liboqs,validator
ECDSA,keygen,203282,0.203282,0.5,0,64,0,54,liboqs,validator
ECDSA,keygen,196268,0.196268,0.5,0,64,0,55,liboqs,validator
ECDSA,keygen,194183,0.194183,0.5,0,64,0,56,liboqs,validator
ECDSA,keygen,193923,0.193923,0.5,0,64,0,57,liboqs,validator
ECDSA,keygen,194783,0.194783,0.5,0,64,0,58,liboqs,validator
ECDSA,keygen,195266,0.195266,0.5,0,64,0,59,liboqs,validator
ECDSA,keygen,201880,0.20188,0.5,0,64,0,60,liboqs,validator
ECDSA,keygen,194021,0.194021,0.5,0,64,0,61,liboqs,validator
ECDSA,keygen,209190,0.20919,0.5,0,64,0,62,liboqs,validator
ECDSA,keygen,197968,0.197968,0.5,0,64,0,63,liboqs,validator
ECDSA,keygen,193679,0.193679,0.5,0,64,0,64,liboqs,validator
ECDSA,keygen,193982,0.193982,0.5,0,64,0,65,liboqs,validator
ECDSA,keygen,193569,0.193569,0.5,0,64,0,66,liboqs,validator
ECDSA,keygen,194538,0.194538,0.5,0,64,0,67,liboqs,validator
ECDSA,keygen,194207,0.194207,0.5,0,64,0,68,liboqs,validator
ECDSA,keygen,193681,0.193681,0.5,0,64,0,69,liboqs,validator
ECDSA,keygen,271202,0.271202,0.5,0,64,0,70,liboqs,validator
ECDSA,keygen,222820,0.22282,0.5,0,64,0,71,liboqs,validator
ECDSA,keygen,197571,0.197571,0.5,0,64,0,72,liboqs,validator
ECDSA,keygen,194404,0.194404,0.5,0,64,0,73,liboqs,validator
ECDSA,keygen,194882,0.194882,0.5,0,64,0,74,liboqs,validator
ECDSA,keygen,194141,0.194141,0.5,0,64,0,75,liboqs,validator
ECDSA,keygen,194897,0.194897,0.5,0,64,0,76,liboqs,validator
ECDSA,keygen,194536,0.194536,0.5,0,64,0,77,liboqs,validator
ECDSA,keygen,195211,0.195211,0.5,0,64,0,78,liboqs,validator
ECDSA,keygen,208282,0.208282,0.5,0,64,0,79,liboqs,validator
ECDSA,keygen,207570,0.20757,0.5,0,64,0,80,liboqs,validator
ECDSA,keygen,205438,0.205438,0.5,0,64,0,81,liboqs,validator
ECDSA,keygen,195872,0.195872,0.5,0,64,0,82,liboqs,validator
ECDSA,keygen,199449,0.199449,0.5,0,64,0,83,liboqs,validator
ECDSA,keygen,194021,0.194021,0.5,0,64,0,84,liboqs,validator
ECDSA,keygen,193016,0.193016,0.5,0,64,0,85,liboqs,validator
ECDSA,keygen,192764,0.192764,0.5,0,64,0,86,liboqs,validator
ECDSA,keygen,193379,0.193379,0.5,0,64,0,87,liboqs,validator
ECDSA,keygen,194018,0.194018,0.5,0,64,0,88,liboqs,validator
ECDSA,keygen,206401,0.206401,0.5,0,64,0,89,liboqs,validator
ECDSA,keygen,195338,0.195338,0.5,0,64,0,90,liboqs,validator
ECDSA,keygen,193609,0.193609,0.5,0,64,0,91,liboqs,validator
ECDSA,keygen,193507,0.193507,0.5,0,64,0,92,liboqs,validator
ECDSA,keygen,194006,0.194006,0.5,0,64,0,93,liboqs,validator
ECDSA,keygen,198890,0.19889,0.5,0,64,0,94,liboqs,validator
ECDSA,keygen,193688,0.193688,0.5,0,64,0,95,liboqs,validator
ECDSA,keygen,193475,0.193475,0.5,0,64,0,96,liboqs,validator
ECDSA,keygen,204284,0.204284,0.5,0,64,0,97,liboqs,validator
ECDSA,keygen,195780,0.19578,0.5,0,64,0,98,liboqs,validator
ECDSA,keygen,193023,0.193023,0.5,0,64,0,99,liboqs,validator
ECDSA,keygen,199961,0.199961,0.5,0,64,0,100,liboqs,validator
ECDSA,keygen,194933,0.194933,0.5,0,64,0,101,liboqs,validator
ECDSA,keygen,194649,0.194649,0.5,0,64,0,102,liboqs,validator
ECDSA,keygen,194055,0.194055,0.5,0,64,0,103,liboqs,validator
ECDSA,keygen,195159,0.195159,0.5,0,64,0,104,liboqs,validator
ECDSA,keygen,195123,0.195123,0.5,0,64,0,105,liboqs,validator
ECDSA,keygen,194967,0.194967,0.5,0,64,0,106,liboqs,validator
ECDSA,keygen,203126,0.203126,0.5,0,64,0,107,liboqs,validator
ECDSA,keygen,202080,0.20208,0.5,0,64,0,108,liboqs,validator
ECDSA,keygen,216962,0.216962,0.5,0,64,0,109,liboqs,validator
ECDSA,keygen,201385,0.201385,0.5,0,64,0,110,liboqs,validator
ECDSA,keygen,198329,0.198329,0.5,0,64,0,111,liboqs,validator
ECDSA,keygen,206522,0.206522,0.5,0,64,0,112,liboqs,validator
ECDSA,keygen,197535,0.197535,0.5,0,64,0,113,liboqs,validator
ECDSA,keygen,194970,0.19497,0.5,0,64,0,114,liboqs,validator
ECDSA,keygen,196778,0.196778,0.5,0,64,0,115,liboqs,validator
ECDSA,keygen,210343,0.210343,0.5,0,64,0,116,liboqs,validator
ECDSA,keygen,202385,0.202385,0.5,0,64,0,117,liboqs,validator
ECDSA,keygen,201850,0.20185,0.5,0,64,0,118,liboqs,validator
ECDSA,keygen,204205,0.204205,0.5,0,64,0,119,liboqs,validator
ECDSA,keygen,206860,0.20686,0.5,0,64,0,120,liboqs,validator
ECDSA,keygen,200903,0.200903,0.5,0,64,0,121,liboqs,validator
ECDSA,keygen,201118,0.201118,0.5,0,64,0,122,liboqs,validator
ECDSA,keygen,200362,0.200362,0.5,0,64,0,123,liboqs,validator
ECDSA,keygen,210085,0.210085,0.5,0,64,0,124,liboqs,validator
ECDSA,keygen,203067,0.203067,0.5,0,64,0,125,liboqs,validator
ECDSA,keygen,198543,0.198543,0.5,0,64,0,126,liboqs,validator
ECDSA,keygen,197217,0.197217,0.5,0,64,0,127,liboqs,validator
ECDSA,keygen,198124,0.198124,0.5,0,64,0,128,liboqs,validator
ECDSA,keygen,200262,0.200262,0.5,0,64,0,129,liboqs,validator
ECDSA,keygen,196989,0.196989,0.5,0,64,0,130,liboqs,validator
ECDSA,keygen,195619,0.195619,0.5,0,64,0,131,liboqs,validator
ECDSA,keygen,194191,0.194191,0.5,0,64,0,132,liboqs,validator
ECDSA,keygen,206714,0.206714,0.5,0,64,0,133,liboqs,validator
ECDSA,keygen,198363,0.198363,0.5,0,64,0,134,liboqs,validator
ECDSA,keygen,201109,0.201109,0.5,0,64,0,135,liboqs,validator
ECDSA,keygen,196132,0.196132,0.5,0,64,0,136,liboqs,validator
ECDSA,keygen,198018,0.198018,0.5,0,64,0,137,liboqs,validator
ECDSA,keygen,196087,0.196087,0.5,0,64,0,138,liboqs,validator
ECDSA,keygen,196607,0.196607,0.5,0,64,0,139,liboqs,validator
ECDSA,keygen,204340,0.20434,0.5,0,64,0,140,liboqs,validator
ECDSA,keygen,195186,0.195186,0.5,0,64,0,141,liboqs,validator
ECDSA,keygen,215963,0.215963,0.5,0,64,0,142,liboqs,validator
ECDSA,keygen,198210,0.19821,0.5,0,64,0,143,liboqs,validator
ECDSA,keygen,197438,0.197438,0.5,0,64,0,144,liboqs,validator
ECDSA,keygen,194849,0.194849,0.5,0,64,0,145,liboqs,validator
ECDSA,keygen,195871,0.195871,0.5,0,64,0,146,liboqs,validator
ECDSA,keygen,195560,0.19556,0.5,0,64,0,147,liboqs,validator
ECDSA,keygen,195449,0.195449,0.5,0,64,0,148,liboqs,validator
ECDSA,keygen,198794,0.198794,0.5,0,64,0,149,liboqs,validator
ECDSA,keygen,276731,0.276731,0.5,0,64,0,150,liboqs,validator
ECDSA,keygen,217137,0.217137,0.5,0,64,0,151,liboqs,validator
ECDSA,keygen,198614,0.198614,0.5,0,64,0,152,liboqs,validator
ECDSA,keygen,195671,0.195671,0.5,0,64,0,153,liboqs,validator
ECDSA,keygen,194042,0.194042,0.5,0,64,0,154,liboqs,validator
ECDSA,keygen,195613,0.195613,0.5,0,64,0,155,liboqs,validator
ECDSA,keygen,202452,0.202452,0.5,0,64,0,156,liboqs,validator
ECDSA,keygen,193762,0.193762,0.5,0,64,0,157,liboqs,validator
ECDSA,keygen,208604,0.208604,0.5,0,64,0,158,liboqs,validator
ECDSA,keygen,209980,0.20998,0.5,0,64,0,159,liboqs,validator
ECDSA,keygen,194363,0.194363,0.5,0,64,0,160,liboqs,validator
ECDSA,keygen,194303,0.194303,0.5,0,64,0,161,liboqs,validator
ECDSA,keygen,195520,0.19552,0.5,0,64,0,162,liboqs,validator
ECDSA,keygen,193961,0.193961,0.5,0,64,0,163,liboqs,validator
ECDSA,keygen,194272,0.194272,0.5,0,64,0,164,liboqs,validator
ECDSA,keygen,194048,0.194048,0.5,0,64,0,165,liboqs,validator
ECDSA,keygen,194198,0.194198,0.5,0,64,0,166,liboqs,validator
ECDSA,keygen,194149,0.194149,0.5,0,64,0,167,liboqs,validator
ECDSA,keygen,205554,0.205554,0.5,0,64,0,168,liboqs,validator
ECDSA,keygen,274925,0.274925,0.5,0,64,0,169,liboqs,validator
ECDSA,keygen,197464,0.197464,0.5,0,64,0,170,liboqs,validator
ECDSA,keygen,194390,0.19439,0.5,0,64,0,171,liboqs,validator
ECDSA,keygen,203463,0.203463,0.5,0,64,0,172,liboqs,validator
ECDSA,keygen,200470,0.20047,0.5,0,64,0,173,liboqs,validator
ECDSA,keygen,194808,0.194808,0.5,0,64,0,174,liboqs,validator
ECDSA,keygen,194473,0.194473,0.5,0,64,0,175,liboqs,validator
ECDSA,keygen,204253,0.204253,0.5,0,64,0,176,liboqs,validator
ECDSA,keygen,199093,0.199093,0.5,0,64,0,177,liboqs,validator
ECDSA,keygen,194894,0.194894,0.5,0,64,0,178,liboqs,validator
ECDSA,keygen,201907,0.201907,0.5,0,64,0,179,liboqs,validator
ECDSA,keygen,195544,0.195544,0.5,0,64,0,180,liboqs,validator
ECDSA,keygen,194382,0.194382,0.5,0,64,0,181,liboqs,validator
ECDSA,keygen,195230,0.19523,0.5,0,64,0,182,liboqs,validator
ECDSA,keygen,194698,0.194698,0.5,0,64,0,183,liboqs,validator
ECDSA,keygen,194271,0.194271,0.5,0,64,0,184,liboqs,validator
ECDSA,keygen,193946,0.193946,0.5,0,64,0,185,liboqs,validator
ECDSA,keygen,193182,0.193182,0.5,0,64,0,186,liboqs,validator
ECDSA,keygen,218860,0.21886,0.5,0,64,0,187,liboqs,validator
ECDSA,keygen,195716,0.195716,0.5,0,64,0,188,liboqs,validator
ECDSA,keygen,195240,0.19524,0.5,0,64,0,189,liboqs,validator
ECDSA,keygen,196121,0.196121,0.5,0,64,0,190,liboqs,validator
ECDSA,keygen,194103,0.194103,0.5,0,64,0,191,liboqs,validator
ECDSA,keygen,194109,0.194109,0.5,0,64,0,192,liboqs,validator
ECDSA,keygen,193459,0.193459,0.5,0,64,0,193,liboqs,validator
ECDSA,keygen,193647,0.193647,0.5,0,64,0,194,liboqs,validator
ECDSA,keygen,197144,0.197144,0.5,0,64,0,195,liboqs,validator
ECDSA,keygen,195011,0.195011,0.5,0,64,0,196,liboqs,validator
ECDSA,keygen,207081,0.207081,0.5,0,64,0,197,liboqs,validator
ECDSA,keygen,198533,0.198533,0.5,0,64,0,198,liboqs,validator
ECDSA,keygen,206334,0.206334,0.5,0,64,0,199,liboqs,validator
ECDSA,keygen,195228,0.195228,0.5,0,64,0,200,liboqs,validator
ECDSA,keygen,197461,0.197461,0.5,0,64,0,201,liboqs,validator
ECDSA,keygen,198068,0.198068,0.5,0,64,0,202,liboqs,validator
ECDSA,keygen,194941,0.194941,0.5,0,64,0,203,liboqs,validator
ECDSA,keygen,193650,0.19365,0.5,0,64,0,204,liboqs,validator
ECDSA,keygen,210976,0.210976,0.5,0,64,0,205,liboqs,validator
ECDSA,keygen,205751,0.205751,0.5,0,64,0,206,liboqs,validator
ECDSA,keygen,199974,0.199974,0.5,0,64,0,207,liboqs,validator
ECDSA,keygen,195158,0.195158,0.5,0,64,0,208,liboqs,validator
ECDSA,keygen,197053,0.197053,0.5,0,64,0,209,liboqs,validator
ECDSA,keygen,196405,0.196405,0.5,0,64,0,210,liboqs,validator
ECDSA,keygen,211264,0.211264,0.5,0,64,0,211,liboqs,validator
ECDSA,keygen,197636,0.197636,0.5,0,64,0,212,liboqs,validator
ECDSA,keygen,194735,0.194735,0.5,0,64,0,213,liboqs,validator
ECDSA,keygen,195811,0.195811,0.5,0,64,0,214,liboqs,validator
ECDSA,keygen,194165,0.194165,0.5,0,64,0,215,liboqs,validator
ECDSA,keygen,204509,0.204509,0.5,0,64,0,216,liboqs,validator
ECDSA,keygen,198925,0.198925,0.5,0,64,0,217,liboqs,validator
ECDSA,keygen,196141,0.196141,0.5,0,64,0,218,liboqs,validator
ECDSA,keygen,202472,0.202472,0.5,0,64,0,219,liboqs,validator
ECDSA,keygen,194749,0.194749,0.5,0,64,0,220,liboqs,validator
ECDSA,keygen,193460,0.19346,0.5,0,64,0,221,liboqs,validator
ECDSA,keygen,194647,0.194647,0.5,0,64,0,222,liboqs,validator
ECDSA,keygen,194060,0.19406,0.5,0,64,0,223,liboqs,validator
ECDSA,keygen,194938,0.194938,0.5,0,64,0,224,liboqs,validator
ECDSA,keygen,206604,0.206604,0.5,0,64,0,225,liboqs,validator
ECDSA,keygen,199673,0.199673,0.5,0,64,0,226,liboqs,validator
ECDSA,keygen,200272,0.200272,0.5,0,64,0,227,liboqs,validator
ECDSA,keygen,198839,0.198839,0.5,0,64,0,228,liboqs,validator
ECDSA,keygen,198128,0.198128,0.5,0,64,0,229,liboqs,validator
ECDSA,keygen,197391,0.197391,0.5,0,64,0,230,liboqs,validator
ECDSA,keygen,197455,0.197455,0.5,0,64,0,231,liboqs,validator
ECDSA,keygen,199687,0.199687,0.5,0,64,0,232,liboqs,validator
ECDSA,keygen,200764,0.200764,0.5,0,64,0,233,liboqs,validator
ECDSA,keygen,196612,0.196612,0.5,0,64,0,234,liboqs,validator
ECDSA,keygen,209864,0.209864,0.5,0,64,0,235,liboqs,validator
ECDSA,keygen,201502,0.201502,0.5,0,64,0,236,liboqs,validator
ECDSA,keygen,199423,0.199423,0.5,0,64,0,237,liboqs,validator
ECDSA,keygen,223335,0.223335,0.5,0,64,0,238,liboqs,validator
ECDSA,keygen,203948,0.203948,0.5,0,64,0,239,liboqs,validator
ECDSA,keygen,204487,0.204487,0.5,0,64,0,240,liboqs,validator
ECDSA,keygen,199624,0.199624,0.5,0,64,0,241,liboqs,validator
ECDSA,keygen,197729,0.197729,0.5,0,64,0,242,liboqs,validator
ECDSA,keygen,209985,0.209985,0.5,0,64,0,243,liboqs,validator
ECDSA,keygen,202654,0.202654,0.5,0,64,0,244,liboqs,validator
ECDSA,keygen,197411,0.197411,0.5,0,64,0,245,liboqs,validator
ECDSA,keygen,199417,0.199417,0.5,0,64,0,246,liboqs,validator
ECDSA,keygen,196307,0.196307,0.5,0,64,0,247,liboqs,validator
ECDSA,keygen,196501,0.196501,0.5,0,64,0,248,liboqs,validator
ECDSA,keygen,217063,0.217063,0.5,0,64,0,249,liboqs,validator
ECDSA,keygen,200267,0.200267,0.5,0,64,0,250,liboqs,validator
ECDSA,keygen,197214,0.197214,0.5,0,64,0,251,liboqs,validator
ECDSA,keygen,211636,0.211636,0.5,0,64,0,252,liboqs,validator
ECDSA,keygen,198943,0.198943,0.5,0,64,0,253,liboqs,validator
ECDSA,keygen,197683,0.197683,0.5,0,64,0,254,liboqs,validator
ECDSA,keygen,194854,0.194854,0.5,0,64,0,255,liboqs,validator
ECDSA,keygen,194841,0.194841,0.5,0,64,0,256,liboqs,validator
ECDSA,keygen,195846,0.195846,0.5,0,64,0,257,liboqs,validator
ECDSA,keygen,207207,0.207207,0.5,0,64,0,258,liboqs,validator
ECDSA,keygen,196831,0.196831,0.5,0,64,0,259,liboqs,validator
ECDSA,keygen,199676,0.199676,0.5,0,64,0,260,liboqs,validator
ECDSA,keygen,198018,0.198018,0.5,0,64,0,261,liboqs,validator
ECDSA,keygen,207664,0.207664,0.5,0,64,0,262,liboqs,validator
ECDSA,keygen,199029,0.199029,0.5,0,64,0,263,liboqs,validator
ECDSA,keygen,195981,0.195981,0.5,0,64,0,264,liboqs,validator
ECDSA,keygen,195113,0.195113,0.5,0,64,0,265,liboqs,validator
ECDSA,keygen,194342,0.194342,0.5,0,64,0,266,liboqs,validator
ECDSA,keygen,195393,0.195393,0.5,0,64,0,267,liboqs,validator
ECDSA,keygen,303064,0.303064,0.5,0,64,0,268,liboqs,validator
ECDSA,keygen,216998,0.216998,0.5,0,64,0,269,liboqs,validator
ECDSA,keygen,199765,0.199765,0.5,0,64,0,270,liboqs,validator
ECDSA,keygen,195744,0.195744,0.5,0,64,0,271,liboqs,validator
ECDSA,keygen,195466,0.195466,0.5,0,64,0,272,liboqs,validator
ECDSA,keygen,195126,0.195126,0.5,0,64,0,273,liboqs,validator
ECDSA,keygen,202497,0.202497,0.5,0,64,0,274,liboqs,validator
ECDSA,keygen,197320,0.19732,0.5,0,64,0,275,liboqs,validator
ECDSA,keygen,195442,0.195442,0.5,0,64,0,276,liboqs,validator
ECDSA,keygen,223305,0.223305,0.5,0,64,0,277,liboqs,validator
ECDSA,keygen,220968,0.220968,0.5,0,64,0,278,liboqs,validator
ECDSA,keygen,200769,0.200769,0.5,0,64,0,279,liboqs,validator
ECDSA,keygen,195458,0.195458,0.5,0,64,0,280,liboqs,validator
ECDSA,keygen,212901,0.212901,0.5,0,64,0,281,liboqs,validator
ECDSA,keygen,196702,0.196702,0.5,0,64,0,282,liboqs,validator
ECDSA,keygen,194980,0.19498,0.5,0,64,0,283,liboqs,validator
ECDSA,keygen,195193,0.195193,0.5,0,64,0,284,liboqs,validator
ECDSA,keygen,195020,0.19502,0.5,0,64,0,285,liboqs,validator
ECDSA,keygen,205317,0.205317,0.5,0,64,0,286,liboqs,validator
ECDSA,keygen,197702,0.197702,0.5,0,64,0,287,liboqs,validator
ECDSA,keygen,195290,0.19529,0.5,0,64,0,288,liboqs,validator
ECDSA,keygen,194346,0.194346,0.5,0,64,0,289,liboqs,validator
ECDSA,keygen,194999,0.194999,0.5,0,64,0,290,liboqs,validator
ECDSA,keygen,195108,0.195108,0.5,0,64,0,291,liboqs,validator
ECDSA,keygen,208346,0.208346,0.5,0,64,0,292,liboqs,validator
ECDSA,keygen,197334,0.197334,0.5,0,64,0,293,liboqs,validator
ECDSA,keygen,195995,0.195995,0.5,0,64,0,294,liboqs,validator
ECDSA,keygen,219237,0.219237,0.5,0,64,0,295,liboqs,validator
ECDSA,keygen,198218,0.198218,0.5,0,64,0,296,liboqs,validator
ECDSA,keygen,219636,0.219636,0.5,0,64,0,297,liboqs,validator
ECDSA,keygen,202039,0.202039,0.5,0,64,0,298,liboqs,validator
ECDSA,keygen,198591,0.198591,0.5,0,64,0,299,liboqs,validator
ECDSA,keygen,196228,0.196228,0.5,0,64,0,300,liboqs,validator
ECDSA,keygen,195689,0.195689,0.5,0,64,0,301,liboqs,validator
ECDSA,keygen,196557,0.196557,0.5,0,64,0,302,liboqs,validator
ECDSA,keygen,199030,0.19903,0.5,0,64,0,303,liboqs,validator
ECDSA,keygen,210550,0.21055,0.5,0,64,0,304,liboqs,validator
ECDSA,keygen,199676,0.199676,0.5,0,64,0,305,liboqs,validator
ECDSA,keygen,197318,0.197318,0.5,0,64,0,306,liboqs,validator
ECDSA,keygen,197063,0.197063,0.5,0,64,0,307,liboqs,validator
ECDSA,keygen,197043,0.197043,0.5,0,64,0,308,liboqs,validator
ECDSA,keygen,200151,0.200151,0.5,0,64,0,309,liboqs,validator
ECDSA,keygen,196553,0.196553,0.5,0,64,0,310,liboqs,validator
ECDSA,keygen,195612,0.195612,0.5,0,64,0,311,liboqs,validator
ECDSA,keygen,195758,0.195758,0.5,0,64,0,312,liboqs,validator
ECDSA,keygen,194971,0.194971,0.5,0,64,0,313,liboqs,validator
ECDSA,keygen,208288,0.208288,0.5,0,64,0,314,liboqs,validator
ECDSA,keygen,197421,0.197421,0.5,0,64,0,315,liboqs,validator
ECDSA,keygen,212519,0.212519,0.5,0,64,0,316,liboqs,validator
ECDSA,keygen,218890,0.21889,0.5,0,64,0,317,liboqs,validator
ECDSA,keygen,199506,0.199506,0.5,0,64,0,318,liboqs,validator
ECDSA,keygen,205746,0.205746,0.5,0,64,0,319,liboqs,validator
ECDSA,keygen,197692,0.197692,0.5,0,64,0,320,liboqs,validator
ECDSA,keygen,194774,0.194774,0.5,0,64,0,321,liboqs,validator
ECDSA,keygen,195208,0.195208,0.5,0,64,0,322,liboqs,validator
ECDSA,keygen,205180,0.20518,0.5,0,64,0,323,liboqs,validator
ECDSA,keygen,196965,0.196965,0.5,0,64,0,324,liboqs,validator
ECDSA,keygen,195786,0.195786,0.5,0,64,0,325,liboqs,validator
ECDSA,keygen,195214,0.195214,0.5,0,64,0,326,liboqs,validator
ECDSA,keygen,194867,0.194867,0.5,0,64,0,327,liboqs,validator
ECDSA,keygen,195394,0.195394,0.5,0,64,0,328,liboqs,validator
ECDSA,keygen,194903,0.194903,0.5,0,64,0,329,liboqs,validator
ECDSA,keygen,198306,0.198306,0.5,0,64,0,330,liboqs,validator
ECDSA,keygen,195688,0.195688,0.5,0,64,0,331,liboqs,validator
ECDSA,keygen,196932,0.196932,0.5,0,64,0,332,liboqs,validator
ECDSA,keygen,202899,0.202899,0.5,0,64,0,333,liboqs,validator
ECDSA,keygen,201260,0.20126,0.5,0,64,0,334,liboqs,validator
ECDSA,keygen,194047,0.194047,0.5,0,64,0,335,liboqs,validator
ECDSA,keygen,194588,0.194588,0.5,0,64,0,336,liboqs,validator
ECDSA,keygen,219349,0.219349,0.5,0,64,0,337,liboqs,validator
ECDSA,keygen,202009,0.202009,0.5,0,64,0,338,liboqs,validator
ECDSA,keygen,194271,0.194271,0.5,0,64,0,339,liboqs,validator
ECDSA,keygen,193933,0.193933,0.5,0,64,0,340,liboqs,validator
ECDSA,keygen,193299,0.193299,0.5,0,64,0,341,liboqs,validator
ECDSA,keygen,206617,0.206617,0.5,0,64,0,342,liboqs,validator
ECDSA,keygen,195229,0.195229,0.5,0,64,0,343,liboqs,validator
ECDSA,keygen,194339,0.194339,0.5,0,64,0,344,liboqs,validator
ECDSA,keygen,195672,0.195672,0.5,0,64,0,345,liboqs,validator
ECDSA,keygen,196109,0.196109,0.5,0,64,0,346,liboqs,validator
ECDSA,keygen,206076,0.206076,0.5,0,64,0,347,liboqs,validator
ECDSA,keygen,197611,0.197611,0.5,0,64,0,348,liboqs,validator
ECDSA,keygen,194189,0.194189,0.5,0,64,0,349,liboqs,validator
ECDSA,keygen,195373,0.195373,0.5,0,64,0,350,liboqs,validator
ECDSA,keygen,193733,0.193733,0.5,0,64,0,351,liboqs,validator
ECDSA,keygen,204010,0.20401,0.5,0,64,0,352,liboqs,validator
ECDSA,keygen,201023,0.201023,0.5,0,64,0,353,liboqs,validator
ECDSA,keygen,193895,0.193895,0.5,0,64,0,354,liboqs,validator
ECDSA,keygen,193864,0.193864,0.5,0,64,0,355,liboqs,validator
ECDSA,keygen,193628,0.193628,0.5,0,64,0,356,liboqs,validator
ECDSA,keygen,220656,0.220656,0.5,0,64,0,357,liboqs,validator
ECDSA,keygen,196022,0.196022,0.5,0,64,0,358,liboqs,validator
ECDSA,keygen,194301,0.194301,0.5,0,64,0,359,liboqs,validator
ECDSA,keygen,193660,0.19366,0.5,0,64,0,360,liboqs,validator
ECDSA,keygen,205809,0.205809,0.5,0,64,0,361,liboqs,validator
ECDSA,keygen,197152,0.197152,0.5,0,64,0,362,liboqs,validator
ECDSA,keygen,193913,0.193913,0.5,0,64,0,363,liboqs,validator
ECDSA,keygen,193714,0.193714,0.5,0,64,0,364,liboqs,validator
ECDSA,keygen,194038,0.194038,0.5,0,64,0,365,liboqs,validator
ECDSA,keygen,193580,0.19358,0.5,0,64,0,366,liboqs,validator
ECDSA,keygen,201033,0.201033,0.5,0,64,0,367,liboqs,validator
ECDSA,keygen,194028,0.194028,0.5,0,64,0,368,liboqs,validator
ECDSA,keygen,193420,0.19342,0.5,0,64,0,369,liboqs,validator
ECDSA,keygen,193186,0.193186,0.5,0,64,0,370,liboqs,validator
ECDSA,keygen,206312,0.206312,0.5,0,64,0,371,liboqs,validator
ECDSA,keygen,195732,0.195732,0.5,0,64,0,372,liboqs,validator
ECDSA,keygen,194257,0.194257,0.5,0,64,0,373,liboqs,validator
ECDSA,keygen,193455,0.193455,0.5,0,64,0,374,liboqs,validator
ECDSA,keygen,193749,0.193749,0.5,0,64,0,375,liboqs,validator
ECDSA,keygen,193570,0.19357,0.5,0,64,0,376,liboqs,validator
ECDSA,keygen,211009,0.211009,0.5,0,64,0,377,liboqs,validator
ECDSA,keygen,331191,0.331191,0.5,0,64,0,378,liboqs,validator
ECDSA,keygen,217471,0.217471,0.5,0,64,0,379,liboqs,validator
ECDSA,keygen,200916,0.200916,0.5,0,64,0,380,liboqs,validator
ECDSA,keygen,212837,0.212837,0.5,0,64,0,381,liboqs,validator
ECDSA,keygen,200197,0.200197,0.5,0,64,0,382,liboqs,validator
ECDSA,keygen,195885,0.195885,0.5,0,64,0,383,liboqs,validator
ECDSA,keygen,195399,0.195399,0.5,0,64,0,384,liboqs,validator
ECDSA,keygen,202263,0.202263,0.5,0,64,0,385,liboqs,validator
ECDSA,keygen,207491,0.207491,0.5,0,64,0,386,liboqs,validator
ECDSA,keygen,197503,0.197503,0.5,0,64,0,387,liboqs,validator
ECDSA,keygen,207488,0.207488,0.5,0,64,0,388,liboqs,validator
ECDSA,keygen,290890,0.29089,0.5,0,64,0,389,liboqs,validator
ECDSA,keygen,238140,0.23814,0.5,0,64,0,390,liboqs,validator
ECDSA,keygen,200762,0.200762,0.5,0,64,0,391,liboqs,validator
ECDSA,keygen,194759,0.194759,0.5,0,64,0,392,liboqs,validator
ECDSA,keygen,194147,0.194147,0.5,0,64,0,393,liboqs,validator
ECDSA,keygen,195116,0.195116,0.5,0,64,0,394,liboqs,validator
ECDSA,keygen,365656,0.365656,0.5,0,64,0,395,liboqs,validator
ECDSA,keygen,211446,0.211446,0.5,0,64,0,396,liboqs,validator
ECDSA,keygen,196400,0.1964,0.5,0,64,0,397,liboqs,validator
ECDSA,keygen,193943,0.193943,0.5,0,64,0,398,liboqs,validator
ECDSA,keygen,199789,0.199789,0.5,0,64,0,399,liboqs,validator
ECDSA,keygen,193410,0.19341,0.5,0,64,0,400,liboqs,validator
ECDSA,keygen,196119,0.196119,0.5,0,64,0,401,liboqs,validator
ECDSA,keygen,197495,0.197495,0.5,0,64,0,402,liboqs,validator
ECDSA,keygen,205803,0.205803,0.5,0,64,0,403,liboqs,validator
ECDSA,keygen,200809,0.200809,0.5,0,64,0,404,liboqs,validator
ECDSA,keygen,194801,0.194801,0.5,0,64,0,405,liboqs,validator
ECDSA,keygen,192386,0.192386,0.5,0,64,0,406,liboqs,validator
ECDSA,keygen,193898,0.193898,0.5,0,64,0,407,liboqs,validator
ECDSA,keygen,195136,0.195136,0.5,0,64,0,408,liboqs,validator
ECDSA,keygen,194586,0.194586,0.5,0,64,0,409,liboqs,validator
ECDSA,keygen,194028,0.194028,0.5,0,64,0,410,liboqs,validator
ECDSA,keygen,194255,0.194255,0.5,0,64,0,411,liboqs,validator
ECDSA,keygen,193264,0.193264,0.5,0,64,0,412,liboqs,validator
ECDSA,keygen,194066,0.194066,0.5,0,64,0,413,liboqs,validator
ECDSA,keygen,213938,0.213938,0.5,0,64,0,414,liboqs,validator
ECDSA,keygen,196325,0.196325,0.5,0,64,0,415,liboqs,validator
ECDSA,keygen,193774,0.193774,0.5,0,64,0,416,liboqs,validator
ECDSA,keygen,195784,0.195784,0.5,0,64,0,417,liboqs,validator
ECDSA,keygen,193921,0.193921,0.5,0,64,0,418,liboqs,validator
ECDSA,keygen,193424,0.193424,0.5,0,64,0,419,liboqs,validator
ECDSA,keygen,195030,0.19503,0.5,0,64,0,420,liboqs,validator
ECDSA,keygen,193775,0.193775,0.5,0,64,0,421,liboqs,validator
ECDSA,keygen,207920,0.20792,0.5,0,64,0,422,liboqs,validator
ECDSA,keygen,195472,0.195472,0.5,0,64,0,423,liboqs,validator
ECDSA,keygen,193793,0.193793,0.5,0,64,0,424,liboqs,validator
ECDSA,keygen,192868,0.192868,0.5,0,64,0,425,liboqs,validator
ECDSA,keygen,194779,0.194779,0.5,0,64,0,426,liboqs,validator
ECDSA,keygen,193597,0.193597,0.5,0,64,0,427,liboqs,validator
ECDSA,keygen,194167,0.194167,0.5,0,64,0,428,liboqs,validator
ECDSA,keygen,193913,0.193913,0.5,0,64,0,429,liboqs,validator
ECDSA,keygen,213684,0.213684,0.5,0,64,0,430,liboqs,validator
ECDSA,keygen,205700,0.2057,0.5,0,64,0,431,liboqs,validator
ECDSA,keygen,196734,0.196734,0.5,0,64,0,432,liboqs,validator
ECDSA,keygen,195386,0.195386,0.5,0,64,0,433,liboqs,validator
ECDSA,keygen,199990,0.19999,0.5,0,64,0,434,liboqs,validator
ECDSA,keygen,195468,0.195468,0.5,0,64,0,435,liboqs,validator
ECDSA,keygen,193532,0.193532,0.5,0,64,0,436,liboqs,validator
ECDSA,keygen,193778,0.193778,0.5,0,64,0,437,liboqs,validator
ECDSA,keygen,195001,0.195001,0.5,0,64,0,438,liboqs,validator
ECDSA,keygen,193969,0.193969,0.5,0,64,0,439,liboqs,validator
ECDSA,keygen,204526,0.204526,0.5,0,64,0,440,liboqs,validator
ECDSA,keygen,196323,0.196323,0.5,0,64,0,441,liboqs,validator
ECDSA,keygen,193912,0.193912,0.5,0,64,0,442,liboqs,validator
ECDSA,keygen,193484,0.193484,0.5,0,64,0,443,liboqs,validator
ECDSA,keygen,194104,0.194104,0.5,0,64,0,444,liboqs,validator
ECDSA,keygen,193813,0.193813,0.5,0,64,0,445,liboqs,validator
ECDSA,keygen,193928,0.193928,0.5,0,64,0,446,liboqs,validator
ECDSA,keygen,192893,0.192893,0.5,0,64,0,447,liboqs,validator
ECDSA,keygen,192826,0.192826,0.5,0,64,0,448,liboqs,validator
ECDSA,keygen,203144,0.203144,0.5,0,64,0,449,liboqs,validator
ECDSA,keygen,197329,0.197329,0.5,0,64,0,450,liboqs,validator
ECDSA,keygen,194180,0.19418,0.5,0,64,0,451,liboqs,validator
ECDSA,keygen,193254,0.193254,0.5,0,64,0,452,liboqs,validator
ECDSA,keygen,195174,0.195174,0.5,0,64,0,453,liboqs,validator
ECDSA,keygen,217927,0.217927,0.5,0,64,0,454,liboqs,validator
ECDSA,keygen,196996,0.196996,0.5,0,64,0,455,liboqs,validator
ECDSA,keygen,200371,0.200371,0.5,0,64,0,456,liboqs,validator
ECDSA,keygen,209103,0.209103,0.5,0,64,0,457,liboqs,validator
ECDSA,keygen,196992,0.196992,0.5,0,64,0,458,liboqs,validator
ECDSA,keygen,193879,0.193879,0.5,0,64,0,459,liboqs,validator
ECDSA,keygen,195470,0.19547,0.5,0,64,0,460,liboqs,validator
ECDSA,keygen,194151,0.194151,0.5,0,64,0,461,liboqs,validator
ECDSA,keygen,194031,0.194031,0.5,0,64,0,462,liboqs,validator
ECDSA,keygen,194932,0.194932,0.5,0,64,0,463,liboqs,validator
ECDSA,keygen,194284,0.194284,0.5,0,64,0,464,liboqs,validator
ECDSA,keygen,193918,0.193918,0.5,0,64,0,465,liboqs,validator
ECDSA,keygen,196223,0.196223,0.5,0,64,0,466,liboqs,validator
ECDSA,keygen,203119,0.203119,0.5,0,64,0,467,liboqs,validator
ECDSA,keygen,212763,0.212763,0.5,0,64,0,468,liboqs,validator
ECDSA,keygen,197075,0.197075,0.5,0,64,0,469,liboqs,validator
ECDSA,keygen,194744,0.194744,0.5,0,64,0,470,liboqs,validator
ECDSA,keygen,193826,0.193826,0.5,0,64,0,471,liboqs,validator
ECDSA,keygen,193451,0.193451,0.5,0,64,0,472,liboqs,validator
ECDSA,keygen,198773,0.198773,0.5,0,64,0,473,liboqs,validator
ECDSA,keygen,201505,0.201505,0.5,0,64,0,474,liboqs,validator
ECDSA,keygen,193931,0.193931,0.5,0,64,0,475,liboqs,validator
ECDSA,keygen,194430,0.19443,0.5,0,64,0,476,liboqs,validator
ECDSA,keygen,208222,0.208222,0.5,0,64,0,477,liboqs,validator
ECDSA,keygen,200983,0.200983,0.5,0,64,0,478,liboqs,validator
ECDSA,keygen,196163,0.196163,0.5,0,64,0,479,liboqs,validator
ECDSA,keygen,193543,0.193543,0.5,0,64,0,480,liboqs,validator
ECDSA,keygen,194547,0.194547,0.5,0,64,0,481,liboqs,validator
ECDSA,keygen,206364,0.206364,0.5,0,64,0,482,liboqs,validator
ECDSA,keygen,197163,0.197163,0.5,0,64,0,483,liboqs,validator
ECDSA,keygen,194680,0.19468,0.5,0,64,0,484,liboqs,validator
ECDSA,keygen,193943,0.193943,0.5,0,64,0,485,liboqs,validator
ECDSA,keygen,194655,0.194655,0.5,0,64,0,486,liboqs,validator
ECDSA,keygen,200393,0.200393,0.5,0,64,0,487,liboqs,validator
ECDSA,keygen,204420,0.20442,0.5,0,64,0,488,liboqs,validator
ECDSA,keygen,195917,0.195917,0.5,0,64,0,489,liboqs,validator
ECDSA,keygen,199327,0.199327,0.5,0,64,0,490,liboqs,validator
ECDSA,keygen,195604,0.195604,0.5,0,64,0,491,liboqs,validator
ECDSA,keygen,194755,0.194755,0.5,0,64,0,492,liboqs,validator
ECDSA,keygen,194059,0.194059,0.5,0,64,0,493,liboqs,validator
ECDSA,keygen,203696,0.203696,0.5,0,64,0,494,liboqs,validator
ECDSA,keygen,194404,0.194404,0.5,0,64,0,495,liboqs,validator
ECDSA,keygen,205784,0.205784,0.5,0,64,0,496,liboqs,validator
ECDSA,keygen,197383,0.197383,0.5,0,64,0,497,liboqs,validator
ECDSA,keygen,194423,0.194423,0.5,0,64,0,498,liboqs,validator
ECDSA,keygen,193716,0.193716,0.5,0,64,0,499,liboqs,validator
ECDSA,keygen,195375,0.195375,0.5,0,64,0,500,liboqs,validator
ECDSA,keygen,195654,0.195654,0.5,0,64,0,501,liboqs,validator
ECDSA,keygen,196679,0.196679,0.5,0,64,0,502,liboqs,validator
ECDSA,keygen,197960,0.19796,0.5,0,64,0,503,liboqs,validator
ECDSA,keygen,196227,0.196227,0.5,0,64,0,504,liboqs,validator
ECDSA,keygen,206829,0.206829,0.5,0,64,0,505,liboqs,validator
ECDSA,keygen,197259,0.197259,0.5,0,64,0,506,liboqs,validator
ECDSA,keygen,193849,0.193849,0.5,0,64,0,507,liboqs,validator
ECDSA,keygen,194638,0.194638,0.5,0,64,0,508,liboqs,validator
ECDSA,keygen,196869,0.196869,0.5,0,64,0,509,liboqs,validator
ECDSA,keygen,203505,0.203505,0.5,0,64,0,510,liboqs,validator
ECDSA,keygen,195377,0.195377,0.5,0,64,0,511,liboqs,validator
ECDSA,keygen,193725,0.193725,0.5,0,64,0,512,liboqs,validator
ECDSA,keygen,193814,0.193814,0.5,0,64,0,513,liboqs,validator
ECDSA,keygen,200230,0.20023,0.5,0,64,0,514,liboqs,validator
ECDSA,keygen,206318,0.206318,0.5,0,64,0,515,liboqs,validator
ECDSA,keygen,200375,0.200375,0.5,0,64,0,516,liboqs,validator
ECDSA,keygen,193877,0.193877,0.5,0,64,0,517,liboqs,validator
ECDSA,keygen,194023,0.194023,0.5,0,64,0,518,liboqs,validator
ECDSA,keygen,193722,0.193722,0.5,0,64,0,519,liboqs,validator
ECDSA,keygen,194627,0.194627,0.5,0,64,0,520,liboqs,validator
ECDSA,keygen,195130,0.19513,0.5,0,64,0,521,liboqs,validator
ECDSA,keygen,193975,0.193975,0.5,0,64,0,522,liboqs,validator
ECDSA,keygen,193476,0.193476,0.5,0,64,0,523,liboqs,validator
ECDSA,keygen,205147,0.205147,0.5,0,64,0,524,liboqs,validator
ECDSA,keygen,196280,0.19628,0.5,0,64,0,525,liboqs,validator
ECDSA,keygen,195758,0.195758,0.5,0,64,0,526,liboqs,validator
ECDSA,keygen,196014,0.196014,0.5,0,64,0,527,liboqs,validator
ECDSA,keygen,194964,0.194964,0.5,0,64,0,528,liboqs,validator
ECDSA,keygen,196910,0.19691,0.5,0,64,0,529,liboqs,validator
ECDSA,keygen,194557,0.194557,0.5,0,64,0,530,liboqs,validator
ECDSA,keygen,195992,0.195992,0.5,0,64,0,531,liboqs,validator
ECDSA,keygen,208460,0.20846,0.5,0,64,0,532,liboqs,validator
ECDSA,keygen,210943,0.210943,0.5,0,64,0,533,liboqs,validator
ECDSA,keygen,208683,0.208683,0.5,0,64,0,534,liboqs,validator
ECDSA,keygen,198979,0.198979,0.5,0,64,0,535,liboqs,validator
ECDSA,keygen,214873,0.214873,0.5,0,64,0,536,liboqs,validator
ECDSA,keygen,199756,0.199756,0.5,0,64,0,537,liboqs,validator
ECDSA,keygen,197044,0.197044,0.5,0,64,0,538,liboqs,validator
ECDSA,keygen,196048,0.196048,0.5,0,64,0,539,liboqs,validator
ECDSA,keygen,196420,0.19642,0.5,0,64,0,540,liboqs,validator
ECDSA,keygen,196286,0.196286,0.5,0,64,0,541,liboqs,validator
ECDSA,keygen,214194,0.214194,0.5,0,64,0,542,liboqs,validator
ECDSA,keygen,199423,0.199423,0.5,0,64,0,543,liboqs,validator
ECDSA,keygen,195032,0.195032,0.5,0,64,0,544,liboqs,validator
ECDSA,keygen,195288,0.195288,0.5,0,64,0,545,liboqs,validator
ECDSA,keygen,195486,0.195486,0.5,0,64,0,546,liboqs,validator
ECDSA,keygen,195668,0.195668,0.5,0,64,0,547,liboqs,validator
ECDSA,keygen,195859,0.195859,0.5,0,64,0,548,liboqs,validator
ECDSA,keygen,193864,0.193864,0.5,0,64,0,549,liboqs,validator
ECDSA,keygen,271743,0.271743,0.5,0,64,0,550,liboqs,validator
ECDSA,keygen,218142,0.218142,0.5,0,64,0,551,liboqs,validator
ECDSA,keygen,206439,0.206439,0.5,0,64,0,552,liboqs,validator
ECDSA,keygen,197194,0.197194,0.5,0,64,0,553,liboqs,validator
ECDSA,keygen,229657,0.229657,0.5,0,64,0,554,liboqs,validator
ECDSA,keygen,197842,0.197842,0.5,0,64,0,555,liboqs,validator
ECDSA,keygen,196121,0.196121,0.5,0,64,0,556,liboqs,validator
ECDSA,keygen,195007,0.195007,0.5,0,64,0,557,liboqs,validator
ECDSA,keygen,210761,0.210761,0.5,0,64,0,558,liboqs,validator
ECDSA,keygen,197930,0.19793,0.5,0,64,0,559,liboqs,validator
ECDSA,keygen,197719,0.197719,0.5,0,64,0,560,liboqs,validator
ECDSA,keygen,206140,0.20614,0.5,0,64,0,561,liboqs,validator
ECDSA,keygen,198242,0.198242,0.5,0,64,0,562,liboqs,validator
ECDSA,keygen,196558,0.196558,0.5,0,64,0,563,liboqs,validator
ECDSA,keygen,244116,0.244116,0.5,0,64,0,564,liboqs,validator
ECDSA,keygen,211363,0.211363,0.5,0,64,0,565,liboqs,validator
ECDSA,keygen,199396,0.199396,0.5,0,64,0,566,liboqs,validator
ECDSA,keygen,195213,0.195213,0.5,0,64,0,567,liboqs,validator
ECDSA,keygen,194278,0.194278,0.5,0,64,0,568,liboqs,validator
ECDSA,keygen,237758,0.237758,0.5,0,64,0,569,liboqs,validator
ECDSA,keygen,212091,0.212091,0.5,0,64,0,570,liboqs,validator
ECDSA,keygen,199194,0.199194,0.5,0,64,0,571,liboqs,validator
ECDSA,keygen,206114,0.206114,0.5,0,64,0,572,liboqs,validator
ECDSA,keygen,222072,0.222072,0.5,0,64,0,573,liboqs,validator
ECDSA,keygen,197467,0.197467,0.5,0,64,0,574,liboqs,validator
ECDSA,keygen,198793,0.198793,0.5,0,64,0,575,liboqs,validator
ECDSA,keygen,196229,0.196229,0.5,0,64,0,576,liboqs,validator
ECDSA,keygen,206039,0.206039,0.5,0,64,0,577,liboqs,validator
ECDSA,keygen,200054,0.200054,0.5,0,64,0,578,liboqs,validator
ECDSA,keygen,197718,0.197718,0.5,0,64,0,579,liboqs,validator
ECDSA,keygen,196276,0.196276,0.5,0,64,0,580,liboqs,validator
ECDSA,keygen,195016,0.195016,0.5,0,64,0,581,liboqs,validator
ECDSA,keygen,196491,0.196491,0.5,0,64,0,582,liboqs,validator
ECDSA,keygen,194661,0.194661,0.5,0,64,0,583,liboqs,validator
ECDSA,keygen,194396,0.194396,0.5,0,64,0,584,liboqs,validator
ECDSA,keygen,195793,0.195793,0.5,0,64,0,585,liboqs,validator
ECDSA,keygen,195440,0.19544,0.5,0,64,0,586,liboqs,validator
ECDSA,keygen,195585,0.195585,0.5,0,64,0,587,liboqs,validator
ECDSA,keygen,207079,0.207079,0.5,0,64,0,588,liboqs,validator
ECDSA,keygen,213788,0.213788,0.5,0,64,0,589,liboqs,validator
ECDSA,keygen,199333,0.199333,0.5,0,64,0,590,liboqs,validator
ECDSA,keygen,196452,0.196452,0.5,0,64,0,591,liboqs,validator
ECDSA,keygen,195294,0.195294,0.5,0,64,0,592,liboqs,validator
ECDSA,keygen,218967,0.218967,0.5,0,64,0,593,liboqs,validator
ECDSA,keygen,199131,0.199131,0.5,0,64,0,594,liboqs,validator
ECDSA,keygen,208631,0.208631,0.5,0,64,0,595,liboqs,validator
ECDSA,keygen,213543,0.213543,0.5,0,64,0,596,liboqs,validator
ECDSA,keygen,197657,0.197657,0.5,0,64,0,597,liboqs,validator
ECDSA,keygen,196454,0.196454,0.5,0,64,0,598,liboqs,validator
ECDSA,keygen,195526,0.195526,0.5,0,64,0,599,liboqs,validator
ECDSA,keygen,198370,0.19837,0.5,0,64,0,600,liboqs,validator
ECDSA,keygen,196302,0.196302,0.5,0,64,0,601,liboqs,validator
ECDSA,keygen,197014,0.197014,0.5,0,64,0,602,liboqs,validator
ECDSA,keygen,198399,0.198399,0.5,0,64,0,603,liboqs,validator
ECDSA,keygen,195538,0.195538,0.5,0,64,0,604,liboqs,validator
ECDSA,keygen,196294,0.196294,0.5,0,64,0,605,liboqs,validator
ECDSA,keygen,207485,0.207485,0.5,0,64,0,606,liboqs,validator
ECDSA,keygen,198438,0.198438,0.5,0,64,0,607,liboqs,validator
ECDSA,keygen,196032,0.196032,0.5,0,64,0,608,liboqs,validator
ECDSA,keygen,196070,0.19607,0.5,0,64,0,609,liboqs,validator
ECDSA,keygen,200832,0.200832,0.5,0,64,0,610,liboqs,validator
ECDSA,keygen,204012,0.204012,0.5,0,64,0,611,liboqs,validator
ECDSA,keygen,212743,0.212743,0.5,0,64,0,612,liboqs,validator
ECDSA,keygen,202709,0.202709,0.5,0,64,0,613,liboqs,validator
ECDSA,keygen,219030,0.21903,0.5,0,64,0,614,liboqs,validator
ECDSA,keygen,200231,0.200231,0.5,0,64,0,615,liboqs,validator
ECDSA,keygen,211942,0.211942,0.5,0,64,0,616,liboqs,validator
ECDSA,keygen,202587,0.202587,0.5,0,64,0,617,liboqs,validator
ECDSA,keygen,200626,0.200626,0.5,0,64,0,618,liboqs,validator
ECDSA,keygen,198506,0.198506,0.5,0,64,0,619,liboqs,validator
ECDSA,keygen,200925,0.200925,0.5,0,64,0,620,liboqs,validator
ECDSA,keygen,199705,0.199705,0.5,0,64,0,621,liboqs,validator
ECDSA,keygen,198606,0.198606,0.5,0,64,0,622,liboqs,validator
ECDSA,keygen,199384,0.199384,0.5,0,64,0,623,liboqs,validator
ECDSA,keygen,210088,0.210088,0.5,0,64,0,624,liboqs,validator
ECDSA,keygen,201468,0.201468,0.5,0,64,0,625,liboqs,validator
ECDSA,keygen,199173,0.199173,0.5,0,64,0,626,liboqs,validator
ECDSA,keygen,200938,0.200938,0.5,0,64,0,627,liboqs,validator
ECDSA,keygen,201319,0.201319,0.5,0,64,0,628,liboqs,validator
ECDSA,keygen,201013,0.201013,0.5,0,64,0,629,liboqs,validator
ECDSA,keygen,214555,0.214555,0.5,0,64,0,630,liboqs,validator
ECDSA,keygen,203414,0.203414,0.5,0,64,0,631,liboqs,validator
ECDSA,keygen,204062,0.204062,0.5,0,64,0,632,liboqs,validator
ECDSA,keygen,208651,0.208651,0.5,0,64,0,633,liboqs,validator
ECDSA,keygen,198479,0.198479,0.5,0,64,0,634,liboqs,validator
ECDSA,keygen,196544,0.196544,0.5,0,64,0,635,liboqs,validator
ECDSA,keygen,197517,0.197517,0.5,0,64,0,636,liboqs,validator
ECDSA,keygen,196524,0.196524,0.5,0,64,0,637,liboqs,validator
ECDSA,keygen,213734,0.213734,0.5,0,64,0,638,liboqs,validator
ECDSA,keygen,425912,0.425912,0.5,0,64,0,639,liboqs,validator
ECDSA,keygen,330926,0.330926,0.5,0,64,0,640,liboqs,validator
ECDSA,keygen,212472,0.212472,0.5,0,64,0,641,liboqs,validator
ECDSA,keygen,200024,0.200024,0.5,0,64,0,642,liboqs,validator
ECDSA,keygen,206347,0.206347,0.5,0,64,0,643,liboqs,validator
ECDSA,keygen,291273,0.291273,0.5,0,64,0,644,liboqs,validator
ECDSA,keygen,353825,0.353825,0.5,0,64,0,645,liboqs,validator
ECDSA,keygen,211237,0.211237,0.5,0,64,0,646,liboqs,validator
ECDSA,keygen,197839,0.197839,0.5,0,64,0,647,liboqs,validator
ECDSA,keygen,211060,0.21106,0.5,0,64,0,648,liboqs,validator
ECDSA,keygen,198772,0.198772,0.5,0,64,0,649,liboqs,validator
ECDSA,keygen,193426,0.193426,0.5,0,64,0,650,liboqs,validator
ECDSA,keygen,194326,0.194326,0.5,0,64,0,651,liboqs,validator
ECDSA,keygen,194870,0.19487,0.5,0,64,0,652,liboqs,validator
ECDSA,keygen,208316,0.208316,0.5,0,64,0,653,liboqs,validator
ECDSA,keygen,197838,0.197838,0.5,0,64,0,654,liboqs,validator
ECDSA,keygen,194632,0.194632,0.5,0,64,0,655,liboqs,validator
ECDSA,keygen,193972,0.193972,0.5,0,64,0,656,liboqs,validator
ECDSA,keygen,197059,0.197059,0.5,0,64,0,657,liboqs,validator
ECDSA,keygen,194048,0.194048,0.5,0,64,0,658,liboqs,validator
ECDSA,keygen,194771,0.194771,0.5,0,64,0,659,liboqs,validator
ECDSA,keygen,195883,0.195883,0.5,0,64,0,660,liboqs,validator
ECDSA,keygen,194130,0.19413,0.5,0,64,0,661,liboqs,validator
ECDSA,keygen,204810,0.20481,0.5,0,64,0,662,liboqs,validator
ECDSA,keygen,205571,0.205571,0.5,0,64,0,663,liboqs,validator
ECDSA,keygen,196542,0.196542,0.5,0,64,0,664,liboqs,validator
ECDSA,keygen,194118,0.194118,0.5,0,64,0,665,liboqs,validator
ECDSA,keygen,195602,0.195602,0.5,0,64,0,666,liboqs,validator
ECDSA,keygen,195632,0.195632,0.5,0,64,0,667,liboqs,validator
ECDSA,keygen,200343,0.200343,0.5,0,64,0,668,liboqs,validator
ECDSA,keygen,194724,0.194724,0.5,0,64,0,669,liboqs,validator
ECDSA,keygen,194305,0.194305,0.5,0,64,0,670,liboqs,validator
ECDSA,keygen,205141,0.205141,0.5,0,64,0,671,liboqs,validator
ECDSA,keygen,196644,0.196644,0.5,0,64,0,672,liboqs,validator
ECDSA,keygen,196873,0.196873,0.5,0,64,0,673,liboqs,validator
ECDSA,keygen,195073,0.195073,0.5,0,64,0,674,liboqs,validator
ECDSA,keygen,196259,0.196259,0.5,0,64,0,675,liboqs,validator
ECDSA,keygen,195873,0.195873,0.5,0,64,0,676,liboqs,validator
ECDSA,keygen,195254,0.195254,0.5,0,64,0,677,liboqs,validator
ECDSA,keygen,196282,0.196282,0.5,0,64,0,678,liboqs,validator
ECDSA,keygen,207611,0.207611,0.5,0,64,0,679,liboqs,validator
ECDSA,keygen,196722,0.196722,0.5,0,64,0,680,liboqs,validator
ECDSA,keygen,196256,0.196256,0.5,0,64,0,681,liboqs,validator
ECDSA,keygen,197363,0.197363,0.5,0,64,0,682,liboqs,validator
ECDSA,keygen,196261,0.196261,0.5,0,64,0,683,liboqs,validator
ECDSA,keygen,195486,0.195486,0.5,0,64,0,684,liboqs,validator
ECDSA,keygen,198203,0.198203,0.5,0,64,0,685,liboqs,validator
ECDSA,keygen,206788,0.206788,0.5,0,64,0,686,liboqs,validator
ECDSA,keygen,197773,0.197773,0.5,0,64,0,687,liboqs,validator
ECDSA,keygen,212764,0.212764,0.5,0,64,0,688,liboqs,validator
ECDSA,keygen,197563,0.197563,0.5,0,64,0,689,liboqs,validator
ECDSA,keygen,194470,0.19447,0.5,0,64,0,690,liboqs,validator
ECDSA,keygen,193005,0.193005,0.5,0,64,0,691,liboqs,validator
ECDSA,keygen,194108,0.194108,0.5,0,64,0,692,liboqs,validator
ECDSA,keygen,196977,0.196977,0.5,0,64,0,693,liboqs,validator
ECDSA,keygen,194056,0.194056,0.5,0,64,0,694,liboqs,validator
ECDSA,keygen,192972,0.192972,0.5,0,64,0,695,liboqs,validator
ECDSA,keygen,204976,0.204976,0.5,0,64,0,696,liboqs,validator
ECDSA,keygen,197021,0.197021,0.5,0,64,0,697,liboqs,validator
ECDSA,keygen,205485,0.205485,0.5,0,64,0,698,liboqs,validator
ECDSA,keygen,197017,0.197017,0.5,0,64,0,699,liboqs,validator
ECDSA,keygen,194527,0.194527,0.5,0,64,0,700,liboqs,validator
ECDSA,keygen,195603,0.195603,0.5,0,64,0,701,liboqs,validator
ECDSA,keygen,194333,0.194333,0.5,0,64,0,702,liboqs,validator
ECDSA,keygen,193385,0.193385,0.5,0,64,0,703,liboqs,validator
ECDSA,keygen,194248,0.194248,0.5,0,64,0,704,liboqs,validator
ECDSA,keygen,193525,0.193525,0.5,0,64,0,705,liboqs,validator
ECDSA,keygen,208984,0.208984,0.5,0,64,0,706,liboqs,validator
ECDSA,keygen,194399,0.194399,0.5,0,64,0,707,liboqs,validator
ECDSA,keygen,211068,0.211068,0.5,0,64,0,708,liboqs,validator
ECDSA,keygen,196345,0.196345,0.5,0,64,0,709,liboqs,validator
ECDSA,keygen,194278,0.194278,0.5,0,64,0,710,liboqs,validator
ECDSA,keygen,193671,0.193671,0.5,0,64,0,711,liboqs,validator
ECDSA,keygen,193250,0.19325,0.5,0,64,0,712,liboqs,validator
ECDSA,keygen,195063,0.195063,0.5,0,64,0,713,liboqs,validator
ECDSA,keygen,196064,0.196064,0.5,0,64,0,714,liboqs,validator
ECDSA,keygen,194905,0.194905,0.5,0,64,0,715,liboqs,validator
ECDSA,keygen,193473,0.193473,0.5,0,64,0,716,liboqs,validator
ECDSA,keygen,193037,0.193037,0.5,0,64,0,717,liboqs,validator
ECDSA,keygen,205575,0.205575,0.5,0,64,0,718,liboqs,validator
ECDSA,keygen,197493,0.197493,0.5,0,64,0,719,liboqs,validator
ECDSA,keygen,194930,0.19493,0.5,0,64,0,720,liboqs,validator
ECDSA,keygen,195258,0.195258,0.5,0,64,0,721,liboqs,validator
ECDSA,keygen,194991,0.194991,0.5,0,64,0,722,liboqs,validator
ECDSA,keygen,194605,0.194605,0.5,0,64,0,723,liboqs,validator
ECDSA,keygen,193846,0.193846,0.5,0,64,0,724,liboqs,validator
ECDSA,keygen,193835,0.193835,0.5,0,64,0,725,liboqs,validator
ECDSA,keygen,194964,0.194964,0.5,0,64,0,726,liboqs,validator
ECDSA,keygen,193542,0.193542,0.5,0,64,0,727,liboqs,validator
ECDSA,keygen,209137,0.209137,0.5,0,64,0,728,liboqs,validator
ECDSA,keygen,199650,0.19965,0.5,0,64,0,729,liboqs,validator
ECDSA,keygen,212432,0.212432,0.5,0,64,0,730,liboqs,validator
ECDSA,keygen,198812,0.198812,0.5,0,64,0,731,liboqs,validator
ECDSA,keygen,194337,0.194337,0.5,0,64,0,732,liboqs,validator
ECDSA,keygen,194900,0.1949,0.5,0,64,0,733,liboqs,validator
ECDSA,keygen,193893,0.193893,0.5,0,64,0,734,liboqs,validator
ECDSA,keygen,194222,0.194222,0.5,0,64,0,735,liboqs,validator
ECDSA,keygen,193238,0.193238,0.5,0,64,0,736,liboqs,validator
ECDSA,keygen,195969,0.195969,0.5,0,64,0,737,liboqs,validator
ECDSA,keygen,204784,0.204784,0.5,0,64,0,738,liboqs,validator
ECDSA,keygen,205705,0.205705,0.5,0,64,0,739,liboqs,validator
ECDSA,keygen,194453,0.194453,0.5,0,64,0,740,liboqs,validator
ECDSA,keygen,193640,0.19364,0.5,0,64,0,741,liboqs,validator
ECDSA,keygen,195288,0.195288,0.5,0,64,0,742,liboqs,validator
ECDSA,keygen,195241,0.195241,0.5,0,64,0,743,liboqs,validator
ECDSA,keygen,193854,0.193854,0.5,0,64,0,744,liboqs,validator
ECDSA,keygen,194219,0.194219,0.5,0,64,0,745,liboqs,validator
ECDSA,keygen,193473,0.193473,0.5,0,64,0,746,liboqs,validator
ECDSA,keygen,206222,0.206222,0.5,0,64,0,747,liboqs,validator
ECDSA,keygen,196350,0.19635,0.5,0,64,0,748,liboqs,validator
ECDSA,keygen,220785,0.220785,0.5,0,64,0,749,liboqs,validator
ECDSA,keygen,197357,0.197357,0.5,0,64,0,750,liboqs,validator
ECDSA,keygen,194861,0.194861,0.5,0,64,0,751,liboqs,validator
ECDSA,keygen,194024,0.194024,0.5,0,64,0,752,liboqs,validator
ECDSA,keygen,193967,0.193967,0.5,0,64,0,753,liboqs,validator
ECDSA,keygen,193118,0.193118,0.5,0,64,0,754,liboqs,validator
ECDSA,keygen,194915,0.194915,0.5,0,64,0,755,liboqs,validator
ECDSA,keygen,205906,0.205906,0.5,0,64,0,756,liboqs,validator
ECDSA,keygen,197753,0.197753,0.5,0,64,0,757,liboqs,validator
ECDSA,keygen,194682,0.194682,0.5,0,64,0,758,liboqs,validator
ECDSA,keygen,193705,0.193705,0.5,0,64,0,759,liboqs,validator
ECDSA,keygen,276210,0.27621,0.5,0,64,0,760,liboqs,validator
ECDSA,keygen,199629,0.199629,0.5,0,64,0,761,liboqs,validator
ECDSA,keygen,195008,0.195008,0.5,0,64,0,762,liboqs,validator
ECDSA,keygen,193993,0.193993,0.5,0,64,0,763,liboqs,validator
ECDSA,keygen,297575,0.297575,0.5,0,64,0,764,liboqs,validator
ECDSA,keygen,222762,0.222762,0.5,0,64,0,765,liboqs,validator
ECDSA,keygen,199864,0.199864,0.5,0,64,0,766,liboqs,validator
ECDSA,keygen,197379,0.197379,0.5,0,64,0,767,liboqs,validator
ECDSA,keygen,210967,0.210967,0.5,0,64,0,768,liboqs,validator
ECDSA,keygen,195853,0.195853,0.5,0,64,0,769,liboqs,validator
ECDSA,keygen,200842,0.200842,0.5,0,64,0,770,liboqs,validator
ECDSA,keygen,196274,0.196274,0.5,0,64,0,771,liboqs,validator
ECDSA,keygen,194798,0.194798,0.5,0,64,0,772,liboqs,validator
ECDSA,keygen,207217,0.207217,0.5,0,64,0,773,liboqs,validator
ECDSA,keygen,197438,0.197438,0.5,0,64,0,774,liboqs,validator
ECDSA,keygen,198148,0.198148,0.5,0,64,0,775,liboqs,validator
ECDSA,keygen,195610,0.19561,0.5,0,64,0,776,liboqs,validator
ECDSA,keygen,195236,0.195236,0.5,0,64,0,777,liboqs,validator
ECDSA,keygen,196196,0.196196,0.5,0,64,0,778,liboqs,validator
ECDSA,keygen,194920,0.19492,0.5,0,64,0,779,liboqs,validator
ECDSA,keygen,195638,0.195638,0.5,0,64,0,780,liboqs,validator
ECDSA,keygen,207325,0.207325,0.5,0,64,0,781,liboqs,validator
ECDSA,keygen,212405,0.212405,0.5,0,64,0,782,liboqs,validator
ECDSA,keygen,196409,0.196409,0.5,0,64,0,783,liboqs,validator
ECDSA,keygen,198100,0.1981,0.5,0,64,0,784,liboqs,validator
ECDSA,keygen,196492,0.196492,0.5,0,64,0,785,liboqs,validator
ECDSA,keygen,195133,0.195133,0.5,0,64,0,786,liboqs,validator
ECDSA,keygen,204930,0.20493,0.5,0,64,0,787,liboqs,validator
ECDSA,keygen,198526,0.198526,0.5,0,64,0,788,liboqs,validator
ECDSA,keygen,206391,0.206391,0.5,0,64,0,789,liboqs,validator
ECDSA,keygen,210560,0.21056,0.5,0,64,0,790,liboqs,validator
ECDSA,keygen,197959,0.197959,0.5,0,64,0,791,liboqs,validator
ECDSA,keygen,196366,0.196366,0.5,0,64,0,792,liboqs,validator
ECDSA,keygen,194994,0.194994,0.5,0,64,0,793,liboqs,validator
ECDSA,keygen,194686,0.194686,0.5,0,64,0,794,liboqs,validator
ECDSA,keygen,194859,0.194859,0.5,0,64,0,795,liboqs,validator
ECDSA,keygen,194955,0.194955,0.5,0,64,0,796,liboqs,validator
ECDSA,keygen,195514,0.195514,0.5,0,64,0,797,liboqs,validator
ECDSA,keygen,194264,0.194264,0.5,0,64,0,798,liboqs,validator
ECDSA,keygen,196952,0.196952,0.5,0,64,0,799,liboqs,validator
ECDSA,keygen,206699,0.206699,0.5,0,64,0,800,liboqs,validator
ECDSA,keygen,197160,0.19716,0.5,0,64,0,801,liboqs,validator
ECDSA,keygen,194574,0.194574,0.5,0,64,0,802,liboqs,validator
ECDSA,keygen,196547,0.196547,0.5,0,64,0,803,liboqs,validator
ECDSA,keygen,195709,0.195709,0.5,0,64,0,804,liboqs,validator
ECDSA,keygen,212041,0.212041,0.5,0,64,0,805,liboqs,validator
ECDSA,keygen,200162,0.200162,0.5,0,64,0,806,liboqs,validator
ECDSA,keygen,204450,0.20445,0.5,0,64,0,807,liboqs,validator
ECDSA,keygen,207339,0.207339,0.5,0,64,0,808,liboqs,validator
ECDSA,keygen,203249,0.203249,0.5,0,64,0,809,liboqs,validator
ECDSA,keygen,196560,0.19656,0.5,0,64,0,810,liboqs,validator
ECDSA,keygen,195613,0.195613,0.5,0,64,0,811,liboqs,validator
ECDSA,keygen,195252,0.195252,0.5,0,64,0,812,liboqs,validator
ECDSA,keygen,196657,0.196657,0.5,0,64,0,813,liboqs,validator
ECDSA,keygen,194481,0.194481,0.5,0,64,0,814,liboqs,validator
ECDSA,keygen,195464,0.195464,0.5,0,64,0,815,liboqs,validator
ECDSA,keygen,194537,0.194537,0.5,0,64,0,816,liboqs,validator
ECDSA,keygen,194273,0.194273,0.5,0,64,0,817,liboqs,validator
ECDSA,keygen,194674,0.194674,0.5,0,64,0,818,liboqs,validator
ECDSA,keygen,207061,0.207061,0.5,0,64,0,819,liboqs,validator
ECDSA,keygen,198280,0.19828,0.5,0,64,0,820,liboqs,validator
ECDSA,keygen,195730,0.19573,0.5,0,64,0,821,liboqs,validator
ECDSA,keygen,194846,0.194846,0.5,0,64,0,822,liboqs,validator
ECDSA,keygen,195378,0.195378,0.5,0,64,0,823,liboqs,validator
ECDSA,keygen,195069,0.195069,0.5,0,64,0,824,liboqs,validator
ECDSA,keygen,198152,0.198152,0.5,0,64,0,825,liboqs,validator
ECDSA,keygen,208378,0.208378,0.5,0,64,0,826,liboqs,validator
ECDSA,keygen,202163,0.202163,0.5,0,64,0,827,liboqs,validator
ECDSA,keygen,197889,0.197889,0.5,0,64,0,828,liboqs,validator
ECDSA,keygen,215023,0.215023,0.5,0,64,0,829,liboqs,validator
ECDSA,keygen,195942,0.195942,0.5,0,64,0,830,liboqs,validator
ECDSA,keygen,193526,0.193526,0.5,0,64,0,831,liboqs,validator
ECDSA,keygen,193520,0.19352,0.5,0,64,0,832,liboqs,validator
ECDSA,keygen,193603,0.193603,0.5,0,64,0,833,liboqs,validator
ECDSA,keygen,194318,0.194318,0.5,0,64,0,834,liboqs,validator
ECDSA,keygen,194171,0.194171,0.5,0,64,0,835,liboqs,validator
ECDSA,keygen,193866,0.193866,0.5,0,64,0,836,liboqs,validator
ECDSA,keygen,193852,0.193852,0.5,0,64,0,837,liboqs,validator
ECDSA,keygen,194221,0.194221,0.5,0,64,0,838,liboqs,validator
ECDSA,keygen,205820,0.20582,0.5,0,64,0,839,liboqs,validator
ECDSA,keygen,239230,0.23923,0.5,0,64,0,840,liboqs,validator
ECDSA,keygen,249953,0.249953,0.5,0,64,0,841,liboqs,validator
ECDSA,keygen,214089,0.214089,0.5,0,64,0,842,liboqs,validator
ECDSA,keygen,204616,0.204616,0.5,0,64,0,843,liboqs,validator
ECDSA,keygen,226778,0.226778,0.5,0,64,0,844,liboqs,validator
ECDSA,keygen,208499,0.208499,0.5,0,64,0,845,liboqs,validator
ECDSA,keygen,200718,0.200718,0.5,0,64,0,846,liboqs,validator
ECDSA,keygen,208126,0.208126,0.5,0,64,0,847,liboqs,validator
ECDSA,keygen,200965,0.200965,0.5,0,64,0,848,liboqs,validator
ECDSA,keygen,195114,0.195114,0.5,0,64,0,849,liboqs,validator
ECDSA,keygen,195043,0.195043,0.5,0,64,0,850,liboqs,validator
ECDSA,keygen,196040,0.19604,0.5,0,64,0,851,liboqs,validator
ECDSA,keygen,210267,0.210267,0.5,0,64,0,852,liboqs,validator
ECDSA,keygen,200220,0.20022,0.5,0,64,0,853,liboqs,validator
ECDSA,keygen,214502,0.214502,0.5,0,64,0,854,liboqs,validator
ECDSA,keygen,199640,0.19964,0.5,0,64,0,855,liboqs,validator
ECDSA,keygen,201956,0.201956,0.5,0,64,0,856,liboqs,validator
ECDSA,keygen,196264,0.196264,0.5,0,64,0,857,liboqs,validator
ECDSA,keygen,195845,0.195845,0.5,0,64,0,858,liboqs,validator
ECDSA,keygen,196581,0.196581,0.5,0,64,0,859,liboqs,validator
ECDSA,keygen,195522,0.195522,0.5,0,64,0,860,liboqs,validator
ECDSA,keygen,201631,0.201631,0.5,0,64,0,861,liboqs,validator
ECDSA,keygen,213253,0.213253,0.5,0,64,0,862,liboqs,validator
ECDSA,keygen,197866,0.197866,0.5,0,64,0,863,liboqs,validator
ECDSA,keygen,196946,0.196946,0.5,0,64,0,864,liboqs,validator
ECDSA,keygen,211880,0.21188,0.5,0,64,0,865,liboqs,validator
ECDSA,keygen,204766,0.204766,0.5,0,64,0,866,liboqs,validator
ECDSA,keygen,198472,0.198472,0.5,0,64,0,867,liboqs,validator
ECDSA,keygen,196259,0.196259,0.5,0,64,0,868,liboqs,validator
ECDSA,keygen,199805,0.199805,0.5,0,64,0,869,liboqs,validator
ECDSA,keygen,199573,0.199573,0.5,0,64,0,870,liboqs,validator
ECDSA,keygen,198251,0.198251,0.5,0,64,0,871,liboqs,validator
ECDSA,keygen,215281,0.215281,0.5,0,64,0,872,liboqs,validator
ECDSA,keygen,205605,0.205605,0.53,0,64,0,873,liboqs,validator
ECDSA,keygen,200099,0.200099,0.5,0,64,0,874,liboqs,validator
ECDSA,keygen,201376,0.201376,0.5,0,64,0,875,liboqs,validator
ECDSA,keygen,198351,0.198351,0.5,0,64,0,876,liboqs,validator
ECDSA,keygen,198334,0.198334,0.5,0,64,0,877,liboqs,validator
ECDSA,keygen,196524,0.196524,0.5,0,64,0,878,liboqs,validator
ECDSA,keygen,196041,0.196041,0.5,0,64,0,879,liboqs,validator
ECDSA,keygen,196529,0.196529,0.5,0,64,0,880,liboqs,validator
ECDSA,keygen,197430,0.19743,0.5,0,64,0,881,liboqs,validator
ECDSA,keygen,217575,0.217575,0.5,0,64,0,882,liboqs,validator
ECDSA,keygen,198359,0.198359,0.5,0,64,0,883,liboqs,validator
ECDSA,keygen,198490,0.19849,0.5,0,64,0,884,liboqs,validator
ECDSA,keygen,197782,0.197782,0.5,0,64,0,885,liboqs,validator
ECDSA,keygen,204367,0.204367,0.5,0,64,0,886,liboqs,validator
ECDSA,keygen,197264,0.197264,0.5,0,64,0,887,liboqs,validator
ECDSA,keygen,195883,0.195883,0.5,0,64,0,888,liboqs,validator
ECDSA,keygen,195204,0.195204,0.5,0,64,0,889,liboqs,validator
ECDSA,keygen,195097,0.195097,0.5,0,64,0,890,liboqs,validator
ECDSA,keygen,195488,0.195488,0.5,0,64,0,891,liboqs,validator
ECDSA,keygen,208156,0.208156,0.5,0,64,0,892,liboqs,validator
ECDSA,keygen,201076,0.201076,0.5,0,64,0,893,liboqs,validator
ECDSA,keygen,196177,0.196177,0.5,0,64,0,894,liboqs,validator
ECDSA,keygen,195861,0.195861,0.5,0,64,0,895,liboqs,validator
ECDSA,keygen,195358,0.195358,0.5,0,64,0,896,liboqs,validator
ECDSA,keygen,196881,0.196881,0.5,0,64,0,897,liboqs,validator
ECDSA,keygen,195462,0.195462,0.5,0,64,0,898,liboqs,validator
ECDSA,keygen,206526,0.206526,0.5,0,64,0,899,liboqs,validator
ECDSA,keygen,197327,0.197327,0.5,0,64,0,900,liboqs,validator
ECDSA,keygen,195647,0.195647,0.5,0,64,0,901,liboqs,validator
ECDSA,keygen,207211,0.207211,0.5,0,64,0,902,liboqs,validator
ECDSA,keygen,197304,0.197304,0.5,0,64,0,903,liboqs,validator
ECDSA,keygen,195355,0.195355,0.5,0,64,0,904,liboqs,validator
ECDSA,keygen,196161,0.196161,0.5,0,64,0,905,liboqs,validator
ECDSA,keygen,274150,0.27415,0.5,0,64,0,906,liboqs,validator
ECDSA,keygen,199215,0.199215,0.5,0,64,0,907,liboqs,validator
ECDSA,keygen,195952,0.195952,0.5,0,64,0,908,liboqs,validator
ECDSA,keygen,195994,0.195994,0.5,0,64,0,909,liboqs,validator
ECDSA,keygen,208073,0.208073,0.5,0,64,0,910,liboqs,validator
ECDSA,keygen,198254,0.198254,0.5,0,64,0,911,liboqs,validator
ECDSA,keygen,201715,0.201715,0.5,0,64,0,912,liboqs,validator
ECDSA,keygen,196185,0.196185,0.5,0,64,0,913,liboqs,validator
ECDSA,keygen,194597,0.194597,0.5,0,64,0,914,liboqs,validator
ECDSA,keygen,194582,0.194582,0.5,0,64,0,915,liboqs,validator
ECDSA,keygen,200278,0.200278,0.5,0,64,0,916,liboqs,validator
ECDSA,keygen,201841,0.201841,0.5,0,64,0,917,liboqs,validator
ECDSA,keygen,199154,0.199154,0.5,0,64,0,918,liboqs,validator
ECDSA,keygen,207917,0.207917,0.5,0,64,0,919,liboqs,validator
ECDSA,keygen,198760,0.19876,0.5,0,64,0,920,liboqs,validator
ECDSA,keygen,196388,0.196388,0.5,0,64,0,921,liboqs,validator
ECDSA,keygen,195563,0.195563,0.5,0,64,0,922,liboqs,validator
ECDSA,keygen,197351,0.197351,0.5,0,64,0,923,liboqs,validator
ECDSA,keygen,196017,0.196017,0.5,0,64,0,924,liboqs,validator
ECDSA,keygen,205015,0.205015,0.5,0,64,0,925,liboqs,validator
ECDSA,keygen,201690,0.20169,0.5,0,64,0,926,liboqs,validator
ECDSA,keygen,209693,0.209693,0.5,0,64,0,927,liboqs,validator
ECDSA,keygen,200150,0.20015,0.5,0,64,0,928,liboqs,validator
ECDSA,keygen,198251,0.198251,0.5,0,64,0,929,liboqs,validator
ECDSA,keygen,201979,0.201979,0.5,0,64,0,930,liboqs,validator
ECDSA,keygen,196151,0.196151,0.5,0,64,0,931,liboqs,validator
ECDSA,keygen,195993,0.195993,0.5,0,64,0,932,liboqs,validator
ECDSA,keygen,197003,0.197003,0.5,0,64,0,933,liboqs,validator
ECDSA,keygen,197537,0.197537,0.5,0,64,0,934,liboqs,validator
ECDSA,keygen,196141,0.196141,0.5,0,64,0,935,liboqs,validator
ECDSA,keygen,218636,0.218636,0.5,0,64,0,936,liboqs,validator
ECDSA,keygen,199398,0.199398,0.5,0,64,0,937,liboqs,validator
ECDSA,keygen,196471,0.196471,0.5,0,64,0,938,liboqs,validator
ECDSA,keygen,230621,0.230621,0.5,0,64,0,939,liboqs,validator
ECDSA,keygen,203440,0.20344,0.5,0,64,0,940,liboqs,validator
ECDSA,keygen,199846,0.199846,0.5,0,64,0,941,liboqs,validator
ECDSA,keygen,203300,0.2033,0.5,0,64,0,942,liboqs,validator
ECDSA,keygen,194721,0.194721,0.5,0,64,0,943,liboqs,validator
ECDSA,keygen,194865,0.194865,0.5,0,64,0,944,liboqs,validator
ECDSA,keygen,201984,0.201984,0.5,0,64,0,945,liboqs,validator
ECDSA,keygen,207793,0.207793,0.5,0,64,0,946,liboqs,validator
ECDSA,keygen,195549,0.195549,0.5,0,64,0,947,liboqs,validator
ECDSA,keygen,197540,0.19754,0.5,0,64,0,948,liboqs,validator
ECDSA,keygen,193594,0.193594,0.5,0,64,0,949,liboqs,validator
ECDSA,keygen,195266,0.195266,0.5,0,64,0,950,liboqs,validator
ECDSA,keygen,193797,0.193797,0.5,0,64,0,951,liboqs,validator
ECDSA,keygen,193351,0.193351,0.5,0,64,0,952,liboqs,validator
ECDSA,keygen,195430,0.19543,0.5,0,64,0,953,liboqs,validator
ECDSA,keygen,194621,0.194621,0.5,0,64,0,954,liboqs,validator
ECDSA,keygen,194777,0.194777,0.5,0,64,0,955,liboqs,validator
ECDSA,keygen,206518,0.206518,0.5,0,64,0,956,liboqs,validator
ECDSA,keygen,198093,0.198093,0.5,0,64,0,957,liboqs,validator
ECDSA,keygen,195376,0.195376,0.5,0,64,0,958,liboqs,validator
ECDSA,keygen,193983,0.193983,0.5,0,64,0,959,liboqs,validator
ECDSA,keygen,195912,0.195912,0.5,0,64,0,960,liboqs,validator
ECDSA,keygen,194738,0.194738,0.5,0,64,0,961,liboqs,validator
ECDSA,keygen,194724,0.194724,0.5,0,64,0,962,liboqs,validator
ECDSA,keygen,193250,0.19325,0.5,0,64,0,963,liboqs,validator
ECDSA,keygen,204306,0.204306,0.5,0,64,0,964,liboqs,validator
ECDSA,keygen,203791,0.203791,0.5,0,64,0,965,liboqs,validator
ECDSA,keygen,198958,0.198958,0.5,0,64,0,966,liboqs,validator
ECDSA,keygen,193443,0.193443,0.5,0,64,0,967,liboqs,validator
ECDSA,keygen,193517,0.193517,0.5,0,64,0,968,liboqs,validator
ECDSA,keygen,203612,0.203612,0.5,0,64,0,969,liboqs,validator
ECDSA,keygen,195783,0.195783,0.5,0,64,0,970,liboqs,validator
ECDSA,keygen,193204,0.193204,0.5,0,64,0,971,liboqs,validator
ECDSA,keygen,195005,0.195005,0.5,0,64,0,972,liboqs,validator
ECDSA,keygen,197550,0.19755,0.5,0,64,0,973,liboqs,validator
ECDSA,keygen,203509,0.203509,0.5,0,64,0,974,liboqs,validator
ECDSA,keygen,198060,0.19806,0.5,0,64,0,975,liboqs,validator
ECDSA,keygen,196506,0.196506,0.5,0,64,0,976,liboqs,validator
ECDSA,keygen,195078,0.195078,0.5,0,64,0,977,liboqs,validator
ECDSA,keygen,194103,0.194103,0.5,0,64,0,978,liboqs,validator
ECDSA,keygen,193731,0.193731,0.5,0,64,0,979,liboqs,validator
ECDSA,keygen,193942,0.193942,0.5,0,64,0,980,liboqs,validator
ECDSA,keygen,194569,0.194569,0.5,0,64,0,981,liboqs,validator
ECDSA,keygen,194191,0.194191,0.5,0,64,0,982,liboqs,validator
ECDSA,keygen,207703,0.207703,0.5,0,64,0,983,liboqs,validator
ECDSA,keygen,197430,0.19743,0.5,0,64,0,984,liboqs,validator
ECDSA,keygen,199598,0.199598,0.5,0,64,0,985,liboqs,validator
ECDSA,keygen,195320,0.19532,0.5,0,64,0,986,liboqs,validator
ECDSA,keygen,193839,0.193839,0.5,0,64,0,987,liboqs,validator
ECDSA,keygen,194664,0.194664,0.5,0,64,0,988,liboqs,validator
ECDSA,keygen,193918,0.193918,0.5,0,64,0,989,liboqs,validator
ECDSA,keygen,194445,0.194445,0.5,0,64,0,990,liboqs,validator
ECDSA,keygen,192870,0.19287,0.5,0,64,0,991,liboqs,validator
ECDSA,keygen,195681,0.195681,0.5,0,64,0,992,liboqs,validator
ECDSA,keygen,205111,0.205111,0.5,0,64,0,993,liboqs,validator
ECDSA,keygen,196776,0.196776,0.5,0,64,0,994,liboqs,validator
ECDSA,keygen,196454,0.196454,0.5,0,64,0,995,liboqs,validator
ECDSA,keygen,194321,0.194321,0.5,0,64,0,996,liboqs,validator
ECDSA,keygen,195809,0.195809,0.5,0,64,0,997,liboqs,validator
ECDSA,keygen,192726,0.192726,0.5,0,64,0,998,liboqs,validator
ECDSA,keygen,194427,0.194427,0.5,0,64,0,999,liboqs,validator
ECDSA,sign,652642,0.652642,0.71,256,64,64,0,liboqs,validator
ECDSA,sign,602460,0.60246,0.71,256,64,64,1,liboqs,validator
ECDSA,sign,578158,0.578158,0.71,256,64,64,2,liboqs,validator
ECDSA,sign,572993,0.572993,0.71,256,64,64,3,liboqs,validator
ECDSA,sign,589382,0.589382,0.71,256,64,64,4,liboqs,validator
ECDSA,sign,578705,0.578705,0.71,256,64,64,5,liboqs,validator
ECDSA,sign,575663,0.575663,0.72,256,64,64,6,liboqs,validator
ECDSA,sign,588848,0.588848,0.72,256,64,64,7,liboqs,validator
ECDSA,sign,579816,0.579816,0.72,256,64,64,8,liboqs,validator
ECDSA,sign,578063,0.578063,0.72,256,64,64,9,liboqs,validator
ECDSA,sign,599620,0.59962,0.71,256,64,64,10,liboqs,validator
ECDSA,sign,579511,0.579511,0.72,256,64,64,11,liboqs,validator
ECDSA,sign,575186,0.575186,0.72,256,64,64,12,liboqs,validator
ECDSA,sign,582178,0.582178,0.72,256,64,64,13,liboqs,validator
ECDSA,sign,579183,0.579183,0.71,256,64,64,14,liboqs,validator
ECDSA,sign,582656,0.582656,0.71,256,64,64,15,liboqs,validator
ECDSA,sign,575582,0.575582,0.71,256,64,64,16,liboqs,validator
ECDSA,sign,589044,0.589044,0.71,256,64,64,17,liboqs,validator
ECDSA,sign,577964,0.577964,0.71,256,64,64,18,liboqs,validator
ECDSA,sign,574785,0.574785,0.72,256,64,64,19,liboqs,validator
ECDSA,sign,607889,0.607889,0.71,256,64,64,20,liboqs,validator
ECDSA,sign,576101,0.576101,0.72,256,64,64,21,liboqs,validator
ECDSA,sign,579130,0.57913,0.72,256,64,64,22,liboqs,validator
ECDSA,sign,582322,0.582322,0.72,256,64,64,23,liboqs,validator
ECDSA,sign,579734,0.579734,0.71,256,64,64,24,liboqs,validator
ECDSA,sign,605173,0.605173,0.72,256,64,64,25,liboqs,validator
ECDSA,sign,604782,0.604782,0.72,256,64,64,26,liboqs,validator
ECDSA,sign,580227,0.580227,0.72,256,64,64,27,liboqs,validator
ECDSA,sign,591591,0.591591,0.72,256,64,64,28,liboqs,validator
ECDSA,sign,598408,0.598408,0.72,256,64,64,29,liboqs,validator
ECDSA,sign,591030,0.59103,0.72,256,64,64,30,liboqs,validator
ECDSA,sign,577383,0.577383,0.72,256,64,64,31,liboqs,validator
ECDSA,sign,591060,0.59106,0.72,256,64,64,32,liboqs,validator
ECDSA,sign,577079,0.577079,0.71,256,64,64,33,liboqs,validator
ECDSA,sign,575103,0.575103,0.71,256,64,64,34,liboqs,validator
ECDSA,sign,582065,0.582065,0.71,256,64,64,35,liboqs,validator
ECDSA,sign,586044,0.586044,0.71,256,64,64,36,liboqs,validator
ECDSA,sign,576527,0.576527,0.71,256,64,64,37,liboqs,validator
ECDSA,sign,577967,0.577967,0.72,256,64,64,38,liboqs,validator
ECDSA,sign,599907,0.599907,0.71,256,64,64,39,liboqs,validator
ECDSA,sign,576595,0.576595,0.71,256,64,64,40,liboqs,validator
ECDSA,sign,580690,0.58069,0.71,256,64,64,41,liboqs,validator
ECDSA,sign,586997,0.586997,0.71,256,64,64,42,liboqs,validator
ECDSA,sign,576126,0.576126,0.71,256,64,64,43,liboqs,validator
ECDSA,sign,582390,0.58239,0.71,256,64,64,44,liboqs,validator
ECDSA,sign,580381,0.580381,0.72,256,64,64,45,liboqs,validator
ECDSA,sign,576051,0.576051,0.72,256,64,64,46,liboqs,validator
ECDSA,sign,581105,0.581105,0.72,256,64,64,47,liboqs,validator
ECDSA,sign,587225,0.587225,0.71,256,64,64,48,liboqs,validator
ECDSA,sign,581418,0.581418,0.72,256,64,64,49,liboqs,validator
ECDSA,sign,584272,0.584272,0.71,256,64,64,50,liboqs,validator
ECDSA,sign,582104,0.582104,0.72,256,64,64,51,liboqs,validator
ECDSA,sign,688071,0.688071,0.72,256,64,64,52,liboqs,validator
ECDSA,sign,618675,0.618675,0.72,256,64,64,53,liboqs,validator
ECDSA,sign,579544,0.579544,0.71,256,64,64,54,liboqs,validator
ECDSA,sign,592937,0.592937,0.71,256,64,64,55,liboqs,validator
ECDSA,sign,601863,0.601863,0.72,256,64,64,56,liboqs,validator
ECDSA,sign,581593,0.581593,0.72,256,64,64,57,liboqs,validator
ECDSA,sign,605686,0.605686,0.71,256,64,64,58,liboqs,validator
ECDSA,sign,575493,0.575493,0.71,256,64,64,59,liboqs,validator
ECDSA,sign,575008,0.575008,0.71,256,64,64,60,liboqs,validator
ECDSA,sign,596681,0.596681,0.72,256,64,64,61,liboqs,validator
ECDSA,sign,606432,0.606432,0.72,256,64,64,62,liboqs,validator
ECDSA,sign,585509,0.585509,0.72,256,64,64,63,liboqs,validator
ECDSA,sign,577388,0.577388,0.72,256,64,64,64,liboqs,validator
ECDSA,sign,590356,0.590356,0.71,256,64,64,65,liboqs,validator
ECDSA,sign,574547,0.574547,0.72,256,64,64,66,liboqs,validator
ECDSA,sign,572057,0.572057,0.72,256,64,64,67,liboqs,validator
ECDSA,sign,597844,0.597844,0.71,256,64,64,68,liboqs,validator
ECDSA,sign,647949,0.647949,0.71,256,64,64,69,liboqs,validator
ECDSA,sign,594094,0.594094,0.72,256,64,64,70,liboqs,validator
ECDSA,sign,583596,0.583596,0.72,256,64,64,71,liboqs,validator
ECDSA,sign,574335,0.574335,0.71,256,64,64,72,liboqs,validator
ECDSA,sign,580639,0.580639,0.72,256,64,64,73,liboqs,validator
ECDSA,sign,581262,0.581262,0.72,256,64,64,74,liboqs,validator
ECDSA,sign,576103,0.576103,0.72,256,64,64,75,liboqs,validator
ECDSA,sign,595918,0.595918,0.71,256,64,64,76,liboqs,validator
ECDSA,sign,582386,0.582386,0.71,256,64,64,77,liboqs,validator
ECDSA,sign,585981,0.585981,0.72,256,64,64,78,liboqs,validator
ECDSA,sign,1522394,1.522394,0.71,256,64,64,79,liboqs,validator
ECDSA,sign,4312976,4.312976,0.71,256,64,64,80,liboqs,validator
ECDSA,sign,3124620,3.12462,0.71,256,64,64,81,liboqs,validator
ECDSA,sign,2911874,2.911874,0.71,256,64,64,82,liboqs,validator
ECDSA,sign,3055846,3.055846,0.72,256,64,64,83,liboqs,validator
ECDSA,sign,1389161,1.389161,0.71,256,64,64,84,liboqs,validator
ECDSA,sign,2758763,2.758763,0.71,256,64,64,85,liboqs,validator
ECDSA,sign,2705654,2.705654,0.71,256,64,64,86,liboqs,validator
ECDSA,sign,3974262,3.974262,0.71,256,64,64,87,liboqs,validator
ECDSA,sign,3443086,3.443086,0.72,256,64,64,88,liboqs,validator
ECDSA,sign,3586322,3.586322,0.72,256,64,64,89,liboqs,validator
ECDSA,sign,2664088,2.664088,0.71,256,64,64,90,liboqs,validator
ECDSA,sign,3374377,3.374377,0.71,256,64,64,91,liboqs,validator
ECDSA,sign,2555562,2.555562,0.72,256,64,64,92,liboqs,validator
ECDSA,sign,1956191,1.956191,0.72,256,64,64,93,liboqs,validator
ECDSA,sign,2716424,2.716424,0.71,256,64,64,94,liboqs,validator
ECDSA,sign,2780496,2.780496,0.71,256,64,64,95,liboqs,validator
ECDSA,sign,1918717,1.918717,0.71,256,64,64,96,liboqs,validator
ECDSA,sign,2985724,2.985724,0.72,256,64,64,97,liboqs,validator
ECDSA,sign,3373942,3.373942,0.71,256,64,64,98,liboqs,validator
ECDSA,sign,2056363,2.056363,0.72,256,64,64,99,liboqs,validator
ECDSA,sign,2633052,2.633052,0.72,256,64,64,100,liboqs,validator
ECDSA,sign,2000767,2.000767,0.71,256,64,64,101,liboqs,validator
ECDSA,sign,3439690,3.43969,0.72,256,64,64,102,liboqs,validator
ECDSA,sign,2724285,2.724285,0.72,256,64,64,103,liboqs,validator
ECDSA,sign,1533730,1.53373,0.72,256,64,64,104,liboqs,validator
ECDSA,sign,2389876,2.389876,0.71,256,64,64,105,liboqs,validator
ECDSA,sign,2215552,2.215552,0.72,256,64,64,106,liboqs,validator
ECDSA,sign,3614271,3.614271,0.71,256,64,64,107,liboqs,validator
ECDSA,sign,2669243,2.669243,0.71,256,64,64,108,liboqs,validator
ECDSA,sign,2904580,2.90458,0.72,256,64,64,109,liboqs,validator
ECDSA,sign,3605584,3.605584,0.71,256,64,64,110,liboqs,validator
ECDSA,sign,2009894,2.009894,0.72,256,64,64,111,liboqs,validator
ECDSA,sign,2857098,2.857098,0.72,256,64,64,112,liboqs,validator
ECDSA,sign,2216218,2.216218,0.72,256,64,64,113,liboqs,validator
ECDSA,sign,2870880,2.87088,0.72,256,64,64,114,liboqs,validator
ECDSA,sign,1347636,1.347636,0.71,256,64,64,115,liboqs,validator
ECDSA,sign,3982298,3.982298,0.71,256,64,64,116,liboqs,validator
ECDSA,sign,2180257,2.180257,0.72,256,64,64,117,liboqs,validator
ECDSA,sign,777562,0.777562,0.71,256,64,64,118,liboqs,validator
ECDSA,sign,3567489,3.567489,0.72,256,64,64,119,liboqs,validator
ECDSA,sign,3724039,3.724039,0.72,256,64,64,120,liboqs,validator
ECDSA,sign,4020808,4.020808,0.72,256,64,64,121,liboqs,validator
ECDSA,sign,3163327,3.163327,0.71,256,64,64,122,liboqs,validator
ECDSA,sign,2507598,2.507598,0.71,256,64,64,123,liboqs,validator
ECDSA,sign,2408625,2.408625,0.71,256,64,64,124,liboqs,validator
ECDSA,sign,1160385,1.160385,0.71,256,64,64,125,liboqs,validator
ECDSA,sign,2013066,2.013066,0.71,256,64,64,126,liboqs,validator
ECDSA,sign,3011850,3.01185,0.72,256,64,64,127,liboqs,validator
ECDSA,sign,3825169,3.825169,0.72,256,64,64,128,liboqs,validator
ECDSA,sign,1607587,1.607587,0.71,256,64,64,129,liboqs,validator
ECDSA,sign,2362165,2.362165,0.72,256,64,64,130,liboqs,validator
ECDSA,sign,3006537,3.006537,0.71,256,64,64,131,liboqs,validator
ECDSA,sign,2746365,2.746365,0.72,256,64,64,132,liboqs,validator
ECDSA,sign,3513867,3.513867,0.71,256,64,64,133,liboqs,validator
ECDSA,sign,3677202,3.677202,0.71,256,64,64,134,liboqs,validator
ECDSA,sign,1478101,1.478101,0.72,256,64,64,135,liboqs,validator
ECDSA,sign,1539453,1.539453,0.72,256,64,64,136,liboqs,validator
ECDSA,sign,2048569,2.048569,0.71,256,64,64,137,liboqs,validator
ECDSA,sign,3327016,3.327016,0.72,256,64,64,138,liboqs,validator
ECDSA,sign,2847022,2.847022,0.72,256,64,64,139,liboqs,validator
ECDSA,sign,3432767,3.432767,0.72,256,64,64,140,liboqs,validator
ECDSA,sign,2689531,2.689531,0.71,256,64,64,141,liboqs,validator
ECDSA,sign,3293383,3.293383,0.71,256,64,64,142,liboqs,validator
ECDSA,sign,3313469,3.313469,0.71,256,64,64,143,liboqs,validator
ECDSA,sign,3324482,3.324482,0.72,256,64,64,144,liboqs,validator
ECDSA,sign,1961384,1.961384,0.71,256,64,64,145,liboqs,validator
ECDSA,sign,1653764,1.653764,0.71,256,64,64,146,liboqs,validator
ECDSA,sign,2209304,2.209304,0.72,256,64,64,147,liboqs,validator
ECDSA,sign,2742067,2.742067,0.71,256,64,64,148,liboqs,validator
ECDSA,sign,2947933,2.947933,0.71,256,64,64,149,liboqs,validator
ECDSA,sign,2743009,2.743009,0.72,256,64,64,150,liboqs,validator
ECDSA,sign,3550082,3.550082,0.72,256,64,64,151,liboqs,validator
ECDSA,sign,1809053,1.809053,0.71,256,64,64,152,liboqs,validator
ECDSA,sign,3490165,3.490165,0.72,256,64,64,153,liboqs,validator
ECDSA,sign,3734431,3.734431,0.71,256,64,64,154,liboqs,validator
ECDSA,sign,2037713,2.037713,0.71,256,64,64,155,liboqs,validator
ECDSA,sign,1451394,1.451394,0.72,256,64,64,156,liboqs,validator
ECDSA,sign,1841343,1.841343,0.72,256,64,64,157,liboqs,validator
ECDSA,sign,2808368,2.808368,0.71,256,64,64,158,liboqs,validator
ECDSA,sign,2901447,2.901447,0.72,256,64,64,159,liboqs,validator
ECDSA,sign,3092955,3.092955,0.71,256,64,64,160,liboqs,validator
ECDSA,sign,3253520,3.25352,0.71,256,64,64,161,liboqs,validator
ECDSA,sign,3188930,3.18893,0.72,256,64,64,162,liboqs,validator
ECDSA,sign,2613050,2.61305,0.71,256,64,64,163,liboqs,validator
ECDSA,sign,2549007,2.549007,0.72,256,64,64,164,liboqs,validator
ECDSA,sign,2788342,2.788342,0.72,256,64,64,165,liboqs,validator
ECDSA,sign,2420766,2.420766,0.72,256,64,64,166,liboqs,validator
ECDSA,sign,1254490,1.25449,0.72,256,64,64,167,liboqs,validator
ECDSA,sign,2307857,2.307857,0.71,256,64,64,168,liboqs,validator
ECDSA,sign,3190018,3.190018,0.71,256,64,64,169,liboqs,validator
ECDSA,sign,2274324,2.274324,0.72,256,64,64,170,liboqs,validator
ECDSA,sign,2448140,2.44814,0.72,256,64,64,171,liboqs,validator
ECDSA,sign,2720727,2.720727,0.71,256,64,64,172,liboqs,validator
ECDSA,sign,2157102,2.157102,0.72,256,64,64,173,liboqs,validator
ECDSA,sign,2499059,2.499059,0.72,256,64,64,174,liboqs,validator
ECDSA,sign,3144214,3.144214,0.72,256,64,64,175,liboqs,validator
ECDSA,sign,2638600,2.6386,0.72,256,64,64,176,liboqs,validator
ECDSA,sign,3122321,3.122321,0.72,256,64,64,177,liboqs,validator
ECDSA,sign,1300728,1.300728,0.72,256,64,64,178,liboqs,validator
ECDSA,sign,1332190,1.33219,0.72,256,64,64,179,liboqs,validator
ECDSA,sign,2704024,2.704024,0.71,256,64,64,180,liboqs,validator
ECDSA,sign,3074769,3.074769,0.71,256,64,64,181,liboqs,validator
ECDSA,sign,3589221,3.589221,0.71,256,64,64,182,liboqs,validator
ECDSA,sign,2596304,2.596304,0.72,256,64,64,183,liboqs,validator
ECDSA,sign,3313917,3.313917,0.72,256,64,64,184,liboqs,validator
ECDSA,sign,3179606,3.179606,0.72,256,64,64,185,liboqs,validator
ECDSA,sign,3311228,3.311228,0.71,256,64,64,186,liboqs,validator
ECDSA,sign,2893815,2.893815,0.71,256,64,64,187,liboqs,validator
ECDSA,sign,1514460,1.51446,0.71,256,64,64,188,liboqs,validator
ECDSA,sign,2403681,2.403681,0.72,256,64,64,189,liboqs,validator
ECDSA,sign,3689203,3.689203,0.72,256,64,64,190,liboqs,validator
ECDSA,sign,3149599,3.149599,0.72,256,64,64,191,liboqs,validator
ECDSA,sign,2503145,2.503145,0.71,256,64,64,192,liboqs,validator
ECDSA,sign,2893099,2.893099,0.72,256,64,64,193,liboqs,validator
ECDSA,sign,633049,0.633049,0.71,256,64,64,194,liboqs,validator
ECDSA,sign,2417155,2.417155,0.71,256,64,64,195,liboqs,validator
ECDSA,sign,3721129,3.721129,0.71,256,64,64,196,liboqs,validator
ECDSA,sign,3463267,3.463267,0.72,256,64,64,197,liboqs,validator
ECDSA,sign,2402839,2.402839,0.72,256,64,64,198,liboqs,validator
ECDSA,sign,1993684,1.993684,0.71,256,64,64,199,liboqs,validator
ECDSA,sign,2860996,2.860996,0.72,256,64,64,200,liboqs,validator
ECDSA,sign,3018051,3.018051,0.72,256,64,64,201,liboqs,validator
ECDSA,sign,3991982,3.991982,0.72,256,64,64,202,liboqs,validator
ECDSA,sign,3920618,3.920618,0.72,256,64,64,203,liboqs,validator
ECDSA,sign,3321047,3.321047,0.72,256,64,64,204,liboqs,validator
ECDSA,sign,1161320,1.16132,0.71,256,64,64,205,liboqs,validator
ECDSA,sign,2801228,2.801228,0.72,256,64,64,206,liboqs,validator
ECDSA,sign,4193687,4.193687,0.71,256,64,64,207,liboqs,validator
ECDSA,sign,1318368,1.318368,0.71,256,64,64,208,liboqs,validator
ECDSA,sign,2080174,2.080174,0.71,256,64,64,209,liboqs,validator
ECDSA,sign,2860989,2.860989,0.71,256,64,64,210,liboqs,validator
ECDSA,sign,2334526,2.334526,0.71,256,64,64,211,liboqs,validator
ECDSA,sign,2881966,2.881966,0.71,256,64,64,212,liboqs,validator
ECDSA,sign,2499096,2.499096,0.71,256,64,64,213,liboqs,validator
ECDSA,sign,2902193,2.902193,0.71,256,64,64,214,liboqs,validator
ECDSA,sign,3341097,3.341097,0.71,256,64,64,215,liboqs,validator
ECDSA,sign,2219630,2.21963,0.72,256,64,64,216,liboqs,validator
ECDSA,sign,824142,0.824142,0.72,256,64,64,217,liboqs,validator
ECDSA,sign,962436,0.962436,0.71,256,64,64,218,liboqs,validator
ECDSA,sign,1034285,1.034285,0.71,256,64,64,219,liboqs,validator
ECDSA,sign,1049915,1.049915,0.71,256,64,64,220,liboqs,validator
ECDSA,sign,2102626,2.102626,0.71,256,64,64,221,liboqs,validator
ECDSA,sign,2950756,2.950756,0.71,256,64,64,222,liboqs,validator
ECDSA,sign,795770,0.79577,0.71,256,64,64,223,liboqs,validator
ECDSA,sign,690610,0.69061,0.71,256,64,64,224,liboqs,validator
ECDSA,sign,585916,0.585916,0.72,256,64,64,225,liboqs,validator
ECDSA,sign,606095,0.606095,0.71,256,64,64,226,liboqs,validator
ECDSA,sign,580778,0.580778,0.72,256,64,64,227,liboqs,validator
ECDSA,sign,590996,0.590996,0.71,256,64,64,228,liboqs,validator
ECDSA,sign,594161,0.594161,0.71,256,64,64,229,liboqs,validator
ECDSA,sign,591991,0.591991,0.71,256,64,64,230,liboqs,validator
ECDSA,sign,591704,0.591704,0.72,256,64,64,231,liboqs,validator
ECDSA,sign,593059,0.593059,0.71,256,64,64,232,liboqs,validator
ECDSA,sign,1314111,1.314111,0.71,256,64,64,233,liboqs,validator
ECDSA,sign,3057941,3.057941,0.72,256,64,64,234,liboqs,validator
ECDSA,sign,3590399,3.590399,0.72,256,64,64,235,liboqs,validator
ECDSA,sign,3295539,3.295539,0.72,256,64,64,236,liboqs,validator
ECDSA,sign,3547466,3.547466,0.72,256,64,64,237,liboqs,validator
ECDSA,sign,1914076,1.914076,0.72,256,64,64,238,liboqs,validator
ECDSA,sign,1717251,1.717251,0.71,256,64,64,239,liboqs,validator
ECDSA,sign,3226989,3.226989,0.72,256,64,64,240,liboqs,validator
ECDSA,sign,1590451,1.590451,0.71,256,64,64,241,liboqs,validator
ECDSA,sign,2485740,2.48574,0.72,256,64,64,242,liboqs,validator
ECDSA,sign,3320594,3.320594,0.71,256,64,64,243,liboqs,validator
ECDSA,sign,2837800,2.8378,0.72,256,64,64,244,liboqs,validator
ECDSA,sign,1109233,1.109233,0.71,256,64,64,245,liboqs,validator
ECDSA,sign,3344185,3.344185,0.71,256,64,64,246,liboqs,validator
ECDSA,sign,3678461,3.678461,0.71,256,64,64,247,liboqs,validator
ECDSA,sign,2822825,2.822825,0.71,256,64,64,248,liboqs,validator
ECDSA,sign,3333980,3.33398,0.72,256,64,64,249,liboqs,validator
ECDSA,sign,1920931,1.920931,0.71,256,64,64,250,liboqs,validator
ECDSA,sign,1588972,1.588972,0.72,256,64,64,251,liboqs,validator
ECDSA,sign,1904856,1.904856,0.71,256,64,64,252,liboqs,validator
ECDSA,sign,2259001,2.259001,0.72,256,64,64,253,liboqs,validator
ECDSA,sign,3128824,3.128824,0.71,256,64,64,254,liboqs,validator
ECDSA,sign,3770438,3.770438,0.72,256,64,64,255,liboqs,validator
ECDSA,sign,2645104,2.645104,0.71,256,64,64,256,liboqs,validator
ECDSA,sign,2228827,2.228827,0.71,256,64,64,257,liboqs,validator
ECDSA,sign,2316622,2.316622,0.72,256,64,64,258,liboqs,validator
ECDSA,sign,2695320,2.69532,0.71,256,64,64,259,liboqs,validator
ECDSA,sign,2793271,2.793271,0.72,256,64,64,260,liboqs,validator
ECDSA,sign,3848248,3.848248,0.71,256,64,64,261,liboqs,validator
ECDSA,sign,1735656,1.735656,0.72,256,64,64,262,liboqs,validator
ECDSA,sign,620454,0.620454,0.71,256,64,64,263,liboqs,validator
ECDSA,sign,2214008,2.214008,0.72,256,64,64,264,liboqs,validator
ECDSA,sign,1717830,1.71783,0.71,256,64,64,265,liboqs,validator
ECDSA,sign,2383869,2.383869,0.71,256,64,64,266,liboqs,validator
ECDSA,sign,3924787,3.924787,0.71,256,64,64,267,liboqs,validator
ECDSA,sign,3747481,3.747481,0.72,256,64,64,268,liboqs,validator
ECDSA,sign,2796107,2.796107,0.72,256,64,64,269,liboqs,validator
ECDSA,sign,2528555,2.528555,0.72,256,64,64,270,liboqs,validator
ECDSA,sign,3143507,3.143507,0.72,256,64,64,271,liboqs,validator
ECDSA,sign,2764446,2.764446,0.71,256,64,64,272,liboqs,validator
ECDSA,sign,2337177,2.337177,0.72,256,64,64,273,liboqs,validator
ECDSA,sign,1934883,1.934883,0.71,256,64,64,274,liboqs,validator
ECDSA,sign,1764210,1.76421,0.71,256,64,64,275,liboqs,validator
ECDSA,sign,2582704,2.582704,0.71,256,64,64,276,liboqs,validator
ECDSA,sign,3367423,3.367423,0.71,256,64,64,277,liboqs,validator
ECDSA,sign,2916887,2.916887,0.72,256,64,64,278,liboqs,validator
ECDSA,sign,3489540,3.48954,0.72,256,64,64,279,liboqs,validator
ECDSA,sign,3616412,3.616412,0.72,256,64,64,280,liboqs,validator
ECDSA,sign,2511953,2.511953,0.71,256,64,64,281,liboqs,validator
ECDSA,sign,2784994,2.784994,0.71,256,64,64,282,liboqs,validator
ECDSA,sign,2950768,2.950768,0.71,256,64,64,283,liboqs,validator
ECDSA,sign,1289190,1.28919,0.72,256,64,64,284,liboqs,validator
ECDSA,sign,3016403,3.016403,0.72,256,64,64,285,liboqs,validator
ECDSA,sign,3907933,3.907933,0.72,256,64,64,286,liboqs,validator
ECDSA,sign,2636529,2.636529,0.71,256,64,64,287,liboqs,validator
ECDSA,sign,3468851,3.468851,0.71,256,64,64,288,liboqs,validator
ECDSA,sign,3625249,3.625249,0.72,256,64,64,289,liboqs,validator
ECDSA,sign,3926822,3.926822,0.71,256,64,64,290,liboqs,validator
ECDSA,sign,3784281,3.784281,0.71,256,64,64,291,liboqs,validator
ECDSA,sign,1864480,1.86448,0.72,256,64,64,292,liboqs,validator
ECDSA,sign,1911263,1.911263,0.71,256,64,64,293,liboqs,validator
ECDSA,sign,2093865,2.093865,0.71,256,64,64,294,liboqs,validator
ECDSA,sign,2490468,2.490468,0.72,256,64,64,295,liboqs,validator
ECDSA,sign,3396323,3.396323,0.72,256,64,64,296,liboqs,validator
ECDSA,sign,3609929,3.609929,0.71,256,64,64,297,liboqs,validator
ECDSA,sign,3511179,3.511179,0.72,256,64,64,298,liboqs,validator
ECDSA,sign,2804422,2.804422,0.71,256,64,64,299,liboqs,validator
ECDSA,sign,2716750,2.71675,0.72,256,64,64,300,liboqs,validator
ECDSA,sign,2818847,2.818847,0.72,256,64,64,301,liboqs,validator
ECDSA,sign,1630402,1.630402,0.71,256,64,64,302,liboqs,validator
ECDSA,sign,2030520,2.03052,0.71,256,64,64,303,liboqs,validator
ECDSA,sign,2086219,2.086219,0.71,256,64,64,304,liboqs,validator
ECDSA,sign,2387577,2.387577,0.72,256,64,64,305,liboqs,validator
ECDSA,sign,1929052,1.929052,0.72,256,64,64,306,liboqs,validator
ECDSA,sign,2778065,2.778065,0.72,256,64,64,307,liboqs,validator
ECDSA,sign,3319881,3.319881,0.72,256,64,64,308,liboqs,validator
ECDSA,sign,2507591,2.507591,0.72,256,64,64,309,liboqs,validator
ECDSA,sign,3087906,3.087906,0.72,256,64,64,310,liboqs,validator
ECDSA,sign,2092260,2.09226,0.71,256,64,64,311,liboqs,validator
ECDSA,sign,2313515,2.313515,0.72,256,64,64,312,liboqs,validator
ECDSA,sign,2487752,2.487752,0.72,256,64,64,313,liboqs,validator
ECDSA,sign,1687202,1.687202,0.71,256,64,64,314,liboqs,validator
ECDSA,sign,1799565,1.799565,0.71,256,64,64,315,liboqs,validator
ECDSA,sign,2445319,2.445319,0.71,256,64,64,316,liboqs,validator
ECDSA,sign,2935847,2.935847,0.72,256,64,64,317,liboqs,validator
ECDSA,sign,2943385,2.943385,0.71,256,64,64,318,liboqs,validator
ECDSA,sign,3098524,3.098524,0.71,256,64,64,319,liboqs,validator
ECDSA,sign,3387621,3.387621,0.71,256,64,64,320,liboqs,validator
ECDSA,sign,3003366,3.003366,0.71,256,64,64,321,liboqs,validator
ECDSA,sign,3451486,3.451486,0.72,256,64,64,322,liboqs,validator
ECDSA,sign,3019308,3.019308,0.72,256,64,64,323,liboqs,validator
ECDSA,sign,1933987,1.933987,0.71,256,64,64,324,liboqs,validator
ECDSA,sign,3018016,3.018016,0.72,256,64,64,325,liboqs,validator
ECDSA,sign,2301383,2.301383,0.71,256,64,64,326,liboqs,validator
ECDSA,sign,1608045,1.608045,0.71,256,64,64,327,liboqs,validator
ECDSA,sign,1069080,1.06908,0.71,256,64,64,328,liboqs,validator
ECDSA,sign,1143368,1.143368,0.71,256,64,64,329,liboqs,validator
ECDSA,sign,950384,0.950384,0.72,256,64,64,330,liboqs,validator
ECDSA,sign,1004941,1.004941,0.71,256,64,64,331,liboqs,validator
ECDSA,sign,1125120,1.12512,0.71,256,64,64,332,liboqs,validator
ECDSA,sign,1021946,1.021946,0.71,256,64,64,333,liboqs,validator
ECDSA,sign,1203650,1.20365,0.71,256,64,64,334,liboqs,validator
ECDSA,sign,964315,0.964315,0.72,256,64,64,335,liboqs,validator
ECDSA,sign,1071728,1.071728,0.71,256,64,64,336,liboqs,validator
ECDSA,sign,1109649,1.109649,0.71,256,64,64,337,liboqs,validator
ECDSA,sign,1068923,1.068923,0.72,256,64,64,338,liboqs,validator
ECDSA,sign,1050251,1.050251,0.72,256,64,64,339,liboqs,validator
ECDSA,sign,1305005,1.305005,0.72,256,64,64,340,liboqs,validator
ECDSA,sign,1549168,1.549168,0.72,256,64,64,341,liboqs,validator
ECDSA,sign,1768024,1.768024,0.71,256,64,64,342,liboqs,validator
ECDSA,sign,1786030,1.78603,0.72,256,64,64,343,liboqs,validator
ECDSA,sign,1550405,1.550405,0.72,256,64,64,344,liboqs,validator
ECDSA,sign,1801027,1.801027,0.71,256,64,64,345,liboqs,validator
ECDSA,sign,1713068,1.713068,0.71,256,64,64,346,liboqs,validator
ECDSA,sign,1776969,1.776969,0.71,256,64,64,347,liboqs,validator
ECDSA,sign,1814380,1.81438,0.71,256,64,64,348,liboqs,validator
ECDSA,sign,827086,0.827086,0.71,256,64,64,349,liboqs,validator
ECDSA,sign,787381,0.787381,0.71,256,64,64,350,liboqs,validator
ECDSA,sign,934847,0.934847,0.71,256,64,64,351,liboqs,validator
ECDSA,sign,1036273,1.036273,0.72,256,64,64,352,liboqs,validator
ECDSA,sign,862535,0.862535,0.71,256,64,64,353,liboqs,validator
ECDSA,sign,893168,0.893168,0.71,256,64,64,354,liboqs,validator
ECDSA,sign,2695473,2.695473,0.71,256,64,64,355,liboqs,validator
ECDSA,sign,3035616,3.035616,0.71,256,64,64,356,liboqs,validator
ECDSA,sign,2152347,2.152347,0.71,256,64,64,357,liboqs,validator
ECDSA,sign,2115945,2.115945,0.71,256,64,64,358,liboqs,validator
ECDSA,sign,3137501,3.137501,0.71,256,64,64,359,liboqs,validator
ECDSA,sign,2266587,2.266587,0.72,256,64,64,360,liboqs,validator
ECDSA,sign,2914495,2.914495,0.72,256,64,64,361,liboqs,validator
ECDSA,sign,2789564,2.789564,0.71,256,64,64,362,liboqs,validator
ECDSA,sign,2984579,2.984579,0.71,256,64,64,363,liboqs,validator
ECDSA,sign,2321332,2.321332,0.71,256,64,64,364,liboqs,validator
ECDSA,sign,1844680,1.84468,0.71,256,64,64,365,liboqs,validator
ECDSA,sign,984120,0.98412,0.71,256,64,64,366,liboqs,validator
ECDSA,sign,965810,0.96581,0.72,256,64,64,367,liboqs,validator
ECDSA,sign,1120698,1.120698,0.71,256,64,64,368,liboqs,validator
ECDSA,sign,1093842,1.093842,0.72,256,64,64,369,liboqs,validator
ECDSA,sign,1041728,1.041728,0.71,256,64,64,370,liboqs,validator
ECDSA,sign,1896405,1.896405,0.72,256,64,64,371,liboqs,validator
ECDSA,sign,652727,0.652727,0.72,256,64,64,372,liboqs,validator
ECDSA,sign,583660,0.58366,0.71,256,64,64,373,liboqs,validator
ECDSA,sign,578246,0.578246,0.71,256,64,64,374,liboqs,validator
ECDSA,sign,600110,0.60011,0.71,256,64,64,375,liboqs,validator
ECDSA,sign,590645,0.590645,0.71,256,64,64,376,liboqs,validator
ECDSA,sign,581306,0.581306,0.71,256,64,64,377,liboqs,validator
ECDSA,sign,579586,0.579586,0.72,256,64,64,378,liboqs,validator
ECDSA,sign,585576,0.585576,0.72,256,64,64,379,liboqs,validator
ECDSA,sign,577413,0.577413,0.71,256,64,64,380,liboqs,validator
ECDSA,sign,572112,0.572112,0.72,256,64,64,381,liboqs,validator
ECDSA,sign,590032,0.590032,0.72,256,64,64,382,liboqs,validator
ECDSA,sign,580702,0.580702,0.72,256,64,64,383,liboqs,validator
ECDSA,sign,574744,0.574744,0.71,256,64,64,384,liboqs,validator
ECDSA,sign,570576,0.570576,0.71,256,64,64,385,liboqs,validator
ECDSA,sign,585875,0.585875,0.72,256,64,64,386,liboqs,validator
ECDSA,sign,575530,0.57553,0.71,256,64,64,387,liboqs,validator
ECDSA,sign,571576,0.571576,0.72,256,64,64,388,liboqs,validator
ECDSA,sign,587043,0.587043,0.71,256,64,64,389,liboqs,validator
ECDSA,sign,573757,0.573757,0.71,256,64,64,390,liboqs,validator
ECDSA,sign,593556,0.593556,0.71,256,64,64,391,liboqs,validator
ECDSA,sign,588635,0.588635,0.72,256,64,64,392,liboqs,validator
ECDSA,sign,575347,0.575347,0.71,256,64,64,393,liboqs,validator
ECDSA,sign,572177,0.572177,0.71,256,64,64,394,liboqs,validator
ECDSA,sign,585904,0.585904,0.71,256,64,64,395,liboqs,validator
ECDSA,sign,582375,0.582375,0.71,256,64,64,396,liboqs,validator
ECDSA,sign,573765,0.573765,0.71,256,64,64,397,liboqs,validator
ECDSA,sign,579179,0.579179,0.72,256,64,64,398,liboqs,validator
ECDSA,sign,578341,0.578341,0.72,256,64,64,399,liboqs,validator
ECDSA,sign,573646,0.573646,0.71,256,64,64,400,liboqs,validator
ECDSA,sign,677141,0.677141,0.71,256,64,64,401,liboqs,validator
ECDSA,sign,636709,0.636709,0.71,256,64,64,402,liboqs,validator
ECDSA,sign,602427,0.602427,0.71,256,64,64,403,liboqs,validator
ECDSA,sign,596540,0.59654,0.72,256,64,64,404,liboqs,validator
ECDSA,sign,595208,0.595208,0.71,256,64,64,405,liboqs,validator
ECDSA,sign,583796,0.583796,0.72,256,64,64,406,liboqs,validator
ECDSA,sign,584004,0.584004,0.72,256,64,64,407,liboqs,validator
ECDSA,sign,593603,0.593603,0.72,256,64,64,408,liboqs,validator
ECDSA,sign,590578,0.590578,0.72,256,64,64,409,liboqs,validator
ECDSA,sign,574827,0.574827,0.71,256,64,64,410,liboqs,validator
ECDSA,sign,589737,0.589737,0.71,256,64,64,411,liboqs,validator
ECDSA,sign,576362,0.576362,0.71,256,64,64,412,liboqs,validator
ECDSA,sign,577287,0.577287,0.71,256,64,64,413,liboqs,validator
ECDSA,sign,585498,0.585498,0.72,256,64,64,414,liboqs,validator
ECDSA,sign,580632,0.580632,0.71,256,64,64,415,liboqs,validator
ECDSA,sign,596547,0.596547,0.72,256,64,64,416,liboqs,validator
ECDSA,sign,577999,0.577999,0.72,256,64,64,417,liboqs,validator
ECDSA,sign,589048,0.589048,0.71,256,64,64,418,liboqs,validator
ECDSA,sign,599811,0.599811,0.72,256,64,64,419,liboqs,validator
ECDSA,sign,574437,0.574437,0.71,256,64,64,420,liboqs,validator
ECDSA,sign,591183,0.591183,0.71,256,64,64,421,liboqs,validator
ECDSA,sign,574951,0.574951,0.72,256,64,64,422,liboqs,validator
ECDSA,sign,580123,0.580123,0.71,256,64,64,423,liboqs,validator
ECDSA,sign,588049,0.588049,0.72,256,64,64,424,liboqs,validator
ECDSA,sign,574187,0.574187,0.71,256,64,64,425,liboqs,validator
ECDSA,sign,574121,0.574121,0.71,256,64,64,426,liboqs,validator
ECDSA,sign,592414,0.592414,0.71,256,64,64,427,liboqs,validator
ECDSA,sign,577750,0.57775,0.72,256,64,64,428,liboqs,validator
ECDSA,sign,597825,0.597825,0.71,256,64,64,429,liboqs,validator
ECDSA,sign,581966,0.581966,0.72,256,64,64,430,liboqs,validator
ECDSA,sign,604455,0.604455,0.71,256,64,64,431,liboqs,validator
ECDSA,sign,583209,0.583209,0.71,256,64,64,432,liboqs,validator
ECDSA,sign,610081,0.610081,0.72,256,64,64,433,liboqs,validator
ECDSA,sign,595113,0.595113,0.71,256,64,64,434,liboqs,validator
ECDSA,sign,586604,0.586604,0.72,256,64,64,435,liboqs,validator
ECDSA,sign,710158,0.710158,0.71,256,64,64,436,liboqs,validator
ECDSA,sign,1115791,1.115791,0.72,256,64,64,437,liboqs,validator
ECDSA,sign,642274,0.642274,0.72,256,64,64,438,liboqs,validator
ECDSA,sign,608284,0.608284,0.72,256,64,64,439,liboqs,validator
ECDSA,sign,588782,0.588782,0.71,256,64,64,440,liboqs,validator
ECDSA,sign,727554,0.727554,0.71,256,64,64,441,liboqs,validator
ECDSA,sign,615115,0.615115,0.72,256,64,64,442,liboqs,validator
ECDSA,sign,581634,0.581634,0.72,256,64,64,443,liboqs,validator
ECDSA,sign,591528,0.591528,0.71,256,64,64,444,liboqs,validator
ECDSA,sign,587864,0.587864,0.72,256,64,64,445,liboqs,validator
ECDSA,sign,578968,0.578968,0.72,256,64,64,446,liboqs,validator
ECDSA,sign,572927,0.572927,0.71,256,64,64,447,liboqs,validator
ECDSA,sign,610239,0.610239,0.71,256,64,64,448,liboqs,validator
ECDSA,sign,579001,0.579001,0.72,256,64,64,449,liboqs,validator
ECDSA,sign,574232,0.574232,0.72,256,64,64,450,liboqs,validator
ECDSA,sign,589755,0.589755,0.71,256,64,64,451,liboqs,validator
ECDSA,sign,571503,0.571503,0.71,256,64,64,452,liboqs,validator
ECDSA,sign,573178,0.573178,0.71,256,64,64,453,liboqs,validator
ECDSA,sign,594292,0.594292,0.72,256,64,64,454,liboqs,validator
ECDSA,sign,596362,0.596362,0.71,256,64,64,455,liboqs,validator
ECDSA,sign,574724,0.574724,0.72,256,64,64,456,liboqs,validator
ECDSA,sign,587038,0.587038,0.71,256,64,64,457,liboqs,validator
ECDSA,sign,577445,0.577445,0.71,256,64,64,458,liboqs,validator
ECDSA,sign,572608,0.572608,0.71,256,64,64,459,liboqs,validator
ECDSA,sign,582300,0.5823,0.71,256,64,64,460,liboqs,validator
ECDSA,sign,597426,0.597426,0.71,256,64,64,461,liboqs,validator
ECDSA,sign,586983,0.586983,0.71,256,64,64,462,liboqs,validator
ECDSA,sign,581594,0.581594,0.71,256,64,64,463,liboqs,validator
ECDSA,sign,666982,0.666982,0.71,256,64,64,464,liboqs,validator
ECDSA,sign,625171,0.625171,0.71,256,64,64,465,liboqs,validator
ECDSA,sign,634687,0.634687,0.71,256,64,64,466,liboqs,validator
ECDSA,sign,768606,0.768606,0.71,256,64,64,467,liboqs,validator
ECDSA,sign,663759,0.663759,0.71,256,64,64,468,liboqs,validator
ECDSA,sign,1151656,1.151656,0.72,256,64,64,469,liboqs,validator
ECDSA,sign,1248891,1.248891,0.72,256,64,64,470,liboqs,validator
ECDSA,sign,668038,0.668038,0.72,256,64,64,471,liboqs,validator
ECDSA,sign,686141,0.686141,0.71,256,64,64,472,liboqs,validator
ECDSA,sign,666826,0.666826,0.71,256,64,64,473,liboqs,validator
ECDSA,sign,586691,0.586691,0.71,256,64,64,474,liboqs,validator
ECDSA,sign,759036,0.759036,0.71,256,64,64,475,liboqs,validator
ECDSA,sign,587350,0.58735,0.72,256,64,64,476,liboqs,validator
ECDSA,sign,576041,0.576041,0.72,256,64,64,477,liboqs,validator
ECDSA,sign,603245,0.603245,0.71,256,64,64,478,liboqs,validator
ECDSA,sign,576604,0.576604,0.72,256,64,64,479,liboqs,validator
ECDSA,sign,580345,0.580345,0.71,256,64,64,480,liboqs,validator
ECDSA,sign,588662,0.588662,0.71,256,64,64,481,liboqs,validator
ECDSA,sign,576324,0.576324,0.72,256,64,64,482,liboqs,validator
ECDSA,sign,575085,0.575085,0.72,256,64,64,483,liboqs,validator
ECDSA,sign,575031,0.575031,0.71,256,64,64,484,liboqs,validator
ECDSA,sign,596550,0.59655,0.71,256,64,64,485,liboqs,validator
ECDSA,sign,592491,0.592491,0.71,256,64,64,486,liboqs,validator
ECDSA,sign,582641,0.582641,0.71,256,64,64,487,liboqs,validator
ECDSA,sign,592826,0.592826,0.71,256,64,64,488,liboqs,validator
ECDSA,sign,575402,0.575402,0.72,256,64,64,489,liboqs,validator
ECDSA,sign,581269,0.581269,0.71,256,64,64,490,liboqs,validator
ECDSA,sign,589015,0.589015,0.71,256,64,64,491,liboqs,validator
ECDSA,sign,581806,0.581806,0.71,256,64,64,492,liboqs,validator
ECDSA,sign,574713,0.574713,0.71,256,64,64,493,liboqs,validator
ECDSA,sign,588664,0.588664,0.72,256,64,64,494,liboqs,validator
ECDSA,sign,580329,0.580329,0.72,256,64,64,495,liboqs,validator
ECDSA,sign,578718,0.578718,0.72,256,64,64,496,liboqs,validator
ECDSA,sign,586349,0.586349,0.71,256,64,64,497,liboqs,validator
ECDSA,sign,574801,0.574801,0.71,256,64,64,498,liboqs,validator
ECDSA,sign,600719,0.600719,0.71,256,64,64,499,liboqs,validator
ECDSA,sign,589954,0.589954,0.72,256,64,64,500,liboqs,validator
ECDSA,sign,574111,0.574111,0.71,256,64,64,501,liboqs,validator
ECDSA,sign,573624,0.573624,0.72,256,64,64,502,liboqs,validator
ECDSA,sign,587441,0.587441,0.72,256,64,64,503,liboqs,validator
ECDSA,sign,574271,0.574271,0.72,256,64,64,504,liboqs,validator
ECDSA,sign,580338,0.580338,0.71,256,64,64,505,liboqs,validator
ECDSA,sign,590154,0.590154,0.71,256,64,64,506,liboqs,validator
ECDSA,sign,575333,0.575333,0.72,256,64,64,507,liboqs,validator
ECDSA,sign,572497,0.572497,0.71,256,64,64,508,liboqs,validator
ECDSA,sign,581724,0.581724,0.72,256,64,64,509,liboqs,validator
ECDSA,sign,674554,0.674554,0.72,256,64,64,510,liboqs,validator
ECDSA,sign,612234,0.612234,0.72,256,64,64,511,liboqs,validator
ECDSA,sign,604940,0.60494,0.71,256,64,64,512,liboqs,validator
ECDSA,sign,592418,0.592418,0.72,256,64,64,513,liboqs,validator
ECDSA,sign,577457,0.577457,0.72,256,64,64,514,liboqs,validator
ECDSA,sign,580981,0.580981,0.71,256,64,64,515,liboqs,validator
ECDSA,sign,599190,0.59919,0.72,256,64,64,516,liboqs,validator
ECDSA,sign,574503,0.574503,0.71,256,64,64,517,liboqs,validator
ECDSA,sign,569365,0.569365,0.71,256,64,64,518,liboqs,validator
ECDSA,sign,587580,0.58758,0.71,256,64,64,519,liboqs,validator
ECDSA,sign,579938,0.579938,0.71,256,64,64,520,liboqs,validator
ECDSA,sign,577137,0.577137,0.71,256,64,64,521,liboqs,validator
ECDSA,sign,584366,0.584366,0.72,256,64,64,522,liboqs,validator
ECDSA,sign,585210,0.58521,0.72,256,64,64,523,liboqs,validator
ECDSA,sign,593307,0.593307,0.72,256,64,64,524,liboqs,validator
ECDSA,sign,577667,0.577667,0.72,256,64,64,525,liboqs,validator
ECDSA,sign,607630,0.60763,0.72,256,64,64,526,liboqs,validator
ECDSA,sign,589141,0.589141,0.72,256,64,64,527,liboqs,validator
ECDSA,sign,577736,0.577736,0.71,256,64,64,528,liboqs,validator
ECDSA,sign,584533,0.584533,0.72,256,64,64,529,liboqs,validator
ECDSA,sign,577247,0.577247,0.72,256,64,64,530,liboqs,validator
ECDSA,sign,583577,0.583577,0.72,256,64,64,531,liboqs,validator
ECDSA,sign,573511,0.573511,0.72,256,64,64,532,liboqs,validator
ECDSA,sign,602818,0.602818,0.71,256,64,64,533,liboqs,validator
ECDSA,sign,572591,0.572591,0.71,256,64,64,534,liboqs,validator
ECDSA,sign,585635,0.585635,0.72,256,64,64,535,liboqs,validator
ECDSA,sign,673642,0.673642,0.72,256,64,64,536,liboqs,validator
ECDSA,sign,621688,0.621688,0.71,256,64,64,537,liboqs,validator
ECDSA,sign,586094,0.586094,0.71,256,64,64,538,liboqs,validator
ECDSA,sign,605441,0.605441,0.72,256,64,64,539,liboqs,validator
ECDSA,sign,612490,0.61249,0.71,256,64,64,540,liboqs,validator
ECDSA,sign,604093,0.604093,0.71,256,64,64,541,liboqs,validator
ECDSA,sign,616651,0.616651,0.71,256,64,64,542,liboqs,validator
ECDSA,sign,590687,0.590687,0.72,256,64,64,543,liboqs,validator
ECDSA,sign,579182,0.579182,0.72,256,64,64,544,liboqs,validator
ECDSA,sign,583535,0.583535,0.71,256,64,64,545,liboqs,validator
ECDSA,sign,626474,0.626474,0.72,256,64,64,546,liboqs,validator
ECDSA,sign,610663,0.610663,0.72,256,64,64,547,liboqs,validator
ECDSA,sign,593704,0.593704,0.71,256,64,64,548,liboqs,validator
ECDSA,sign,601366,0.601366,0.72,256,64,64,549,liboqs,validator
ECDSA,sign,593006,0.593006,0.71,256,64,64,550,liboqs,validator
ECDSA,sign,586539,0.586539,0.71,256,64,64,551,liboqs,validator
ECDSA,sign,610285,0.610285,0.72,256,64,64,552,liboqs,validator
ECDSA,sign,612296,0.612296,0.71,256,64,64,553,liboqs,validator
ECDSA,sign,587590,0.58759,0.71,256,64,64,554,liboqs,validator
ECDSA,sign,596965,0.596965,0.72,256,64,64,555,liboqs,validator
ECDSA,sign,600544,0.600544,0.71,256,64,64,556,liboqs,validator
ECDSA,sign,589459,0.589459,0.71,256,64,64,557,liboqs,validator
ECDSA,sign,589661,0.589661,0.71,256,64,64,558,liboqs,validator
ECDSA,sign,596598,0.596598,0.71,256,64,64,559,liboqs,validator
ECDSA,sign,588539,0.588539,0.71,256,64,64,560,liboqs,validator
ECDSA,sign,596577,0.596577,0.72,256,64,64,561,liboqs,validator
ECDSA,sign,599162,0.599162,0.71,256,64,64,562,liboqs,validator
ECDSA,sign,597921,0.597921,0.71,256,64,64,563,liboqs,validator
ECDSA,sign,587562,0.587562,0.71,256,64,64,564,liboqs,validator
ECDSA,sign,585886,0.585886,0.71,256,64,64,565,liboqs,validator
ECDSA,sign,605145,0.605145,0.71,256,64,64,566,liboqs,validator
ECDSA,sign,601046,0.601046,0.72,256,64,64,567,liboqs,validator
ECDSA,sign,584134,0.584134,0.72,256,64,64,568,liboqs,validator
ECDSA,sign,583429,0.583429,0.72,256,64,64,569,liboqs,validator
ECDSA,sign,583853,0.583853,0.71,256,64,64,570,liboqs,validator
ECDSA,sign,579706,0.579706,0.71,256,64,64,571,liboqs,validator
ECDSA,sign,575445,0.575445,0.72,256,64,64,572,liboqs,validator
ECDSA,sign,595149,0.595149,0.71,256,64,64,573,liboqs,validator
ECDSA,sign,585267,0.585267,0.72,256,64,64,574,liboqs,validator
ECDSA,sign,573927,0.573927,0.72,256,64,64,575,liboqs,validator
ECDSA,sign,575155,0.575155,0.72,256,64,64,576,liboqs,validator
ECDSA,sign,614597,0.614597,0.71,256,64,64,577,liboqs,validator
ECDSA,sign,586573,0.586573,0.72,256,64,64,578,liboqs,validator
ECDSA,sign,582469,0.582469,0.72,256,64,64,579,liboqs,validator
ECDSA,sign,592536,0.592536,0.71,256,64,64,580,liboqs,validator
ECDSA,sign,575460,0.57546,0.71,256,64,64,581,liboqs,validator
ECDSA,sign,574672,0.574672,0.71,256,64,64,582,liboqs,validator
ECDSA,sign,588764,0.588764,0.72,256,64,64,583,liboqs,validator
ECDSA,sign,574023,0.574023,0.71,256,64,64,584,liboqs,validator
ECDSA,sign,576643,0.576643,0.71,256,64,64,585,liboqs,validator
ECDSA,sign,577446,0.577446,0.72,256,64,64,586,liboqs,validator
ECDSA,sign,590763,0.590763,0.72,256,64,64,587,liboqs,validator
ECDSA,sign,579514,0.579514,0.72,256,64,64,588,liboqs,validator
ECDSA,sign,599298,0.599298,0.72,256,64,64,589,liboqs,validator
ECDSA,sign,583102,0.583102,0.72,256,64,64,590,liboqs,validator
ECDSA,sign,576645,0.576645,0.71,256,64,64,591,liboqs,validator
ECDSA,sign,575144,0.575144,0.72,256,64,64,592,liboqs,validator
ECDSA,sign,592865,0.592865,0.72,256,64,64,593,liboqs,validator
ECDSA,sign,573754,0.573754,0.72,256,64,64,594,liboqs,validator
ECDSA,sign,573085,0.573085,0.71,256,64,64,595,liboqs,validator
ECDSA,sign,581400,0.5814,0.72,256,64,64,596,liboqs,validator
ECDSA,sign,579319,0.579319,0.72,256,64,64,597,liboqs,validator
ECDSA,sign,588515,0.588515,0.71,256,64,64,598,liboqs,validator
ECDSA,sign,587045,0.587045,0.72,256,64,64,599,liboqs,validator
ECDSA,sign,582589,0.582589,0.72,256,64,64,600,liboqs,validator
ECDSA,sign,576439,0.576439,0.71,256,64,64,601,liboqs,validator
ECDSA,sign,583246,0.583246,0.72,256,64,64,602,liboqs,validator
ECDSA,sign,579917,0.579917,0.71,256,64,64,603,liboqs,validator
ECDSA,sign,572218,0.572218,0.72,256,64,64,604,liboqs,validator
ECDSA,sign,583959,0.583959,0.71,256,64,64,605,liboqs,validator
ECDSA,sign,584972,0.584972,0.72,256,64,64,606,liboqs,validator
ECDSA,sign,580129,0.580129,0.71,256,64,64,607,liboqs,validator
ECDSA,sign,599451,0.599451,0.72,256,64,64,608,liboqs,validator
ECDSA,sign,580548,0.580548,0.71,256,64,64,609,liboqs,validator
ECDSA,sign,571697,0.571697,0.72,256,64,64,610,liboqs,validator
ECDSA,sign,570556,0.570556,0.71,256,64,64,611,liboqs,validator
ECDSA,sign,585474,0.585474,0.72,256,64,64,612,liboqs,validator
ECDSA,sign,573045,0.573045,0.71,256,64,64,613,liboqs,validator
ECDSA,sign,623951,0.623951,0.71,256,64,64,614,liboqs,validator
ECDSA,sign,590243,0.590243,0.72,256,64,64,615,liboqs,validator
ECDSA,sign,586060,0.58606,0.72,256,64,64,616,liboqs,validator
ECDSA,sign,573021,0.573021,0.71,256,64,64,617,liboqs,validator
ECDSA,sign,603220,0.60322,0.72,256,64,64,618,liboqs,validator
ECDSA,sign,575556,0.575556,0.71,256,64,64,619,liboqs,validator
ECDSA,sign,579015,0.579015,0.72,256,64,64,620,liboqs,validator
ECDSA,sign,586571,0.586571,0.72,256,64,64,621,liboqs,validator
ECDSA,sign,577374,0.577374,0.72,256,64,64,622,liboqs,validator
ECDSA,sign,574140,0.57414,0.72,256,64,64,623,liboqs,validator
ECDSA,sign,588407,0.588407,0.71,256,64,64,624,liboqs,validator
ECDSA,sign,578741,0.578741,0.72,256,64,64,625,liboqs,validator
ECDSA,sign,575171,0.575171,0.71,256,64,64,626,liboqs,validator
ECDSA,sign,586389,0.586389,0.71,256,64,64,627,liboqs,validator
ECDSA,sign,591793,0.591793,0.71,256,64,64,628,liboqs,validator
ECDSA,sign,574827,0.574827,0.72,256,64,64,629,liboqs,validator
ECDSA,sign,575086,0.575086,0.71,256,64,64,630,liboqs,validator
ECDSA,sign,586210,0.58621,0.72,256,64,64,631,liboqs,validator
ECDSA,sign,573234,0.573234,0.71,256,64,64,632,liboqs,validator
ECDSA,sign,584768,0.584768,0.72,256,64,64,633,liboqs,validator
ECDSA,sign,593585,0.593585,0.71,256,64,64,634,liboqs,validator
ECDSA,sign,578124,0.578124,0.72,256,64,64,635,liboqs,validator
ECDSA,sign,572877,0.572877,0.72,256,64,64,636,liboqs,validator
ECDSA,sign,582326,0.582326,0.72,256,64,64,637,liboqs,validator
ECDSA,sign,580461,0.580461,0.71,256,64,64,638,liboqs,validator
ECDSA,sign,576121,0.576121,0.72,256,64,64,639,liboqs,validator
ECDSA,sign,689090,0.68909,0.71,256,64,64,640,liboqs,validator
ECDSA,sign,636990,0.63699,0.72,256,64,64,641,liboqs,validator
ECDSA,sign,612899,0.612899,0.71,256,64,64,642,liboqs,validator
ECDSA,sign,650672,0.650672,0.72,256,64,64,643,liboqs,validator
ECDSA,sign,627222,0.627222,0.71,256,64,64,644,liboqs,validator
ECDSA,sign,621186,0.621186,0.71,256,64,64,645,liboqs,validator
ECDSA,sign,631347,0.631347,0.71,256,64,64,646,liboqs,validator
ECDSA,sign,617148,0.617148,0.71,256,64,64,647,liboqs,validator
ECDSA,sign,610129,0.610129,0.72,256,64,64,648,liboqs,validator
ECDSA,sign,640160,0.64016,0.72,256,64,64,649,liboqs,validator
ECDSA,sign,595435,0.595435,0.72,256,64,64,650,liboqs,validator
ECDSA,sign,588938,0.588938,0.72,256,64,64,651,liboqs,validator
ECDSA,sign,601517,0.601517,0.71,256,64,64,652,liboqs,validator
ECDSA,sign,595771,0.595771,0.72,256,64,64,653,liboqs,validator
ECDSA,sign,593542,0.593542,0.72,256,64,64,654,liboqs,validator
ECDSA,sign,600910,0.60091,0.71,256,64,64,655,liboqs,validator
ECDSA,sign,585077,0.585077,0.72,256,64,64,656,liboqs,validator
ECDSA,sign,587218,0.587218,0.72,256,64,64,657,liboqs,validator
ECDSA,sign,598843,0.598843,0.71,256,64,64,658,liboqs,validator
ECDSA,sign,588057,0.588057,0.71,256,64,64,659,liboqs,validator
ECDSA,sign,600116,0.600116,0.71,256,64,64,660,liboqs,validator
ECDSA,sign,608407,0.608407,0.72,256,64,64,661,liboqs,validator
ECDSA,sign,594844,0.594844,0.71,256,64,64,662,liboqs,validator
ECDSA,sign,586299,0.586299,0.71,256,64,64,663,liboqs,validator
ECDSA,sign,580639,0.580639,0.71,256,64,64,664,liboqs,validator
ECDSA,sign,596079,0.596079,0.72,256,64,64,665,liboqs,validator
ECDSA,sign,602240,0.60224,0.71,256,64,64,666,liboqs,validator
ECDSA,sign,620453,0.620453,0.72,256,64,64,667,liboqs,validator
ECDSA,sign,605277,0.605277,0.72,256,64,64,668,liboqs,validator
ECDSA,sign,587464,0.587464,0.72,256,64,64,669,liboqs,validator
ECDSA,sign,579929,0.579929,0.72,256,64,64,670,liboqs,validator
ECDSA,sign,607638,0.607638,0.71,256,64,64,671,liboqs,validator
ECDSA,sign,583847,0.583847,0.71,256,64,64,672,liboqs,validator
ECDSA,sign,581718,0.581718,0.71,256,64,64,673,liboqs,validator
ECDSA,sign,585584,0.585584,0.72,256,64,64,674,liboqs,validator
ECDSA,sign,593709,0.593709,0.71,256,64,64,675,liboqs,validator
ECDSA,sign,577978,0.577978,0.71,256,64,64,676,liboqs,validator
ECDSA,sign,575525,0.575525,0.72,256,64,64,677,liboqs,validator
ECDSA,sign,595627,0.595627,0.71,256,64,64,678,liboqs,validator
ECDSA,sign,587334,0.587334,0.72,256,64,64,679,liboqs,validator
ECDSA,sign,588392,0.588392,0.72,256,64,64,680,liboqs,validator
ECDSA,sign,595639,0.595639,0.72,256,64,64,681,liboqs,validator
ECDSA,sign,577603,0.577603,0.72,256,64,64,682,liboqs,validator
ECDSA,sign,573209,0.573209,0.71,256,64,64,683,liboqs,validator
ECDSA,sign,595938,0.595938,0.72,256,64,64,684,liboqs,validator
ECDSA,sign,577218,0.577218,0.71,256,64,64,685,liboqs,validator
ECDSA,sign,574624,0.574624,0.71,256,64,64,686,liboqs,validator
ECDSA,sign,602765,0.602765,0.72,256,64,64,687,liboqs,validator
ECDSA,sign,579815,0.579815,0.71,256,64,64,688,liboqs,validator
ECDSA,sign,575361,0.575361,0.72,256,64,64,689,liboqs,validator
ECDSA,sign,586582,0.586582,0.71,256,64,64,690,liboqs,validator
ECDSA,sign,591173,0.591173,0.71,256,64,64,691,liboqs,validator
ECDSA,sign,577580,0.57758,0.72,256,64,64,692,liboqs,validator
ECDSA,sign,594919,0.594919,0.72,256,64,64,693,liboqs,validator
ECDSA,sign,602009,0.602009,0.72,256,64,64,694,liboqs,validator
ECDSA,sign,578154,0.578154,0.71,256,64,64,695,liboqs,validator
ECDSA,sign,584643,0.584643,0.71,256,64,64,696,liboqs,validator
ECDSA,sign,591829,0.591829,0.72,256,64,64,697,liboqs,validator
ECDSA,sign,578001,0.578001,0.72,256,64,64,698,liboqs,validator
ECDSA,sign,573361,0.573361,0.71,256,64,64,699,liboqs,validator
ECDSA,sign,600768,0.600768,0.72,256,64,64,700,liboqs,validator
ECDSA,sign,588960,0.58896,0.72,256,64,64,701,liboqs,validator
ECDSA,sign,574417,0.574417,0.71,256,64,64,702,liboqs,validator
ECDSA,sign,572120,0.57212,0.71,256,64,64,703,liboqs,validator
ECDSA,sign,588275,0.588275,0.72,256,64,64,704,liboqs,validator
ECDSA,sign,576817,0.576817,0.71,256,64,64,705,liboqs,validator
ECDSA,sign,571483,0.571483,0.71,256,64,64,706,liboqs,validator
ECDSA,sign,592722,0.592722,0.72,256,64,64,707,liboqs,validator
ECDSA,sign,591418,0.591418,0.72,256,64,64,708,liboqs,validator
ECDSA,sign,579864,0.579864,0.72,256,64,64,709,liboqs,validator
ECDSA,sign,586293,0.586293,0.71,256,64,64,710,liboqs,validator
ECDSA,sign,580783,0.580783,0.71,256,64,64,711,liboqs,validator
ECDSA,sign,575297,0.575297,0.72,256,64,64,712,liboqs,validator
ECDSA,sign,574068,0.574068,0.72,256,64,64,713,liboqs,validator
ECDSA,sign,616267,0.616267,0.72,256,64,64,714,liboqs,validator
ECDSA,sign,594611,0.594611,0.72,256,64,64,715,liboqs,validator
ECDSA,sign,576617,0.576617,0.71,256,64,64,716,liboqs,validator
ECDSA,sign,608769,0.608769,0.71,256,64,64,717,liboqs,validator
ECDSA,sign,586128,0.586128,0.71,256,64,64,718,liboqs,validator
ECDSA,sign,581063,0.581063,0.72,256,64,64,719,liboqs,validator
ECDSA,sign,597499,0.597499,0.71,256,64,64,720,liboqs,validator
ECDSA,sign,589634,0.589634,0.72,256,64,64,721,liboqs,validator
ECDSA,sign,575308,0.575308,0.72,256,64,64,722,liboqs,validator
ECDSA,sign,587078,0.587078,0.71,256,64,64,723,liboqs,validator
ECDSA,sign,582024,0.582024,0.71,256,64,64,724,liboqs,validator
ECDSA,sign,579060,0.57906,0.72,256,64,64,725,liboqs,validator
ECDSA,sign,596885,0.596885,0.71,256,64,64,726,liboqs,validator
ECDSA,sign,589760,0.58976,0.72,256,64,64,727,liboqs,validator
ECDSA,sign,593704,0.593704,0.72,256,64,64,728,liboqs,validator
ECDSA,sign,579462,0.579462,0.72,256,64,64,729,liboqs,validator
ECDSA,sign,586119,0.586119,0.72,256,64,64,730,liboqs,validator
ECDSA,sign,588419,0.588419,0.71,256,64,64,731,liboqs,validator
ECDSA,sign,575033,0.575033,0.72,256,64,64,732,liboqs,validator
ECDSA,sign,576603,0.576603,0.71,256,64,64,733,liboqs,validator
ECDSA,sign,594825,0.594825,0.72,256,64,64,734,liboqs,validator
ECDSA,sign,600156,0.600156,0.71,256,64,64,735,liboqs,validator
ECDSA,sign,576013,0.576013,0.71,256,64,64,736,liboqs,validator
ECDSA,sign,590061,0.590061,0.72,256,64,64,737,liboqs,validator
ECDSA,sign,574972,0.574972,0.72,256,64,64,738,liboqs,validator
ECDSA,sign,573551,0.573551,0.71,256,64,64,739,liboqs,validator
ECDSA,sign,585754,0.585754,0.72,256,64,64,740,liboqs,validator
ECDSA,sign,585089,0.585089,0.71,256,64,64,741,liboqs,validator
ECDSA,sign,583499,0.583499,0.71,256,64,64,742,liboqs,validator
ECDSA,sign,595680,0.59568,0.71,256,64,64,743,liboqs,validator
ECDSA,sign,696523,0.696523,0.71,256,64,64,744,liboqs,validator
ECDSA,sign,581947,0.581947,0.72,256,64,64,745,liboqs,validator
ECDSA,sign,572380,0.57238,0.72,256,64,64,746,liboqs,validator
ECDSA,sign,587503,0.587503,0.72,256,64,64,747,liboqs,validator
ECDSA,sign,591478,0.591478,0.72,256,64,64,748,liboqs,validator
ECDSA,sign,576108,0.576108,0.71,256,64,64,749,liboqs,validator
ECDSA,sign,584744,0.584744,0.71,256,64,64,750,liboqs,validator
ECDSA,sign,595863,0.595863,0.71,256,64,64,751,liboqs,validator
ECDSA,sign,578120,0.57812,0.72,256,64,64,752,liboqs,validator
ECDSA,sign,585560,0.58556,0.71,256,64,64,753,liboqs,validator
ECDSA,sign,587561,0.587561,0.72,256,64,64,754,liboqs,validator
ECDSA,sign,580802,0.580802,0.72,256,64,64,755,liboqs,validator
ECDSA,sign,588997,0.588997,0.71,256,64,64,756,liboqs,validator
ECDSA,sign,579085,0.579085,0.72,256,64,64,757,liboqs,validator
ECDSA,sign,574643,0.574643,0.71,256,64,64,758,liboqs,validator
ECDSA,sign,594566,0.594566,0.71,256,64,64,759,liboqs,validator
ECDSA,sign,590246,0.590246,0.72,256,64,64,760,liboqs,validator
ECDSA,sign,574482,0.574482,0.71,256,64,64,761,liboqs,validator
ECDSA,sign,583127,0.583127,0.72,256,64,64,762,liboqs,validator
ECDSA,sign,589174,0.589174,0.71,256,64,64,763,liboqs,validator
ECDSA,sign,578258,0.578258,0.71,256,64,64,764,liboqs,validator
ECDSA,sign,577084,0.577084,0.71,256,64,64,765,liboqs,validator
ECDSA,sign,588662,0.588662,0.71,256,64,64,766,liboqs,validator
ECDSA,sign,584404,0.584404,0.71,256,64,64,767,liboqs,validator
ECDSA,sign,583953,0.583953,0.72,256,64,64,768,liboqs,validator
ECDSA,sign,605768,0.605768,0.71,256,64,64,769,liboqs,validator
ECDSA,sign,583260,0.58326,0.72,256,64,64,770,liboqs,validator
ECDSA,sign,616088,0.616088,0.71,256,64,64,771,liboqs,validator
ECDSA,sign,592271,0.592271,0.71,256,64,64,772,liboqs,validator
ECDSA,sign,581724,0.581724,0.71,256,64,64,773,liboqs,validator
ECDSA,sign,575887,0.575887,0.72,256,64,64,774,liboqs,validator
ECDSA,sign,589972,0.589972,0.72,256,64,64,775,liboqs,validator
ECDSA,sign,592076,0.592076,0.71,256,64,64,776,liboqs,validator
ECDSA,sign,578914,0.578914,0.71,256,64,64,777,liboqs,validator
ECDSA,sign,574598,0.574598,0.71,256,64,64,778,liboqs,validator
ECDSA,sign,586722,0.586722,0.72,256,64,64,779,liboqs,validator
ECDSA,sign,575457,0.575457,0.72,256,64,64,780,liboqs,validator
ECDSA,sign,570897,0.570897,0.71,256,64,64,781,liboqs,validator
ECDSA,sign,596486,0.596486,0.71,256,64,64,782,liboqs,validator
ECDSA,sign,584717,0.584717,0.71,256,64,64,783,liboqs,validator
ECDSA,sign,572691,0.572691,0.71,256,64,64,784,liboqs,validator
ECDSA,sign,593506,0.593506,0.71,256,64,64,785,liboqs,validator
ECDSA,sign,575513,0.575513,0.71,256,64,64,786,liboqs,validator
ECDSA,sign,574222,0.574222,0.71,256,64,64,787,liboqs,validator
ECDSA,sign,570584,0.570584,0.72,256,64,64,788,liboqs,validator
ECDSA,sign,598125,0.598125,0.72,256,64,64,789,liboqs,validator
ECDSA,sign,576626,0.576626,0.72,256,64,64,790,liboqs,validator
ECDSA,sign,582133,0.582133,0.72,256,64,64,791,liboqs,validator
ECDSA,sign,584586,0.584586,0.71,256,64,64,792,liboqs,validator
ECDSA,sign,596960,0.59696,0.72,256,64,64,793,liboqs,validator
ECDSA,sign,588700,0.5887,0.71,256,64,64,794,liboqs,validator
ECDSA,sign,577972,0.577972,0.72,256,64,64,795,liboqs,validator
ECDSA,sign,579156,0.579156,0.71,256,64,64,796,liboqs,validator
ECDSA,sign,631235,0.631235,0.72,256,64,64,797,liboqs,validator
ECDSA,sign,630170,0.63017,0.71,256,64,64,798,liboqs,validator
ECDSA,sign,589469,0.589469,0.71,256,64,64,799,liboqs,validator
ECDSA,sign,579860,0.57986,0.71,256,64,64,800,liboqs,validator
ECDSA,sign,593629,0.593629,0.71,256,64,64,801,liboqs,validator
ECDSA,sign,598447,0.598447,0.71,256,64,64,802,liboqs,validator
ECDSA,sign,599924,0.599924,0.72,256,64,64,803,liboqs,validator
ECDSA,sign,582674,0.582674,0.72,256,64,64,804,liboqs,validator
ECDSA,sign,593249,0.593249,0.72,256,64,64,805,liboqs,validator
ECDSA,sign,577648,0.577648,0.71,256,64,64,806,liboqs,validator
ECDSA,sign,576600,0.5766,0.72,256,64,64,807,liboqs,validator
ECDSA,sign,597299,0.597299,0.72,256,64,64,808,liboqs,validator
ECDSA,sign,586958,0.586958,0.71,256,64,64,809,liboqs,validator
ECDSA,sign,583495,0.583495,0.72,256,64,64,810,liboqs,validator
ECDSA,sign,594863,0.594863,0.72,256,64,64,811,liboqs,validator
ECDSA,sign,580033,0.580033,0.71,256,64,64,812,liboqs,validator
ECDSA,sign,580011,0.580011,0.71,256,64,64,813,liboqs,validator
ECDSA,sign,600660,0.60066,0.72,256,64,64,814,liboqs,validator
ECDSA,sign,594878,0.594878,0.72,256,64,64,815,liboqs,validator
ECDSA,sign,586286,0.586286,0.71,256,64,64,816,liboqs,validator
ECDSA,sign,593411,0.593411,0.71,256,64,64,817,liboqs,validator
ECDSA,sign,581318,0.581318,0.71,256,64,64,818,liboqs,validator
ECDSA,sign,598687,0.598687,0.72,256,64,64,819,liboqs,validator
ECDSA,sign,612715,0.612715,0.72,256,64,64,820,liboqs,validator
ECDSA,sign,583951,0.583951,0.71,256,64,64,821,liboqs,validator
ECDSA,sign,583366,0.583366,0.71,256,64,64,822,liboqs,validator
ECDSA,sign,582354,0.582354,0.72,256,64,64,823,liboqs,validator
ECDSA,sign,599678,0.599678,0.72,256,64,64,824,liboqs,validator
ECDSA,sign,600288,0.600288,0.71,256,64,64,825,liboqs,validator
ECDSA,sign,604205,0.604205,0.71,256,64,64,826,liboqs,validator
ECDSA,sign,598710,0.59871,0.72,256,64,64,827,liboqs,validator
ECDSA,sign,583220,0.58322,0.71,256,64,64,828,liboqs,validator
ECDSA,sign,591643,0.591643,0.72,256,64,64,829,liboqs,validator
ECDSA,sign,596380,0.59638,0.72,256,64,64,830,liboqs,validator
ECDSA,sign,583531,0.583531,0.72,256,64,64,831,liboqs,validator
ECDSA,sign,577015,0.577015,0.71,256,64,64,832,liboqs,validator
ECDSA,sign,594608,0.594608,0.71,256,64,64,833,liboqs,validator
ECDSA,sign,576943,0.576943,0.71,256,64,64,834,liboqs,validator
ECDSA,sign,579032,0.579032,0.71,256,64,64,835,liboqs,validator
ECDSA,sign,602708,0.602708,0.72,256,64,64,836,liboqs,validator
ECDSA,sign,582731,0.582731,0.72,256,64,64,837,liboqs,validator
ECDSA,sign,584392,0.584392,0.72,256,64,64,838,liboqs,validator
ECDSA,sign,595019,0.595019,0.71,256,64,64,839,liboqs,validator
ECDSA,sign,584630,0.58463,0.71,256,64,64,840,liboqs,validator
ECDSA,sign,576827,0.576827,0.71,256,64,64,841,liboqs,validator
ECDSA,sign,580554,0.580554,0.72,256,64,64,842,liboqs,validator
ECDSA,sign,598280,0.59828,0.72,256,64,64,843,liboqs,validator
ECDSA,sign,581304,0.581304,0.72,256,64,64,844,liboqs,validator
ECDSA,sign,576270,0.57627,0.71,256,64,64,845,liboqs,validator
ECDSA,sign,584578,0.584578,0.71,256,64,64,846,liboqs,validator
ECDSA,sign,578133,0.578133,0.71,256,64,64,847,liboqs,validator
ECDSA,sign,574569,0.574569,0.72,256,64,64,848,liboqs,validator
ECDSA,sign,584847,0.584847,0.72,256,64,64,849,liboqs,validator
ECDSA,sign,604301,0.604301,0.71,256,64,64,850,liboqs,validator
ECDSA,sign,574975,0.574975,0.72,256,64,64,851,liboqs,validator
ECDSA,sign,572813,0.572813,0.72,256,64,64,852,liboqs,validator
ECDSA,sign,587381,0.587381,0.72,256,64,64,853,liboqs,validator
ECDSA,sign,575869,0.575869,0.72,256,64,64,854,liboqs,validator
ECDSA,sign,573772,0.573772,0.72,256,64,64,855,liboqs,validator
ECDSA,sign,609075,0.609075,0.71,256,64,64,856,liboqs,validator
ECDSA,sign,582012,0.582012,0.71,256,64,64,857,liboqs,validator
ECDSA,sign,574946,0.574946,0.72,256,64,64,858,liboqs,validator
ECDSA,sign,572958,0.572958,0.72,256,64,64,859,liboqs,validator
ECDSA,sign,597089,0.597089,0.71,256,64,64,860,liboqs,validator
ECDSA,sign,573998,0.573998,0.71,256,64,64,861,liboqs,validator
ECDSA,sign,570087,0.570087,0.72,256,64,64,862,liboqs,validator
ECDSA,sign,624174,0.624174,0.72,256,64,64,863,liboqs,validator
ECDSA,sign,695260,0.69526,0.72,256,64,64,864,liboqs,validator
ECDSA,sign,702637,0.702637,0.71,256,64,64,865,liboqs,validator
ECDSA,sign,629719,0.629719,0.72,256,64,64,866,liboqs,validator
ECDSA,sign,589757,0.589757,0.72,256,64,64,867,liboqs,validator
ECDSA,sign,597405,0.597405,0.72,256,64,64,868,liboqs,validator
ECDSA,sign,603141,0.603141,0.71,256,64,64,869,liboqs,validator
ECDSA,sign,606037,0.606037,0.72,256,64,64,870,liboqs,validator
ECDSA,sign,596640,0.59664,0.71,256,64,64,871,liboqs,validator
ECDSA,sign,578710,0.57871,0.71,256,64,64,872,liboqs,validator
ECDSA,sign,576163,0.576163,0.71,256,64,64,873,liboqs,validator
ECDSA,sign,575514,0.575514,0.72,256,64,64,874,liboqs,validator
ECDSA,sign,592320,0.59232,0.71,256,64,64,875,liboqs,validator
ECDSA,sign,587056,0.587056,0.71,256,64,64,876,liboqs,validator
ECDSA,sign,589640,0.58964,0.71,256,64,64,877,liboqs,validator
ECDSA,sign,611814,0.611814,0.71,256,64,64,878,liboqs,validator
ECDSA,sign,590690,0.59069,0.72,256,64,64,879,liboqs,validator
ECDSA,sign,612275,0.612275,0.71,256,64,64,880,liboqs,validator
ECDSA,sign,622616,0.622616,0.71,256,64,64,881,liboqs,validator
ECDSA,sign,600811,0.600811,0.72,256,64,64,882,liboqs,validator
ECDSA,sign,608438,0.608438,0.72,256,64,64,883,liboqs,validator
ECDSA,sign,595053,0.595053,0.72,256,64,64,884,liboqs,validator
ECDSA,sign,589868,0.589868,0.72,256,64,64,885,liboqs,validator
ECDSA,sign,581821,0.581821,0.71,256,64,64,886,liboqs,validator
ECDSA,sign,578010,0.57801,0.72,256,64,64,887,liboqs,validator
ECDSA,sign,592718,0.592718,0.71,256,64,64,888,liboqs,validator
ECDSA,sign,594048,0.594048,0.72,256,64,64,889,liboqs,validator
ECDSA,sign,581626,0.581626,0.71,256,64,64,890,liboqs,validator
ECDSA,sign,599575,0.599575,0.72,256,64,64,891,liboqs,validator
ECDSA,sign,587880,0.58788,0.71,256,64,64,892,liboqs,validator
ECDSA,sign,579767,0.579767,0.72,256,64,64,893,liboqs,validator
ECDSA,sign,593006,0.593006,0.71,256,64,64,894,liboqs,validator
ECDSA,sign,587658,0.587658,0.72,256,64,64,895,liboqs,validator
ECDSA,sign,588158,0.588158,0.72,256,64,64,896,liboqs,validator
ECDSA,sign,601783,0.601783,0.72,256,64,64,897,liboqs,validator
ECDSA,sign,628739,0.628739,0.71,256,64,64,898,liboqs,validator
ECDSA,sign,634402,0.634402,0.72,256,64,64,899,liboqs,validator
ECDSA,sign,584844,0.584844,0.72,256,64,64,900,liboqs,validator
ECDSA,sign,600167,0.600167,0.71,256,64,64,901,liboqs,validator
ECDSA,sign,586270,0.58627,0.71,256,64,64,902,liboqs,validator
ECDSA,sign,680419,0.680419,0.71,256,64,64,903,liboqs,validator
ECDSA,sign,590292,0.590292,0.72,256,64,64,904,liboqs,validator
ECDSA,sign,583511,0.583511,0.71,256,64,64,905,liboqs,validator
ECDSA,sign,597362,0.597362,0.72,256,64,64,906,liboqs,validator
ECDSA,sign,578838,0.578838,0.71,256,64,64,907,liboqs,validator
ECDSA,sign,576308,0.576308,0.71,256,64,64,908,liboqs,validator
ECDSA,sign,594574,0.594574,0.71,256,64,64,909,liboqs,validator
ECDSA,sign,585022,0.585022,0.72,256,64,64,910,liboqs,validator
ECDSA,sign,579702,0.579702,0.72,256,64,64,911,liboqs,validator
ECDSA,sign,588521,0.588521,0.72,256,64,64,912,liboqs,validator
ECDSA,sign,591607,0.591607,0.72,256,64,64,913,liboqs,validator
ECDSA,sign,579681,0.579681,0.71,256,64,64,914,liboqs,validator
ECDSA,sign,589048,0.589048,0.72,256,64,64,915,liboqs,validator
ECDSA,sign,594499,0.594499,0.71,256,64,64,916,liboqs,validator
ECDSA,sign,580919,0.580919,0.71,256,64,64,917,liboqs,validator
ECDSA,sign,576227,0.576227,0.72,256,64,64,918,liboqs,validator
ECDSA,sign,590054,0.590054,0.72,256,64,64,919,liboqs,validator
ECDSA,sign,600049,0.600049,0.72,256,64,64,920,liboqs,validator
ECDSA,sign,575561,0.575561,0.72,256,64,64,921,liboqs,validator
ECDSA,sign,582658,0.582658,0.71,256,64,64,922,liboqs,validator
ECDSA,sign,589493,0.589493,0.71,256,64,64,923,liboqs,validator
ECDSA,sign,577090,0.57709,0.71,256,64,64,924,liboqs,validator
ECDSA,sign,595073,0.595073,0.72,256,64,64,925,liboqs,validator
ECDSA,sign,590794,0.590794,0.72,256,64,64,926,liboqs,validator
ECDSA,sign,576350,0.57635,0.72,256,64,64,927,liboqs,validator
ECDSA,sign,578550,0.57855,0.71,256,64,64,928,liboqs,validator
ECDSA,sign,625329,0.625329,0.72,256,64,64,929,liboqs,validator
ECDSA,sign,608857,0.608857,0.72,256,64,64,930,liboqs,validator
ECDSA,sign,596559,0.596559,0.71,256,64,64,931,liboqs,validator
ECDSA,sign,745757,0.745757,0.71,256,64,64,932,liboqs,validator
ECDSA,sign,614067,0.614067,0.72,256,64,64,933,liboqs,validator
ECDSA,sign,587186,0.587186,0.71,256,64,64,934,liboqs,validator
ECDSA,sign,602920,0.60292,0.72,256,64,64,935,liboqs,validator
ECDSA,sign,613843,0.613843,0.72,256,64,64,936,liboqs,validator
ECDSA,sign,586907,0.586907,0.72,256,64,64,937,liboqs,validator
ECDSA,sign,597528,0.597528,0.71,256,64,64,938,liboqs,validator
ECDSA,sign,585050,0.58505,0.71,256,64,64,939,liboqs,validator
ECDSA,sign,592821,0.592821,0.72,256,64,64,940,liboqs,validator
ECDSA,sign,601073,0.601073,0.72,256,64,64,941,liboqs,validator
ECDSA,sign,594494,0.594494,0.72,256,64,64,942,liboqs,validator
ECDSA,sign,607526,0.607526,0.71,256,64,64,943,liboqs,validator
ECDSA,sign,598710,0.59871,0.72,256,64,64,944,liboqs,validator
ECDSA,sign,627229,0.627229,0.72,256,64,64,945,liboqs,validator
ECDSA,sign,596163,0.596163,0.71,256,64,64,946,liboqs,validator
ECDSA,sign,592417,0.592417,0.71,256,64,64,947,liboqs,validator
ECDSA,sign,605971,0.605971,0.72,256,64,64,948,liboqs,validator
ECDSA,sign,597733,0.597733,0.71,256,64,64,949,liboqs,validator
ECDSA,sign,586873,0.586873,0.72,256,64,64,950,liboqs,validator
ECDSA,sign,600010,0.60001,0.72,256,64,64,951,liboqs,validator
ECDSA,sign,579065,0.579065,0.71,256,64,64,952,liboqs,validator
ECDSA,sign,577427,0.577427,0.71,256,64,64,953,liboqs,validator
ECDSA,sign,592465,0.592465,0.71,256,64,64,954,liboqs,validator
ECDSA,sign,606199,0.606199,0.72,256,64,64,955,liboqs,validator
ECDSA,sign,601157,0.601157,0.71,256,64,64,956,liboqs,validator
ECDSA,sign,598106,0.598106,0.72,256,64,64,957,liboqs,validator
ECDSA,sign,581679,0.581679,0.71,256,64,64,958,liboqs,validator
ECDSA,sign,614846,0.614846,0.72,256,64,64,959,liboqs,validator
ECDSA,sign,601998,0.601998,0.72,256,64,64,960,liboqs,validator
ECDSA,sign,581662,0.581662,0.71,256,64,64,961,liboqs,validator
ECDSA,sign,581410,0.58141,0.71,256,64,64,962,liboqs,validator
ECDSA,sign,598013,0.598013,0.71,256,64,64,963,liboqs,validator
ECDSA,sign,583297,0.583297,0.72,256,64,64,964,liboqs,validator
ECDSA,sign,587715,0.587715,0.71,256,64,64,965,liboqs,validator
ECDSA,sign,592794,0.592794,0.71,256,64,64,966,liboqs,validator
ECDSA,sign,583611,0.583611,0.72,256,64,64,967,liboqs,validator
ECDSA,sign,574114,0.574114,0.72,256,64,64,968,liboqs,validator
ECDSA,sign,602535,0.602535,0.72,256,64,64,969,liboqs,validator
ECDSA,sign,657793,0.657793,0.71,256,64,64,970,liboqs,validator
ECDSA,sign,588866,0.588866,0.71,256,64,64,971,liboqs,validator
ECDSA,sign,594811,0.594811,0.71,256,64,64,972,liboqs,validator
ECDSA,sign,583942,0.583942,0.71,256,64,64,973,liboqs,validator
ECDSA,sign,587566,0.587566,0.72,256,64,64,974,liboqs,validator
ECDSA,sign,590705,0.590705,0.71,256,64,64,975,liboqs,validator
ECDSA,sign,604318,0.604318,0.71,256,64,64,976,liboqs,validator
ECDSA,sign,578211,0.578211,0.72,256,64,64,977,liboqs,validator
ECDSA,sign,599085,0.599085,0.71,256,64,64,978,liboqs,validator
ECDSA,sign,591746,0.591746,0.71,256,64,64,979,liboqs,validator
ECDSA,sign,578482,0.578482,0.72,256,64,64,980,liboqs,validator
ECDSA,sign,577259,0.577259,0.71,256,64,64,981,liboqs,validator
ECDSA,sign,596584,0.596584,0.72,256,64,64,982,liboqs,validator
ECDSA,sign,589017,0.589017,0.71,256,64,64,983,liboqs,validator
ECDSA,sign,594763,0.594763,0.71,256,64,64,984,liboqs,validator
ECDSA,sign,593413,0.593413,0.71,256,64,64,985,liboqs,validator
ECDSA,sign,586068,0.586068,0.72,256,64,64,986,liboqs,validator
ECDSA,sign,590697,0.590697,0.71,256,64,64,987,liboqs,validator
ECDSA,sign,628484,0.628484,0.72,256,64,64,988,liboqs,validator
ECDSA,sign,638762,0.638762,0.72,256,64,64,989,liboqs,validator
ECDSA,sign,591430,0.59143,0.71,256,64,64,990,liboqs,validator
ECDSA,sign,599398,0.599398,0.71,256,64,64,991,liboqs,validator
ECDSA,sign,636911,0.636911,0.72,256,64,64,992,liboqs,validator
ECDSA,sign,589634,0.589634,0.71,256,64,64,993,liboqs,validator
ECDSA,sign,652509,0.652509,0.71,256,64,64,994,liboqs,validator
ECDSA,sign,624873,0.624873,0.72,256,64,64,995,liboqs,validator
ECDSA,sign,625793,0.625793,0.71,256,64,64,996,liboqs,validator
ECDSA,sign,586068,0.586068,0.72,256,64,64,997,liboqs,validator
ECDSA,sign,599752,0.599752,0.71,256,64,64,998,liboqs,validator
ECDSA,sign,595100,0.5951,0.71,256,64,64,999,liboqs,validator
ECDSA,verify,232515,0.232515,1.05,256,64,64,0,liboqs,validator
ECDSA,verify,217643,0.217643,1.13,256,64,64,1,liboqs,validator
ECDSA,verify,210897,0.210897,0.99,256,64,64,2,liboqs,validator
ECDSA,verify,215073,0.215073,1.59,256,64,64,3,liboqs,validator
ECDSA,verify,213672,0.213672,0.99,256,64,64,4,liboqs,validator
ECDSA,verify,210060,0.21006,0.99,256,64,64,5,liboqs,validator
ECDSA,verify,218794,0.218794,0.99,256,64,64,6,liboqs,validator
ECDSA,verify,222198,0.222198,0.99,256,64,64,7,liboqs,validator
ECDSA,verify,224059,0.224059,0.99,256,64,64,8,liboqs,validator
ECDSA,verify,216120,0.21612,0.99,256,64,64,9,liboqs,validator
ECDSA,verify,223901,0.223901,0.99,256,64,64,10,liboqs,validator
ECDSA,verify,221324,0.221324,0.99,256,64,64,11,liboqs,validator
ECDSA,verify,209206,0.209206,0.99,256,64,64,12,liboqs,validator
ECDSA,verify,217562,0.217562,0.99,256,64,64,13,liboqs,validator
ECDSA,verify,228754,0.228754,0.99,256,64,64,14,liboqs,validator
ECDSA,verify,267887,0.267887,0.99,256,64,64,15,liboqs,validator
ECDSA,verify,277994,0.277994,0.99,256,64,64,16,liboqs,validator
ECDSA,verify,231405,0.231405,0.99,256,64,64,17,liboqs,validator
ECDSA,verify,223235,0.223235,0.99,256,64,64,18,liboqs,validator
ECDSA,verify,212488,0.212488,0.99,256,64,64,19,liboqs,validator
ECDSA,verify,211220,0.21122,0.99,256,64,64,20,liboqs,validator
ECDSA,verify,212118,0.212118,0.99,256,64,64,21,liboqs,validator
ECDSA,verify,207265,0.207265,0.99,256,64,64,22,liboqs,validator
ECDSA,verify,211823,0.211823,0.99,256,64,64,23,liboqs,validator
ECDSA,verify,245094,0.245094,0.99,256,64,64,24,liboqs,validator
ECDSA,verify,225843,0.225843,0.99,256,64,64,25,liboqs,validator
ECDSA,verify,221876,0.221876,0.99,256,64,64,26,liboqs,validator
ECDSA,verify,214032,0.214032,0.99,256,64,64,27,liboqs,validator
ECDSA,verify,209175,0.209175,0.99,256,64,64,28,liboqs,validator
ECDSA,verify,215344,0.215344,0.99,256,64,64,29,liboqs,validator
ECDSA,verify,209245,0.209245,0.99,256,64,64,30,liboqs,validator
ECDSA,verify,211938,0.211938,0.99,256,64,64,31,liboqs,validator
ECDSA,verify,217987,0.217987,0.99,256,64,64,32,liboqs,validator
ECDSA,verify,210876,0.210876,0.99,256,64,64,33,liboqs,validator
ECDSA,verify,208199,0.208199,0.99,256,64,64,34,liboqs,validator
ECDSA,verify,211555,0.211555,0.99,256,64,64,35,liboqs,validator
ECDSA,verify,210242,0.210242,0.99,256,64,64,36,liboqs,validator
ECDSA,verify,205740,0.20574,0.99,256,64,64,37,liboqs,validator
ECDSA,verify,213180,0.21318,0.99,256,64,64,38,liboqs,validator
ECDSA,verify,207005,0.207005,0.99,256,64,64,39,liboqs,validator
ECDSA,verify,211665,0.211665,0.99,256,64,64,40,liboqs,validator
ECDSA,verify,208183,0.208183,0.99,256,64,64,41,liboqs,validator
ECDSA,verify,205988,0.205988,0.99,256,64,64,42,liboqs,validator
ECDSA,verify,263476,0.263476,0.99,256,64,64,43,liboqs,validator
ECDSA,verify,237701,0.237701,0.99,256,64,64,44,liboqs,validator
ECDSA,verify,236722,0.236722,0.99,256,64,64,45,liboqs,validator
ECDSA,verify,214036,0.214036,0.99,256,64,64,46,liboqs,validator
ECDSA,verify,209468,0.209468,0.99,256,64,64,47,liboqs,validator
ECDSA,verify,208768,0.208768,0.99,256,64,64,48,liboqs,validator
ECDSA,verify,210444,0.210444,0.99,256,64,64,49,liboqs,validator
ECDSA,verify,239818,0.239818,0.99,256,64,64,50,liboqs,validator
ECDSA,verify,215560,0.21556,0.99,256,64,64,51,liboqs,validator
ECDSA,verify,215311,0.215311,0.99,256,64,64,52,liboqs,validator
ECDSA,verify,210852,0.210852,0.99,256,64,64,53,liboqs,validator
ECDSA,verify,207094,0.207094,0.99,256,64,64,54,liboqs,validator
ECDSA,verify,215815,0.215815,0.99,256,64,64,55,liboqs,validator
ECDSA,verify,211606,0.211606,0.99,256,64,64,56,liboqs,validator
ECDSA,verify,215857,0.215857,0.99,256,64,64,57,liboqs,validator
ECDSA,verify,206199,0.206199,0.99,256,64,64,58,liboqs,validator
ECDSA,verify,208251,0.208251,0.99,256,64,64,59,liboqs,validator
ECDSA,verify,218636,0.218636,0.99,256,64,64,60,liboqs,validator
ECDSA,verify,207366,0.207366,0.99,256,64,64,61,liboqs,validator
ECDSA,verify,217145,0.217145,0.99,256,64,64,62,liboqs,validator
ECDSA,verify,211964,0.211964,0.99,256,64,64,63,liboqs,validator
ECDSA,verify,219343,0.219343,0.99,256,64,64,64,liboqs,validator
ECDSA,verify,213339,0.213339,0.99,256,64,64,65,liboqs,validator
ECDSA,verify,209855,0.209855,0.99,256,64,64,66,liboqs,validator
ECDSA,verify,211245,0.211245,0.99,256,64,64,67,liboqs,validator
ECDSA,verify,205636,0.205636,0.99,256,64,64,68,liboqs,validator
ECDSA,verify,215052,0.215052,0.99,256,64,64,69,liboqs,validator
ECDSA,verify,210271,0.210271,0.99,256,64,64,70,liboqs,validator
ECDSA,verify,229623,0.229623,0.99,256,64,64,71,liboqs,validator
ECDSA,verify,216990,0.21699,0.99,256,64,64,72,liboqs,validator
ECDSA,verify,204541,0.204541,0.99,256,64,64,73,liboqs,validator
ECDSA,verify,206125,0.206125,0.99,256,64,64,74,liboqs,validator
ECDSA,verify,206162,0.206162,0.99,256,64,64,75,liboqs,validator
ECDSA,verify,217869,0.217869,0.99,256,64,64,76,liboqs,validator
ECDSA,verify,209024,0.209024,0.99,256,64,64,77,liboqs,validator
ECDSA,verify,213516,0.213516,0.99,256,64,64,78,liboqs,validator
ECDSA,verify,212265,0.212265,0.99,256,64,64,79,liboqs,validator
ECDSA,verify,206293,0.206293,0.99,256,64,64,80,liboqs,validator
ECDSA,verify,216741,0.216741,0.99,256,64,64,81,liboqs,validator
ECDSA,verify,221449,0.221449,0.99,256,64,64,82,liboqs,validator
ECDSA,verify,228676,0.228676,0.99,256,64,64,83,liboqs,validator
ECDSA,verify,211785,0.211785,0.99,256,64,64,84,liboqs,validator
ECDSA,verify,212667,0.212667,0.99,256,64,64,85,liboqs,validator
ECDSA,verify,215245,0.215245,0.99,256,64,64,86,liboqs,validator
ECDSA,verify,208228,0.208228,0.99,256,64,64,87,liboqs,validator
ECDSA,verify,226883,0.226883,0.99,256,64,64,88,liboqs,validator
ECDSA,verify,212825,0.212825,0.99,256,64,64,89,liboqs,validator
ECDSA,verify,205784,0.205784,0.99,256,64,64,90,liboqs,validator
ECDSA,verify,213952,0.213952,0.99,256,64,64,91,liboqs,validator
ECDSA,verify,215279,0.215279,0.99,256,64,64,92,liboqs,validator
ECDSA,verify,211497,0.211497,0.99,256,64,64,93,liboqs,validator
ECDSA,verify,203867,0.203867,0.99,256,64,64,94,liboqs,validator
ECDSA,verify,208249,0.208249,0.99,256,64,64,95,liboqs,validator
ECDSA,verify,211327,0.211327,0.99,256,64,64,96,liboqs,validator
ECDSA,verify,206660,0.20666,0.99,256,64,64,97,liboqs,validator
ECDSA,verify,210489,0.210489,0.99,256,64,64,98,liboqs,validator
ECDSA,verify,206359,0.206359,0.99,256,64,64,99,liboqs,validator
ECDSA,verify,213258,0.213258,0.99,256,64,64,100,liboqs,validator
ECDSA,verify,216031,0.216031,0.99,256,64,64,101,liboqs,validator
ECDSA,verify,217317,0.217317,0.99,256,64,64,102,liboqs,validator
ECDSA,verify,213305,0.213305,0.99,256,64,64,103,liboqs,validator
ECDSA,verify,211147,0.211147,0.99,256,64,64,104,liboqs,validator
ECDSA,verify,215346,0.215346,0.99,256,64,64,105,liboqs,validator
ECDSA,verify,211511,0.211511,0.99,256,64,64,106,liboqs,validator
ECDSA,verify,216590,0.21659,0.99,256,64,64,107,liboqs,validator
ECDSA,verify,210098,0.210098,0.99,256,64,64,108,liboqs,validator
ECDSA,verify,204775,0.204775,0.99,256,64,64,109,liboqs,validator
ECDSA,verify,211967,0.211967,0.99,256,64,64,110,liboqs,validator
ECDSA,verify,213869,0.213869,0.99,256,64,64,111,liboqs,validator
ECDSA,verify,216673,0.216673,0.99,256,64,64,112,liboqs,validator
ECDSA,verify,210189,0.210189,0.99,256,64,64,113,liboqs,validator
ECDSA,verify,206222,0.206222,0.99,256,64,64,114,liboqs,validator
ECDSA,verify,211371,0.211371,0.99,256,64,64,115,liboqs,validator
ECDSA,verify,213762,0.213762,0.99,256,64,64,116,liboqs,validator
ECDSA,verify,211714,0.211714,0.99,256,64,64,117,liboqs,validator
ECDSA,verify,205271,0.205271,0.99,256,64,64,118,liboqs,validator
ECDSA,verify,205151,0.205151,0.99,256,64,64,119,liboqs,validator
ECDSA,verify,209527,0.209527,0.99,256,64,64,120,liboqs,validator
ECDSA,verify,223938,0.223938,0.99,256,64,64,121,liboqs,validator
ECDSA,verify,216543,0.216543,0.99,256,64,64,122,liboqs,validator
ECDSA,verify,212594,0.212594,0.99,256,64,64,123,liboqs,validator
ECDSA,verify,206586,0.206586,0.99,256,64,64,124,liboqs,validator
ECDSA,verify,215998,0.215998,0.99,256,64,64,125,liboqs,validator
ECDSA,verify,420614,0.420614,0.99,256,64,64,126,liboqs,validator
ECDSA,verify,1156596,1.156596,0.99,256,64,64,127,liboqs,validator
ECDSA,verify,1556298,1.556298,0.99,256,64,64,128,liboqs,validator
ECDSA,verify,455238,0.455238,0.99,256,64,64,129,liboqs,validator
ECDSA,verify,716339,0.716339,0.99,256,64,64,130,liboqs,validator
ECDSA,verify,860915,0.860915,0.99,256,64,64,131,liboqs,validator
ECDSA,verify,995155,0.995155,0.99,256,64,64,132,liboqs,validator
ECDSA,verify,1357545,1.357545,0.99,256,64,64,133,liboqs,validator
ECDSA,verify,1156953,1.156953,0.99,256,64,64,134,liboqs,validator
ECDSA,verify,973127,0.973127,0.99,256,64,64,135,liboqs,validator
ECDSA,verify,1454158,1.454158,0.99,256,64,64,136,liboqs,validator
ECDSA,verify,851208,0.851208,0.99,256,64,64,137,liboqs,validator
ECDSA,verify,1035427,1.035427,0.99,256,64,64,138,liboqs,validator
ECDSA,verify,1488228,1.488228,0.99,256,64,64,139,liboqs,validator
ECDSA,verify,303202,0.303202,0.99,256,64,64,140,liboqs,validator
ECDSA,verify,297800,0.2978,0.99,256,64,64,141,liboqs,validator
ECDSA,verify,1455204,1.455204,0.99,256,64,64,142,liboqs,validator
ECDSA,verify,949501,0.949501,0.99,256,64,64,143,liboqs,validator
ECDSA,verify,1297216,1.297216,0.99,256,64,64,144,liboqs,validator
ECDSA,verify,1045703,1.045703,0.99,256,64,64,145,liboqs,validator
ECDSA,verify,664604,0.664604,0.99,256,64,64,146,liboqs,validator
ECDSA,verify,576642,0.576642,0.99,256,64,64,147,liboqs,validator
ECDSA,verify,391867,0.391867,0.99,256,64,64,148,liboqs,validator
ECDSA,verify,1382516,1.382516,0.99,256,64,64,149,liboqs,validator
ECDSA,verify,603671,0.603671,0.99,256,64,64,150,liboqs,validator
ECDSA,verify,1056432,1.056432,0.99,256,64,64,151,liboqs,validator
ECDSA,verify,1134727,1.134727,0.99,256,64,64,152,liboqs,validator
ECDSA,verify,1271995,1.271995,0.99,256,64,64,153,liboqs,validator
ECDSA,verify,979597,0.979597,0.99,256,64,64,154,liboqs,validator
ECDSA,verify,634518,0.634518,0.99,256,64,64,155,liboqs,validator
ECDSA,verify,414635,0.414635,0.99,256,64,64,156,liboqs,validator
ECDSA,verify,376309,0.376309,0.99,256,64,64,157,liboqs,validator
ECDSA,verify,408325,0.408325,0.99,256,64,64,158,liboqs,validator
ECDSA,verify,355272,0.355272,0.99,256,64,64,159,liboqs,validator
ECDSA,verify,382747,0.382747,0.99,256,64,64,160,liboqs,validator
ECDSA,verify,380788,0.380788,0.99,256,64,64,161,liboqs,validator
ECDSA,verify,412731,0.412731,0.99,256,64,64,162,liboqs,validator
ECDSA,verify,381785,0.381785,0.99,256,64,64,163,liboqs,validator
ECDSA,verify,475946,0.475946,0.99,256,64,64,164,liboqs,validator
ECDSA,verify,1168957,1.168957,0.99,256,64,64,165,liboqs,validator
ECDSA,verify,454912,0.454912,0.99,256,64,64,166,liboqs,validator
ECDSA,verify,1128781,1.128781,0.99,256,64,64,167,liboqs,validator
ECDSA,verify,961570,0.96157,0.99,256,64,64,168,liboqs,validator
ECDSA,verify,239971,0.239971,0.99,256,64,64,169,liboqs,validator
ECDSA,verify,671094,0.671094,0.99,256,64,64,170,liboqs,validator
ECDSA,verify,1284647,1.284647,0.99,256,64,64,171,liboqs,validator
ECDSA,verify,220468,0.220468,0.99,256,64,64,172,liboqs,validator
ECDSA,verify,985064,0.985064,0.99,256,64,64,173,liboqs,validator
ECDSA,verify,1280624,1.280624,0.99,256,64,64,174,liboqs,validator
ECDSA,verify,956592,0.956592,0.99,256,64,64,175,liboqs,validator
ECDSA,verify,1048376,1.048376,0.99,256,64,64,176,liboqs,validator
ECDSA,verify,1042721,1.042721,0.99,256,64,64,177,liboqs,validator
ECDSA,verify,1142636,1.142636,0.99,256,64,64,178,liboqs,validator
ECDSA,verify,1143538,1.143538,0.99,256,64,64,179,liboqs,validator
ECDSA,verify,472369,0.472369,0.99,256,64,64,180,liboqs,validator
ECDSA,verify,1438153,1.438153,0.99,256,64,64,181,liboqs,validator
ECDSA,verify,243011,0.243011,0.99,256,64,64,182,liboqs,validator
ECDSA,verify,214841,0.214841,0.99,256,64,64,183,liboqs,validator
ECDSA,verify,207481,0.207481,0.99,256,64,64,184,liboqs,validator
ECDSA,verify,212942,0.212942,0.99,256,64,64,185,liboqs,validator
ECDSA,verify,204408,0.204408,0.99,256,64,64,186,liboqs,validator
ECDSA,verify,224107,0.224107,0.99,256,64,64,187,liboqs,validator
ECDSA,verify,214675,0.214675,0.99,256,64,64,188,liboqs,validator
ECDSA,verify,208113,0.208113,0.99,256,64,64,189,liboqs,validator
ECDSA,verify,206768,0.206768,0.99,256,64,64,190,liboqs,validator
ECDSA,verify,205785,0.205785,0.99,256,64,64,191,liboqs,validator
ECDSA,verify,211339,0.211339,0.99,256,64,64,192,liboqs,validator
ECDSA,verify,206287,0.206287,0.99,256,64,64,193,liboqs,validator
ECDSA,verify,209699,0.209699,0.99,256,64,64,194,liboqs,validator
ECDSA,verify,205653,0.205653,0.99,256,64,64,195,liboqs,validator
ECDSA,verify,213495,0.213495,0.99,256,64,64,196,liboqs,validator
ECDSA,verify,208567,0.208567,0.99,256,64,64,197,liboqs,validator
ECDSA,verify,214255,0.214255,0.99,256,64,64,198,liboqs,validator
ECDSA,verify,212949,0.212949,0.99,256,64,64,199,liboqs,validator
ECDSA,verify,207743,0.207743,0.99,256,64,64,200,liboqs,validator
ECDSA,verify,211405,0.211405,0.99,256,64,64,201,liboqs,validator
ECDSA,verify,211007,0.211007,0.99,256,64,64,202,liboqs,validator
ECDSA,verify,209531,0.209531,0.99,256,64,64,203,liboqs,validator
ECDSA,verify,210863,0.210863,0.99,256,64,64,204,liboqs,validator
ECDSA,verify,212698,0.212698,0.99,256,64,64,205,liboqs,validator
ECDSA,verify,211700,0.2117,0.99,256,64,64,206,liboqs,validator
ECDSA,verify,212789,0.212789,0.99,256,64,64,207,liboqs,validator
ECDSA,verify,209786,0.209786,0.99,256,64,64,208,liboqs,validator
ECDSA,verify,208366,0.208366,0.99,256,64,64,209,liboqs,validator
ECDSA,verify,212883,0.212883,0.99,256,64,64,210,liboqs,validator
ECDSA,verify,209888,0.209888,0.99,256,64,64,211,liboqs,validator
ECDSA,verify,205771,0.205771,0.99,256,64,64,212,liboqs,validator
ECDSA,verify,209400,0.2094,0.99,256,64,64,213,liboqs,validator
ECDSA,verify,208864,0.208864,0.99,256,64,64,214,liboqs,validator
ECDSA,verify,209486,0.209486,0.99,256,64,64,215,liboqs,validator
ECDSA,verify,204521,0.204521,0.99,256,64,64,216,liboqs,validator
ECDSA,verify,212107,0.212107,0.99,256,64,64,217,liboqs,validator
ECDSA,verify,205144,0.205144,0.99,256,64,64,218,liboqs,validator
ECDSA,verify,217319,0.217319,0.99,256,64,64,219,liboqs,validator
ECDSA,verify,210105,0.210105,0.99,256,64,64,220,liboqs,validator
ECDSA,verify,214795,0.214795,0.99,256,64,64,221,liboqs,validator
ECDSA,verify,210296,0.210296,0.99,256,64,64,222,liboqs,validator
ECDSA,verify,204764,0.204764,0.99,256,64,64,223,liboqs,validator
ECDSA,verify,209770,0.20977,0.99,256,64,64,224,liboqs,validator
ECDSA,verify,202908,0.202908,0.99,256,64,64,225,liboqs,validator
ECDSA,verify,220993,0.220993,0.99,256,64,64,226,liboqs,validator
ECDSA,verify,211198,0.211198,0.99,256,64,64,227,liboqs,validator
ECDSA,verify,204770,0.20477,0.99,256,64,64,228,liboqs,validator
ECDSA,verify,210051,0.210051,0.99,256,64,64,229,liboqs,validator
ECDSA,verify,205290,0.20529,0.99,256,64,64,230,liboqs,validator
ECDSA,verify,211810,0.21181,0.99,256,64,64,231,liboqs,validator
ECDSA,verify,221674,0.221674,0.99,256,64,64,232,liboqs,validator
ECDSA,verify,209775,0.209775,0.99,256,64,64,233,liboqs,validator
ECDSA,verify,207924,0.207924,0.99,256,64,64,234,liboqs,validator
ECDSA,verify,201800,0.2018,0.99,256,64,64,235,liboqs,validator
ECDSA,verify,209733,0.209733,0.99,256,64,64,236,liboqs,validator
ECDSA,verify,208269,0.208269,0.99,256,64,64,237,liboqs,validator
ECDSA,verify,213244,0.213244,0.99,256,64,64,238,liboqs,validator
ECDSA,verify,207839,0.207839,0.99,256,64,64,239,liboqs,validator
ECDSA,verify,206502,0.206502,0.99,256,64,64,240,liboqs,validator
ECDSA,verify,213829,0.213829,0.99,256,64,64,241,liboqs,validator
ECDSA,verify,211162,0.211162,0.99,256,64,64,242,liboqs,validator
ECDSA,verify,210314,0.210314,0.99,256,64,64,243,liboqs,validator
ECDSA,verify,210764,0.210764,0.99,256,64,64,244,liboqs,validator
ECDSA,verify,210343,0.210343,0.99,256,64,64,245,liboqs,validator
ECDSA,verify,271430,0.27143,0.99,256,64,64,246,liboqs,validator
ECDSA,verify,221186,0.221186,0.99,256,64,64,247,liboqs,validator
ECDSA,verify,224896,0.224896,0.99,256,64,64,248,liboqs,validator
ECDSA,verify,211315,0.211315,0.99,256,64,64,249,liboqs,validator
ECDSA,verify,212586,0.212586,0.99,256,64,64,250,liboqs,validator
ECDSA,verify,219190,0.21919,0.99,256,64,64,251,liboqs,validator
ECDSA,verify,212907,0.212907,0.99,256,64,64,252,liboqs,validator
ECDSA,verify,226984,0.226984,0.99,256,64,64,253,liboqs,validator
ECDSA,verify,221551,0.221551,0.99,256,64,64,254,liboqs,validator
ECDSA,verify,218916,0.218916,0.99,256,64,64,255,liboqs,validator
ECDSA,verify,207502,0.207502,0.99,256,64,64,256,liboqs,validator
ECDSA,verify,217849,0.217849,0.99,256,64,64,257,liboqs,validator
ECDSA,verify,211897,0.211897,0.99,256,64,64,258,liboqs,validator
ECDSA,verify,212021,0.212021,0.99,256,64,64,259,liboqs,validator
ECDSA,verify,215254,0.215254,0.99,256,64,64,260,liboqs,validator
ECDSA,verify,209282,0.209282,0.99,256,64,64,261,liboqs,validator
ECDSA,verify,218355,0.218355,0.99,256,64,64,262,liboqs,validator
ECDSA,verify,206073,0.206073,0.99,256,64,64,263,liboqs,validator
ECDSA,verify,205649,0.205649,0.99,256,64,64,264,liboqs,validator
ECDSA,verify,213410,0.21341,0.99,256,64,64,265,liboqs,validator
ECDSA,verify,241007,0.241007,0.99,256,64,64,266,liboqs,validator
ECDSA,verify,214004,0.214004,0.99,256,64,64,267,liboqs,validator
ECDSA,verify,221578,0.221578,0.99,256,64,64,268,liboqs,validator
ECDSA,verify,210884,0.210884,0.99,256,64,64,269,liboqs,validator
ECDSA,verify,211838,0.211838,0.99,256,64,64,270,liboqs,validator
ECDSA,verify,208696,0.208696,0.99,256,64,64,271,liboqs,validator
ECDSA,verify,214851,0.214851,0.99,256,64,64,272,liboqs,validator
ECDSA,verify,215375,0.215375,0.99,256,64,64,273,liboqs,validator
ECDSA,verify,205527,0.205527,0.99,256,64,64,274,liboqs,validator
ECDSA,verify,210378,0.210378,0.99,256,64,64,275,liboqs,validator
ECDSA,verify,208939,0.208939,0.99,256,64,64,276,liboqs,validator
ECDSA,verify,212741,0.212741,0.99,256,64,64,277,liboqs,validator
ECDSA,verify,213099,0.213099,0.99,256,64,64,278,liboqs,validator
ECDSA,verify,214381,0.214381,0.99,256,64,64,279,liboqs,validator
ECDSA,verify,206804,0.206804,0.99,256,64,64,280,liboqs,validator
ECDSA,verify,215135,0.215135,0.99,256,64,64,281,liboqs,validator
ECDSA,verify,210314,0.210314,0.99,256,64,64,282,liboqs,validator
ECDSA,verify,214200,0.2142,0.99,256,64,64,283,liboqs,validator
ECDSA,verify,208932,0.208932,0.99,256,64,64,284,liboqs,validator
ECDSA,verify,204549,0.204549,0.99,256,64,64,285,liboqs,validator
ECDSA,verify,211051,0.211051,0.99,256,64,64,286,liboqs,validator
ECDSA,verify,207910,0.20791,0.99,256,64,64,287,liboqs,validator
ECDSA,verify,214566,0.214566,0.99,256,64,64,288,liboqs,validator
ECDSA,verify,206041,0.206041,0.99,256,64,64,289,liboqs,validator
ECDSA,verify,217394,0.217394,0.99,256,64,64,290,liboqs,validator
ECDSA,verify,209648,0.209648,0.99,256,64,64,291,liboqs,validator
ECDSA,verify,207737,0.207737,0.99,256,64,64,292,liboqs,validator
ECDSA,verify,211714,0.211714,0.99,256,64,64,293,liboqs,validator
ECDSA,verify,224994,0.224994,0.99,256,64,64,294,liboqs,validator
ECDSA,verify,210668,0.210668,0.99,256,64,64,295,liboqs,validator
ECDSA,verify,210411,0.210411,0.99,256,64,64,296,liboqs,validator
ECDSA,verify,220053,0.220053,0.99,256,64,64,297,liboqs,validator
ECDSA,verify,212869,0.212869,0.99,256,64,64,298,liboqs,validator
ECDSA,verify,208438,0.208438,0.99,256,64,64,299,liboqs,validator
ECDSA,verify,215393,0.215393,0.99,256,64,64,300,liboqs,validator
ECDSA,verify,203686,0.203686,0.99,256,64,64,301,liboqs,validator
ECDSA,verify,219837,0.219837,0.99,256,64,64,302,liboqs,validator
ECDSA,verify,213377,0.213377,0.99,256,64,64,303,liboqs,validator
ECDSA,verify,209485,0.209485,0.99,256,64,64,304,liboqs,validator
ECDSA,verify,211988,0.211988,0.99,256,64,64,305,liboqs,validator
ECDSA,verify,211045,0.211045,0.99,256,64,64,306,liboqs,validator
ECDSA,verify,218303,0.218303,0.99,256,64,64,307,liboqs,validator
ECDSA,verify,209859,0.209859,0.99,256,64,64,308,liboqs,validator
ECDSA,verify,205444,0.205444,0.99,256,64,64,309,liboqs,validator
ECDSA,verify,215595,0.215595,0.99,256,64,64,310,liboqs,validator
ECDSA,verify,217948,0.217948,0.98,256,64,64,311,liboqs,validator
ECDSA,verify,214241,0.214241,0.99,256,64,64,312,liboqs,validator
ECDSA,verify,204776,0.204776,0.99,256,64,64,313,liboqs,validator
ECDSA,verify,212520,0.21252,0.99,256,64,64,314,liboqs,validator
ECDSA,verify,210905,0.210905,0.99,256,64,64,315,liboqs,validator
ECDSA,verify,207373,0.207373,0.99,256,64,64,316,liboqs,validator
ECDSA,verify,214955,0.214955,0.99,256,64,64,317,liboqs,validator
ECDSA,verify,213797,0.213797,0.99,256,64,64,318,liboqs,validator
ECDSA,verify,209582,0.209582,0.99,256,64,64,319,liboqs,validator
ECDSA,verify,205560,0.20556,0.99,256,64,64,320,liboqs,validator
ECDSA,verify,212459,0.212459,0.99,256,64,64,321,liboqs,validator
ECDSA,verify,209139,0.209139,0.99,256,64,64,322,liboqs,validator
ECDSA,verify,216377,0.216377,0.99,256,64,64,323,liboqs,validator
ECDSA,verify,206202,0.206202,0.99,256,64,64,324,liboqs,validator
ECDSA,verify,228059,0.228059,0.99,256,64,64,325,liboqs,validator
ECDSA,verify,218601,0.218601,0.99,256,64,64,326,liboqs,validator
ECDSA,verify,220204,0.220204,0.99,256,64,64,327,liboqs,validator
ECDSA,verify,228692,0.228692,0.99,256,64,64,328,liboqs,validator
ECDSA,verify,215960,0.21596,0.99,256,64,64,329,liboqs,validator
ECDSA,verify,222484,0.222484,0.99,256,64,64,330,liboqs,validator
ECDSA,verify,210244,0.210244,0.99,256,64,64,331,liboqs,validator
ECDSA,verify,220002,0.220002,0.99,256,64,64,332,liboqs,validator
ECDSA,verify,232839,0.232839,0.99,256,64,64,333,liboqs,validator
ECDSA,verify,206104,0.206104,0.99,256,64,64,334,liboqs,validator
ECDSA,verify,210836,0.210836,0.99,256,64,64,335,liboqs,validator
ECDSA,verify,205404,0.205404,0.99,256,64,64,336,liboqs,validator
ECDSA,verify,224176,0.224176,0.99,256,64,64,337,liboqs,validator
ECDSA,verify,217984,0.217984,0.99,256,64,64,338,liboqs,validator
ECDSA,verify,211948,0.211948,0.99,256,64,64,339,liboqs,validator
ECDSA,verify,210854,0.210854,0.99,256,64,64,340,liboqs,validator
ECDSA,verify,206223,0.206223,0.99,256,64,64,341,liboqs,validator
ECDSA,verify,215858,0.215858,0.99,256,64,64,342,liboqs,validator
ECDSA,verify,215568,0.215568,0.99,256,64,64,343,liboqs,validator
ECDSA,verify,213861,0.213861,0.99,256,64,64,344,liboqs,validator
ECDSA,verify,263490,0.26349,0.99,256,64,64,345,liboqs,validator
ECDSA,verify,221508,0.221508,0.99,256,64,64,346,liboqs,validator
ECDSA,verify,235126,0.235126,0.99,256,64,64,347,liboqs,validator
ECDSA,verify,213343,0.213343,0.99,256,64,64,348,liboqs,validator
ECDSA,verify,211162,0.211162,0.99,256,64,64,349,liboqs,validator
ECDSA,verify,211931,0.211931,0.99,256,64,64,350,liboqs,validator
ECDSA,verify,222541,0.222541,0.99,256,64,64,351,liboqs,validator
ECDSA,verify,215759,0.215759,0.99,256,64,64,352,liboqs,validator
ECDSA,verify,220841,0.220841,0.99,256,64,64,353,liboqs,validator
ECDSA,verify,210872,0.210872,0.99,256,64,64,354,liboqs,validator
ECDSA,verify,212319,0.212319,0.99,256,64,64,355,liboqs,validator
ECDSA,verify,211958,0.211958,0.99,256,64,64,356,liboqs,validator
ECDSA,verify,213581,0.213581,0.99,256,64,64,357,liboqs,validator
ECDSA,verify,211978,0.211978,0.99,256,64,64,358,liboqs,validator
ECDSA,verify,211731,0.211731,0.99,256,64,64,359,liboqs,validator
ECDSA,verify,206574,0.206574,0.99,256,64,64,360,liboqs,validator
ECDSA,verify,211451,0.211451,0.99,256,64,64,361,liboqs,validator
ECDSA,verify,213773,0.213773,0.99,256,64,64,362,liboqs,validator
ECDSA,verify,214880,0.21488,0.99,256,64,64,363,liboqs,validator
ECDSA,verify,209403,0.209403,0.99,256,64,64,364,liboqs,validator
ECDSA,verify,234969,0.234969,0.99,256,64,64,365,liboqs,validator
ECDSA,verify,212043,0.212043,0.99,256,64,64,366,liboqs,validator
ECDSA,verify,215031,0.215031,0.99,256,64,64,367,liboqs,validator
ECDSA,verify,206124,0.206124,0.99,256,64,64,368,liboqs,validator
ECDSA,verify,263028,0.263028,0.99,256,64,64,369,liboqs,validator
ECDSA,verify,224603,0.224603,0.99,256,64,64,370,liboqs,validator
ECDSA,verify,223022,0.223022,0.99,256,64,64,371,liboqs,validator
ECDSA,verify,212561,0.212561,0.99,256,64,64,372,liboqs,validator
ECDSA,verify,208378,0.208378,0.99,256,64,64,373,liboqs,validator
ECDSA,verify,215260,0.21526,0.99,256,64,64,374,liboqs,validator
ECDSA,verify,207908,0.207908,0.99,256,64,64,375,liboqs,validator
ECDSA,verify,214154,0.214154,0.99,256,64,64,376,liboqs,validator
ECDSA,verify,210073,0.210073,0.99,256,64,64,377,liboqs,validator
ECDSA,verify,204601,0.204601,0.99,256,64,64,378,liboqs,validator
ECDSA,verify,216061,0.216061,0.99,256,64,64,379,liboqs,validator
ECDSA,verify,207650,0.20765,0.99,256,64,64,380,liboqs,validator
ECDSA,verify,210784,0.210784,0.99,256,64,64,381,liboqs,validator
ECDSA,verify,208962,0.208962,0.99,256,64,64,382,liboqs,validator
ECDSA,verify,208933,0.208933,0.99,256,64,64,383,liboqs,validator
ECDSA,verify,214658,0.214658,0.99,256,64,64,384,liboqs,validator
ECDSA,verify,206270,0.20627,0.99,256,64,64,385,liboqs,validator
ECDSA,verify,215966,0.215966,0.99,256,64,64,386,liboqs,validator
ECDSA,verify,212053,0.212053,0.99,256,64,64,387,liboqs,validator
ECDSA,verify,228917,0.228917,0.99,256,64,64,388,liboqs,validator
ECDSA,verify,211947,0.211947,0.99,256,64,64,389,liboqs,validator
ECDSA,verify,205764,0.205764,0.99,256,64,64,390,liboqs,validator
ECDSA,verify,324192,0.324192,0.99,256,64,64,391,liboqs,validator
ECDSA,verify,410534,0.410534,0.99,256,64,64,392,liboqs,validator
ECDSA,verify,221364,0.221364,0.99,256,64,64,393,liboqs,validator
ECDSA,verify,211810,0.21181,0.99,256,64,64,394,liboqs,validator
ECDSA,verify,215834,0.215834,0.99,256,64,64,395,liboqs,validator
ECDSA,verify,210405,0.210405,0.99,256,64,64,396,liboqs,validator
ECDSA,verify,212592,0.212592,0.99,256,64,64,397,liboqs,validator
ECDSA,verify,208283,0.208283,0.99,256,64,64,398,liboqs,validator
ECDSA,verify,213514,0.213514,0.99,256,64,64,399,liboqs,validator
ECDSA,verify,207837,0.207837,0.99,256,64,64,400,liboqs,validator
ECDSA,verify,217345,0.217345,0.99,256,64,64,401,liboqs,validator
ECDSA,verify,226002,0.226002,0.99,256,64,64,402,liboqs,validator
ECDSA,verify,215628,0.215628,0.99,256,64,64,403,liboqs,validator
ECDSA,verify,226901,0.226901,0.99,256,64,64,404,liboqs,validator
ECDSA,verify,222997,0.222997,0.99,256,64,64,405,liboqs,validator
ECDSA,verify,278075,0.278075,0.99,256,64,64,406,liboqs,validator
ECDSA,verify,222764,0.222764,0.99,256,64,64,407,liboqs,validator
ECDSA,verify,209713,0.209713,0.99,256,64,64,408,liboqs,validator
ECDSA,verify,211851,0.211851,0.99,256,64,64,409,liboqs,validator
ECDSA,verify,210132,0.210132,0.99,256,64,64,410,liboqs,validator
ECDSA,verify,218196,0.218196,0.99,256,64,64,411,liboqs,validator
ECDSA,verify,216732,0.216732,0.99,256,64,64,412,liboqs,validator
ECDSA,verify,214342,0.214342,0.99,256,64,64,413,liboqs,validator
ECDSA,verify,216397,0.216397,0.99,256,64,64,414,liboqs,validator
ECDSA,verify,207441,0.207441,0.99,256,64,64,415,liboqs,validator
ECDSA,verify,211965,0.211965,0.99,256,64,64,416,liboqs,validator
ECDSA,verify,210441,0.210441,0.99,256,64,64,417,liboqs,validator
ECDSA,verify,214185,0.214185,0.99,256,64,64,418,liboqs,validator
ECDSA,verify,208458,0.208458,0.99,256,64,64,419,liboqs,validator
ECDSA,verify,206799,0.206799,0.99,256,64,64,420,liboqs,validator
ECDSA,verify,391620,0.39162,0.99,256,64,64,421,liboqs,validator
ECDSA,verify,251259,0.251259,0.99,256,64,64,422,liboqs,validator
ECDSA,verify,231686,0.231686,0.99,256,64,64,423,liboqs,validator
ECDSA,verify,248616,0.248616,0.99,256,64,64,424,liboqs,validator
ECDSA,verify,217477,0.217477,0.99,256,64,64,425,liboqs,validator
ECDSA,verify,210810,0.21081,0.99,256,64,64,426,liboqs,validator
ECDSA,verify,210459,0.210459,0.99,256,64,64,427,liboqs,validator
ECDSA,verify,209880,0.20988,0.99,256,64,64,428,liboqs,validator
ECDSA,verify,215351,0.215351,0.99,256,64,64,429,liboqs,validator
ECDSA,verify,213771,0.213771,0.99,256,64,64,430,liboqs,validator
ECDSA,verify,217506,0.217506,0.99,256,64,64,431,liboqs,validator
ECDSA,verify,221808,0.221808,0.99,256,64,64,432,liboqs,validator
ECDSA,verify,209729,0.209729,0.99,256,64,64,433,liboqs,validator
ECDSA,verify,220528,0.220528,0.99,256,64,64,434,liboqs,validator
ECDSA,verify,212018,0.212018,0.99,256,64,64,435,liboqs,validator
ECDSA,verify,218461,0.218461,0.99,256,64,64,436,liboqs,validator
ECDSA,verify,209878,0.209878,0.99,256,64,64,437,liboqs,validator
ECDSA,verify,213857,0.213857,0.99,256,64,64,438,liboqs,validator
ECDSA,verify,212231,0.212231,0.99,256,64,64,439,liboqs,validator
ECDSA,verify,250244,0.250244,0.99,256,64,64,440,liboqs,validator
ECDSA,verify,224178,0.224178,0.99,256,64,64,441,liboqs,validator
ECDSA,verify,232197,0.232197,0.99,256,64,64,442,liboqs,validator
ECDSA,verify,215574,0.215574,0.99,256,64,64,443,liboqs,validator
ECDSA,verify,210777,0.210777,0.99,256,64,64,444,liboqs,validator
ECDSA,verify,210866,0.210866,0.99,256,64,64,445,liboqs,validator
ECDSA,verify,211928,0.211928,0.99,256,64,64,446,liboqs,validator
ECDSA,verify,210273,0.210273,0.99,256,64,64,447,liboqs,validator
ECDSA,verify,207413,0.207413,0.99,256,64,64,448,liboqs,validator
ECDSA,verify,210966,0.210966,0.99,256,64,64,449,liboqs,validator
ECDSA,verify,211014,0.211014,0.99,256,64,64,450,liboqs,validator
ECDSA,verify,215425,0.215425,0.99,256,64,64,451,liboqs,validator
ECDSA,verify,205559,0.205559,0.99,256,64,64,452,liboqs,validator
ECDSA,verify,204916,0.204916,0.99,256,64,64,453,liboqs,validator
ECDSA,verify,209933,0.209933,0.99,256,64,64,454,liboqs,validator
ECDSA,verify,209623,0.209623,0.99,256,64,64,455,liboqs,validator
ECDSA,verify,212508,0.212508,0.99,256,64,64,456,liboqs,validator
ECDSA,verify,206892,0.206892,0.99,256,64,64,457,liboqs,validator
ECDSA,verify,219678,0.219678,0.99,256,64,64,458,liboqs,validator
ECDSA,verify,210564,0.210564,0.99,256,64,64,459,liboqs,validator
ECDSA,verify,221036,0.221036,0.99,256,64,64,460,liboqs,validator
ECDSA,verify,224019,0.224019,0.99,256,64,64,461,liboqs,validator
ECDSA,verify,215626,0.215626,0.99,256,64,64,462,liboqs,validator
ECDSA,verify,214896,0.214896,0.99,256,64,64,463,liboqs,validator
ECDSA,verify,208246,0.208246,0.99,256,64,64,464,liboqs,validator
ECDSA,verify,222403,0.222403,0.99,256,64,64,465,liboqs,validator
ECDSA,verify,206972,0.206972,0.99,256,64,64,466,liboqs,validator
ECDSA,verify,206976,0.206976,0.99,256,64,64,467,liboqs,validator
ECDSA,verify,208929,0.208929,0.99,256,64,64,468,liboqs,validator
ECDSA,verify,207581,0.207581,0.99,256,64,64,469,liboqs,validator
ECDSA,verify,209726,0.209726,0.99,256,64,64,470,liboqs,validator
ECDSA,verify,214552,0.214552,0.99,256,64,64,471,liboqs,validator
ECDSA,verify,211703,0.211703,0.99,256,64,64,472,liboqs,validator
ECDSA,verify,206737,0.206737,0.99,256,64,64,473,liboqs,validator
ECDSA,verify,251308,0.251308,0.99,256,64,64,474,liboqs,validator
ECDSA,verify,215111,0.215111,0.99,256,64,64,475,liboqs,validator
ECDSA,verify,220407,0.220407,0.99,256,64,64,476,liboqs,validator
ECDSA,verify,218444,0.218444,0.99,256,64,64,477,liboqs,validator
ECDSA,verify,219634,0.219634,0.99,256,64,64,478,liboqs,validator
ECDSA,verify,212262,0.212262,0.99,256,64,64,479,liboqs,validator
ECDSA,verify,227209,0.227209,0.99,256,64,64,480,liboqs,validator
ECDSA,verify,227733,0.227733,0.99,256,64,64,481,liboqs,validator
ECDSA,verify,214144,0.214144,0.99,256,64,64,482,liboqs,validator
ECDSA,verify,235718,0.235718,0.99,256,64,64,483,liboqs,validator
ECDSA,verify,211332,0.211332,0.99,256,64,64,484,liboqs,validator
ECDSA,verify,213225,0.213225,0.99,256,64,64,485,liboqs,validator
ECDSA,verify,209766,0.209766,0.99,256,64,64,486,liboqs,validator
ECDSA,verify,207377,0.207377,0.99,256,64,64,487,liboqs,validator
ECDSA,verify,211183,0.211183,0.99,256,64,64,488,liboqs,validator
ECDSA,verify,206639,0.206639,0.99,256,64,64,489,liboqs,validator
ECDSA,verify,209263,0.209263,0.99,256,64,64,490,liboqs,validator
ECDSA,verify,235283,0.235283,0.99,256,64,64,491,liboqs,validator
ECDSA,verify,235787,0.235787,0.99,256,64,64,492,liboqs,validator
ECDSA,verify,220495,0.220495,0.99,256,64,64,493,liboqs,validator
ECDSA,verify,216880,0.21688,0.99,256,64,64,494,liboqs,validator
ECDSA,verify,214201,0.214201,0.99,256,64,64,495,liboqs,validator
ECDSA,verify,217057,0.217057,0.99,256,64,64,496,liboqs,validator
ECDSA,verify,228016,0.228016,0.99,256,64,64,497,liboqs,validator
ECDSA,verify,232001,0.232001,0.99,256,64,64,498,liboqs,validator
ECDSA,verify,213244,0.213244,0.99,256,64,64,499,liboqs,validator
ECDSA,verify,270550,0.27055,0.99,256,64,64,500,liboqs,validator
ECDSA,verify,221050,0.22105,0.99,256,64,64,501,liboqs,validator
ECDSA,verify,231433,0.231433,0.99,256,64,64,502,liboqs,validator
ECDSA,verify,222879,0.222879,0.99,256,64,64,503,liboqs,validator
ECDSA,verify,208185,0.208185,0.99,256,64,64,504,liboqs,validator
ECDSA,verify,212790,0.21279,0.99,256,64,64,505,liboqs,validator
ECDSA,verify,208540,0.20854,0.99,256,64,64,506,liboqs,validator
ECDSA,verify,222866,0.222866,0.99,256,64,64,507,liboqs,validator
ECDSA,verify,228392,0.228392,0.99,256,64,64,508,liboqs,validator
ECDSA,verify,212403,0.212403,0.99,256,64,64,509,liboqs,validator
ECDSA,verify,214218,0.214218,0.99,256,64,64,510,liboqs,validator
ECDSA,verify,211266,0.211266,0.99,256,64,64,511,liboqs,validator
ECDSA,verify,222556,0.222556,0.99,256,64,64,512,liboqs,validator
ECDSA,verify,215336,0.215336,0.99,256,64,64,513,liboqs,validator
ECDSA,verify,219642,0.219642,0.99,256,64,64,514,liboqs,validator
ECDSA,verify,237039,0.237039,0.99,256,64,64,515,liboqs,validator
ECDSA,verify,212365,0.212365,0.99,256,64,64,516,liboqs,validator
ECDSA,verify,252122,0.252122,0.99,256,64,64,517,liboqs,validator
ECDSA,verify,248361,0.248361,0.99,256,64,64,518,liboqs,validator
ECDSA,verify,256902,0.256902,0.99,256,64,64,519,liboqs,validator
ECDSA,verify,218339,0.218339,0.99,256,64,64,520,liboqs,validator
ECDSA,verify,218870,0.21887,0.99,256,64,64,521,liboqs,validator
ECDSA,verify,277820,0.27782,0.99,256,64,64,522,liboqs,validator
ECDSA,verify,227066,0.227066,0.99,256,64,64,523,liboqs,validator
ECDSA,verify,226302,0.226302,0.99,256,64,64,524,liboqs,validator
ECDSA,verify,245706,0.245706,0.99,256,64,64,525,liboqs,validator
ECDSA,verify,231404,0.231404,0.99,256,64,64,526,liboqs,validator
ECDSA,verify,223011,0.223011,0.99,256,64,64,527,liboqs,validator
ECDSA,verify,216443,0.216443,0.99,256,64,64,528,liboqs,validator
ECDSA,verify,210132,0.210132,0.99,256,64,64,529,liboqs,validator
ECDSA,verify,215398,0.215398,0.99,256,64,64,530,liboqs,validator
ECDSA,verify,210778,0.210778,0.99,256,64,64,531,liboqs,validator
ECDSA,verify,230929,0.230929,0.99,256,64,64,532,liboqs,validator
ECDSA,verify,209402,0.209402,0.99,256,64,64,533,liboqs,validator
ECDSA,verify,209941,0.209941,0.99,256,64,64,534,liboqs,validator
ECDSA,verify,221890,0.22189,0.99,256,64,64,535,liboqs,validator
ECDSA,verify,216401,0.216401,0.99,256,64,64,536,liboqs,validator
ECDSA,verify,237963,0.237963,0.99,256,64,64,537,liboqs,validator
ECDSA,verify,217813,0.217813,0.99,256,64,64,538,liboqs,validator
ECDSA,verify,220747,0.220747,0.99,256,64,64,539,liboqs,validator
ECDSA,verify,212970,0.21297,0.99,256,64,64,540,liboqs,validator
ECDSA,verify,212058,0.212058,0.99,256,64,64,541,liboqs,validator
ECDSA,verify,219399,0.219399,0.99,256,64,64,542,liboqs,validator
ECDSA,verify,209913,0.209913,0.99,256,64,64,543,liboqs,validator
ECDSA,verify,215927,0.215927,0.99,256,64,64,544,liboqs,validator
ECDSA,verify,207649,0.207649,0.99,256,64,64,545,liboqs,validator
ECDSA,verify,206692,0.206692,0.99,256,64,64,546,liboqs,validator
ECDSA,verify,232342,0.232342,0.99,256,64,64,547,liboqs,validator
ECDSA,verify,214186,0.214186,0.99,256,64,64,548,liboqs,validator
ECDSA,verify,214561,0.214561,0.99,256,64,64,549,liboqs,validator
ECDSA,verify,213560,0.21356,0.99,256,64,64,550,liboqs,validator
ECDSA,verify,218134,0.218134,0.99,256,64,64,551,liboqs,validator
ECDSA,verify,210710,0.21071,0.99,256,64,64,552,liboqs,validator
ECDSA,verify,210888,0.210888,0.99,256,64,64,553,liboqs,validator
ECDSA,verify,211501,0.211501,0.99,256,64,64,554,liboqs,validator
ECDSA,verify,209364,0.209364,0.99,256,64,64,555,liboqs,validator
ECDSA,verify,214432,0.214432,0.99,256,64,64,556,liboqs,validator
ECDSA,verify,215303,0.215303,0.99,256,64,64,557,liboqs,validator
ECDSA,verify,213206,0.213206,0.99,256,64,64,558,liboqs,validator
ECDSA,verify,206274,0.206274,0.99,256,64,64,559,liboqs,validator
ECDSA,verify,212284,0.212284,0.99,256,64,64,560,liboqs,validator
ECDSA,verify,212975,0.212975,0.99,256,64,64,561,liboqs,validator
ECDSA,verify,211006,0.211006,0.99,256,64,64,562,liboqs,validator
ECDSA,verify,213958,0.213958,0.99,256,64,64,563,liboqs,validator
ECDSA,verify,206727,0.206727,0.99,256,64,64,564,liboqs,validator
ECDSA,verify,214718,0.214718,0.99,256,64,64,565,liboqs,validator
ECDSA,verify,204578,0.204578,0.99,256,64,64,566,liboqs,validator
ECDSA,verify,224839,0.224839,0.99,256,64,64,567,liboqs,validator
ECDSA,verify,211056,0.211056,0.99,256,64,64,568,liboqs,validator
ECDSA,verify,207384,0.207384,0.99,256,64,64,569,liboqs,validator
ECDSA,verify,211347,0.211347,0.99,256,64,64,570,liboqs,validator
ECDSA,verify,205144,0.205144,0.99,256,64,64,571,liboqs,validator
ECDSA,verify,214245,0.214245,0.99,256,64,64,572,liboqs,validator
ECDSA,verify,260319,0.260319,0.99,256,64,64,573,liboqs,validator
ECDSA,verify,213772,0.213772,0.99,256,64,64,574,liboqs,validator
ECDSA,verify,216317,0.216317,0.99,256,64,64,575,liboqs,validator
ECDSA,verify,207846,0.207846,0.99,256,64,64,576,liboqs,validator
ECDSA,verify,215306,0.215306,0.99,256,64,64,577,liboqs,validator
ECDSA,verify,221006,0.221006,0.99,256,64,64,578,liboqs,validator
ECDSA,verify,211032,0.211032,0.99,256,64,64,579,liboqs,validator
ECDSA,verify,214225,0.214225,0.99,256,64,64,580,liboqs,validator
ECDSA,verify,205011,0.205011,0.99,256,64,64,581,liboqs,validator
ECDSA,verify,207304,0.207304,0.99,256,64,64,582,liboqs,validator
ECDSA,verify,210355,0.210355,0.99,256,64,64,583,liboqs,validator
ECDSA,verify,204946,0.204946,0.99,256,64,64,584,liboqs,validator
ECDSA,verify,210010,0.21001,0.99,256,64,64,585,liboqs,validator
ECDSA,verify,206341,0.206341,0.99,256,64,64,586,liboqs,validator
ECDSA,verify,218370,0.21837,0.99,256,64,64,587,liboqs,validator
ECDSA,verify,206937,0.206937,0.99,256,64,64,588,liboqs,validator
ECDSA,verify,214675,0.214675,0.99,256,64,64,589,liboqs,validator
ECDSA,verify,213170,0.21317,0.99,256,64,64,590,liboqs,validator
ECDSA,verify,205262,0.205262,0.99,256,64,64,591,liboqs,validator
ECDSA,verify,267668,0.267668,0.99,256,64,64,592,liboqs,validator
ECDSA,verify,215728,0.215728,0.99,256,64,64,593,liboqs,validator
ECDSA,verify,224126,0.224126,0.99,256,64,64,594,liboqs,validator
ECDSA,verify,216494,0.216494,0.99,256,64,64,595,liboqs,validator
ECDSA,verify,217513,0.217513,0.99,256,64,64,596,liboqs,validator
ECDSA,verify,216913,0.216913,0.99,256,64,64,597,liboqs,validator
ECDSA,verify,211844,0.211844,0.99,256,64,64,598,liboqs,validator
ECDSA,verify,213936,0.213936,0.99,256,64,64,599,liboqs,validator
ECDSA,verify,208029,0.208029,0.99,256,64,64,600,liboqs,validator
ECDSA,verify,220082,0.220082,0.99,256,64,64,601,liboqs,validator
ECDSA,verify,212930,0.21293,0.99,256,64,64,602,liboqs,validator
ECDSA,verify,207766,0.207766,0.99,256,64,64,603,liboqs,validator
ECDSA,verify,210389,0.210389,0.99,256,64,64,604,liboqs,validator
ECDSA,verify,208550,0.20855,0.99,256,64,64,605,liboqs,validator
ECDSA,verify,210521,0.210521,0.99,256,64,64,606,liboqs,validator
ECDSA,verify,211059,0.211059,0.99,256,64,64,607,liboqs,validator
ECDSA,verify,214341,0.214341,0.99,256,64,64,608,liboqs,validator
ECDSA,verify,210116,0.210116,0.99,256,64,64,609,liboqs,validator
ECDSA,verify,213114,0.213114,0.99,256,64,64,610,liboqs,validator
ECDSA,verify,205947,0.205947,0.99,256,64,64,611,liboqs,validator
ECDSA,verify,222016,0.222016,0.99,256,64,64,612,liboqs,validator
ECDSA,verify,215962,0.215962,0.99,256,64,64,613,liboqs,validator
ECDSA,verify,209048,0.209048,0.99,256,64,64,614,liboqs,validator
ECDSA,verify,216284,0.216284,0.99,256,64,64,615,liboqs,validator
ECDSA,verify,211900,0.2119,0.99,256,64,64,616,liboqs,validator
ECDSA,verify,232478,0.232478,0.99,256,64,64,617,liboqs,validator
ECDSA,verify,220400,0.2204,0.99,256,64,64,618,liboqs,validator
ECDSA,verify,210797,0.210797,0.99,256,64,64,619,liboqs,validator
ECDSA,verify,210812,0.210812,0.99,256,64,64,620,liboqs,validator
ECDSA,verify,206857,0.206857,0.99,256,64,64,621,liboqs,validator
ECDSA,verify,219020,0.21902,0.99,256,64,64,622,liboqs,validator
ECDSA,verify,207959,0.207959,0.99,256,64,64,623,liboqs,validator
ECDSA,verify,206830,0.20683,0.99,256,64,64,624,liboqs,validator
ECDSA,verify,210238,0.210238,0.99,256,64,64,625,liboqs,validator
ECDSA,verify,213740,0.21374,0.99,256,64,64,626,liboqs,validator
ECDSA,verify,215099,0.215099,0.99,256,64,64,627,liboqs,validator
ECDSA,verify,207229,0.207229,0.99,256,64,64,628,liboqs,validator
ECDSA,verify,206324,0.206324,0.99,256,64,64,629,liboqs,validator
ECDSA,verify,211720,0.21172,0.99,256,64,64,630,liboqs,validator
ECDSA,verify,212780,0.21278,0.99,256,64,64,631,liboqs,validator
ECDSA,verify,220540,0.22054,0.99,256,64,64,632,liboqs,validator
ECDSA,verify,208743,0.208743,0.99,256,64,64,633,liboqs,validator
ECDSA,verify,212221,0.212221,0.99,256,64,64,634,liboqs,validator
ECDSA,verify,211696,0.211696,0.99,256,64,64,635,liboqs,validator
ECDSA,verify,210162,0.210162,0.99,256,64,64,636,liboqs,validator
ECDSA,verify,215913,0.215913,0.99,256,64,64,637,liboqs,validator
ECDSA,verify,206560,0.20656,0.99,256,64,64,638,liboqs,validator
ECDSA,verify,212792,0.212792,0.99,256,64,64,639,liboqs,validator
ECDSA,verify,207071,0.207071,0.99,256,64,64,640,liboqs,validator
ECDSA,verify,220890,0.22089,0.99,256,64,64,641,liboqs,validator
ECDSA,verify,212331,0.212331,0.99,256,64,64,642,liboqs,validator
ECDSA,verify,213912,0.213912,0.99,256,64,64,643,liboqs,validator
ECDSA,verify,211716,0.211716,0.99,256,64,64,644,liboqs,validator
ECDSA,verify,206216,0.206216,0.99,256,64,64,645,liboqs,validator
ECDSA,verify,212761,0.212761,0.99,256,64,64,646,liboqs,validator
ECDSA,verify,208344,0.208344,0.99,256,64,64,647,liboqs,validator
ECDSA,verify,206858,0.206858,0.99,256,64,64,648,liboqs,validator
ECDSA,verify,206908,0.206908,0.99,256,64,64,649,liboqs,validator
ECDSA,verify,211814,0.211814,0.99,256,64,64,650,liboqs,validator
ECDSA,verify,266428,0.266428,0.99,256,64,64,651,liboqs,validator
ECDSA,verify,225315,0.225315,0.99,256,64,64,652,liboqs,validator
ECDSA,verify,218055,0.218055,0.99,256,64,64,653,liboqs,validator
ECDSA,verify,215585,0.215585,0.99,256,64,64,654,liboqs,validator
ECDSA,verify,211154,0.211154,0.99,256,64,64,655,liboqs,validator
ECDSA,verify,220654,0.220654,0.99,256,64,64,656,liboqs,validator
ECDSA,verify,219280,0.21928,0.99,256,64,64,657,liboqs,validator
ECDSA,verify,211737,0.211737,0.99,256,64,64,658,liboqs,validator
ECDSA,verify,206658,0.206658,0.99,256,64,64,659,liboqs,validator
ECDSA,verify,214911,0.214911,0.99,256,64,64,660,liboqs,validator
ECDSA,verify,214032,0.214032,0.99,256,64,64,661,liboqs,validator
ECDSA,verify,221464,0.221464,0.99,256,64,64,662,liboqs,validator
ECDSA,verify,212951,0.212951,0.99,256,64,64,663,liboqs,validator
ECDSA,verify,209554,0.209554,0.99,256,64,64,664,liboqs,validator
ECDSA,verify,212481,0.212481,0.99,256,64,64,665,liboqs,validator
ECDSA,verify,204897,0.204897,0.99,256,64,64,666,liboqs,validator
ECDSA,verify,218005,0.218005,0.99,256,64,64,667,liboqs,validator
ECDSA,verify,209514,0.209514,0.99,256,64,64,668,liboqs,validator
ECDSA,verify,205335,0.205335,0.99,256,64,64,669,liboqs,validator
ECDSA,verify,213464,0.213464,0.99,256,64,64,670,liboqs,validator
ECDSA,verify,270799,0.270799,0.99,256,64,64,671,liboqs,validator
ECDSA,verify,243167,0.243167,0.99,256,64,64,672,liboqs,validator
ECDSA,verify,219455,0.219455,0.99,256,64,64,673,liboqs,validator
ECDSA,verify,219118,0.219118,0.99,256,64,64,674,liboqs,validator
ECDSA,verify,211928,0.211928,0.99,256,64,64,675,liboqs,validator
ECDSA,verify,212095,0.212095,0.99,256,64,64,676,liboqs,validator
ECDSA,verify,211596,0.211596,0.99,256,64,64,677,liboqs,validator
ECDSA,verify,211541,0.211541,0.99,256,64,64,678,liboqs,validator
ECDSA,verify,221485,0.221485,0.99,256,64,64,679,liboqs,validator
ECDSA,verify,211023,0.211023,0.99,256,64,64,680,liboqs,validator
ECDSA,verify,220165,0.220165,0.99,256,64,64,681,liboqs,validator
ECDSA,verify,210277,0.210277,0.99,256,64,64,682,liboqs,validator
ECDSA,verify,214517,0.214517,0.99,256,64,64,683,liboqs,validator
ECDSA,verify,214273,0.214273,0.99,256,64,64,684,liboqs,validator
ECDSA,verify,209340,0.20934,0.99,256,64,64,685,liboqs,validator
ECDSA,verify,210410,0.21041,0.99,256,64,64,686,liboqs,validator
ECDSA,verify,212113,0.212113,0.99,256,64,64,687,liboqs,validator
ECDSA,verify,217530,0.21753,0.99,256,64,64,688,liboqs,validator
ECDSA,verify,214046,0.214046,0.99,256,64,64,689,liboqs,validator
ECDSA,verify,209173,0.209173,0.99,256,64,64,690,liboqs,validator
ECDSA,verify,229628,0.229628,0.99,256,64,64,691,liboqs,validator
ECDSA,verify,212096,0.212096,0.99,256,64,64,692,liboqs,validator
ECDSA,verify,250515,0.250515,0.99,256,64,64,693,liboqs,validator
ECDSA,verify,215893,0.215893,0.99,256,64,64,694,liboqs,validator
ECDSA,verify,213621,0.213621,0.99,256,64,64,695,liboqs,validator
ECDSA,verify,210272,0.210272,0.99,256,64,64,696,liboqs,validator
ECDSA,verify,213108,0.213108,0.99,256,64,64,697,liboqs,validator
ECDSA,verify,207368,0.207368,0.99,256,64,64,698,liboqs,validator
ECDSA,verify,210827,0.210827,0.99,256,64,64,699,liboqs,validator
ECDSA,verify,214423,0.214423,0.99,256,64,64,700,liboqs,validator
ECDSA,verify,221882,0.221882,0.99,256,64,64,701,liboqs,validator
ECDSA,verify,212384,0.212384,0.99,256,64,64,702,liboqs,validator
ECDSA,verify,205220,0.20522,0.99,256,64,64,703,liboqs,validator
ECDSA,verify,215437,0.215437,0.99,256,64,64,704,liboqs,validator
ECDSA,verify,205594,0.205594,0.99,256,64,64,705,liboqs,validator
ECDSA,verify,206108,0.206108,0.99,256,64,64,706,liboqs,validator
ECDSA,verify,212826,0.212826,0.99,256,64,64,707,liboqs,validator
ECDSA,verify,211309,0.211309,0.99,256,64,64,708,liboqs,validator
ECDSA,verify,211491,0.211491,0.99,256,64,64,709,liboqs,validator
ECDSA,verify,215457,0.215457,0.99,256,64,64,710,liboqs,validator
ECDSA,verify,213150,0.21315,0.99,256,64,64,711,liboqs,validator
ECDSA,verify,220727,0.220727,0.99,256,64,64,712,liboqs,validator
ECDSA,verify,224703,0.224703,0.99,256,64,64,713,liboqs,validator
ECDSA,verify,219426,0.219426,0.99,256,64,64,714,liboqs,validator
ECDSA,verify,219525,0.219525,0.99,256,64,64,715,liboqs,validator
ECDSA,verify,308250,0.30825,0.99,256,64,64,716,liboqs,validator
ECDSA,verify,712921,0.712921,0.99,256,64,64,717,liboqs,validator
ECDSA,verify,237778,0.237778,0.99,256,64,64,718,liboqs,validator
ECDSA,verify,219317,0.219317,0.99,256,64,64,719,liboqs,validator
ECDSA,verify,232598,0.232598,0.99,256,64,64,720,liboqs,validator
ECDSA,verify,210070,0.21007,0.99,256,64,64,721,liboqs,validator
ECDSA,verify,210223,0.210223,0.99,256,64,64,722,liboqs,validator
ECDSA,verify,229732,0.229732,0.99,256,64,64,723,liboqs,validator
ECDSA,verify,212304,0.212304,0.99,256,64,64,724,liboqs,validator
ECDSA,verify,213171,0.213171,0.99,256,64,64,725,liboqs,validator
ECDSA,verify,205912,0.205912,0.99,256,64,64,726,liboqs,validator
ECDSA,verify,215538,0.215538,0.99,256,64,64,727,liboqs,validator
ECDSA,verify,215128,0.215128,0.99,256,64,64,728,liboqs,validator
ECDSA,verify,220149,0.220149,0.99,256,64,64,729,liboqs,validator
ECDSA,verify,231199,0.231199,0.99,256,64,64,730,liboqs,validator
ECDSA,verify,209158,0.209158,0.99,256,64,64,731,liboqs,validator
ECDSA,verify,219679,0.219679,0.99,256,64,64,732,liboqs,validator
ECDSA,verify,220723,0.220723,0.99,256,64,64,733,liboqs,validator
ECDSA,verify,215975,0.215975,0.99,256,64,64,734,liboqs,validator
ECDSA,verify,213650,0.21365,0.99,256,64,64,735,liboqs,validator
ECDSA,verify,214416,0.214416,0.99,256,64,64,736,liboqs,validator
ECDSA,verify,225197,0.225197,0.99,256,64,64,737,liboqs,validator
ECDSA,verify,219075,0.219075,0.99,256,64,64,738,liboqs,validator
ECDSA,verify,213676,0.213676,0.99,256,64,64,739,liboqs,validator
ECDSA,verify,218494,0.218494,0.99,256,64,64,740,liboqs,validator
ECDSA,verify,209115,0.209115,0.99,256,64,64,741,liboqs,validator
ECDSA,verify,219715,0.219715,0.99,256,64,64,742,liboqs,validator
ECDSA,verify,217746,0.217746,0.99,256,64,64,743,liboqs,validator
ECDSA,verify,207777,0.207777,0.99,256,64,64,744,liboqs,validator
ECDSA,verify,222429,0.222429,0.99,256,64,64,745,liboqs,validator
ECDSA,verify,215863,0.215863,0.99,256,64,64,746,liboqs,validator
ECDSA,verify,228858,0.228858,0.99,256,64,64,747,liboqs,validator
ECDSA,verify,208719,0.208719,0.99,256,64,64,748,liboqs,validator
ECDSA,verify,209587,0.209587,0.99,256,64,64,749,liboqs,validator
ECDSA,verify,212483,0.212483,0.99,256,64,64,750,liboqs,validator
ECDSA,verify,210210,0.21021,0.99,256,64,64,751,liboqs,validator
ECDSA,verify,218760,0.21876,0.99,256,64,64,752,liboqs,validator
ECDSA,verify,207684,0.207684,0.99,256,64,64,753,liboqs,validator
ECDSA,verify,207887,0.207887,0.99,256,64,64,754,liboqs,validator
ECDSA,verify,210257,0.210257,0.99,256,64,64,755,liboqs,validator
ECDSA,verify,204119,0.204119,0.99,256,64,64,756,liboqs,validator
ECDSA,verify,217391,0.217391,0.99,256,64,64,757,liboqs,validator
ECDSA,verify,208943,0.208943,0.99,256,64,64,758,liboqs,validator
ECDSA,verify,229548,0.229548,0.99,256,64,64,759,liboqs,validator
ECDSA,verify,208402,0.208402,0.99,256,64,64,760,liboqs,validator
ECDSA,verify,213607,0.213607,0.99,256,64,64,761,liboqs,validator
ECDSA,verify,208777,0.208777,0.99,256,64,64,762,liboqs,validator
ECDSA,verify,215890,0.21589,0.99,256,64,64,763,liboqs,validator
ECDSA,verify,214859,0.214859,0.99,256,64,64,764,liboqs,validator
ECDSA,verify,206018,0.206018,0.99,256,64,64,765,liboqs,validator
ECDSA,verify,227805,0.227805,0.99,256,64,64,766,liboqs,validator
ECDSA,verify,224798,0.224798,0.99,256,64,64,767,liboqs,validator
ECDSA,verify,209717,0.209717,0.99,256,64,64,768,liboqs,validator
ECDSA,verify,231222,0.231222,0.99,256,64,64,769,liboqs,validator
ECDSA,verify,211934,0.211934,0.99,256,64,64,770,liboqs,validator
ECDSA,verify,213891,0.213891,0.99,256,64,64,771,liboqs,validator
ECDSA,verify,212436,0.212436,0.99,256,64,64,772,liboqs,validator
ECDSA,verify,214852,0.214852,0.99,256,64,64,773,liboqs,validator
ECDSA,verify,205825,0.205825,0.99,256,64,64,774,liboqs,validator
ECDSA,verify,214030,0.21403,0.99,256,64,64,775,liboqs,validator
ECDSA,verify,212228,0.212228,0.99,256,64,64,776,liboqs,validator
ECDSA,verify,213854,0.213854,0.99,256,64,64,777,liboqs,validator
ECDSA,verify,208313,0.208313,0.99,256,64,64,778,liboqs,validator
ECDSA,verify,206745,0.206745,0.99,256,64,64,779,liboqs,validator
ECDSA,verify,212568,0.212568,0.99,256,64,64,780,liboqs,validator
ECDSA,verify,208664,0.208664,0.99,256,64,64,781,liboqs,validator
ECDSA,verify,215073,0.215073,0.99,256,64,64,782,liboqs,validator
ECDSA,verify,211381,0.211381,0.99,256,64,64,783,liboqs,validator
ECDSA,verify,204418,0.204418,0.99,256,64,64,784,liboqs,validator
ECDSA,verify,211031,0.211031,0.99,256,64,64,785,liboqs,validator
ECDSA,verify,211415,0.211415,0.99,256,64,64,786,liboqs,validator
ECDSA,verify,204729,0.204729,0.99,256,64,64,787,liboqs,validator
ECDSA,verify,242488,0.242488,0.99,256,64,64,788,liboqs,validator
ECDSA,verify,222354,0.222354,0.99,256,64,64,789,liboqs,validator
ECDSA,verify,214896,0.214896,0.99,256,64,64,790,liboqs,validator
ECDSA,verify,207354,0.207354,0.99,256,64,64,791,liboqs,validator
ECDSA,verify,225874,0.225874,0.99,256,64,64,792,liboqs,validator
ECDSA,verify,212875,0.212875,0.99,256,64,64,793,liboqs,validator
ECDSA,verify,208490,0.20849,0.99,256,64,64,794,liboqs,validator
ECDSA,verify,210555,0.210555,0.99,256,64,64,795,liboqs,validator
ECDSA,verify,204974,0.204974,0.99,256,64,64,796,liboqs,validator
ECDSA,verify,216250,0.21625,0.99,256,64,64,797,liboqs,validator
ECDSA,verify,206610,0.20661,0.99,256,64,64,798,liboqs,validator
ECDSA,verify,220250,0.22025,0.99,256,64,64,799,liboqs,validator
ECDSA,verify,210571,0.210571,0.99,256,64,64,800,liboqs,validator
ECDSA,verify,206662,0.206662,0.99,256,64,64,801,liboqs,validator
ECDSA,verify,226213,0.226213,0.99,256,64,64,802,liboqs,validator
ECDSA,verify,397615,0.397615,0.99,256,64,64,803,liboqs,validator
ECDSA,verify,401449,0.401449,0.99,256,64,64,804,liboqs,validator
ECDSA,verify,420868,0.420868,0.99,256,64,64,805,liboqs,validator
ECDSA,verify,220040,0.22004,0.99,256,64,64,806,liboqs,validator
ECDSA,verify,220426,0.220426,0.99,256,64,64,807,liboqs,validator
ECDSA,verify,209129,0.209129,0.99,256,64,64,808,liboqs,validator
ECDSA,verify,222038,0.222038,0.99,256,64,64,809,liboqs,validator
ECDSA,verify,211313,0.211313,0.99,256,64,64,810,liboqs,validator
ECDSA,verify,210910,0.21091,0.99,256,64,64,811,liboqs,validator
ECDSA,verify,211085,0.211085,0.99,256,64,64,812,liboqs,validator
ECDSA,verify,204072,0.204072,0.99,256,64,64,813,liboqs,validator
ECDSA,verify,211676,0.211676,0.99,256,64,64,814,liboqs,validator
ECDSA,verify,207623,0.207623,0.99,256,64,64,815,liboqs,validator
ECDSA,verify,216846,0.216846,0.99,256,64,64,816,liboqs,validator
ECDSA,verify,206583,0.206583,0.99,256,64,64,817,liboqs,validator
ECDSA,verify,215888,0.215888,0.99,256,64,64,818,liboqs,validator
ECDSA,verify,211061,0.211061,0.99,256,64,64,819,liboqs,validator
ECDSA,verify,209192,0.209192,0.99,256,64,64,820,liboqs,validator
ECDSA,verify,214063,0.214063,0.99,256,64,64,821,liboqs,validator
ECDSA,verify,213159,0.213159,0.99,256,64,64,822,liboqs,validator
ECDSA,verify,211956,0.211956,0.99,256,64,64,823,liboqs,validator
ECDSA,verify,218057,0.218057,0.99,256,64,64,824,liboqs,validator
ECDSA,verify,205704,0.205704,0.99,256,64,64,825,liboqs,validator
ECDSA,verify,210839,0.210839,0.99,256,64,64,826,liboqs,validator
ECDSA,verify,207768,0.207768,0.99,256,64,64,827,liboqs,validator
ECDSA,verify,210130,0.21013,0.99,256,64,64,828,liboqs,validator
ECDSA,verify,208729,0.208729,0.99,256,64,64,829,liboqs,validator
ECDSA,verify,219485,0.219485,0.99,256,64,64,830,liboqs,validator
ECDSA,verify,211202,0.211202,0.99,256,64,64,831,liboqs,validator
ECDSA,verify,207151,0.207151,0.99,256,64,64,832,liboqs,validator
ECDSA,verify,211549,0.211549,0.99,256,64,64,833,liboqs,validator
ECDSA,verify,207107,0.207107,0.99,256,64,64,834,liboqs,validator
ECDSA,verify,212053,0.212053,0.99,256,64,64,835,liboqs,validator
ECDSA,verify,206429,0.206429,0.99,256,64,64,836,liboqs,validator
ECDSA,verify,219486,0.219486,0.99,256,64,64,837,liboqs,validator
ECDSA,verify,214214,0.214214,0.99,256,64,64,838,liboqs,validator
ECDSA,verify,210638,0.210638,0.99,256,64,64,839,liboqs,validator
ECDSA,verify,234878,0.234878,0.99,256,64,64,840,liboqs,validator
ECDSA,verify,220678,0.220678,0.99,256,64,64,841,liboqs,validator
ECDSA,verify,213085,0.213085,0.99,256,64,64,842,liboqs,validator
ECDSA,verify,210533,0.210533,0.99,256,64,64,843,liboqs,validator
ECDSA,verify,217253,0.217253,0.99,256,64,64,844,liboqs,validator
ECDSA,verify,212768,0.212768,0.99,256,64,64,845,liboqs,validator
ECDSA,verify,215425,0.215425,0.99,256,64,64,846,liboqs,validator
ECDSA,verify,209979,0.209979,0.99,256,64,64,847,liboqs,validator
ECDSA,verify,214120,0.21412,0.99,256,64,64,848,liboqs,validator
ECDSA,verify,211344,0.211344,0.99,256,64,64,849,liboqs,validator
ECDSA,verify,214191,0.214191,0.99,256,64,64,850,liboqs,validator
ECDSA,verify,220840,0.22084,0.99,256,64,64,851,liboqs,validator
ECDSA,verify,211275,0.211275,0.99,256,64,64,852,liboqs,validator
ECDSA,verify,211553,0.211553,0.99,256,64,64,853,liboqs,validator
ECDSA,verify,213321,0.213321,0.99,256,64,64,854,liboqs,validator
ECDSA,verify,216668,0.216668,0.99,256,64,64,855,liboqs,validator
ECDSA,verify,215082,0.215082,0.99,256,64,64,856,liboqs,validator
ECDSA,verify,210738,0.210738,0.99,256,64,64,857,liboqs,validator
ECDSA,verify,211267,0.211267,0.99,256,64,64,858,liboqs,validator
ECDSA,verify,235968,0.235968,0.99,256,64,64,859,liboqs,validator
ECDSA,verify,219526,0.219526,0.99,256,64,64,860,liboqs,validator
ECDSA,verify,248594,0.248594,0.99,256,64,64,861,liboqs,validator
ECDSA,verify,216553,0.216553,0.99,256,64,64,862,liboqs,validator
ECDSA,verify,215231,0.215231,0.99,256,64,64,863,liboqs,validator
ECDSA,verify,207935,0.207935,0.99,256,64,64,864,liboqs,validator
ECDSA,verify,207088,0.207088,0.99,256,64,64,865,liboqs,validator
ECDSA,verify,223786,0.223786,0.99,256,64,64,866,liboqs,validator
ECDSA,verify,212534,0.212534,0.99,256,64,64,867,liboqs,validator
ECDSA,verify,220040,0.22004,0.99,256,64,64,868,liboqs,validator
ECDSA,verify,214865,0.214865,0.99,256,64,64,869,liboqs,validator
ECDSA,verify,212278,0.212278,0.99,256,64,64,870,liboqs,validator
ECDSA,verify,211659,0.211659,0.99,256,64,64,871,liboqs,validator
ECDSA,verify,207381,0.207381,0.99,256,64,64,872,liboqs,validator
ECDSA,verify,214873,0.214873,0.99,256,64,64,873,liboqs,validator
ECDSA,verify,206770,0.20677,0.99,256,64,64,874,liboqs,validator
ECDSA,verify,202762,0.202762,0.99,256,64,64,875,liboqs,validator
ECDSA,verify,212119,0.212119,0.99,256,64,64,876,liboqs,validator
ECDSA,verify,253170,0.25317,0.99,256,64,64,877,liboqs,validator
ECDSA,verify,213591,0.213591,0.99,256,64,64,878,liboqs,validator
ECDSA,verify,218527,0.218527,0.99,256,64,64,879,liboqs,validator
ECDSA,verify,217485,0.217485,0.99,256,64,64,880,liboqs,validator
ECDSA,verify,218847,0.218847,0.99,256,64,64,881,liboqs,validator
ECDSA,verify,209299,0.209299,0.99,256,64,64,882,liboqs,validator
ECDSA,verify,208448,0.208448,0.99,256,64,64,883,liboqs,validator
ECDSA,verify,213292,0.213292,0.99,256,64,64,884,liboqs,validator
ECDSA,verify,217626,0.217626,0.99,256,64,64,885,liboqs,validator
ECDSA,verify,215701,0.215701,0.99,256,64,64,886,liboqs,validator
ECDSA,verify,209601,0.209601,0.99,256,64,64,887,liboqs,validator
ECDSA,verify,213305,0.213305,0.99,256,64,64,888,liboqs,validator
ECDSA,verify,212545,0.212545,0.99,256,64,64,889,liboqs,validator
ECDSA,verify,203456,0.203456,0.99,256,64,64,890,liboqs,validator
ECDSA,verify,210037,0.210037,0.99,256,64,64,891,liboqs,validator
ECDSA,verify,205956,0.205956,0.99,256,64,64,892,liboqs,validator
ECDSA,verify,209039,0.209039,0.99,256,64,64,893,liboqs,validator
ECDSA,verify,209509,0.209509,0.99,256,64,64,894,liboqs,validator
ECDSA,verify,211665,0.211665,0.99,256,64,64,895,liboqs,validator
ECDSA,verify,213347,0.213347,0.99,256,64,64,896,liboqs,validator
ECDSA,verify,207158,0.207158,0.99,256,64,64,897,liboqs,validator
ECDSA,verify,217900,0.2179,0.99,256,64,64,898,liboqs,validator
ECDSA,verify,214137,0.214137,0.99,256,64,64,899,liboqs,validator
ECDSA,verify,213662,0.213662,0.99,256,64,64,900,liboqs,validator
ECDSA,verify,215527,0.215527,0.99,256,64,64,901,liboqs,validator
ECDSA,verify,209029,0.209029,0.99,256,64,64,902,liboqs,validator
ECDSA,verify,212184,0.212184,0.99,256,64,64,903,liboqs,validator
ECDSA,verify,211825,0.211825,0.99,256,64,64,904,liboqs,validator
ECDSA,verify,211970,0.21197,0.99,256,64,64,905,liboqs,validator
ECDSA,verify,203965,0.203965,0.99,256,64,64,906,liboqs,validator
ECDSA,verify,221171,0.221171,0.99,256,64,64,907,liboqs,validator
ECDSA,verify,206885,0.206885,0.99,256,64,64,908,liboqs,validator
ECDSA,verify,237567,0.237567,0.99,256,64,64,909,liboqs,validator
ECDSA,verify,237662,0.237662,0.99,256,64,64,910,liboqs,validator
ECDSA,verify,232125,0.232125,0.99,256,64,64,911,liboqs,validator
ECDSA,verify,212996,0.212996,0.99,256,64,64,912,liboqs,validator
ECDSA,verify,208062,0.208062,0.99,256,64,64,913,liboqs,validator
ECDSA,verify,210709,0.210709,0.99,256,64,64,914,liboqs,validator
ECDSA,verify,208045,0.208045,0.99,256,64,64,915,liboqs,validator
ECDSA,verify,214579,0.214579,0.99,256,64,64,916,liboqs,validator
ECDSA,verify,209173,0.209173,0.99,256,64,64,917,liboqs,validator
ECDSA,verify,222847,0.222847,0.99,256,64,64,918,liboqs,validator
ECDSA,verify,215237,0.215237,0.99,256,64,64,919,liboqs,validator
ECDSA,verify,215304,0.215304,0.99,256,64,64,920,liboqs,validator
ECDSA,verify,213383,0.213383,0.99,256,64,64,921,liboqs,validator
ECDSA,verify,211847,0.211847,0.99,256,64,64,922,liboqs,validator
ECDSA,verify,217745,0.217745,0.99,256,64,64,923,liboqs,validator
ECDSA,verify,209521,0.209521,0.99,256,64,64,924,liboqs,validator
ECDSA,verify,212796,0.212796,0.99,256,64,64,925,liboqs,validator
ECDSA,verify,206205,0.206205,0.99,256,64,64,926,liboqs,validator
ECDSA,verify,218662,0.218662,0.99,256,64,64,927,liboqs,validator
ECDSA,verify,207393,0.207393,0.99,256,64,64,928,liboqs,validator
ECDSA,verify,219758,0.219758,0.99,256,64,64,929,liboqs,validator
ECDSA,verify,209194,0.209194,0.99,256,64,64,930,liboqs,validator
ECDSA,verify,204669,0.204669,0.99,256,64,64,931,liboqs,validator
ECDSA,verify,210762,0.210762,0.99,256,64,64,932,liboqs,validator
ECDSA,verify,203884,0.203884,0.99,256,64,64,933,liboqs,validator
ECDSA,verify,210596,0.210596,0.99,256,64,64,934,liboqs,validator
ECDSA,verify,206958,0.206958,0.99,256,64,64,935,liboqs,validator
ECDSA,verify,278967,0.278967,0.99,256,64,64,936,liboqs,validator
ECDSA,verify,219693,0.219693,0.99,256,64,64,937,liboqs,validator
ECDSA,verify,217411,0.217411,0.99,256,64,64,938,liboqs,validator
ECDSA,verify,209711,0.209711,0.99,256,64,64,939,liboqs,validator
ECDSA,verify,225028,0.225028,0.99,256,64,64,940,liboqs,validator
ECDSA,verify,212612,0.212612,0.99,256,64,64,941,liboqs,validator
ECDSA,verify,216279,0.216279,0.99,256,64,64,942,liboqs,validator
ECDSA,verify,217142,0.217142,0.99,256,64,64,943,liboqs,validator
ECDSA,verify,212007,0.212007,0.99,256,64,64,944,liboqs,validator
ECDSA,verify,219645,0.219645,0.99,256,64,64,945,liboqs,validator
ECDSA,verify,213466,0.213466,0.99,256,64,64,946,liboqs,validator
ECDSA,verify,211809,0.211809,0.99,256,64,64,947,liboqs,validator
ECDSA,verify,221964,0.221964,0.99,256,64,64,948,liboqs,validator
ECDSA,verify,209196,0.209196,0.99,256,64,64,949,liboqs,validator
ECDSA,verify,235984,0.235984,0.99,256,64,64,950,liboqs,validator
ECDSA,verify,210524,0.210524,0.99,256,64,64,951,liboqs,validator
ECDSA,verify,216000,0.216,0.99,256,64,64,952,liboqs,validator
ECDSA,verify,223894,0.223894,0.99,256,64,64,953,liboqs,validator
ECDSA,verify,314975,0.314975,0.99,256,64,64,954,liboqs,validator
ECDSA,verify,226425,0.226425,0.99,256,64,64,955,liboqs,validator
ECDSA,verify,231344,0.231344,0.99,256,64,64,956,liboqs,validator
ECDSA,verify,215156,0.215156,0.99,256,64,64,957,liboqs,validator
ECDSA,verify,212591,0.212591,0.99,256,64,64,958,liboqs,validator
ECDSA,verify,210508,0.210508,0.99,256,64,64,959,liboqs,validator
ECDSA,verify,210374,0.210374,0.99,256,64,64,960,liboqs,validator
ECDSA,verify,216289,0.216289,0.99,256,64,64,961,liboqs,validator
ECDSA,verify,230594,0.230594,0.99,256,64,64,962,liboqs,validator
ECDSA,verify,216922,0.216922,0.99,256,64,64,963,liboqs,validator
ECDSA,verify,214572,0.214572,0.99,256,64,64,964,liboqs,validator
ECDSA,verify,212970,0.21297,0.99,256,64,64,965,liboqs,validator
ECDSA,verify,212561,0.212561,0.99,256,64,64,966,liboqs,validator
ECDSA,verify,212784,0.212784,0.99,256,64,64,967,liboqs,validator
ECDSA,verify,230666,0.230666,0.99,256,64,64,968,liboqs,validator
ECDSA,verify,209794,0.209794,0.99,256,64,64,969,liboqs,validator
ECDSA,verify,215632,0.215632,0.99,256,64,64,970,liboqs,validator
ECDSA,verify,229976,0.229976,0.99,256,64,64,971,liboqs,validator
ECDSA,verify,212559,0.212559,0.99,256,64,64,972,liboqs,validator
ECDSA,verify,212889,0.212889,0.99,256,64,64,973,liboqs,validator
ECDSA,verify,214524,0.214524,0.99,256,64,64,974,liboqs,validator
ECDSA,verify,208302,0.208302,0.99,256,64,64,975,liboqs,validator
ECDSA,verify,212403,0.212403,0.99,256,64,64,976,liboqs,validator
ECDSA,verify,211326,0.211326,0.99,256,64,64,977,liboqs,validator
ECDSA,verify,212148,0.212148,0.99,256,64,64,978,liboqs,validator
ECDSA,verify,218661,0.218661,0.99,256,64,64,979,liboqs,validator
ECDSA,verify,215268,0.215268,0.99,256,64,64,980,liboqs,validator
ECDSA,verify,213408,0.213408,0.99,256,64,64,981,liboqs,validator
ECDSA,verify,213071,0.213071,0.99,256,64,64,982,liboqs,validator
ECDSA,verify,214351,0.214351,0.99,256,64,64,983,liboqs,validator
ECDSA,verify,215394,0.215394,0.98,256,64,64,984,liboqs,validator
ECDSA,verify,214644,0.214644,0.99,256,64,64,985,liboqs,validator
ECDSA,verify,227098,0.227098,0.99,256,64,64,986,liboqs,validator
ECDSA,verify,209561,0.209561,0.99,256,64,64,987,liboqs,validator
ECDSA,verify,1185513,1.185513,0.99,256,64,64,988,liboqs,validator
ECDSA,verify,1322515,1.322515,0.99,256,64,64,989,liboqs,validator
ECDSA,verify,376971,0.376971,0.99,256,64,64,990,liboqs,validator
ECDSA,verify,1271047,1.271047,0.99,256,64,64,991,liboqs,validator
ECDSA,verify,1007347,1.007347,0.99,256,64,64,992,liboqs,validator
ECDSA,verify,1425385,1.425385,0.99,256,64,64,993,liboqs,validator
ECDSA,verify,930875,0.930875,0.99,256,64,64,994,liboqs,validator
ECDSA,verify,1741244,1.741244,0.99,256,64,64,995,liboqs,validator
ECDSA,verify,967024,0.967024,0.99,256,64,64,996,liboqs,validator
ECDSA,verify,213622,0.213622,0.99,256,64,64,997,liboqs,validator
ECDSA,verify,1554625,1.554625,0.99,256,64,64,998,liboqs,validator
ECDSA,verify,1239628,1.239628,0.99,256,64,64,999,liboqs,validator
Dilithium2,keygen,49008,0.049008,7.72,0,1312,0,0,liboqs,validator
Dilithium2,keygen,51008,0.051008,7.72,0,1312,0,1,liboqs,validator
Dilithium2,keygen,49736,0.049736,7.72,0,1312,0,2,liboqs,validator
Dilithium2,keygen,41823,0.041823,8.33,0,1312,0,3,liboqs,validator
Dilithium2,keygen,34459,0.034459,7.78,0,1312,0,4,liboqs,validator
Dilithium2,keygen,31821,0.031821,7.78,0,1312,0,5,liboqs,validator
Dilithium2,keygen,31100,0.0311,7.78,0,1312,0,6,liboqs,validator
Dilithium2,keygen,28963,0.028963,7.78,0,1312,0,7,liboqs,validator
Dilithium2,keygen,29265,0.029265,7.78,0,1312,0,8,liboqs,validator
Dilithium2,keygen,29383,0.029383,7.78,0,1312,0,9,liboqs,validator
Dilithium2,keygen,28928,0.028928,7.78,0,1312,0,10,liboqs,validator
Dilithium2,keygen,28874,0.028874,7.78,0,1312,0,11,liboqs,validator
Dilithium2,keygen,28809,0.028809,7.78,0,1312,0,12,liboqs,validator
Dilithium2,keygen,29526,0.029526,7.78,0,1312,0,13,liboqs,validator
Dilithium2,keygen,28648,0.028648,7.78,0,1312,0,14,liboqs,validator
Dilithium2,keygen,48703,0.048703,7.78,0,1312,0,15,liboqs,validator
Dilithium2,keygen,32098,0.032098,7.78,0,1312,0,16,liboqs,validator
Dilithium2,keygen,29929,0.029929,7.78,0,1312,0,17,liboqs,validator
Dilithium2,keygen,29580,0.02958,7.78,0,1312,0,18,liboqs,validator
Dilithium2,keygen,28856,0.028856,7.78,0,1312,0,19,liboqs,validator
Dilithium2,keygen,28838,0.028838,7.78,0,1312,0,20,liboqs,validator
Dilithium2,keygen,28780,0.02878,7.78,0,1312,0,21,liboqs,validator
Dilithium2,keygen,28780,0.02878,7.78,0,1312,0,22,liboqs,validator
Dilithium2,keygen,28251,0.028251,7.78,0,1312,0,23,liboqs,validator
Dilithium2,keygen,28741,0.028741,7.78,0,1312,0,24,liboqs,validator
Dilithium2,keygen,28360,0.02836,7.78,0,1312,0,25,liboqs,validator
Dilithium2,keygen,28250,0.02825,7.78,0,1312,0,26,liboqs,validator
Dilithium2,keygen,27812,0.027812,7.78,0,1312,0,27,liboqs,validator
Dilithium2,keygen,27999,0.027999,7.78,0,1312,0,28,liboqs,validator
Dilithium2,keygen,27933,0.027933,7.78,0,1312,0,29,liboqs,validator
Dilithium2,keygen,28103,0.028103,7.78,0,1312,0,30,liboqs,validator
Dilithium2,keygen,28759,0.028759,7.78,0,1312,0,31,liboqs,validator
Dilithium2,keygen,28201,0.028201,7.78,0,1312,0,32,liboqs,validator
Dilithium2,keygen,39341,0.039341,7.78,0,1312,0,33,liboqs,validator
Dilithium2,keygen,34175,0.034175,7.78,0,1312,0,34,liboqs,validator
Dilithium2,keygen,36462,0.036462,7.78,0,1312,0,35,liboqs,validator
Dilithium2,keygen,36283,0.036283,7.78,0,1312,0,36,liboqs,validator
Dilithium2,keygen,41418,0.041418,7.78,0,1312,0,37,liboqs,validator
Dilithium2,keygen,29988,0.029988,7.78,0,1312,0,38,liboqs,validator
Dilithium2,keygen,31037,0.031037,7.78,0,1312,0,39,liboqs,validator
Dilithium2,keygen,29302,0.029302,7.78,0,1312,0,40,liboqs,validator
Dilithium2,keygen,31597,0.031597,7.78,0,1312,0,41,liboqs,validator
Dilithium2,keygen,29624,0.029624,7.78,0,1312,0,42,liboqs,validator
Dilithium2,keygen,28191,0.028191,7.78,0,1312,0,43,liboqs,validator
Dilithium2,keygen,29325,0.029325,7.78,0,1312,0,44,liboqs,validator
Dilithium2,keygen,40325,0.040325,7.78,0,1312,0,45,liboqs,validator
Dilithium2,keygen,31709,0.031709,7.78,0,1312,0,46,liboqs,validator
Dilithium2,keygen,30739,0.030739,7.78,0,1312,0,47,liboqs,validator
Dilithium2,keygen,29243,0.029243,7.78,0,1312,0,48,liboqs,validator
Dilithium2,keygen,31127,0.031127,7.78,0,1312,0,49,liboqs,validator
Dilithium2,keygen,28381,0.028381,7.78,0,1312,0,50,liboqs,validator
Dilithium2,keygen,28971,0.028971,7.78,0,1312,0,51,liboqs,validator
Dilithium2,keygen,29642,0.029642,7.78,0,1312,0,52,liboqs,validator
Dilithium2,keygen,28709,0.028709,7.78,0,1312,0,53,liboqs,validator
Dilithium2,keygen,29590,0.02959,7.78,0,1312,0,54,liboqs,validator
Dilithium2,keygen,29314,0.029314,7.78,0,1312,0,55,liboqs,validator
Dilithium2,keygen,27892,0.027892,7.78,0,1312,0,56,liboqs,validator
Dilithium2,keygen,29116,0.029116,7.78,0,1312,0,57,liboqs,validator
Dilithium2,keygen,31978,0.031978,7.78,0,1312,0,58,liboqs,validator
Dilithium2,keygen,28228,0.028228,7.78,0,1312,0,59,liboqs,validator
Dilithium2,keygen,29179,0.029179,7.78,0,1312,0,60,liboqs,validator
Dilithium2,keygen,28223,0.028223,7.78,0,1312,0,61,liboqs,validator
Dilithium2,keygen,28868,0.028868,7.78,0,1312,0,62,liboqs,validator
Dilithium2,keygen,29641,0.029641,7.78,0,1312,0,63,liboqs,validator
Dilithium2,keygen,29436,0.029436,7.78,0,1312,0,64,liboqs,validator
Dilithium2,keygen,28171,0.028171,7.78,0,1312,0,65,liboqs,validator
Dilithium2,keygen,29098,0.029098,7.78,0,1312,0,66,liboqs,validator
Dilithium2,keygen,27908,0.027908,7.78,0,1312,0,67,liboqs,validator
Dilithium2,keygen,27784,0.027784,7.78,0,1312,0,68,liboqs,validator
Dilithium2,keygen,29150,0.02915,7.78,0,1312,0,69,liboqs,validator
Dilithium2,keygen,28562,0.028562,7.78,0,1312,0,70,liboqs,validator
Dilithium2,keygen,31133,0.031133,7.78,0,1312,0,71,liboqs,validator
Dilithium2,keygen,29392,0.029392,7.78,0,1312,0,72,liboqs,validator
Dilithium2,keygen,28229,0.028229,7.78,0,1312,0,73,liboqs,validator
Dilithium2,keygen,29055,0.029055,7.78,0,1312,0,74,liboqs,validator
Dilithium2,keygen,28402,0.028402,7.78,0,1312,0,75,liboqs,validator
Dilithium2,keygen,39977,0.039977,7.78,0,1312,0,76,liboqs,validator
Dilithium2,keygen,36822,0.036822,7.78,0,1312,0,77,liboqs,validator
Dilithium2,keygen,30046,0.030046,7.78,0,1312,0,78,liboqs,validator
Dilithium2,keygen,30141,0.030141,7.78,0,1312,0,79,liboqs,validator
Dilithium2,keygen,30042,0.030042,7.78,0,1312,0,80,liboqs,validator
Dilithium2,keygen,28947,0.028947,7.78,0,1312,0,81,liboqs,validator
Dilithium2,keygen,29479,0.029479,7.78,0,1312,0,82,liboqs,validator
Dilithium2,keygen,29843,0.029843,7.78,0,1312,0,83,liboqs,validator
Dilithium2,keygen,28316,0.028316,7.78,0,1312,0,84,liboqs,validator
Dilithium2,keygen,28876,0.028876,7.78,0,1312,0,85,liboqs,validator
Dilithium2,keygen,29777,0.029777,7.78,0,1312,0,86,liboqs,validator
Dilithium2,keygen,28293,0.028293,7.78,0,1312,0,87,liboqs,validator
Dilithium2,keygen,28622,0.028622,7.78,0,1312,0,88,liboqs,validator
Dilithium2,keygen,29033,0.029033,7.78,0,1312,0,89,liboqs,validator
Dilithium2,keygen,29466,0.029466,7.78,0,1312,0,90,liboqs,validator
Dilithium2,keygen,38278,0.038278,7.78,0,1312,0,91,liboqs,validator
Dilithium2,keygen,37236,0.037236,7.78,0,1312,0,92,liboqs,validator
Dilithium2,keygen,46258,0.046258,7.78,0,1312,0,93,liboqs,validator
Dilithium2,keygen,34993,0.034993,7.78,0,1312,0,94,liboqs,validator
Dilithium2,keygen,42164,0.042164,7.78,0,1312,0,95,liboqs,validator
Dilithium2,keygen,38157,0.038157,7.78,0,1312,0,96,liboqs,validator
Dilithium2,keygen,33370,0.03337,7.78,0,1312,0,97,liboqs,validator
Dilithium2,keygen,32855,0.032855,7.78,0,1312,0,98,liboqs,validator
Dilithium2,keygen,29475,0.029475,7.78,0,1312,0,99,liboqs,validator
Dilithium2,keygen,29011,0.029011,7.78,0,1312,0,100,liboqs,validator
Dilithium2,keygen,30475,0.030475,7.78,0,1312,0,101,liboqs,validator
Dilithium2,keygen,28605,0.028605,7.78,0,1312,0,102,liboqs,validator
Dilithium2,keygen,28379,0.028379,7.78,0,1312,0,103,liboqs,validator
Dilithium2,keygen,29559,0.029559,7.78,0,1312,0,104,liboqs,validator
Dilithium2,keygen,37860,0.03786,7.78,0,1312,0,105,liboqs,validator
Dilithium2,keygen,34958,0.034958,7.78,0,1312,0,106,liboqs,validator
Dilithium2,keygen,31708,0.031708,7.78,0,1312,0,107,liboqs,validator
Dilithium2,keygen,29344,0.029344,7.78,0,1312,0,108,liboqs,validator
Dilithium2,keygen,30109,0.030109,7.78,0,1312,0,109,liboqs,validator
Dilithium2,keygen,29326,0.029326,7.78,0,1312,0,110,liboqs,validator
Dilithium2,keygen,28682,0.028682,7.78,0,1312,0,111,liboqs,validator
Dilithium2,keygen,28591,0.028591,7.78,0,1312,0,112,liboqs,validator
Dilithium2,keygen,43627,0.043627,7.78,0,1312,0,113,liboqs,validator
Dilithium2,keygen,47002,0.047002,7.78,0,1312,0,114,liboqs,validator
Dilithium2,keygen,33558,0.033558,7.78,0,1312,0,115,liboqs,validator
Dilithium2,keygen,47722,0.047722,7.78,0,1312,0,116,liboqs,validator
Dilithium2,keygen,31623,0.031623,7.78,0,1312,0,117,liboqs,validator
Dilithium2,keygen,29769,0.029769,7.78,0,1312,0,118,liboqs,validator
Dilithium2,keygen,31442,0.031442,7.78,0,1312,0,119,liboqs,validator
Dilithium2,keygen,28820,0.02882,7.78,0,1312,0,120,liboqs,validator
Dilithium2,keygen,28207,0.028207,7.78,0,1312,0,121,liboqs,validator
Dilithium2,keygen,29737,0.029737,7.78,0,1312,0,122,liboqs,validator
Dilithium2,keygen,29473,0.029473,7.78,0,1312,0,123,liboqs,validator
Dilithium2,keygen,28159,0.028159,7.78,0,1312,0,124,liboqs,validator
Dilithium2,keygen,49049,0.049049,7.78,0,1312,0,125,liboqs,validator
Dilithium2,keygen,37129,0.037129,7.78,0,1312,0,126,liboqs,validator
Dilithium2,keygen,31239,0.031239,7.78,0,1312,0,127,liboqs,validator
Dilithium2,keygen,28322,0.028322,7.78,0,1312,0,128,liboqs,validator
Dilithium2,keygen,29556,0.029556,7.78,0,1312,0,129,liboqs,validator
Dilithium2,keygen,28783,0.028783,7.78,0,1312,0,130,liboqs,validator
Dilithium2,keygen,29129,0.029129,7.78,0,1312,0,131,liboqs,validator
Dilithium2,keygen,27935,0.027935,7.78,0,1312,0,132,liboqs,validator
Dilithium2,keygen,27608,0.027608,7.78,0,1312,0,133,liboqs,validator
Dilithium2,keygen,38080,0.03808,7.78,0,1312,0,134,liboqs,validator
Dilithium2,keygen,31629,0.031629,7.78,0,1312,0,135,liboqs,validator
Dilithium2,keygen,28528,0.028528,7.78,0,1312,0,136,liboqs,validator
Dilithium2,keygen,28650,0.02865,7.78,0,1312,0,137,liboqs,validator
Dilithium2,keygen,28727,0.028727,7.78,0,1312,0,138,liboqs,validator
Dilithium2,keygen,38926,0.038926,7.78,0,1312,0,139,liboqs,validator
Dilithium2,keygen,29485,0.029485,7.78,0,1312,0,140,liboqs,validator
Dilithium2,keygen,28653,0.028653,7.78,0,1312,0,141,liboqs,validator
Dilithium2,keygen,28114,0.028114,7.78,0,1312,0,142,liboqs,validator
Dilithium2,keygen,28218,0.028218,7.78,0,1312,0,143,liboqs,validator
Dilithium2,keygen,27643,0.027643,7.78,0,1312,0,144,liboqs,validator
Dilithium2,keygen,29432,0.029432,7.78,0,1312,0,145,liboqs,validator
Dilithium2,keygen,28163,0.028163,7.78,0,1312,0,146,liboqs,validator
Dilithium2,keygen,28062,0.028062,7.78,0,1312,0,147,liboqs,validator
Dilithium2,keygen,28769,0.028769,7.78,0,1312,0,148,liboqs,validator
Dilithium2,keygen,29988,0.029988,7.78,0,1312,0,149,liboqs,validator
Dilithium2,keygen,88355,0.088355,12.51,0,1312,0,150,liboqs,validator
Dilithium2,keygen,43484,0.043484,9.93,0,1312,0,151,liboqs,validator
Dilithium2,keygen,31652,0.031652,7.72,0,1312,0,152,liboqs,validator
Dilithium2,keygen,31202,0.031202,7.72,0,1312,0,153,liboqs,validator
Dilithium2,keygen,30203,0.030203,7.78,0,1312,0,154,liboqs,validator
Dilithium2,keygen,29369,0.029369,7.78,0,1312,0,155,liboqs,validator
Dilithium2,keygen,32397,0.032397,7.78,0,1312,0,156,liboqs,validator
Dilithium2,keygen,28554,0.028554,7.78,0,1312,0,157,liboqs,validator
Dilithium2,keygen,29831,0.029831,7.78,0,1312,0,158,liboqs,validator
Dilithium2,keygen,29019,0.029019,7.78,0,1312,0,159,liboqs,validator
Dilithium2,keygen,28692,0.028692,7.78,0,1312,0,160,liboqs,validator
Dilithium2,keygen,42434,0.042434,7.78,0,1312,0,161,liboqs,validator
Dilithium2,keygen,33270,0.03327,7.78,0,1312,0,162,liboqs,validator
Dilithium2,keygen,29748,0.029748,7.78,0,1312,0,163,liboqs,validator
Dilithium2,keygen,32720,0.03272,7.78,0,1312,0,164,liboqs,validator
Dilithium2,keygen,28694,0.028694,7.78,0,1312,0,165,liboqs,validator
Dilithium2,keygen,29398,0.029398,7.78,0,1312,0,166,liboqs,validator
Dilithium2,keygen,29406,0.029406,7.78,0,1312,0,167,liboqs,validator
Dilithium2,keygen,29739,0.029739,7.78,0,1312,0,168,liboqs,validator
Dilithium2,keygen,28478,0.028478,7.78,0,1312,0,169,liboqs,validator
Dilithium2,keygen,28447,0.028447,7.78,0,1312,0,170,liboqs,validator
Dilithium2,keygen,28850,0.02885,7.78,0,1312,0,171,liboqs,validator
Dilithium2,keygen,29698,0.029698,7.78,0,1312,0,172,liboqs,validator
Dilithium2,keygen,30294,0.030294,7.78,0,1312,0,173,liboqs,validator
Dilithium2,keygen,38665,0.038665,7.78,0,1312,0,174,liboqs,validator
Dilithium2,keygen,31825,0.031825,7.78,0,1312,0,175,liboqs,validator
Dilithium2,keygen,45285,0.045285,7.78,0,1312,0,176,liboqs,validator
Dilithium2,keygen,33857,0.033857,7.78,0,1312,0,177,liboqs,validator
Dilithium2,keygen,32566,0.032566,7.78,0,1312,0,178,liboqs,validator
Dilithium2,keygen,41556,0.041556,7.78,0,1312,0,179,liboqs,validator
Dilithium2,keygen,35590,0.03559,7.78,0,1312,0,180,liboqs,validator
Dilithium2,keygen,31960,0.03196,7.78,0,1312,0,181,liboqs,validator
Dilithium2,keygen,29442,0.029442,7.78,0,1312,0,182,liboqs,validator
Dilithium2,keygen,29142,0.029142,7.78,0,1312,0,183,liboqs,validator
Dilithium2,keygen,29332,0.029332,7.78,0,1312,0,184,liboqs,validator
Dilithium2,keygen,28818,0.028818,7.78,0,1312,0,185,liboqs,validator
Dilithium2,keygen,31079,0.031079,7.78,0,1312,0,186,liboqs,validator
Dilithium2,keygen,28271,0.028271,7.78,0,1312,0,187,liboqs,validator
Dilithium2,keygen,30035,0.030035,7.78,0,1312,0,188,liboqs,validator
Dilithium2,keygen,29426,0.029426,7.78,0,1312,0,189,liboqs,validator
Dilithium2,keygen,41238,0.041238,7.78,0,1312,0,190,liboqs,validator
Dilithium2,keygen,33600,0.0336,7.78,0,1312,0,191,liboqs,validator
Dilithium2,keygen,30582,0.030582,7.78,0,1312,0,192,liboqs,validator
Dilithium2,keygen,30507,0.030507,7.78,0,1312,0,193,liboqs,validator
Dilithium2,keygen,28619,0.028619,7.78,0,1312,0,194,liboqs,validator
Dilithium2,keygen,28517,0.028517,7.78,0,1312,0,195,liboqs,validator
Dilithium2,keygen,30329,0.030329,7.78,0,1312,0,196,liboqs,validator
Dilithium2,keygen,28381,0.028381,7.78,0,1312,0,197,liboqs,validator
Dilithium2,keygen,30273,0.030273,7.78,0,1312,0,198,liboqs,validator
Dilithium2,keygen,29158,0.029158,7.78,0,1312,0,199,liboqs,validator
Dilithium2,keygen,29454,0.029454,7.78,0,1312,0,200,liboqs,validator
Dilithium2,keygen,28922,0.028922,7.78,0,1312,0,201,liboqs,validator
Dilithium2,keygen,29173,0.029173,7.78,0,1312,0,202,liboqs,validator
Dilithium2,keygen,28364,0.028364,7.78,0,1312,0,203,liboqs,validator
Dilithium2,keygen,30340,0.03034,7.78,0,1312,0,204,liboqs,validator
Dilithium2,keygen,30303,0.030303,7.78,0,1312,0,205,liboqs,validator
Dilithium2,keygen,28670,0.02867,7.78,0,1312,0,206,liboqs,validator
Dilithium2,keygen,28930,0.02893,7.78,0,1312,0,207,liboqs,validator
Dilithium2,keygen,30437,0.030437,7.78,0,1312,0,208,liboqs,validator
Dilithium2,keygen,29583,0.029583,7.78,0,1312,0,209,liboqs,validator
Dilithium2,keygen,28302,0.028302,7.78,0,1312,0,210,liboqs,validator
Dilithium2,keygen,29099,0.029099,7.78,0,1312,0,211,liboqs,validator
Dilithium2,keygen,28229,0.028229,7.78,0,1312,0,212,liboqs,validator
Dilithium2,keygen,29547,0.029547,7.78,0,1312,0,213,liboqs,validator
Dilithium2,keygen,28467,0.028467,7.78,0,1312,0,214,liboqs,validator
Dilithium2,keygen,29114,0.029114,7.78,0,1312,0,215,liboqs,validator
Dilithium2,keygen,27739,0.027739,7.78,0,1312,0,216,liboqs,validator
Dilithium2,keygen,27953,0.027953,7.78,0,1312,0,217,liboqs,validator
Dilithium2,keygen,30029,0.030029,7.78,0,1312,0,218,liboqs,validator
Dilithium2,keygen,28374,0.028374,7.78,0,1312,0,219,liboqs,validator
Dilithium2,keygen,27959,0.027959,7.78,0,1312,0,220,liboqs,validator
Dilithium2,keygen,117799,0.117799,7.78,0,1312,0,221,liboqs,validator
Dilithium2,keygen,37002,0.037002,7.78,0,1312,0,222,liboqs,validator
Dilithium2,keygen,30452,0.030452,7.78,0,1312,0,223,liboqs,validator
Dilithium2,keygen,48248,0.048248,7.78,0,1312,0,224,liboqs,validator
Dilithium2,keygen,46199,0.046199,7.78,0,1312,0,225,liboqs,validator
Dilithium2,keygen,37708,0.037708,7.78,0,1312,0,226,liboqs,validator
Dilithium2,keygen,44002,0.044002,7.78,0,1312,0,227,liboqs,validator
Dilithium2,keygen,37826,0.037826,7.78,0,1312,0,228,liboqs,validator
Dilithium2,keygen,135010,0.13501,7.78,0,1312,0,229,liboqs,validator
Dilithium2,keygen,70637,0.070637,7.78,0,1312,0,230,liboqs,validator
Dilithium2,keygen,35394,0.035394,7.78,0,1312,0,231,liboqs,validator
Dilithium2,keygen,37698,0.037698,7.78,0,1312,0,232,liboqs,validator
Dilithium2,keygen,31873,0.031873,7.78,0,1312,0,233,liboqs,validator
Dilithium2,keygen,30792,0.030792,7.78,0,1312,0,234,liboqs,validator
Dilithium2,keygen,29557,0.029557,7.78,0,1312,0,235,liboqs,validator
Dilithium2,keygen,31345,0.031345,7.78,0,1312,0,236,liboqs,validator
Dilithium2,keygen,34383,0.034383,7.78,0,1312,0,237,liboqs,validator
Dilithium2,keygen,29424,0.029424,7.78,0,1312,0,238,liboqs,validator
Dilithium2,keygen,28695,0.028695,7.78,0,1312,0,239,liboqs,validator
Dilithium2,keygen,29172,0.029172,7.78,0,1312,0,240,liboqs,validator
Dilithium2,keygen,30830,0.03083,7.78,0,1312,0,241,liboqs,validator
Dilithium2,keygen,29038,0.029038,7.78,0,1312,0,242,liboqs,validator
Dilithium2,keygen,28490,0.02849,7.78,0,1312,0,243,liboqs,validator
Dilithium2,keygen,28770,0.02877,7.78,0,1312,0,244,liboqs,validator
Dilithium2,keygen,29859,0.029859,7.78,0,1312,0,245,liboqs,validator
Dilithium2,keygen,28752,0.028752,7.78,0,1312,0,246,liboqs,validator
Dilithium2,keygen,28301,0.028301,7.78,0,1312,0,247,liboqs,validator
Dilithium2,keygen,29736,0.029736,7.78,0,1312,0,248,liboqs,validator
Dilithium2,keygen,28096,0.028096,7.78,0,1312,0,249,liboqs,validator
Dilithium2,keygen,27857,0.027857,7.78,0,1312,0,250,liboqs,validator
Dilithium2,keygen,27821,0.027821,7.78,0,1312,0,251,liboqs,validator
Dilithium2,keygen,28267,0.028267,7.78,0,1312,0,252,liboqs,validator
Dilithium2,keygen,27916,0.027916,7.78,0,1312,0,253,liboqs,validator
Dilithium2,keygen,29935,0.029935,7.78,0,1312,0,254,liboqs,validator
Dilithium2,keygen,29084,0.029084,7.78,0,1312,0,255,liboqs,validator
Dilithium2,keygen,28381,0.028381,7.78,0,1312,0,256,liboqs,validator
Dilithium2,keygen,28708,0.028708,7.78,0,1312,0,257,liboqs,validator
Dilithium2,keygen,28329,0.028329,7.78,0,1312,0,258,liboqs,validator
Dilithium2,keygen,28676,0.028676,7.78,0,1312,0,259,liboqs,validator
Dilithium2,keygen,28661,0.028661,7.78,0,1312,0,260,liboqs,validator
Dilithium2,keygen,41071,0.041071,7.78,0,1312,0,261,liboqs,validator
Dilithium2,keygen,70930,0.07093,7.78,0,1312,0,262,liboqs,validator
Dilithium2,keygen,72475,0.072475,7.78,0,1312,0,263,liboqs,validator
Dilithium2,keygen,41564,0.041564,7.78,0,1312,0,264,liboqs,validator
Dilithium2,keygen,35301,0.035301,7.78,0,1312,0,265,liboqs,validator
Dilithium2,keygen,33553,0.033553,7.78,0,1312,0,266,liboqs,validator
Dilithium2,keygen,31474,0.031474,7.78,0,1312,0,267,liboqs,validator
Dilithium2,keygen,46173,0.046173,7.78,0,1312,0,268,liboqs,validator
Dilithium2,keygen,107944,0.107944,7.78,0,1312,0,269,liboqs,validator
Dilithium2,keygen,131543,0.131543,7.78,0,1312,0,270,liboqs,validator
Dilithium2,keygen,305306,0.305306,7.78,0,1312,0,271,liboqs,validator
Dilithium2,keygen,66901,0.066901,7.78,0,1312,0,272,liboqs,validator
Dilithium2,keygen,38984,0.038984,7.78,0,1312,0,273,liboqs,validator
Dilithium2,keygen,37691,0.037691,7.78,0,1312,0,274,liboqs,validator
Dilithium2,keygen,31973,0.031973,7.78,0,1312,0,275,liboqs,validator
Dilithium2,keygen,139422,0.139422,7.78,0,1312,0,276,liboqs,validator
Dilithium2,keygen,217389,0.217389,7.78,0,1312,0,277,liboqs,validator
Dilithium2,keygen,417066,0.417066,7.78,0,1312,0,278,liboqs,validator
Dilithium2,keygen,291246,0.291246,7.78,0,1312,0,279,liboqs,validator
Dilithium2,keygen,150652,0.150652,7.78,0,1312,0,280,liboqs,validator
Dilithium2,keygen,38082,0.038082,7.78,0,1312,0,281,liboqs,validator
Dilithium2,keygen,31638,0.031638,7.78,0,1312,0,282,liboqs,validator
Dilithium2,keygen,62436,0.062436,7.78,0,1312,0,283,liboqs,validator
Dilithium2,keygen,60404,0.060404,7.78,0,1312,0,284,liboqs,validator
Dilithium2,keygen,43116,0.043116,7.78,0,1312,0,285,liboqs,validator
Dilithium2,keygen,32482,0.032482,7.78,0,1312,0,286,liboqs,validator
Dilithium2,keygen,30368,0.030368,7.78,0,1312,0,287,liboqs,validator
Dilithium2,keygen,58868,0.058868,7.78,0,1312,0,288,liboqs,validator
Dilithium2,keygen,54859,0.054859,7.78,0,1312,0,289,liboqs,validator
Dilithium2,keygen,33593,0.033593,7.78,0,1312,0,290,liboqs,validator
Dilithium2,keygen,30449,0.030449,7.78,0,1312,0,291,liboqs,validator
Dilithium2,keygen,31086,0.031086,7.78,0,1312,0,292,liboqs,validator
Dilithium2,keygen,30542,0.030542,7.78,0,1312,0,293,liboqs,validator
Dilithium2,keygen,29681,0.029681,7.78,0,1312,0,294,liboqs,validator
Dilithium2,keygen,32603,0.032603,7.78,0,1312,0,295,liboqs,validator
Dilithium2,keygen,29102,0.029102,7.78,0,1312,0,296,liboqs,validator
Dilithium2,keygen,29315,0.029315,7.78,0,1312,0,297,liboqs,validator
Dilithium2,keygen,29739,0.029739,7.78,0,1312,0,298,liboqs,validator
Dilithium2,keygen,30522,0.030522,7.78,0,1312,0,299,liboqs,validator
Dilithium2,keygen,29102,0.029102,7.78,0,1312,0,300,liboqs,validator
Dilithium2,keygen,30433,0.030433,7.78,0,1312,0,301,liboqs,validator
Dilithium2,keygen,30658,0.030658,7.78,0,1312,0,302,liboqs,validator
Dilithium2,keygen,28851,0.028851,7.78,0,1312,0,303,liboqs,validator
Dilithium2,keygen,29524,0.029524,7.78,0,1312,0,304,liboqs,validator
Dilithium2,keygen,29049,0.029049,7.78,0,1312,0,305,liboqs,validator
Dilithium2,keygen,29398,0.029398,7.78,0,1312,0,306,liboqs,validator
Dilithium2,keygen,30502,0.030502,7.78,0,1312,0,307,liboqs,validator
Dilithium2,keygen,28170,0.02817,7.78,0,1312,0,308,liboqs,validator
Dilithium2,keygen,30615,0.030615,7.78,0,1312,0,309,liboqs,validator
Dilithium2,keygen,28728,0.028728,7.78,0,1312,0,310,liboqs,validator
Dilithium2,keygen,29036,0.029036,7.78,0,1312,0,311,liboqs,validator
Dilithium2,keygen,28368,0.028368,7.78,0,1312,0,312,liboqs,validator
Dilithium2,keygen,30842,0.030842,7.78,0,1312,0,313,liboqs,validator
Dilithium2,keygen,29032,0.029032,7.78,0,1312,0,314,liboqs,validator
Dilithium2,keygen,29133,0.029133,7.78,0,1312,0,315,liboqs,validator
Dilithium2,keygen,30634,0.030634,7.78,0,1312,0,316,liboqs,validator
Dilithium2,keygen,29081,0.029081,7.78,0,1312,0,317,liboqs,validator
Dilithium2,keygen,28857,0.028857,7.78,0,1312,0,318,liboqs,validator
Dilithium2,keygen,43380,0.04338,7.78,0,1312,0,319,liboqs,validator
Dilithium2,keygen,35066,0.035066,7.78,0,1312,0,320,liboqs,validator
Dilithium2,keygen,30107,0.030107,7.78,0,1312,0,321,liboqs,validator
Dilithium2,keygen,29793,0.029793,7.78,0,1312,0,322,liboqs,validator
Dilithium2,keygen,31567,0.031567,7.78,0,1312,0,323,liboqs,validator
Dilithium2,keygen,40345,0.040345,7.78,0,1312,0,324,liboqs,validator
Dilithium2,keygen,41674,0.041674,7.78,0,1312,0,325,liboqs,validator
Dilithium2,keygen,33241,0.033241,7.78,0,1312,0,326,liboqs,validator
Dilithium2,keygen,30205,0.030205,7.78,0,1312,0,327,liboqs,validator
Dilithium2,keygen,30305,0.030305,7.78,0,1312,0,328,liboqs,validator
Dilithium2,keygen,30341,0.030341,7.78,0,1312,0,329,liboqs,validator
Dilithium2,keygen,28387,0.028387,7.78,0,1312,0,330,liboqs,validator
Dilithium2,keygen,30004,0.030004,7.78,0,1312,0,331,liboqs,validator
Dilithium2,keygen,29558,0.029558,7.78,0,1312,0,332,liboqs,validator
Dilithium2,keygen,28554,0.028554,7.78,0,1312,0,333,liboqs,validator
Dilithium2,keygen,28999,0.028999,7.78,0,1312,0,334,liboqs,validator
Dilithium2,keygen,28975,0.028975,7.78,0,1312,0,335,liboqs,validator
Dilithium2,keygen,28220,0.02822,7.78,0,1312,0,336,liboqs,validator
Dilithium2,keygen,29425,0.029425,7.78,0,1312,0,337,liboqs,validator
Dilithium2,keygen,41654,0.041654,7.78,0,1312,0,338,liboqs,validator
Dilithium2,keygen,33845,0.033845,7.78,0,1312,0,339,liboqs,validator
Dilithium2,keygen,30488,0.030488,7.78,0,1312,0,340,liboqs,validator
Dilithium2,keygen,38388,0.038388,7.78,0,1312,0,341,liboqs,validator
Dilithium2,keygen,33101,0.033101,7.78,0,1312,0,342,liboqs,validator
Dilithium2,keygen,130057,0.130057,7.78,0,1312,0,343,liboqs,validator
Dilithium2,keygen,117524,0.117524,7.78,0,1312,0,344,liboqs,validator
Dilithium2,keygen,406874,0.406874,7.78,0,1312,0,345,liboqs,validator
Dilithium2,keygen,164932,0.164932,7.78,0,1312,0,346,liboqs,validator
Dilithium2,keygen,63572,0.063572,7.78,0,1312,0,347,liboqs,validator
Dilithium2,keygen,82227,0.082227,7.78,0,1312,0,348,liboqs,validator
Dilithium2,keygen,320077,0.320077,7.78,0,1312,0,349,liboqs,validator
Dilithium2,keygen,305272,0.305272,7.78,0,1312,0,350,liboqs,validator
Dilithium2,keygen,60108,0.060108,7.78,0,1312,0,351,liboqs,validator
Dilithium2,keygen,81855,0.081855,7.78,0,1312,0,352,liboqs,validator
Dilithium2,keygen,33960,0.03396,7.78,0,1312,0,353,liboqs,validator
Dilithium2,keygen,34599,0.034599,7.78,0,1312,0,354,liboqs,validator
Dilithium2,keygen,29309,0.029309,7.78,0,1312,0,355,liboqs,validator
Dilithium2,keygen,29051,0.029051,7.78,0,1312,0,356,liboqs,validator
Dilithium2,keygen,29165,0.029165,7.78,0,1312,0,357,liboqs,validator
Dilithium2,keygen,28788,0.028788,7.78,0,1312,0,358,liboqs,validator
Dilithium2,keygen,28897,0.028897,7.78,0,1312,0,359,liboqs,validator
Dilithium2,keygen,30012,0.030012,7.78,0,1312,0,360,liboqs,validator
Dilithium2,keygen,28632,0.028632,7.78,0,1312,0,361,liboqs,validator
Dilithium2,keygen,28263,0.028263,7.78,0,1312,0,362,liboqs,validator
Dilithium2,keygen,29378,0.029378,7.78,0,1312,0,363,liboqs,validator
Dilithium2,keygen,28056,0.028056,7.78,0,1312,0,364,liboqs,validator
Dilithium2,keygen,29667,0.029667,7.78,0,1312,0,365,liboqs,validator
Dilithium2,keygen,28448,0.028448,7.78,0,1312,0,366,liboqs,validator
Dilithium2,keygen,60611,0.060611,7.78,0,1312,0,367,liboqs,validator
Dilithium2,keygen,48919,0.048919,7.78,0,1312,0,368,liboqs,validator
Dilithium2,keygen,33774,0.033774,7.78,0,1312,0,369,liboqs,validator
Dilithium2,keygen,31217,0.031217,7.78,0,1312,0,370,liboqs,validator
Dilithium2,keygen,30929,0.030929,7.78,0,1312,0,371,liboqs,validator
Dilithium2,keygen,29574,0.029574,7.78,0,1312,0,372,liboqs,validator
Dilithium2,keygen,31365,0.031365,7.78,0,1312,0,373,liboqs,validator
Dilithium2,keygen,31031,0.031031,7.78,0,1312,0,374,liboqs,validator
Dilithium2,keygen,30009,0.030009,7.78,0,1312,0,375,liboqs,validator
Dilithium2,keygen,28870,0.02887,7.78,0,1312,0,376,liboqs,validator
Dilithium2,keygen,28952,0.028952,7.78,0,1312,0,377,liboqs,validator
Dilithium2,keygen,28783,0.028783,7.78,0,1312,0,378,liboqs,validator
Dilithium2,keygen,29630,0.02963,7.78,0,1312,0,379,liboqs,validator
Dilithium2,keygen,30437,0.030437,7.78,0,1312,0,380,liboqs,validator
Dilithium2,keygen,29130,0.02913,7.78,0,1312,0,381,liboqs,validator
Dilithium2,keygen,28842,0.028842,7.78,0,1312,0,382,liboqs,validator
Dilithium2,keygen,30268,0.030268,7.78,0,1312,0,383,liboqs,validator
Dilithium2,keygen,28422,0.028422,7.78,0,1312,0,384,liboqs,validator
Dilithium2,keygen,27966,0.027966,7.78,0,1312,0,385,liboqs,validator
Dilithium2,keygen,28154,0.028154,7.78,0,1312,0,386,liboqs,validator
Dilithium2,keygen,30213,0.030213,7.78,0,1312,0,387,liboqs,validator
Dilithium2,keygen,28056,0.028056,7.78,0,1312,0,388,liboqs,validator
Dilithium2,keygen,28663,0.028663,7.78,0,1312,0,389,liboqs,validator
Dilithium2,keygen,29820,0.02982,7.78,0,1312,0,390,liboqs,validator
Dilithium2,keygen,30270,0.03027,7.78,0,1312,0,391,liboqs,validator
Dilithium2,keygen,41990,0.04199,7.78,0,1312,0,392,liboqs,validator
Dilithium2,keygen,31508,0.031508,7.78,0,1312,0,393,liboqs,validator
Dilithium2,keygen,28695,0.028695,7.78,0,1312,0,394,liboqs,validator
Dilithium2,keygen,30031,0.030031,7.78,0,1312,0,395,liboqs,validator
Dilithium2,keygen,28993,0.028993,7.78,0,1312,0,396,liboqs,validator
Dilithium2,keygen,28430,0.02843,7.78,0,1312,0,397,liboqs,validator
Dilithium2,keygen,28899,0.028899,7.78,0,1312,0,398,liboqs,validator
Dilithium2,keygen,33177,0.033177,7.78,0,1312,0,399,liboqs,validator
Dilithium2,keygen,28264,0.028264,7.78,0,1312,0,400,liboqs,validator
Dilithium2,keygen,31792,0.031792,7.78,0,1312,0,401,liboqs,validator
Dilithium2,keygen,28896,0.028896,7.78,0,1312,0,402,liboqs,validator
Dilithium2,keygen,30613,0.030613,7.78,0,1312,0,403,liboqs,validator
Dilithium2,keygen,29139,0.029139,7.78,0,1312,0,404,liboqs,validator
Dilithium2,keygen,29696,0.029696,7.78,0,1312,0,405,liboqs,validator
Dilithium2,keygen,30375,0.030375,7.78,0,1312,0,406,liboqs,validator
Dilithium2,keygen,28792,0.028792,7.78,0,1312,0,407,liboqs,validator
Dilithium2,keygen,31063,0.031063,7.78,0,1312,0,408,liboqs,validator
Dilithium2,keygen,30450,0.03045,7.78,0,1312,0,409,liboqs,validator
Dilithium2,keygen,28554,0.028554,7.78,0,1312,0,410,liboqs,validator
Dilithium2,keygen,29542,0.029542,7.78,0,1312,0,411,liboqs,validator
Dilithium2,keygen,29181,0.029181,7.78,0,1312,0,412,liboqs,validator
Dilithium2,keygen,30961,0.030961,7.78,0,1312,0,413,liboqs,validator
Dilithium2,keygen,30600,0.0306,7.78,0,1312,0,414,liboqs,validator
Dilithium2,keygen,28629,0.028629,7.78,0,1312,0,415,liboqs,validator
Dilithium2,keygen,39161,0.039161,7.78,0,1312,0,416,liboqs,validator
Dilithium2,keygen,36048,0.036048,7.78,0,1312,0,417,liboqs,validator
Dilithium2,keygen,45004,0.045004,7.78,0,1312,0,418,liboqs,validator
Dilithium2,keygen,35883,0.035883,7.78,0,1312,0,419,liboqs,validator
Dilithium2,keygen,32199,0.032199,7.78,0,1312,0,420,liboqs,validator
Dilithium2,keygen,29896,0.029896,7.78,0,1312,0,421,liboqs,validator
Dilithium2,keygen,28942,0.028942,7.78,0,1312,0,422,liboqs,validator
Dilithium2,keygen,31221,0.031221,7.78,0,1312,0,423,liboqs,validator
Dilithium2,keygen,29211,0.029211,7.78,0,1312,0,424,liboqs,validator
Dilithium2,keygen,28686,0.028686,7.78,0,1312,0,425,liboqs,validator
Dilithium2,keygen,29734,0.029734,7.78,0,1312,0,426,liboqs,validator
Dilithium2,keygen,30210,0.03021,7.78,0,1312,0,427,liboqs,validator
Dilithium2,keygen,29256,0.029256,7.78,0,1312,0,428,liboqs,validator
Dilithium2,keygen,29569,0.029569,7.78,0,1312,0,429,liboqs,validator
Dilithium2,keygen,29466,0.029466,7.78,0,1312,0,430,liboqs,validator
Dilithium2,keygen,28768,0.028768,7.78,0,1312,0,431,liboqs,validator
Dilithium2,keygen,29140,0.02914,7.78,0,1312,0,432,liboqs,validator
Dilithium2,keygen,28163,0.028163,7.78,0,1312,0,433,liboqs,validator
Dilithium2,keygen,29800,0.0298,7.78,0,1312,0,434,liboqs,validator
Dilithium2,keygen,28347,0.028347,7.78,0,1312,0,435,liboqs,validator
Dilithium2,keygen,28869,0.028869,7.78,0,1312,0,436,liboqs,validator
Dilithium2,keygen,29647,0.029647,7.78,0,1312,0,437,liboqs,validator
Dilithium2,keygen,28444,0.028444,7.78,0,1312,0,438,liboqs,validator
Dilithium2,keygen,29227,0.029227,7.78,0,1312,0,439,liboqs,validator
Dilithium2,keygen,28637,0.028637,7.78,0,1312,0,440,liboqs,validator
Dilithium2,keygen,30501,0.030501,7.78,0,1312,0,441,liboqs,validator
Dilithium2,keygen,28011,0.028011,7.78,0,1312,0,442,liboqs,validator
Dilithium2,keygen,28917,0.028917,7.78,0,1312,0,443,liboqs,validator
Dilithium2,keygen,30103,0.030103,7.78,0,1312,0,444,liboqs,validator
Dilithium2,keygen,28337,0.028337,7.78,0,1312,0,445,liboqs,validator
Dilithium2,keygen,28877,0.028877,7.78,0,1312,0,446,liboqs,validator
Dilithium2,keygen,28381,0.028381,7.78,0,1312,0,447,liboqs,validator
Dilithium2,keygen,30397,0.030397,7.78,0,1312,0,448,liboqs,validator
Dilithium2,keygen,28150,0.02815,7.78,0,1312,0,449,liboqs,validator
Dilithium2,keygen,30359,0.030359,7.78,0,1312,0,450,liboqs,validator
Dilithium2,keygen,30224,0.030224,7.78,0,1312,0,451,liboqs,validator
Dilithium2,keygen,28596,0.028596,7.78,0,1312,0,452,liboqs,validator
Dilithium2,keygen,30093,0.030093,7.78,0,1312,0,453,liboqs,validator
Dilithium2,keygen,29668,0.029668,7.78,0,1312,0,454,liboqs,validator
Dilithium2,keygen,28574,0.028574,7.78,0,1312,0,455,liboqs,validator
Dilithium2,keygen,28831,0.028831,7.78,0,1312,0,456,liboqs,validator
Dilithium2,keygen,29380,0.02938,7.78,0,1312,0,457,liboqs,validator
Dilithium2,keygen,28286,0.028286,7.78,0,1312,0,458,liboqs,validator
Dilithium2,keygen,29471,0.029471,7.78,0,1312,0,459,liboqs,validator
Dilithium2,keygen,28759,0.028759,7.78,0,1312,0,460,liboqs,validator
Dilithium2,keygen,29456,0.029456,7.78,0,1312,0,461,liboqs,validator
Dilithium2,keygen,28015,0.028015,7.78,0,1312,0,462,liboqs,validator
Dilithium2,keygen,28266,0.028266,7.78,0,1312,0,463,liboqs,validator
Dilithium2,keygen,28047,0.028047,7.78,0,1312,0,464,liboqs,validator
Dilithium2,keygen,28288,0.028288,7.78,0,1312,0,465,liboqs,validator
Dilithium2,keygen,29704,0.029704,7.78,0,1312,0,466,liboqs,validator
Dilithium2,keygen,27978,0.027978,7.78,0,1312,0,467,liboqs,validator
Dilithium2,keygen,28124,0.028124,7.78,0,1312,0,468,liboqs,validator
Dilithium2,keygen,27960,0.02796,7.78,0,1312,0,469,liboqs,validator
Dilithium2,keygen,29294,0.029294,7.78,0,1312,0,470,liboqs,validator
Dilithium2,keygen,28158,0.028158,7.78,0,1312,0,471,liboqs,validator
Dilithium2,keygen,29334,0.029334,7.78,0,1312,0,472,liboqs,validator
Dilithium2,keygen,28188,0.028188,7.78,0,1312,0,473,liboqs,validator
Dilithium2,keygen,27791,0.027791,7.78,0,1312,0,474,liboqs,validator
Dilithium2,keygen,28186,0.028186,7.78,0,1312,0,475,liboqs,validator
Dilithium2,keygen,28180,0.02818,7.78,0,1312,0,476,liboqs,validator
Dilithium2,keygen,29212,0.029212,7.78,0,1312,0,477,liboqs,validator
Dilithium2,keygen,27698,0.027698,7.78,0,1312,0,478,liboqs,validator
Dilithium2,keygen,28811,0.028811,7.78,0,1312,0,479,liboqs,validator
Dilithium2,keygen,41211,0.041211,7.78,0,1312,0,480,liboqs,validator
Dilithium2,keygen,32976,0.032976,7.78,0,1312,0,481,liboqs,validator
Dilithium2,keygen,39568,0.039568,7.78,0,1312,0,482,liboqs,validator
Dilithium2,keygen,33450,0.03345,7.78,0,1312,0,483,liboqs,validator
Dilithium2,keygen,30070,0.03007,7.78,0,1312,0,484,liboqs,validator
Dilithium2,keygen,28729,0.028729,7.78,0,1312,0,485,liboqs,validator
Dilithium2,keygen,28133,0.028133,7.78,0,1312,0,486,liboqs,validator
Dilithium2,keygen,28774,0.028774,7.78,0,1312,0,487,liboqs,validator
Dilithium2,keygen,81477,0.081477,12.51,0,1312,0,488,liboqs,validator
Dilithium2,keygen,43369,0.043369,10.51,0,1312,0,489,liboqs,validator
Dilithium2,keygen,32068,0.032068,7.72,0,1312,0,490,liboqs,validator
Dilithium2,keygen,31437,0.031437,7.72,0,1312,0,491,liboqs,validator
Dilithium2,keygen,31471,0.031471,7.78,0,1312,0,492,liboqs,validator
Dilithium2,keygen,31435,0.031435,7.78,0,1312,0,493,liboqs,validator
Dilithium2,keygen,29517,0.029517,7.78,0,1312,0,494,liboqs,validator
Dilithium2,keygen,30733,0.030733,7.78,0,1312,0,495,liboqs,validator
Dilithium2,keygen,28563,0.028563,7.78,0,1312,0,496,liboqs,validator
Dilithium2,keygen,28820,0.02882,7.78,0,1312,0,497,liboqs,validator
Dilithium2,keygen,29561,0.029561,7.78,0,1312,0,498,liboqs,validator
Dilithium2,keygen,28035,0.028035,7.78,0,1312,0,499,liboqs,validator
Dilithium2,keygen,27952,0.027952,7.78,0,1312,0,500,liboqs,validator
Dilithium2,keygen,27762,0.027762,7.78,0,1312,0,501,liboqs,validator
Dilithium2,keygen,28354,0.028354,7.78,0,1312,0,502,liboqs,validator
Dilithium2,keygen,28610,0.02861,7.78,0,1312,0,503,liboqs,validator
Dilithium2,keygen,30504,0.030504,7.78,0,1312,0,504,liboqs,validator
Dilithium2,keygen,29954,0.029954,7.78,0,1312,0,505,liboqs,validator
Dilithium2,keygen,28532,0.028532,7.78,0,1312,0,506,liboqs,validator
Dilithium2,keygen,27944,0.027944,7.78,0,1312,0,507,liboqs,validator
Dilithium2,keygen,28407,0.028407,7.78,0,1312,0,508,liboqs,validator
Dilithium2,keygen,38460,0.03846,7.78,0,1312,0,509,liboqs,validator
Dilithium2,keygen,28499,0.028499,7.78,0,1312,0,510,liboqs,validator
Dilithium2,keygen,28308,0.028308,7.78,0,1312,0,511,liboqs,validator
Dilithium2,keygen,27676,0.027676,7.78,0,1312,0,512,liboqs,validator
Dilithium2,keygen,28388,0.028388,7.78,0,1312,0,513,liboqs,validator
Dilithium2,keygen,29531,0.029531,7.78,0,1312,0,514,liboqs,validator
Dilithium2,keygen,35630,0.03563,7.78,0,1312,0,515,liboqs,validator
Dilithium2,keygen,29491,0.029491,7.78,0,1312,0,516,liboqs,validator
Dilithium2,keygen,29582,0.029582,7.78,0,1312,0,517,liboqs,validator
Dilithium2,keygen,31345,0.031345,7.78,0,1312,0,518,liboqs,validator
Dilithium2,keygen,28626,0.028626,7.78,0,1312,0,519,liboqs,validator
Dilithium2,keygen,30901,0.030901,7.78,0,1312,0,520,liboqs,validator
Dilithium2,keygen,30165,0.030165,7.78,0,1312,0,521,liboqs,validator
Dilithium2,keygen,29243,0.029243,7.78,0,1312,0,522,liboqs,validator
Dilithium2,keygen,29992,0.029992,7.78,0,1312,0,523,liboqs,validator
Dilithium2,keygen,28020,0.02802,7.78,0,1312,0,524,liboqs,validator
Dilithium2,keygen,29667,0.029667,7.78,0,1312,0,525,liboqs,validator
Dilithium2,keygen,28535,0.028535,7.78,0,1312,0,526,liboqs,validator
Dilithium2,keygen,29162,0.029162,7.78,0,1312,0,527,liboqs,validator
Dilithium2,keygen,28173,0.028173,7.78,0,1312,0,528,liboqs,validator
Dilithium2,keygen,29432,0.029432,7.78,0,1312,0,529,liboqs,validator
Dilithium2,keygen,29725,0.029725,7.78,0,1312,0,530,liboqs,validator
Dilithium2,keygen,28271,0.028271,7.78,0,1312,0,531,liboqs,validator
Dilithium2,keygen,27931,0.027931,7.78,0,1312,0,532,liboqs,validator
Dilithium2,keygen,29665,0.029665,7.78,0,1312,0,533,liboqs,validator
Dilithium2,keygen,41940,0.04194,7.78,0,1312,0,534,liboqs,validator
Dilithium2,keygen,35685,0.035685,7.78,0,1312,0,535,liboqs,validator
Dilithium2,keygen,30291,0.030291,7.78,0,1312,0,536,liboqs,validator
Dilithium2,keygen,31738,0.031738,7.78,0,1312,0,537,liboqs,validator
Dilithium2,keygen,29902,0.029902,7.78,0,1312,0,538,liboqs,validator
Dilithium2,keygen,28855,0.028855,7.78,0,1312,0,539,liboqs,validator
Dilithium2,keygen,29429,0.029429,7.78,0,1312,0,540,liboqs,validator
Dilithium2,keygen,28650,0.02865,7.78,0,1312,0,541,liboqs,validator
Dilithium2,keygen,30833,0.030833,7.78,0,1312,0,542,liboqs,validator
Dilithium2,keygen,28092,0.028092,7.78,0,1312,0,543,liboqs,validator
Dilithium2,keygen,29883,0.029883,7.78,0,1312,0,544,liboqs,validator
Dilithium2,keygen,31245,0.031245,7.78,0,1312,0,545,liboqs,validator
Dilithium2,keygen,28950,0.02895,7.78,0,1312,0,546,liboqs,validator
Dilithium2,keygen,31024,0.031024,7.78,0,1312,0,547,liboqs,validator
Dilithium2,keygen,28765,0.028765,7.78,0,1312,0,548,liboqs,validator
Dilithium2,keygen,28366,0.028366,7.78,0,1312,0,549,liboqs,validator
Dilithium2,keygen,28674,0.028674,7.78,0,1312,0,550,liboqs,validator
Dilithium2,keygen,28575,0.028575,7.78,0,1312,0,551,liboqs,validator
Dilithium2,keygen,30465,0.030465,7.78,0,1312,0,552,liboqs,validator
Dilithium2,keygen,29145,0.029145,7.78,0,1312,0,553,liboqs,validator
Dilithium2,keygen,28494,0.028494,7.78,0,1312,0,554,liboqs,validator
Dilithium2,keygen,28990,0.02899,7.78,0,1312,0,555,liboqs,validator
Dilithium2,keygen,29772,0.029772,7.78,0,1312,0,556,liboqs,validator
Dilithium2,keygen,28336,0.028336,7.78,0,1312,0,557,liboqs,validator
Dilithium2,keygen,28839,0.028839,7.78,0,1312,0,558,liboqs,validator
Dilithium2,keygen,28258,0.028258,7.78,0,1312,0,559,liboqs,validator
Dilithium2,keygen,28079,0.028079,7.78,0,1312,0,560,liboqs,validator
Dilithium2,keygen,30288,0.030288,7.78,0,1312,0,561,liboqs,validator
Dilithium2,keygen,28451,0.028451,7.78,0,1312,0,562,liboqs,validator
Dilithium2,keygen,29081,0.029081,7.78,0,1312,0,563,liboqs,validator
Dilithium2,keygen,29397,0.029397,7.78,0,1312,0,564,liboqs,validator
Dilithium2,keygen,28346,0.028346,7.78,0,1312,0,565,liboqs,validator
Dilithium2,keygen,28385,0.028385,7.78,0,1312,0,566,liboqs,validator
Dilithium2,keygen,28731,0.028731,7.78,0,1312,0,567,liboqs,validator
Dilithium2,keygen,29339,0.029339,7.78,0,1312,0,568,liboqs,validator
Dilithium2,keygen,27985,0.027985,7.78,0,1312,0,569,liboqs,validator
Dilithium2,keygen,29024,0.029024,7.78,0,1312,0,570,liboqs,validator
Dilithium2,keygen,29217,0.029217,7.78,0,1312,0,571,liboqs,validator
Dilithium2,keygen,28156,0.028156,7.78,0,1312,0,572,liboqs,validator
Dilithium2,keygen,28923,0.028923,7.78,0,1312,0,573,liboqs,validator
Dilithium2,keygen,28138,0.028138,7.78,0,1312,0,574,liboqs,validator
Dilithium2,keygen,29524,0.029524,7.78,0,1312,0,575,liboqs,validator
Dilithium2,keygen,28257,0.028257,7.78,0,1312,0,576,liboqs,validator
Dilithium2,keygen,29201,0.029201,7.78,0,1312,0,577,liboqs,validator
Dilithium2,keygen,29889,0.029889,7.78,0,1312,0,578,liboqs,validator
Dilithium2,keygen,30426,0.030426,7.78,0,1312,0,579,liboqs,validator
Dilithium2,keygen,28303,0.028303,7.78,0,1312,0,580,liboqs,validator
Dilithium2,keygen,30750,0.03075,7.78,0,1312,0,581,liboqs,validator
Dilithium2,keygen,28309,0.028309,7.78,0,1312,0,582,liboqs,validator
Dilithium2,keygen,27921,0.027921,7.78,0,1312,0,583,liboqs,validator
Dilithium2,keygen,27893,0.027893,7.78,0,1312,0,584,liboqs,validator
Dilithium2,keygen,30136,0.030136,7.78,0,1312,0,585,liboqs,validator
Dilithium2,keygen,27801,0.027801,7.78,0,1312,0,586,liboqs,validator
Dilithium2,keygen,29146,0.029146,7.78,0,1312,0,587,liboqs,validator
Dilithium2,keygen,27606,0.027606,7.78,0,1312,0,588,liboqs,validator
Dilithium2,keygen,28273,0.028273,7.78,0,1312,0,589,liboqs,validator
Dilithium2,keygen,28635,0.028635,7.78,0,1312,0,590,liboqs,validator
Dilithium2,keygen,28052,0.028052,7.78,0,1312,0,591,liboqs,validator
Dilithium2,keygen,27949,0.027949,7.78,0,1312,0,592,liboqs,validator
Dilithium2,keygen,29085,0.029085,7.78,0,1312,0,593,liboqs,validator
Dilithium2,keygen,28425,0.028425,7.78,0,1312,0,594,liboqs,validator
Dilithium2,keygen,28001,0.028001,7.78,0,1312,0,595,liboqs,validator
Dilithium2,keygen,27128,0.027128,7.78,0,1312,0,596,liboqs,validator
Dilithium2,keygen,47434,0.047434,7.78,0,1312,0,597,liboqs,validator
Dilithium2,keygen,34091,0.034091,7.78,0,1312,0,598,liboqs,validator
Dilithium2,keygen,29491,0.029491,7.78,0,1312,0,599,liboqs,validator
Dilithium2,keygen,28516,0.028516,7.78,0,1312,0,600,liboqs,validator
Dilithium2,keygen,30059,0.030059,7.78,0,1312,0,601,liboqs,validator
Dilithium2,keygen,28226,0.028226,7.78,0,1312,0,602,liboqs,validator
Dilithium2,keygen,28305,0.028305,7.78,0,1312,0,603,liboqs,validator
Dilithium2,keygen,28003,0.028003,7.78,0,1312,0,604,liboqs,validator
Dilithium2,keygen,28506,0.028506,7.78,0,1312,0,605,liboqs,validator
Dilithium2,keygen,27694,0.027694,7.78,0,1312,0,606,liboqs,validator
Dilithium2,keygen,27997,0.027997,7.78,0,1312,0,607,liboqs,validator
Dilithium2,keygen,28931,0.028931,7.78,0,1312,0,608,liboqs,validator
Dilithium2,keygen,28484,0.028484,7.78,0,1312,0,609,liboqs,validator
Dilithium2,keygen,28369,0.028369,7.78,0,1312,0,610,liboqs,validator
Dilithium2,keygen,29028,0.029028,7.78,0,1312,0,611,liboqs,validator
Dilithium2,keygen,27616,0.027616,7.78,0,1312,0,612,liboqs,validator
Dilithium2,keygen,27836,0.027836,7.78,0,1312,0,613,liboqs,validator
Dilithium2,keygen,27805,0.027805,7.78,0,1312,0,614,liboqs,validator
Dilithium2,keygen,28645,0.028645,7.78,0,1312,0,615,liboqs,validator
Dilithium2,keygen,29137,0.029137,7.78,0,1312,0,616,liboqs,validator
Dilithium2,keygen,27916,0.027916,7.78,0,1312,0,617,liboqs,validator
Dilithium2,keygen,27575,0.027575,7.78,0,1312,0,618,liboqs,validator
Dilithium2,keygen,28041,0.028041,7.78,0,1312,0,619,liboqs,validator
Dilithium2,keygen,29135,0.029135,7.78,0,1312,0,620,liboqs,validator
Dilithium2,keygen,29091,0.029091,7.78,0,1312,0,621,liboqs,validator
Dilithium2,keygen,27930,0.02793,7.78,0,1312,0,622,liboqs,validator
Dilithium2,keygen,27901,0.027901,7.78,0,1312,0,623,liboqs,validator
Dilithium2,keygen,27836,0.027836,7.78,0,1312,0,624,liboqs,validator
Dilithium2,keygen,28189,0.028189,7.78,0,1312,0,625,liboqs,validator
Dilithium2,keygen,28051,0.028051,7.78,0,1312,0,626,liboqs,validator
Dilithium2,keygen,27597,0.027597,7.78,0,1312,0,627,liboqs,validator
Dilithium2,keygen,28722,0.028722,7.78,0,1312,0,628,liboqs,validator
Dilithium2,keygen,29561,0.029561,7.78,0,1312,0,629,liboqs,validator
Dilithium2,keygen,27688,0.027688,7.78,0,1312,0,630,liboqs,validator
Dilithium2,keygen,29938,0.029938,7.78,0,1312,0,631,liboqs,validator
Dilithium2,keygen,28020,0.02802,7.78,0,1312,0,632,liboqs,validator
Dilithium2,keygen,28022,0.028022,7.78,0,1312,0,633,liboqs,validator
Dilithium2,keygen,27919,0.027919,7.78,0,1312,0,634,liboqs,validator
Dilithium2,keygen,29354,0.029354,7.78,0,1312,0,635,liboqs,validator
Dilithium2,keygen,27894,0.027894,7.78,0,1312,0,636,liboqs,validator
Dilithium2,keygen,28049,0.028049,7.78,0,1312,0,637,liboqs,validator
Dilithium2,keygen,27781,0.027781,7.78,0,1312,0,638,liboqs,validator
Dilithium2,keygen,29776,0.029776,7.78,0,1312,0,639,liboqs,validator
Dilithium2,keygen,27868,0.027868,7.78,0,1312,0,640,liboqs,validator
Dilithium2,keygen,29795,0.029795,7.78,0,1312,0,641,liboqs,validator
Dilithium2,keygen,29260,0.02926,7.78,0,1312,0,642,liboqs,validator
Dilithium2,keygen,37924,0.037924,7.78,0,1312,0,643,liboqs,validator
Dilithium2,keygen,30232,0.030232,7.78,0,1312,0,644,liboqs,validator
Dilithium2,keygen,31813,0.031813,7.78,0,1312,0,645,liboqs,validator
Dilithium2,keygen,30807,0.030807,7.78,0,1312,0,646,liboqs,validator
Dilithium2,keygen,29065,0.029065,7.78,0,1312,0,647,liboqs,validator
Dilithium2,keygen,29333,0.029333,7.78,0,1312,0,648,liboqs,validator
Dilithium2,keygen,30391,0.030391,7.78,0,1312,0,649,liboqs,validator
Dilithium2,keygen,28588,0.028588,7.78,0,1312,0,650,liboqs,validator
Dilithium2,keygen,29376,0.029376,7.78,0,1312,0,651,liboqs,validator
Dilithium2,keygen,28372,0.028372,7.78,0,1312,0,652,liboqs,validator
Dilithium2,keygen,29822,0.029822,7.78,0,1312,0,653,liboqs,validator
Dilithium2,keygen,28659,0.028659,7.78,0,1312,0,654,liboqs,validator
Dilithium2,keygen,28154,0.028154,7.78,0,1312,0,655,liboqs,validator
Dilithium2,keygen,29185,0.029185,7.78,0,1312,0,656,liboqs,validator
Dilithium2,keygen,30046,0.030046,7.78,0,1312,0,657,liboqs,validator
Dilithium2,keygen,44045,0.044045,7.78,0,1312,0,658,liboqs,validator
Dilithium2,keygen,31362,0.031362,7.78,0,1312,0,659,liboqs,validator
Dilithium2,keygen,30688,0.030688,7.78,0,1312,0,660,liboqs,validator
Dilithium2,keygen,38473,0.038473,7.78,0,1312,0,661,liboqs,validator
Dilithium2,keygen,35531,0.035531,7.78,0,1312,0,662,liboqs,validator
Dilithium2,keygen,33607,0.033607,7.78,0,1312,0,663,liboqs,validator
Dilithium2,keygen,29524,0.029524,7.78,0,1312,0,664,liboqs,validator
Dilithium2,keygen,30033,0.030033,7.78,0,1312,0,665,liboqs,validator
Dilithium2,keygen,29078,0.029078,7.78,0,1312,0,666,liboqs,validator
Dilithium2,keygen,29280,0.02928,7.78,0,1312,0,667,liboqs,validator
Dilithium2,keygen,29755,0.029755,7.78,0,1312,0,668,liboqs,validator
Dilithium2,keygen,28271,0.028271,7.78,0,1312,0,669,liboqs,validator
Dilithium2,keygen,28738,0.028738,7.78,0,1312,0,670,liboqs,validator
Dilithium2,keygen,30281,0.030281,7.78,0,1312,0,671,liboqs,validator
Dilithium2,keygen,29745,0.029745,7.78,0,1312,0,672,liboqs,validator
Dilithium2,keygen,29219,0.029219,7.78,0,1312,0,673,liboqs,validator
Dilithium2,keygen,29150,0.02915,7.78,0,1312,0,674,liboqs,validator
Dilithium2,keygen,29147,0.029147,7.78,0,1312,0,675,liboqs,validator
Dilithium2,keygen,28526,0.028526,7.78,0,1312,0,676,liboqs,validator
Dilithium2,keygen,28545,0.028545,7.78,0,1312,0,677,liboqs,validator
Dilithium2,keygen,28156,0.028156,7.78,0,1312,0,678,liboqs,validator
Dilithium2,keygen,28425,0.028425,7.78,0,1312,0,679,liboqs,validator
Dilithium2,keygen,27524,0.027524,7.78,0,1312,0,680,liboqs,validator
Dilithium2,keygen,29078,0.029078,7.78,0,1312,0,681,liboqs,validator
Dilithium2,keygen,27943,0.027943,7.78,0,1312,0,682,liboqs,validator
Dilithium2,keygen,29401,0.029401,7.78,0,1312,0,683,liboqs,validator
Dilithium2,keygen,29456,0.029456,7.78,0,1312,0,684,liboqs,validator
Dilithium2,keygen,28059,0.028059,7.78,0,1312,0,685,liboqs,validator
Dilithium2,keygen,28708,0.028708,7.78,0,1312,0,686,liboqs,validator
Dilithium2,keygen,28546,0.028546,7.78,0,1312,0,687,liboqs,validator
Dilithium2,keygen,28817,0.028817,7.78,0,1312,0,688,liboqs,validator
Dilithium2,keygen,37064,0.037064,7.78,0,1312,0,689,liboqs,validator
Dilithium2,keygen,28413,0.028413,7.78,0,1312,0,690,liboqs,validator
Dilithium2,keygen,29072,0.029072,7.78,0,1312,0,691,liboqs,validator
Dilithium2,keygen,28232,0.028232,7.78,0,1312,0,692,liboqs,validator
Dilithium2,keygen,28966,0.028966,7.78,0,1312,0,693,liboqs,validator
Dilithium2,keygen,29512,0.029512,7.78,0,1312,0,694,liboqs,validator
Dilithium2,keygen,28361,0.028361,7.78,0,1312,0,695,liboqs,validator
Dilithium2,keygen,29172,0.029172,7.78,0,1312,0,696,liboqs,validator
Dilithium2,keygen,28303,0.028303,7.78,0,1312,0,697,liboqs,validator
Dilithium2,keygen,28679,0.028679,7.78,0,1312,0,698,liboqs,validator
Dilithium2,keygen,30241,0.030241,7.78,0,1312,0,699,liboqs,validator
Dilithium2,keygen,28162,0.028162,7.78,0,1312,0,700,liboqs,validator
Dilithium2,keygen,28915,0.028915,7.78,0,1312,0,701,liboqs,validator
Dilithium2,keygen,27884,0.027884,7.78,0,1312,0,702,liboqs,validator
Dilithium2,keygen,29727,0.029727,7.78,0,1312,0,703,liboqs,validator
Dilithium2,keygen,28432,0.028432,7.78,0,1312,0,704,liboqs,validator
Dilithium2,keygen,29541,0.029541,7.78,0,1312,0,705,liboqs,validator
Dilithium2,keygen,29475,0.029475,7.78,0,1312,0,706,liboqs,validator
Dilithium2,keygen,28424,0.028424,7.78,0,1312,0,707,liboqs,validator
Dilithium2,keygen,29340,0.02934,7.78,0,1312,0,708,liboqs,validator
Dilithium2,keygen,29279,0.029279,7.78,0,1312,0,709,liboqs,validator
Dilithium2,keygen,27615,0.027615,7.78,0,1312,0,710,liboqs,validator
Dilithium2,keygen,27681,0.027681,7.78,0,1312,0,711,liboqs,validator
Dilithium2,keygen,27431,0.027431,7.78,0,1312,0,712,liboqs,validator
Dilithium2,keygen,28581,0.028581,7.78,0,1312,0,713,liboqs,validator
Dilithium2,keygen,28830,0.02883,7.78,0,1312,0,714,liboqs,validator
Dilithium2,keygen,28344,0.028344,7.78,0,1312,0,715,liboqs,validator
Dilithium2,keygen,28296,0.028296,7.78,0,1312,0,716,liboqs,validator
Dilithium2,keygen,29229,0.029229,7.78,0,1312,0,717,liboqs,validator
Dilithium2,keygen,27586,0.027586,7.78,0,1312,0,718,liboqs,validator
Dilithium2,keygen,27647,0.027647,7.78,0,1312,0,719,liboqs,validator
Dilithium2,keygen,27966,0.027966,7.78,0,1312,0,720,liboqs,validator
Dilithium2,keygen,28811,0.028811,7.78,0,1312,0,721,liboqs,validator
Dilithium2,keygen,29194,0.029194,7.78,0,1312,0,722,liboqs,validator
Dilithium2,keygen,27959,0.027959,7.78,0,1312,0,723,liboqs,validator
Dilithium2,keygen,27767,0.027767,7.78,0,1312,0,724,liboqs,validator
Dilithium2,keygen,37326,0.037326,7.78,0,1312,0,725,liboqs,validator
Dilithium2,keygen,35518,0.035518,7.78,0,1312,0,726,liboqs,validator
Dilithium2,keygen,30317,0.030317,7.78,0,1312,0,727,liboqs,validator
Dilithium2,keygen,29036,0.029036,7.78,0,1312,0,728,liboqs,validator
Dilithium2,keygen,28227,0.028227,7.78,0,1312,0,729,liboqs,validator
Dilithium2,keygen,29522,0.029522,7.78,0,1312,0,730,liboqs,validator
Dilithium2,keygen,28981,0.028981,7.78,0,1312,0,731,liboqs,validator
Dilithium2,keygen,29586,0.029586,7.78,0,1312,0,732,liboqs,validator
Dilithium2,keygen,28215,0.028215,7.78,0,1312,0,733,liboqs,validator
Dilithium2,keygen,27992,0.027992,7.78,0,1312,0,734,liboqs,validator
Dilithium2,keygen,28665,0.028665,7.78,0,1312,0,735,liboqs,validator
Dilithium2,keygen,29529,0.029529,7.78,0,1312,0,736,liboqs,validator
Dilithium2,keygen,28456,0.028456,7.78,0,1312,0,737,liboqs,validator
Dilithium2,keygen,28316,0.028316,7.78,0,1312,0,738,liboqs,validator
Dilithium2,keygen,28198,0.028198,7.78,0,1312,0,739,liboqs,validator
Dilithium2,keygen,28943,0.028943,7.78,0,1312,0,740,liboqs,validator
Dilithium2,keygen,27737,0.027737,7.78,0,1312,0,741,liboqs,validator
Dilithium2,keygen,27955,0.027955,7.78,0,1312,0,742,liboqs,validator
Dilithium2,keygen,28187,0.028187,7.78,0,1312,0,743,liboqs,validator
Dilithium2,keygen,29306,0.029306,7.78,0,1312,0,744,liboqs,validator
Dilithium2,keygen,27929,0.027929,7.78,0,1312,0,745,liboqs,validator
Dilithium2,keygen,27597,0.027597,7.78,0,1312,0,746,liboqs,validator
Dilithium2,keygen,28088,0.028088,7.78,0,1312,0,747,liboqs,validator
Dilithium2,keygen,30049,0.030049,7.78,0,1312,0,748,liboqs,validator
Dilithium2,keygen,27877,0.027877,7.78,0,1312,0,749,liboqs,validator
Dilithium2,keygen,27301,0.027301,7.78,0,1312,0,750,liboqs,validator
Dilithium2,keygen,27869,0.027869,7.78,0,1312,0,751,liboqs,validator
Dilithium2,keygen,28505,0.028505,7.78,0,1312,0,752,liboqs,validator
Dilithium2,keygen,27576,0.027576,7.78,0,1312,0,753,liboqs,validator
Dilithium2,keygen,27676,0.027676,7.78,0,1312,0,754,liboqs,validator
Dilithium2,keygen,27750,0.02775,7.78,0,1312,0,755,liboqs,validator
Dilithium2,keygen,28814,0.028814,7.78,0,1312,0,756,liboqs,validator
Dilithium2,keygen,27527,0.027527,7.78,0,1312,0,757,liboqs,validator
Dilithium2,keygen,27669,0.027669,7.78,0,1312,0,758,liboqs,validator
Dilithium2,keygen,28036,0.028036,7.78,0,1312,0,759,liboqs,validator
Dilithium2,keygen,29528,0.029528,7.78,0,1312,0,760,liboqs,validator
Dilithium2,keygen,29933,0.029933,7.78,0,1312,0,761,liboqs,validator
Dilithium2,keygen,28871,0.028871,7.78,0,1312,0,762,liboqs,validator
Dilithium2,keygen,28712,0.028712,7.78,0,1312,0,763,liboqs,validator
Dilithium2,keygen,28170,0.02817,7.78,0,1312,0,764,liboqs,validator
Dilithium2,keygen,28054,0.028054,7.78,0,1312,0,765,liboqs,validator
Dilithium2,keygen,27842,0.027842,7.78,0,1312,0,766,liboqs,validator
Dilithium2,keygen,28039,0.028039,7.78,0,1312,0,767,liboqs,validator
Dilithium2,keygen,27940,0.02794,7.78,0,1312,0,768,liboqs,validator
Dilithium2,keygen,29298,0.029298,7.78,0,1312,0,769,liboqs,validator
Dilithium2,keygen,34963,0.034963,7.78,0,1312,0,770,liboqs,validator
Dilithium2,keygen,30671,0.030671,7.78,0,1312,0,771,liboqs,validator
Dilithium2,keygen,31780,0.03178,7.78,0,1312,0,772,liboqs,validator
Dilithium2,keygen,28533,0.028533,7.78,0,1312,0,773,liboqs,validator
Dilithium2,keygen,29194,0.029194,7.78,0,1312,0,774,liboqs,validator
Dilithium2,keygen,28932,0.028932,7.78,0,1312,0,775,liboqs,validator
Dilithium2,keygen,29533,0.029533,7.78,0,1312,0,776,liboqs,validator
Dilithium2,keygen,28497,0.028497,7.78,0,1312,0,777,liboqs,validator
Dilithium2,keygen,29014,0.029014,7.78,0,1312,0,778,liboqs,validator
Dilithium2,keygen,28289,0.028289,7.78,0,1312,0,779,liboqs,validator
Dilithium2,keygen,29343,0.029343,7.78,0,1312,0,780,liboqs,validator
Dilithium2,keygen,29387,0.029387,7.78,0,1312,0,781,liboqs,validator
Dilithium2,keygen,27955,0.027955,7.78,0,1312,0,782,liboqs,validator
Dilithium2,keygen,28891,0.028891,7.78,0,1312,0,783,liboqs,validator
Dilithium2,keygen,28108,0.028108,7.78,0,1312,0,784,liboqs,validator
Dilithium2,keygen,28674,0.028674,7.78,0,1312,0,785,liboqs,validator
Dilithium2,keygen,28483,0.028483,7.78,0,1312,0,786,liboqs,validator
Dilithium2,keygen,29096,0.029096,7.78,0,1312,0,787,liboqs,validator
Dilithium2,keygen,27646,0.027646,7.78,0,1312,0,788,liboqs,validator
Dilithium2,keygen,28713,0.028713,7.78,0,1312,0,789,liboqs,validator
Dilithium2,keygen,39394,0.039394,7.78,0,1312,0,790,liboqs,validator
Dilithium2,keygen,34409,0.034409,7.78,0,1312,0,791,liboqs,validator
Dilithium2,keygen,31945,0.031945,7.78,0,1312,0,792,liboqs,validator
Dilithium2,keygen,28839,0.028839,7.78,0,1312,0,793,liboqs,validator
Dilithium2,keygen,29217,0.029217,7.78,0,1312,0,794,liboqs,validator
Dilithium2,keygen,30535,0.030535,7.78,0,1312,0,795,liboqs,validator
Dilithium2,keygen,28826,0.028826,7.78,0,1312,0,796,liboqs,validator
Dilithium2,keygen,28077,0.028077,7.78,0,1312,0,797,liboqs,validator
Dilithium2,keygen,29028,0.029028,7.78,0,1312,0,798,liboqs,validator
Dilithium2,keygen,31369,0.031369,7.78,0,1312,0,799,liboqs,validator
Dilithium2,keygen,28640,0.02864,7.78,0,1312,0,800,liboqs,validator
Dilithium2,keygen,28403,0.028403,7.78,0,1312,0,801,liboqs,validator
Dilithium2,keygen,29366,0.029366,7.78,0,1312,0,802,liboqs,validator
Dilithium2,keygen,29649,0.029649,7.78,0,1312,0,803,liboqs,validator
Dilithium2,keygen,28111,0.028111,7.78,0,1312,0,804,liboqs,validator
Dilithium2,keygen,27942,0.027942,7.78,0,1312,0,805,liboqs,validator
Dilithium2,keygen,28650,0.02865,7.78,0,1312,0,806,liboqs,validator
Dilithium2,keygen,30803,0.030803,7.78,0,1312,0,807,liboqs,validator
Dilithium2,keygen,28412,0.028412,7.78,0,1312,0,808,liboqs,validator
Dilithium2,keygen,28369,0.028369,7.78,0,1312,0,809,liboqs,validator
Dilithium2,keygen,28069,0.028069,7.78,0,1312,0,810,liboqs,validator
Dilithium2,keygen,29964,0.029964,7.78,0,1312,0,811,liboqs,validator
Dilithium2,keygen,28380,0.02838,7.78,0,1312,0,812,liboqs,validator
Dilithium2,keygen,29951,0.029951,7.78,0,1312,0,813,liboqs,validator
Dilithium2,keygen,27973,0.027973,7.78,0,1312,0,814,liboqs,validator
Dilithium2,keygen,28241,0.028241,7.78,0,1312,0,815,liboqs,validator
Dilithium2,keygen,28426,0.028426,7.78,0,1312,0,816,liboqs,validator
Dilithium2,keygen,28340,0.02834,7.78,0,1312,0,817,liboqs,validator
Dilithium2,keygen,29976,0.029976,7.78,0,1312,0,818,liboqs,validator
Dilithium2,keygen,28297,0.028297,7.78,0,1312,0,819,liboqs,validator
Dilithium2,keygen,28181,0.028181,7.78,0,1312,0,820,liboqs,validator
Dilithium2,keygen,30074,0.030074,7.78,0,1312,0,821,liboqs,validator
Dilithium2,keygen,27935,0.027935,7.78,0,1312,0,822,liboqs,validator
Dilithium2,keygen,27938,0.027938,7.78,0,1312,0,823,liboqs,validator
Dilithium2,keygen,28497,0.028497,7.78,0,1312,0,824,liboqs,validator
Dilithium2,keygen,29297,0.029297,7.78,0,1312,0,825,liboqs,validator
Dilithium2,keygen,69506,0.069506,12.51,0,1312,0,826,liboqs,validator
Dilithium2,keygen,42349,0.042349,9.93,0,1312,0,827,liboqs,validator
Dilithium2,keygen,31903,0.031903,7.72,0,1312,0,828,liboqs,validator
Dilithium2,keygen,29663,0.029663,7.72,0,1312,0,829,liboqs,validator
Dilithium2,keygen,29280,0.02928,7.78,0,1312,0,830,liboqs,validator
Dilithium2,keygen,28262,0.028262,7.78,0,1312,0,831,liboqs,validator
Dilithium2,keygen,28744,0.028744,7.78,0,1312,0,832,liboqs,validator
Dilithium2,keygen,30333,0.030333,7.78,0,1312,0,833,liboqs,validator
Dilithium2,keygen,29689,0.029689,7.78,0,1312,0,834,liboqs,validator
Dilithium2,keygen,27989,0.027989,7.78,0,1312,0,835,liboqs,validator
Dilithium2,keygen,28365,0.028365,7.78,0,1312,0,836,liboqs,validator
Dilithium2,keygen,29503,0.029503,7.78,0,1312,0,837,liboqs,validator
Dilithium2,keygen,27811,0.027811,7.78,0,1312,0,838,liboqs,validator
Dilithium2,keygen,29200,0.0292,7.78,0,1312,0,839,liboqs,validator
Dilithium2,keygen,28205,0.028205,7.78,0,1312,0,840,liboqs,validator
Dilithium2,keygen,28345,0.028345,7.78,0,1312,0,841,liboqs,validator
Dilithium2,keygen,29899,0.029899,7.78,0,1312,0,842,liboqs,validator
Dilithium2,keygen,27951,0.027951,7.78,0,1312,0,843,liboqs,validator
Dilithium2,keygen,37863,0.037863,7.78,0,1312,0,844,liboqs,validator
Dilithium2,keygen,34981,0.034981,7.78,0,1312,0,845,liboqs,validator
Dilithium2,keygen,31123,0.031123,7.78,0,1312,0,846,liboqs,validator
Dilithium2,keygen,29177,0.029177,7.78,0,1312,0,847,liboqs,validator
Dilithium2,keygen,28290,0.02829,7.78,0,1312,0,848,liboqs,validator
Dilithium2,keygen,29079,0.029079,7.78,0,1312,0,849,liboqs,validator
Dilithium2,keygen,30428,0.030428,7.78,0,1312,0,850,liboqs,validator
Dilithium2,keygen,28516,0.028516,7.78,0,1312,0,851,liboqs,validator
Dilithium2,keygen,28294,0.028294,7.78,0,1312,0,852,liboqs,validator
Dilithium2,keygen,28390,0.02839,7.78,0,1312,0,853,liboqs,validator
Dilithium2,keygen,29120,0.02912,7.78,0,1312,0,854,liboqs,validator
Dilithium2,keygen,28520,0.02852,7.78,0,1312,0,855,liboqs,validator
Dilithium2,keygen,27936,0.027936,7.78,0,1312,0,856,liboqs,validator
Dilithium2,keygen,28350,0.02835,7.78,0,1312,0,857,liboqs,validator
Dilithium2,keygen,29381,0.029381,7.78,0,1312,0,858,liboqs,validator
Dilithium2,keygen,28325,0.028325,7.78,0,1312,0,859,liboqs,validator
Dilithium2,keygen,28096,0.028096,7.78,0,1312,0,860,liboqs,validator
Dilithium2,keygen,29869,0.029869,7.78,0,1312,0,861,liboqs,validator
Dilithium2,keygen,29055,0.029055,7.78,0,1312,0,862,liboqs,validator
Dilithium2,keygen,28374,0.028374,7.78,0,1312,0,863,liboqs,validator
Dilithium2,keygen,27797,0.027797,7.78,0,1312,0,864,liboqs,validator
Dilithium2,keygen,28550,0.02855,7.78,0,1312,0,865,liboqs,validator
Dilithium2,keygen,28378,0.028378,7.78,0,1312,0,866,liboqs,validator
Dilithium2,keygen,29089,0.029089,7.78,0,1312,0,867,liboqs,validator
Dilithium2,keygen,28463,0.028463,7.78,0,1312,0,868,liboqs,validator
Dilithium2,keygen,28365,0.028365,7.78,0,1312,0,869,liboqs,validator
Dilithium2,keygen,27691,0.027691,7.78,0,1312,0,870,liboqs,validator
Dilithium2,keygen,27672,0.027672,7.78,0,1312,0,871,liboqs,validator
Dilithium2,keygen,29290,0.02929,7.78,0,1312,0,872,liboqs,validator
Dilithium2,keygen,28444,0.028444,7.78,0,1312,0,873,liboqs,validator
Dilithium2,keygen,28809,0.028809,7.78,0,1312,0,874,liboqs,validator
Dilithium2,keygen,29081,0.029081,7.78,0,1312,0,875,liboqs,validator
Dilithium2,keygen,38333,0.038333,7.78,0,1312,0,876,liboqs,validator
Dilithium2,keygen,28853,0.028853,7.78,0,1312,0,877,liboqs,validator
Dilithium2,keygen,27664,0.027664,7.78,0,1312,0,878,liboqs,validator
Dilithium2,keygen,27914,0.027914,7.78,0,1312,0,879,liboqs,validator
Dilithium2,keygen,30180,0.03018,7.78,0,1312,0,880,liboqs,validator
Dilithium2,keygen,28377,0.028377,7.78,0,1312,0,881,liboqs,validator
Dilithium2,keygen,29558,0.029558,7.78,0,1312,0,882,liboqs,validator
Dilithium2,keygen,29826,0.029826,7.78,0,1312,0,883,liboqs,validator
Dilithium2,keygen,29342,0.029342,7.78,0,1312,0,884,liboqs,validator
Dilithium2,keygen,30863,0.030863,7.78,0,1312,0,885,liboqs,validator
Dilithium2,keygen,32782,0.032782,7.78,0,1312,0,886,liboqs,validator
Dilithium2,keygen,29432,0.029432,7.78,0,1312,0,887,liboqs,validator
Dilithium2,keygen,31867,0.031867,7.78,0,1312,0,888,liboqs,validator
Dilithium2,keygen,29300,0.0293,7.78,0,1312,0,889,liboqs,validator
Dilithium2,keygen,30346,0.030346,7.78,0,1312,0,890,liboqs,validator
Dilithium2,keygen,28651,0.028651,7.78,0,1312,0,891,liboqs,validator
Dilithium2,keygen,29839,0.029839,7.78,0,1312,0,892,liboqs,validator
Dilithium2,keygen,30498,0.030498,7.78,0,1312,0,893,liboqs,validator
Dilithium2,keygen,28214,0.028214,7.78,0,1312,0,894,liboqs,validator
Dilithium2,keygen,29546,0.029546,7.78,0,1312,0,895,liboqs,validator
Dilithium2,keygen,35358,0.035358,7.78,0,1312,0,896,liboqs,validator
Dilithium2,keygen,32136,0.032136,7.78,0,1312,0,897,liboqs,validator
Dilithium2,keygen,29214,0.029214,7.78,0,1312,0,898,liboqs,validator
Dilithium2,keygen,44009,0.044009,7.78,0,1312,0,899,liboqs,validator
Dilithium2,keygen,32787,0.032787,7.78,0,1312,0,900,liboqs,validator
Dilithium2,keygen,42307,0.042307,7.78,0,1312,0,901,liboqs,validator
Dilithium2,keygen,38540,0.03854,7.78,0,1312,0,902,liboqs,validator
Dilithium2,keygen,33701,0.033701,7.78,0,1312,0,903,liboqs,validator
Dilithium2,keygen,30893,0.030893,7.78,0,1312,0,904,liboqs,validator
Dilithium2,keygen,33311,0.033311,7.78,0,1312,0,905,liboqs,validator
Dilithium2,keygen,29540,0.02954,7.78,0,1312,0,906,liboqs,validator
Dilithium2,keygen,30591,0.030591,7.78,0,1312,0,907,liboqs,validator
Dilithium2,keygen,31641,0.031641,7.78,0,1312,0,908,liboqs,validator
Dilithium2,keygen,30090,0.03009,7.78,0,1312,0,909,liboqs,validator
Dilithium2,keygen,29886,0.029886,7.78,0,1312,0,910,liboqs,validator
Dilithium2,keygen,29492,0.029492,7.78,0,1312,0,911,liboqs,validator
Dilithium2,keygen,28641,0.028641,7.78,0,1312,0,912,liboqs,validator
Dilithium2,keygen,30394,0.030394,7.78,0,1312,0,913,liboqs,validator
Dilithium2,keygen,30542,0.030542,7.78,0,1312,0,914,liboqs,validator
Dilithium2,keygen,28453,0.028453,7.78,0,1312,0,915,liboqs,validator
Dilithium2,keygen,30167,0.030167,7.78,0,1312,0,916,liboqs,validator
Dilithium2,keygen,33193,0.033193,7.78,0,1312,0,917,liboqs,validator
Dilithium2,keygen,34282,0.034282,7.78,0,1312,0,918,liboqs,validator
Dilithium2,keygen,29975,0.029975,7.78,0,1312,0,919,liboqs,validator
Dilithium2,keygen,27964,0.027964,7.78,0,1312,0,920,liboqs,validator
Dilithium2,keygen,29671,0.029671,7.78,0,1312,0,921,liboqs,validator
Dilithium2,keygen,28000,0.028,7.78,0,1312,0,922,liboqs,validator
Dilithium2,keygen,29347,0.029347,7.78,0,1312,0,923,liboqs,validator
Dilithium2,keygen,28065,0.028065,7.78,0,1312,0,924,liboqs,validator
Dilithium2,keygen,27846,0.027846,7.78,0,1312,0,925,liboqs,validator
Dilithium2,keygen,28962,0.028962,7.78,0,1312,0,926,liboqs,validator
Dilithium2,keygen,29335,0.029335,7.78,0,1312,0,927,liboqs,validator
Dilithium2,keygen,27932,0.027932,7.78,0,1312,0,928,liboqs,validator
Dilithium2,keygen,29194,0.029194,7.78,0,1312,0,929,liboqs,validator
Dilithium2,keygen,29052,0.029052,7.78,0,1312,0,930,liboqs,validator
Dilithium2,keygen,31560,0.03156,7.78,0,1312,0,931,liboqs,validator
Dilithium2,keygen,29424,0.029424,7.78,0,1312,0,932,liboqs,validator
Dilithium2,keygen,28849,0.028849,7.78,0,1312,0,933,liboqs,validator
Dilithium2,keygen,29424,0.029424,7.78,0,1312,0,934,liboqs,validator
Dilithium2,keygen,28673,0.028673,7.78,0,1312,0,935,liboqs,validator
Dilithium2,keygen,28147,0.028147,7.78,0,1312,0,936,liboqs,validator
Dilithium2,keygen,29203,0.029203,7.78,0,1312,0,937,liboqs,validator
Dilithium2,keygen,31019,0.031019,7.78,0,1312,0,938,liboqs,validator
Dilithium2,keygen,29505,0.029505,7.78,0,1312,0,939,liboqs,validator
Dilithium2,keygen,28182,0.028182,7.78,0,1312,0,940,liboqs,validator
Dilithium2,keygen,27869,0.027869,7.78,0,1312,0,941,liboqs,validator
Dilithium2,keygen,28884,0.028884,7.78,0,1312,0,942,liboqs,validator
Dilithium2,keygen,27843,0.027843,7.78,0,1312,0,943,liboqs,validator
Dilithium2,keygen,29422,0.029422,7.78,0,1312,0,944,liboqs,validator
Dilithium2,keygen,28960,0.02896,7.78,0,1312,0,945,liboqs,validator
Dilithium2,keygen,30454,0.030454,7.78,0,1312,0,946,liboqs,validator
Dilithium2,keygen,28722,0.028722,7.78,0,1312,0,947,liboqs,validator
Dilithium2,keygen,30627,0.030627,7.78,0,1312,0,948,liboqs,validator
Dilithium2,keygen,45961,0.045961,7.78,0,1312,0,949,liboqs,validator
Dilithium2,keygen,35249,0.035249,7.78,0,1312,0,950,liboqs,validator
Dilithium2,keygen,40823,0.040823,7.78,0,1312,0,951,liboqs,validator
Dilithium2,keygen,36845,0.036845,7.78,0,1312,0,952,liboqs,validator
Dilithium2,keygen,31250,0.03125,7.78,0,1312,0,953,liboqs,validator
Dilithium2,keygen,29635,0.029635,7.78,0,1312,0,954,liboqs,validator
Dilithium2,keygen,30501,0.030501,7.78,0,1312,0,955,liboqs,validator
Dilithium2,keygen,28879,0.028879,7.78,0,1312,0,956,liboqs,validator
Dilithium2,keygen,29050,0.02905,7.78,0,1312,0,957,liboqs,validator
Dilithium2,keygen,28510,0.02851,7.78,0,1312,0,958,liboqs,validator
Dilithium2,keygen,28478,0.028478,7.78,0,1312,0,959,liboqs,validator
Dilithium2,keygen,32791,0.032791,7.78,0,1312,0,960,liboqs,validator
Dilithium2,keygen,29536,0.029536,7.78,0,1312,0,961,liboqs,validator
Dilithium2,keygen,28862,0.028862,7.78,0,1312,0,962,liboqs,validator
Dilithium2,keygen,31100,0.0311,7.78,0,1312,0,963,liboqs,validator
Dilithium2,keygen,31318,0.031318,7.78,0,1312,0,964,liboqs,validator
Dilithium2,keygen,29600,0.0296,7.78,0,1312,0,965,liboqs,validator
Dilithium2,keygen,30573,0.030573,7.78,0,1312,0,966,liboqs,validator
Dilithium2,keygen,31123,0.031123,7.78,0,1312,0,967,liboqs,validator
Dilithium2,keygen,30641,0.030641,7.78,0,1312,0,968,liboqs,validator
Dilithium2,keygen,32294,0.032294,7.78,0,1312,0,969,liboqs,validator
Dilithium2,keygen,28525,0.028525,7.78,0,1312,0,970,liboqs,validator
Dilithium2,keygen,29495,0.029495,7.78,0,1312,0,971,liboqs,validator
Dilithium2,keygen,30689,0.030689,7.78,0,1312,0,972,liboqs,validator
Dilithium2,keygen,31002,0.031002,7.78,0,1312,0,973,liboqs,validator
Dilithium2,keygen,30239,0.030239,7.78,0,1312,0,974,liboqs,validator
Dilithium2,keygen,34310,0.03431,8.46,0,1312,0,975,liboqs,validator
Dilithium2,keygen,31752,0.031752,7.85,0,1312,0,976,liboqs,validator
Dilithium2,keygen,30429,0.030429,7.78,0,1312,0,977,liboqs,validator
Dilithium2,keygen,29659,0.029659,7.78,0,1312,0,978,liboqs,validator
Dilithium2,keygen,29818,0.029818,7.78,0,1312,0,979,liboqs,validator
Dilithium2,keygen,31147,0.031147,7.78,0,1312,0,980,liboqs,validator
Dilithium2,keygen,28993,0.028993,7.78,0,1312,0,981,liboqs,validator
Dilithium2,keygen,31240,0.03124,7.78,0,1312,0,982,liboqs,validator
Dilithium2,keygen,30771,0.030771,7.78,0,1312,0,983,liboqs,validator
Dilithium2,keygen,30268,0.030268,7.78,0,1312,0,984,liboqs,validator
Dilithium2,keygen,28742,0.028742,7.78,0,1312,0,985,liboqs,validator
Dilithium2,keygen,29144,0.029144,7.78,0,1312,0,986,liboqs,validator
Dilithium2,keygen,29795,0.029795,7.78,0,1312,0,987,liboqs,validator
Dilithium2,keygen,27943,0.027943,7.78,0,1312,0,988,liboqs,validator
Dilithium2,keygen,30722,0.030722,7.78,0,1312,0,989,liboqs,validator
Dilithium2,keygen,28701,0.028701,7.78,0,1312,0,990,liboqs,validator
Dilithium2,keygen,28553,0.028553,7.78,0,1312,0,991,liboqs,validator
Dilithium2,keygen,38145,0.038145,7.78,0,1312,0,992,liboqs,validator
Dilithium2,keygen,29547,0.029547,7.78,0,1312,0,993,liboqs,validator
Dilithium2,keygen,30695,0.030695,7.78,0,1312,0,994,liboqs,validator
Dilithium2,keygen,28748,0.028748,7.78,0,1312,0,995,liboqs,validator
Dilithium2,keygen,28942,0.028942,7.78,0,1312,0,996,liboqs,validator
Dilithium2,keygen,28572,0.028572,7.78,0,1312,0,997,liboqs,validator
Dilithium2,keygen,28618,0.028618,7.78,0,1312,0,998,liboqs,validator
Dilithium2,keygen,28030,0.02803,7.78,0,1312,0,999,liboqs,validator
Dilithium2,sign,96265,0.096265,13.93,256,1312,2420,0,liboqs,validator
Dilithium2,sign,76042,0.076042,9.19,256,1312,2420,1,liboqs,validator
Dilithium2,sign,52286,0.052286,9.19,256,1312,2420,2,liboqs,validator
Dilithium2,sign,61875,0.061875,9.25,256,1312,2420,3,liboqs,validator
Dilithium2,sign,40556,0.040556,9.25,256,1312,2420,4,liboqs,validator
Dilithium2,sign,38485,0.038485,9.25,256,1312,2420,5,liboqs,validator
Dilithium2,sign,58246,0.058246,9.25,256,1312,2420,6,liboqs,validator
Dilithium2,sign,58737,0.058737,9.25,256,1312,2420,7,liboqs,validator
Dilithium2,sign,37576,0.037576,9.25,256,1312,2420,8,liboqs,validator
Dilithium2,sign,91864,0.091864,9.25,256,1312,2420,9,liboqs,validator
Dilithium2,sign,67083,0.067083,9.25,256,1312,2420,10,liboqs,validator
Dilithium2,sign,45297,0.045297,9.25,256,1312,2420,11,liboqs,validator
Dilithium2,sign,45424,0.045424,9.25,256,1312,2420,12,liboqs,validator
Dilithium2,sign,85925,0.085925,9.25,256,1312,2420,13,liboqs,validator
Dilithium2,sign,65169,0.065169,9.25,256,1312,2420,14,liboqs,validator
Dilithium2,sign,63479,0.063479,9.25,256,1312,2420,15,liboqs,validator
Dilithium2,sign,38372,0.038372,9.25,256,1312,2420,16,liboqs,validator
Dilithium2,sign,36395,0.036395,9.25,256,1312,2420,17,liboqs,validator
Dilithium2,sign,43410,0.04341,9.25,256,1312,2420,18,liboqs,validator
Dilithium2,sign,44388,0.044388,9.25,256,1312,2420,19,liboqs,validator
Dilithium2,sign,63212,0.063212,9.25,256,1312,2420,20,liboqs,validator
Dilithium2,sign,51669,0.051669,9.25,256,1312,2420,21,liboqs,validator
Dilithium2,sign,79505,0.079505,9.25,256,1312,2420,22,liboqs,validator
Dilithium2,sign,42787,0.042787,9.25,256,1312,2420,23,liboqs,validator
Dilithium2,sign,35998,0.035998,9.25,256,1312,2420,24,liboqs,validator
Dilithium2,sign,43750,0.04375,9.25,256,1312,2420,25,liboqs,validator
Dilithium2,sign,229587,0.229587,9.25,256,1312,2420,26,liboqs,validator
Dilithium2,sign,69323,0.069323,9.25,256,1312,2420,27,liboqs,validator
Dilithium2,sign,43907,0.043907,9.25,256,1312,2420,28,liboqs,validator
Dilithium2,sign,41883,0.041883,9.25,256,1312,2420,29,liboqs,validator
Dilithium2,sign,70547,0.070547,9.25,256,1312,2420,30,liboqs,validator
Dilithium2,sign,37343,0.037343,9.25,256,1312,2420,31,liboqs,validator
Dilithium2,sign,42835,0.042835,9.25,256,1312,2420,32,liboqs,validator
Dilithium2,sign,131676,0.131676,9.25,256,1312,2420,33,liboqs,validator
Dilithium2,sign,69224,0.069224,9.25,256,1312,2420,34,liboqs,validator
Dilithium2,sign,138905,0.138905,9.25,256,1312,2420,35,liboqs,validator
Dilithium2,sign,89683,0.089683,9.25,256,1312,2420,36,liboqs,validator
Dilithium2,sign,37881,0.037881,9.25,256,1312,2420,37,liboqs,validator
Dilithium2,sign,43711,0.043711,9.25,256,1312,2420,38,liboqs,validator
Dilithium2,sign,45731,0.045731,9.25,256,1312,2420,39,liboqs,validator
Dilithium2,sign,37215,0.037215,9.25,256,1312,2420,40,liboqs,validator
Dilithium2,sign,89164,0.089164,9.25,256,1312,2420,41,liboqs,validator
Dilithium2,sign,51083,0.051083,9.25,256,1312,2420,42,liboqs,validator
Dilithium2,sign,53716,0.053716,9.25,256,1312,2420,43,liboqs,validator
Dilithium2,sign,51169,0.051169,9.25,256,1312,2420,44,liboqs,validator
Dilithium2,sign,36839,0.036839,9.25,256,1312,2420,45,liboqs,validator
Dilithium2,sign,82839,0.082839,9.25,256,1312,2420,46,liboqs,validator
Dilithium2,sign,44035,0.044035,9.25,256,1312,2420,47,liboqs,validator
Dilithium2,sign,122842,0.122842,9.25,256,1312,2420,48,liboqs,validator
Dilithium2,sign,39219,0.039219,9.25,256,1312,2420,49,liboqs,validator
Dilithium2,sign,53859,0.053859,9.25,256,1312,2420,50,liboqs,validator
Dilithium2,sign,91614,0.091614,9.25,256,1312,2420,51,liboqs,validator
Dilithium2,sign,88375,0.088375,9.25,256,1312,2420,52,liboqs,validator
Dilithium2,sign,63854,0.063854,9.25,256,1312,2420,53,liboqs,validator
Dilithium2,sign,45617,0.045617,9.25,256,1312,2420,54,liboqs,validator
Dilithium2,sign,49625,0.049625,9.25,256,1312,2420,55,liboqs,validator
Dilithium2,sign,98412,0.098412,9.25,256,1312,2420,56,liboqs,validator
Dilithium2,sign,37804,0.037804,9.25,256,1312,2420,57,liboqs,validator
Dilithium2,sign,51816,0.051816,9.25,256,1312,2420,58,liboqs,validator
Dilithium2,sign,69635,0.069635,9.25,256,1312,2420,59,liboqs,validator
Dilithium2,sign,49862,0.049862,9.25,256,1312,2420,60,liboqs,validator
Dilithium2,sign,35540,0.03554,9.25,256,1312,2420,61,liboqs,validator
Dilithium2,sign,59483,0.059483,9.25,256,1312,2420,62,liboqs,validator
Dilithium2,sign,56337,0.056337,9.25,256,1312,2420,63,liboqs,validator
Dilithium2,sign,40261,0.040261,9.25,256,1312,2420,64,liboqs,validator
Dilithium2,sign,64593,0.064593,9.25,256,1312,2420,65,liboqs,validator
Dilithium2,sign,59246,0.059246,9.25,256,1312,2420,66,liboqs,validator
Dilithium2,sign,74891,0.074891,9.25,256,1312,2420,67,liboqs,validator
Dilithium2,sign,48234,0.048234,9.25,256,1312,2420,68,liboqs,validator
Dilithium2,sign,86042,0.086042,9.25,256,1312,2420,69,liboqs,validator
Dilithium2,sign,40951,0.040951,9.25,256,1312,2420,70,liboqs,validator
Dilithium2,sign,36242,0.036242,9.25,256,1312,2420,71,liboqs,validator
Dilithium2,sign,99461,0.099461,9.25,256,1312,2420,72,liboqs,validator
Dilithium2,sign,61516,0.061516,9.25,256,1312,2420,73,liboqs,validator
Dilithium2,sign,44597,0.044597,9.25,256,1312,2420,74,liboqs,validator
Dilithium2,sign,43978,0.043978,9.25,256,1312,2420,75,liboqs,validator
Dilithium2,sign,129364,0.129364,9.25,256,1312,2420,76,liboqs,validator
Dilithium2,sign,63843,0.063843,9.25,256,1312,2420,77,liboqs,validator
Dilithium2,sign,69875,0.069875,9.25,256,1312,2420,78,liboqs,validator
Dilithium2,sign,54160,0.05416,9.25,256,1312,2420,79,liboqs,validator
Dilithium2,sign,36820,0.03682,9.25,256,1312,2420,80,liboqs,validator
Dilithium2,sign,41067,0.041067,9.25,256,1312,2420,81,liboqs,validator
Dilithium2,sign,35304,0.035304,9.25,256,1312,2420,82,liboqs,validator
Dilithium2,sign,41359,0.041359,9.25,256,1312,2420,83,liboqs,validator
Dilithium2,sign,43835,0.043835,9.25,256,1312,2420,84,liboqs,validator
Dilithium2,sign,100614,0.100614,9.25,256,1312,2420,85,liboqs,validator
Dilithium2,sign,37754,0.037754,9.25,256,1312,2420,86,liboqs,validator
Dilithium2,sign,86160,0.08616,9.25,256,1312,2420,87,liboqs,validator
Dilithium2,sign,44105,0.044105,9.25,256,1312,2420,88,liboqs,validator
Dilithium2,sign,56538,0.056538,9.25,256,1312,2420,89,liboqs,validator
Dilithium2,sign,57865,0.057865,9.25,256,1312,2420,90,liboqs,validator
Dilithium2,sign,87009,0.087009,9.25,256,1312,2420,91,liboqs,validator
Dilithium2,sign,50373,0.050373,9.25,256,1312,2420,92,liboqs,validator
Dilithium2,sign,110247,0.110247,9.25,256,1312,2420,93,liboqs,validator
Dilithium2,sign,37863,0.037863,9.25,256,1312,2420,94,liboqs,validator
Dilithium2,sign,42499,0.042499,9.25,256,1312,2420,95,liboqs,validator
Dilithium2,sign,61172,0.061172,9.25,256,1312,2420,96,liboqs,validator
Dilithium2,sign,89356,0.089356,9.25,256,1312,2420,97,liboqs,validator
Dilithium2,sign,134673,0.134673,9.25,256,1312,2420,98,liboqs,validator
Dilithium2,sign,88244,0.088244,9.25,256,1312,2420,99,liboqs,validator
Dilithium2,sign,51086,0.051086,9.25,256,1312,2420,100,liboqs,validator
Dilithium2,sign,91032,0.091032,9.25,256,1312,2420,101,liboqs,validator
Dilithium2,sign,55220,0.05522,9.25,256,1312,2420,102,liboqs,validator
Dilithium2,sign,48332,0.048332,9.25,256,1312,2420,103,liboqs,validator
Dilithium2,sign,35377,0.035377,9.25,256,1312,2420,104,liboqs,validator
Dilithium2,sign,48803,0.048803,9.25,256,1312,2420,105,liboqs,validator
Dilithium2,sign,61819,0.061819,9.25,256,1312,2420,106,liboqs,validator
Dilithium2,sign,70533,0.070533,9.25,256,1312,2420,107,liboqs,validator
Dilithium2,sign,41145,0.041145,9.25,256,1312,2420,108,liboqs,validator
Dilithium2,sign,56967,0.056967,9.25,256,1312,2420,109,liboqs,validator
Dilithium2,sign,56510,0.05651,9.25,256,1312,2420,110,liboqs,validator
Dilithium2,sign,74445,0.074445,9.25,256,1312,2420,111,liboqs,validator
Dilithium2,sign,72884,0.072884,9.25,256,1312,2420,112,liboqs,validator
Dilithium2,sign,89332,0.089332,9.25,256,1312,2420,113,liboqs,validator
Dilithium2,sign,36142,0.036142,9.25,256,1312,2420,114,liboqs,validator
Dilithium2,sign,36477,0.036477,9.25,256,1312,2420,115,liboqs,validator
Dilithium2,sign,66195,0.066195,9.25,256,1312,2420,116,liboqs,validator
Dilithium2,sign,148817,0.148817,9.25,256,1312,2420,117,liboqs,validator
Dilithium2,sign,65616,0.065616,9.25,256,1312,2420,118,liboqs,validator
Dilithium2,sign,36458,0.036458,9.25,256,1312,2420,119,liboqs,validator
Dilithium2,sign,44667,0.044667,9.25,256,1312,2420,120,liboqs,validator
Dilithium2,sign,42232,0.042232,9.25,256,1312,2420,121,liboqs,validator
Dilithium2,sign,42599,0.042599,9.25,256,1312,2420,122,liboqs,validator
Dilithium2,sign,56885,0.056885,9.25,256,1312,2420,123,liboqs,validator
Dilithium2,sign,35886,0.035886,9.25,256,1312,2420,124,liboqs,validator
Dilithium2,sign,34531,0.034531,9.25,256,1312,2420,125,liboqs,validator
Dilithium2,sign,38576,0.038576,9.25,256,1312,2420,126,liboqs,validator
Dilithium2,sign,161242,0.161242,9.25,256,1312,2420,127,liboqs,validator
Dilithium2,sign,107817,0.107817,9.25,256,1312,2420,128,liboqs,validator
Dilithium2,sign,73803,0.073803,9.25,256,1312,2420,129,liboqs,validator
Dilithium2,sign,39139,0.039139,9.25,256,1312,2420,130,liboqs,validator
Dilithium2,sign,48401,0.048401,9.25,256,1312,2420,131,liboqs,validator
Dilithium2,sign,43440,0.04344,9.25,256,1312,2420,132,liboqs,validator
Dilithium2,sign,49176,0.049176,9.25,256,1312,2420,133,liboqs,validator
Dilithium2,sign,72155,0.072155,9.25,256,1312,2420,134,liboqs,validator
Dilithium2,sign,95204,0.095204,9.25,256,1312,2420,135,liboqs,validator
Dilithium2,sign,37717,0.037717,9.25,256,1312,2420,136,liboqs,validator
Dilithium2,sign,66168,0.066168,9.25,256,1312,2420,137,liboqs,validator
Dilithium2,sign,36623,0.036623,9.25,256,1312,2420,138,liboqs,validator
Dilithium2,sign,84882,0.084882,9.25,256,1312,2420,139,liboqs,validator
Dilithium2,sign,35528,0.035528,9.25,256,1312,2420,140,liboqs,validator
Dilithium2,sign,35418,0.035418,9.25,256,1312,2420,141,liboqs,validator
Dilithium2,sign,74092,0.074092,9.25,256,1312,2420,142,liboqs,validator
Dilithium2,sign,54121,0.054121,9.25,256,1312,2420,143,liboqs,validator
Dilithium2,sign,63195,0.063195,9.25,256,1312,2420,144,liboqs,validator
Dilithium2,sign,36705,0.036705,9.25,256,1312,2420,145,liboqs,validator
Dilithium2,sign,50348,0.050348,9.25,256,1312,2420,146,liboqs,validator
Dilithium2,sign,62022,0.062022,9.25,256,1312,2420,147,liboqs,validator
Dilithium2,sign,94098,0.094098,9.25,256,1312,2420,148,liboqs,validator
Dilithium2,sign,67391,0.067391,9.25,256,1312,2420,149,liboqs,validator
Dilithium2,sign,70515,0.070515,9.25,256,1312,2420,150,liboqs,validator
Dilithium2,sign,107403,0.107403,9.25,256,1312,2420,151,liboqs,validator
Dilithium2,sign,57861,0.057861,9.25,256,1312,2420,152,liboqs,validator
Dilithium2,sign,59752,0.059752,9.25,256,1312,2420,153,liboqs,validator
Dilithium2,sign,140916,0.140916,11.65,256,1312,2420,154,liboqs,validator
Dilithium2,sign,64890,0.06489,11.41,256,1312,2420,155,liboqs,validator
Dilithium2,sign,39867,0.039867,9.19,256,1312,2420,156,liboqs,validator
Dilithium2,sign,69187,0.069187,9.25,256,1312,2420,157,liboqs,validator
Dilithium2,sign,63332,0.063332,9.25,256,1312,2420,158,liboqs,validator
Dilithium2,sign,42141,0.042141,9.25,256,1312,2420,159,liboqs,validator
Dilithium2,sign,37233,0.037233,9.25,256,1312,2420,160,liboqs,validator
Dilithium2,sign,42768,0.042768,9.25,256,1312,2420,161,liboqs,validator
Dilithium2,sign,50084,0.050084,9.25,256,1312,2420,162,liboqs,validator
Dilithium2,sign,65841,0.065841,9.25,256,1312,2420,163,liboqs,validator
Dilithium2,sign,36489,0.036489,9.25,256,1312,2420,164,liboqs,validator
Dilithium2,sign,41512,0.041512,9.25,256,1312,2420,165,liboqs,validator
Dilithium2,sign,80105,0.080105,9.25,256,1312,2420,166,liboqs,validator
Dilithium2,sign,68910,0.06891,9.25,256,1312,2420,167,liboqs,validator
Dilithium2,sign,41401,0.041401,9.25,256,1312,2420,168,liboqs,validator
Dilithium2,sign,36505,0.036505,9.25,256,1312,2420,169,liboqs,validator
Dilithium2,sign,42000,0.042,9.25,256,1312,2420,170,liboqs,validator
Dilithium2,sign,53154,0.053154,9.25,256,1312,2420,171,liboqs,validator
Dilithium2,sign,50941,0.050941,9.25,256,1312,2420,172,liboqs,validator
Dilithium2,sign,37398,0.037398,9.25,256,1312,2420,173,liboqs,validator
Dilithium2,sign,80881,0.080881,9.25,256,1312,2420,174,liboqs,validator
Dilithium2,sign,35227,0.035227,9.25,256,1312,2420,175,liboqs,validator
Dilithium2,sign,53249,0.053249,9.25,256,1312,2420,176,liboqs,validator
Dilithium2,sign,49263,0.049263,9.25,256,1312,2420,177,liboqs,validator
Dilithium2,sign,85010,0.08501,9.25,256,1312,2420,178,liboqs,validator
Dilithium2,sign,67272,0.067272,9.25,256,1312,2420,179,liboqs,validator
Dilithium2,sign,88693,0.088693,9.25,256,1312,2420,180,liboqs,validator
Dilithium2,sign,37299,0.037299,9.25,256,1312,2420,181,liboqs,validator
Dilithium2,sign,36495,0.036495,9.25,256,1312,2420,182,liboqs,validator
Dilithium2,sign,52461,0.052461,9.25,256,1312,2420,183,liboqs,validator
Dilithium2,sign,117487,0.117487,9.25,256,1312,2420,184,liboqs,validator
Dilithium2,sign,35168,0.035168,9.25,256,1312,2420,185,liboqs,validator
Dilithium2,sign,42227,0.042227,9.25,256,1312,2420,186,liboqs,validator
Dilithium2,sign,44612,0.044612,9.25,256,1312,2420,187,liboqs,validator
Dilithium2,sign,35225,0.035225,9.25,256,1312,2420,188,liboqs,validator
Dilithium2,sign,41860,0.04186,9.25,256,1312,2420,189,liboqs,validator
Dilithium2,sign,35014,0.035014,9.25,256,1312,2420,190,liboqs,validator
Dilithium2,sign,34601,0.034601,9.25,256,1312,2420,191,liboqs,validator
Dilithium2,sign,34637,0.034637,9.25,256,1312,2420,192,liboqs,validator
Dilithium2,sign,41901,0.041901,9.25,256,1312,2420,193,liboqs,validator
Dilithium2,sign,41011,0.041011,9.25,256,1312,2420,194,liboqs,validator
Dilithium2,sign,55632,0.055632,9.25,256,1312,2420,195,liboqs,validator
Dilithium2,sign,87451,0.087451,9.25,256,1312,2420,196,liboqs,validator
Dilithium2,sign,57690,0.05769,9.25,256,1312,2420,197,liboqs,validator
Dilithium2,sign,35771,0.035771,9.25,256,1312,2420,198,liboqs,validator
Dilithium2,sign,34902,0.034902,9.25,256,1312,2420,199,liboqs,validator
Dilithium2,sign,83466,0.083466,9.25,256,1312,2420,200,liboqs,validator
Dilithium2,sign,47739,0.047739,9.25,256,1312,2420,201,liboqs,validator
Dilithium2,sign,62863,0.062863,9.25,256,1312,2420,202,liboqs,validator
Dilithium2,sign,36198,0.036198,9.25,256,1312,2420,203,liboqs,validator
Dilithium2,sign,35245,0.035245,9.25,256,1312,2420,204,liboqs,validator
Dilithium2,sign,93596,0.093596,9.25,256,1312,2420,205,liboqs,validator
Dilithium2,sign,41951,0.041951,9.25,256,1312,2420,206,liboqs,validator
Dilithium2,sign,49861,0.049861,9.25,256,1312,2420,207,liboqs,validator
Dilithium2,sign,35890,0.03589,9.25,256,1312,2420,208,liboqs,validator
Dilithium2,sign,72087,0.072087,9.25,256,1312,2420,209,liboqs,validator
Dilithium2,sign,34451,0.034451,9.25,256,1312,2420,210,liboqs,validator
Dilithium2,sign,41426,0.041426,9.25,256,1312,2420,211,liboqs,validator
Dilithium2,sign,34660,0.03466,9.25,256,1312,2420,212,liboqs,validator
Dilithium2,sign,77770,0.07777,9.25,256,1312,2420,213,liboqs,validator
Dilithium2,sign,107147,0.107147,9.25,256,1312,2420,214,liboqs,validator
Dilithium2,sign,50844,0.050844,9.25,256,1312,2420,215,liboqs,validator
Dilithium2,sign,213957,0.213957,9.25,256,1312,2420,216,liboqs,validator
Dilithium2,sign,83403,0.083403,9.25,256,1312,2420,217,liboqs,validator
Dilithium2,sign,47841,0.047841,9.25,256,1312,2420,218,liboqs,validator
Dilithium2,sign,98893,0.098893,9.25,256,1312,2420,219,liboqs,validator
Dilithium2,sign,70111,0.070111,9.25,256,1312,2420,220,liboqs,validator
Dilithium2,sign,38354,0.038354,9.25,256,1312,2420,221,liboqs,validator
Dilithium2,sign,86469,0.086469,9.25,256,1312,2420,222,liboqs,validator
Dilithium2,sign,46970,0.04697,9.25,256,1312,2420,223,liboqs,validator
Dilithium2,sign,35683,0.035683,9.25,256,1312,2420,224,liboqs,validator
Dilithium2,sign,43890,0.04389,9.25,256,1312,2420,225,liboqs,validator
Dilithium2,sign,36655,0.036655,9.25,256,1312,2420,226,liboqs,validator
Dilithium2,sign,49866,0.049866,9.25,256,1312,2420,227,liboqs,validator
Dilithium2,sign,48579,0.048579,9.25,256,1312,2420,228,liboqs,validator
Dilithium2,sign,203970,0.20397,9.25,256,1312,2420,229,liboqs,validator
Dilithium2,sign,111624,0.111624,9.25,256,1312,2420,230,liboqs,validator
Dilithium2,sign,42352,0.042352,9.25,256,1312,2420,231,liboqs,validator
Dilithium2,sign,40058,0.040058,9.25,256,1312,2420,232,liboqs,validator
Dilithium2,sign,52814,0.052814,9.25,256,1312,2420,233,liboqs,validator
Dilithium2,sign,37412,0.037412,9.25,256,1312,2420,234,liboqs,validator
Dilithium2,sign,38091,0.038091,9.25,256,1312,2420,235,liboqs,validator
Dilithium2,sign,73607,0.073607,9.25,256,1312,2420,236,liboqs,validator
Dilithium2,sign,63194,0.063194,9.25,256,1312,2420,237,liboqs,validator
Dilithium2,sign,62456,0.062456,9.25,256,1312,2420,238,liboqs,validator
Dilithium2,sign,44404,0.044404,9.25,256,1312,2420,239,liboqs,validator
Dilithium2,sign,69172,0.069172,9.25,256,1312,2420,240,liboqs,validator
Dilithium2,sign,159978,0.159978,9.25,256,1312,2420,241,liboqs,validator
Dilithium2,sign,97905,0.097905,9.25,256,1312,2420,242,liboqs,validator
Dilithium2,sign,54071,0.054071,9.25,256,1312,2420,243,liboqs,validator
Dilithium2,sign,74675,0.074675,9.25,256,1312,2420,244,liboqs,validator
Dilithium2,sign,78991,0.078991,9.25,256,1312,2420,245,liboqs,validator
Dilithium2,sign,44378,0.044378,9.25,256,1312,2420,246,liboqs,validator
Dilithium2,sign,78517,0.078517,9.25,256,1312,2420,247,liboqs,validator
Dilithium2,sign,43633,0.043633,9.25,256,1312,2420,248,liboqs,validator
Dilithium2,sign,36681,0.036681,9.25,256,1312,2420,249,liboqs,validator
Dilithium2,sign,36633,0.036633,9.25,256,1312,2420,250,liboqs,validator
Dilithium2,sign,48230,0.04823,9.25,256,1312,2420,251,liboqs,validator
Dilithium2,sign,36085,0.036085,9.25,256,1312,2420,252,liboqs,validator
Dilithium2,sign,35690,0.03569,9.25,256,1312,2420,253,liboqs,validator
Dilithium2,sign,49871,0.049871,9.25,256,1312,2420,254,liboqs,validator
Dilithium2,sign,101749,0.101749,9.25,256,1312,2420,255,liboqs,validator
Dilithium2,sign,79716,0.079716,9.25,256,1312,2420,256,liboqs,validator
Dilithium2,sign,47059,0.047059,9.25,256,1312,2420,257,liboqs,validator
Dilithium2,sign,125553,0.125553,9.25,256,1312,2420,258,liboqs,validator
Dilithium2,sign,51912,0.051912,9.25,256,1312,2420,259,liboqs,validator
Dilithium2,sign,39506,0.039506,9.25,256,1312,2420,260,liboqs,validator
Dilithium2,sign,71528,0.071528,9.25,256,1312,2420,261,liboqs,validator
Dilithium2,sign,44618,0.044618,9.25,256,1312,2420,262,liboqs,validator
Dilithium2,sign,43399,0.043399,9.25,256,1312,2420,263,liboqs,validator
Dilithium2,sign,36878,0.036878,9.25,256,1312,2420,264,liboqs,validator
Dilithium2,sign,44614,0.044614,9.25,256,1312,2420,265,liboqs,validator
Dilithium2,sign,48791,0.048791,9.25,256,1312,2420,266,liboqs,validator
Dilithium2,sign,43886,0.043886,9.25,256,1312,2420,267,liboqs,validator
Dilithium2,sign,51647,0.051647,9.25,256,1312,2420,268,liboqs,validator
Dilithium2,sign,44995,0.044995,9.25,256,1312,2420,269,liboqs,validator
Dilithium2,sign,38240,0.03824,9.25,256,1312,2420,270,liboqs,validator
Dilithium2,sign,130582,0.130582,9.25,256,1312,2420,271,liboqs,validator
Dilithium2,sign,220837,0.220837,9.25,256,1312,2420,272,liboqs,validator
Dilithium2,sign,85588,0.085588,9.25,256,1312,2420,273,liboqs,validator
Dilithium2,sign,61061,0.061061,9.25,256,1312,2420,274,liboqs,validator
Dilithium2,sign,39919,0.039919,9.25,256,1312,2420,275,liboqs,validator
Dilithium2,sign,105463,0.105463,9.25,256,1312,2420,276,liboqs,validator
Dilithium2,sign,37390,0.03739,9.25,256,1312,2420,277,liboqs,validator
Dilithium2,sign,36761,0.036761,9.25,256,1312,2420,278,liboqs,validator
Dilithium2,sign,74131,0.074131,9.25,256,1312,2420,279,liboqs,validator
Dilithium2,sign,61815,0.061815,9.25,256,1312,2420,280,liboqs,validator
Dilithium2,sign,63627,0.063627,9.25,256,1312,2420,281,liboqs,validator
Dilithium2,sign,35441,0.035441,9.25,256,1312,2420,282,liboqs,validator
Dilithium2,sign,36430,0.03643,9.25,256,1312,2420,283,liboqs,validator
Dilithium2,sign,43232,0.043232,9.25,256,1312,2420,284,liboqs,validator
Dilithium2,sign,87994,0.087994,9.25,256,1312,2420,285,liboqs,validator
Dilithium2,sign,40583,0.040583,9.25,256,1312,2420,286,liboqs,validator
Dilithium2,sign,41409,0.041409,9.25,256,1312,2420,287,liboqs,validator
Dilithium2,sign,35548,0.035548,9.25,256,1312,2420,288,liboqs,validator
Dilithium2,sign,43704,0.043704,9.25,256,1312,2420,289,liboqs,validator
Dilithium2,sign,49249,0.049249,9.25,256,1312,2420,290,liboqs,validator
Dilithium2,sign,34838,0.034838,9.25,256,1312,2420,291,liboqs,validator
Dilithium2,sign,74767,0.074767,9.25,256,1312,2420,292,liboqs,validator
Dilithium2,sign,62703,0.062703,9.25,256,1312,2420,293,liboqs,validator
Dilithium2,sign,66697,0.066697,9.25,256,1312,2420,294,liboqs,validator
Dilithium2,sign,34478,0.034478,9.25,256,1312,2420,295,liboqs,validator
Dilithium2,sign,54297,0.054297,9.25,256,1312,2420,296,liboqs,validator
Dilithium2,sign,113875,0.113875,9.25,256,1312,2420,297,liboqs,validator
Dilithium2,sign,107557,0.107557,9.25,256,1312,2420,298,liboqs,validator
Dilithium2,sign,67754,0.067754,9.25,256,1312,2420,299,liboqs,validator
Dilithium2,sign,60388,0.060388,9.25,256,1312,2420,300,liboqs,validator
Dilithium2,sign,133806,0.133806,9.25,256,1312,2420,301,liboqs,validator
Dilithium2,sign,36848,0.036848,9.25,256,1312,2420,302,liboqs,validator
Dilithium2,sign,63542,0.063542,9.25,256,1312,2420,303,liboqs,validator
Dilithium2,sign,36620,0.03662,9.25,256,1312,2420,304,liboqs,validator
Dilithium2,sign,35853,0.035853,9.25,256,1312,2420,305,liboqs,validator
Dilithium2,sign,68149,0.068149,9.25,256,1312,2420,306,liboqs,validator
Dilithium2,sign,58407,0.058407,9.25,256,1312,2420,307,liboqs,validator
Dilithium2,sign,93987,0.093987,9.25,256,1312,2420,308,liboqs,validator
Dilithium2,sign,57936,0.057936,9.25,256,1312,2420,309,liboqs,validator
Dilithium2,sign,50615,0.050615,9.25,256,1312,2420,310,liboqs,validator
Dilithium2,sign,35294,0.035294,9.25,256,1312,2420,311,liboqs,validator
Dilithium2,sign,106399,0.106399,9.25,256,1312,2420,312,liboqs,validator
Dilithium2,sign,43758,0.043758,9.25,256,1312,2420,313,liboqs,validator
Dilithium2,sign,67502,0.067502,9.25,256,1312,2420,314,liboqs,validator
Dilithium2,sign,84743,0.084743,9.25,256,1312,2420,315,liboqs,validator
Dilithium2,sign,77814,0.077814,9.25,256,1312,2420,316,liboqs,validator
Dilithium2,sign,87882,0.087882,9.25,256,1312,2420,317,liboqs,validator
Dilithium2,sign,76816,0.076816,9.25,256,1312,2420,318,liboqs,validator
Dilithium2,sign,67715,0.067715,9.25,256,1312,2420,319,liboqs,validator
Dilithium2,sign,55515,0.055515,9.25,256,1312,2420,320,liboqs,validator
Dilithium2,sign,59315,0.059315,9.25,256,1312,2420,321,liboqs,validator
Dilithium2,sign,102387,0.102387,9.25,256,1312,2420,322,liboqs,validator
Dilithium2,sign,73617,0.073617,9.25,256,1312,2420,323,liboqs,validator
Dilithium2,sign,57485,0.057485,9.25,256,1312,2420,324,liboqs,validator
Dilithium2,sign,59907,0.059907,9.25,256,1312,2420,325,liboqs,validator
Dilithium2,sign,37052,0.037052,9.25,256,1312,2420,326,liboqs,validator
Dilithium2,sign,44140,0.04414,9.25,256,1312,2420,327,liboqs,validator
Dilithium2,sign,43380,0.04338,9.25,256,1312,2420,328,liboqs,validator
Dilithium2,sign,36749,0.036749,9.25,256,1312,2420,329,liboqs,validator
Dilithium2,sign,35876,0.035876,9.25,256,1312,2420,330,liboqs,validator
Dilithium2,sign,116010,0.11601,9.25,256,1312,2420,331,liboqs,validator
Dilithium2,sign,59880,0.05988,9.25,256,1312,2420,332,liboqs,validator
Dilithium2,sign,39410,0.03941,9.25,256,1312,2420,333,liboqs,validator
Dilithium2,sign,37021,0.037021,9.25,256,1312,2420,334,liboqs,validator
Dilithium2,sign,36333,0.036333,9.25,256,1312,2420,335,liboqs,validator
Dilithium2,sign,53105,0.053105,9.25,256,1312,2420,336,liboqs,validator
Dilithium2,sign,91711,0.091711,9.25,256,1312,2420,337,liboqs,validator
Dilithium2,sign,79789,0.079789,9.25,256,1312,2420,338,liboqs,validator
Dilithium2,sign,54537,0.054537,9.25,256,1312,2420,339,liboqs,validator
Dilithium2,sign,49491,0.049491,9.25,256,1312,2420,340,liboqs,validator
Dilithium2,sign,101408,0.101408,9.25,256,1312,2420,341,liboqs,validator
Dilithium2,sign,62103,0.062103,9.25,256,1312,2420,342,liboqs,validator
Dilithium2,sign,39632,0.039632,9.25,256,1312,2420,343,liboqs,validator
Dilithium2,sign,74826,0.074826,9.25,256,1312,2420,344,liboqs,validator
Dilithium2,sign,50752,0.050752,9.25,256,1312,2420,345,liboqs,validator
Dilithium2,sign,45039,0.045039,9.25,256,1312,2420,346,liboqs,validator
Dilithium2,sign,37240,0.03724,9.25,256,1312,2420,347,liboqs,validator
Dilithium2,sign,44078,0.044078,9.25,256,1312,2420,348,liboqs,validator
Dilithium2,sign,57692,0.057692,9.25,256,1312,2420,349,liboqs,validator
Dilithium2,sign,60060,0.06006,9.25,256,1312,2420,350,liboqs,validator
Dilithium2,sign,61087,0.061087,9.25,256,1312,2420,351,liboqs,validator
Dilithium2,sign,45185,0.045185,9.25,256,1312,2420,352,liboqs,validator
Dilithium2,sign,48385,0.048385,9.25,256,1312,2420,353,liboqs,validator
Dilithium2,sign,40185,0.040185,9.25,256,1312,2420,354,liboqs,validator
Dilithium2,sign,108953,0.108953,9.25,256,1312,2420,355,liboqs,validator
Dilithium2,sign,43394,0.043394,9.25,256,1312,2420,356,liboqs,validator
Dilithium2,sign,45728,0.045728,9.25,256,1312,2420,357,liboqs,validator
Dilithium2,sign,97392,0.097392,9.25,256,1312,2420,358,liboqs,validator
Dilithium2,sign,51057,0.051057,9.25,256,1312,2420,359,liboqs,validator
Dilithium2,sign,103301,0.103301,9.25,256,1312,2420,360,liboqs,validator
Dilithium2,sign,50339,0.050339,9.25,256,1312,2420,361,liboqs,validator
Dilithium2,sign,85780,0.08578,9.25,256,1312,2420,362,liboqs,validator
Dilithium2,sign,77661,0.077661,9.25,256,1312,2420,363,liboqs,validator
Dilithium2,sign,106072,0.106072,9.25,256,1312,2420,364,liboqs,validator
Dilithium2,sign,59953,0.059953,9.25,256,1312,2420,365,liboqs,validator
Dilithium2,sign,46144,0.046144,9.25,256,1312,2420,366,liboqs,validator
Dilithium2,sign,38578,0.038578,9.25,256,1312,2420,367,liboqs,validator
Dilithium2,sign,44621,0.044621,9.25,256,1312,2420,368,liboqs,validator
Dilithium2,sign,52392,0.052392,9.25,256,1312,2420,369,liboqs,validator
Dilithium2,sign,72213,0.072213,9.25,256,1312,2420,370,liboqs,validator
Dilithium2,sign,51504,0.051504,9.25,256,1312,2420,371,liboqs,validator
Dilithium2,sign,81849,0.081849,9.25,256,1312,2420,372,liboqs,validator
Dilithium2,sign,46541,0.046541,9.25,256,1312,2420,373,liboqs,validator
Dilithium2,sign,105900,0.1059,9.25,256,1312,2420,374,liboqs,validator
Dilithium2,sign,64535,0.064535,9.25,256,1312,2420,375,liboqs,validator
Dilithium2,sign,76672,0.076672,9.25,256,1312,2420,376,liboqs,validator
Dilithium2,sign,50745,0.050745,9.25,256,1312,2420,377,liboqs,validator
Dilithium2,sign,105791,0.105791,9.25,256,1312,2420,378,liboqs,validator
Dilithium2,sign,103023,0.103023,9.25,256,1312,2420,379,liboqs,validator
Dilithium2,sign,37035,0.037035,9.25,256,1312,2420,380,liboqs,validator
Dilithium2,sign,37517,0.037517,9.25,256,1312,2420,381,liboqs,validator
Dilithium2,sign,79171,0.079171,9.25,256,1312,2420,382,liboqs,validator
Dilithium2,sign,35645,0.035645,9.25,256,1312,2420,383,liboqs,validator
Dilithium2,sign,38722,0.038722,9.25,256,1312,2420,384,liboqs,validator
Dilithium2,sign,50780,0.05078,9.25,256,1312,2420,385,liboqs,validator
Dilithium2,sign,42897,0.042897,9.25,256,1312,2420,386,liboqs,validator
Dilithium2,sign,35742,0.035742,9.25,256,1312,2420,387,liboqs,validator
Dilithium2,sign,62489,0.062489,9.25,256,1312,2420,388,liboqs,validator
Dilithium2,sign,69774,0.069774,9.25,256,1312,2420,389,liboqs,validator
Dilithium2,sign,67472,0.067472,9.25,256,1312,2420,390,liboqs,validator
Dilithium2,sign,49291,0.049291,9.25,256,1312,2420,391,liboqs,validator
Dilithium2,sign,74434,0.074434,9.25,256,1312,2420,392,liboqs,validator
Dilithium2,sign,69226,0.069226,9.25,256,1312,2420,393,liboqs,validator
Dilithium2,sign,139044,0.139044,9.25,256,1312,2420,394,liboqs,validator
Dilithium2,sign,57408,0.057408,9.25,256,1312,2420,395,liboqs,validator
Dilithium2,sign,35479,0.035479,9.25,256,1312,2420,396,liboqs,validator
Dilithium2,sign,90667,0.090667,9.25,256,1312,2420,397,liboqs,validator
Dilithium2,sign,35602,0.035602,9.25,256,1312,2420,398,liboqs,validator
Dilithium2,sign,97090,0.09709,9.25,256,1312,2420,399,liboqs,validator
Dilithium2,sign,51485,0.051485,9.25,256,1312,2420,400,liboqs,validator
Dilithium2,sign,43852,0.043852,9.25,256,1312,2420,401,liboqs,validator
Dilithium2,sign,35996,0.035996,9.25,256,1312,2420,402,liboqs,validator
Dilithium2,sign,59005,0.059005,9.25,256,1312,2420,403,liboqs,validator
Dilithium2,sign,92603,0.092603,9.25,256,1312,2420,404,liboqs,validator
Dilithium2,sign,45442,0.045442,9.25,256,1312,2420,405,liboqs,validator
Dilithium2,sign,42225,0.042225,9.25,256,1312,2420,406,liboqs,validator
Dilithium2,sign,135944,0.135944,9.25,256,1312,2420,407,liboqs,validator
Dilithium2,sign,139592,0.139592,9.25,256,1312,2420,408,liboqs,validator
Dilithium2,sign,37844,0.037844,9.25,256,1312,2420,409,liboqs,validator
Dilithium2,sign,49125,0.049125,9.25,256,1312,2420,410,liboqs,validator
Dilithium2,sign,42651,0.042651,9.25,256,1312,2420,411,liboqs,validator
Dilithium2,sign,99069,0.099069,9.25,256,1312,2420,412,liboqs,validator
Dilithium2,sign,66725,0.066725,9.25,256,1312,2420,413,liboqs,validator
Dilithium2,sign,96607,0.096607,9.25,256,1312,2420,414,liboqs,validator
Dilithium2,sign,38498,0.038498,9.25,256,1312,2420,415,liboqs,validator
Dilithium2,sign,37122,0.037122,9.25,256,1312,2420,416,liboqs,validator
Dilithium2,sign,36090,0.03609,9.25,256,1312,2420,417,liboqs,validator
Dilithium2,sign,48506,0.048506,9.25,256,1312,2420,418,liboqs,validator
Dilithium2,sign,35903,0.035903,9.25,256,1312,2420,419,liboqs,validator
Dilithium2,sign,36583,0.036583,9.25,256,1312,2420,420,liboqs,validator
Dilithium2,sign,76629,0.076629,9.25,256,1312,2420,421,liboqs,validator
Dilithium2,sign,53445,0.053445,9.25,256,1312,2420,422,liboqs,validator
Dilithium2,sign,63588,0.063588,9.25,256,1312,2420,423,liboqs,validator
Dilithium2,sign,134236,0.134236,9.25,256,1312,2420,424,liboqs,validator
Dilithium2,sign,66815,0.066815,9.25,256,1312,2420,425,liboqs,validator
Dilithium2,sign,106297,0.106297,9.25,256,1312,2420,426,liboqs,validator
Dilithium2,sign,34959,0.034959,9.25,256,1312,2420,427,liboqs,validator
Dilithium2,sign,34703,0.034703,9.25,256,1312,2420,428,liboqs,validator
Dilithium2,sign,34959,0.034959,9.25,256,1312,2420,429,liboqs,validator
Dilithium2,sign,63254,0.063254,9.25,256,1312,2420,430,liboqs,validator
Dilithium2,sign,55541,0.055541,9.25,256,1312,2420,431,liboqs,validator
Dilithium2,sign,52792,0.052792,9.25,256,1312,2420,432,liboqs,validator
Dilithium2,sign,40567,0.040567,9.25,256,1312,2420,433,liboqs,validator
Dilithium2,sign,80597,0.080597,9.25,256,1312,2420,434,liboqs,validator
Dilithium2,sign,42125,0.042125,9.25,256,1312,2420,435,liboqs,validator
Dilithium2,sign,38108,0.038108,9.25,256,1312,2420,436,liboqs,validator
Dilithium2,sign,79583,0.079583,9.25,256,1312,2420,437,liboqs,validator
Dilithium2,sign,82540,0.08254,9.25,256,1312,2420,438,liboqs,validator
Dilithium2,sign,43081,0.043081,9.25,256,1312,2420,439,liboqs,validator
Dilithium2,sign,41777,0.041777,9.25,256,1312,2420,440,liboqs,validator
Dilithium2,sign,42959,0.042959,9.25,256,1312,2420,441,liboqs,validator
Dilithium2,sign,64235,0.064235,9.25,256,1312,2420,442,liboqs,validator
Dilithium2,sign,78913,0.078913,9.25,256,1312,2420,443,liboqs,validator
Dilithium2,sign,40832,0.040832,9.25,256,1312,2420,444,liboqs,validator
Dilithium2,sign,37093,0.037093,9.25,256,1312,2420,445,liboqs,validator
Dilithium2,sign,42557,0.042557,9.25,256,1312,2420,446,liboqs,validator
Dilithium2,sign,40946,0.040946,9.25,256,1312,2420,447,liboqs,validator
Dilithium2,sign,50933,0.050933,9.25,256,1312,2420,448,liboqs,validator
Dilithium2,sign,43168,0.043168,9.25,256,1312,2420,449,liboqs,validator
Dilithium2,sign,36086,0.036086,9.25,256,1312,2420,450,liboqs,validator
Dilithium2,sign,70196,0.070196,9.25,256,1312,2420,451,liboqs,validator
Dilithium2,sign,37054,0.037054,9.25,256,1312,2420,452,liboqs,validator
Dilithium2,sign,35311,0.035311,9.25,256,1312,2420,453,liboqs,validator
Dilithium2,sign,35705,0.035705,9.25,256,1312,2420,454,liboqs,validator
Dilithium2,sign,49329,0.049329,9.25,256,1312,2420,455,liboqs,validator
Dilithium2,sign,41281,0.041281,9.25,256,1312,2420,456,liboqs,validator
Dilithium2,sign,86028,0.086028,9.25,256,1312,2420,457,liboqs,validator
Dilithium2,sign,57815,0.057815,9.25,256,1312,2420,458,liboqs,validator
Dilithium2,sign,61888,0.061888,9.25,256,1312,2420,459,liboqs,validator
Dilithium2,sign,55798,0.055798,9.25,256,1312,2420,460,liboqs,validator
Dilithium2,sign,80578,0.080578,9.25,256,1312,2420,461,liboqs,validator
Dilithium2,sign,40944,0.040944,9.25,256,1312,2420,462,liboqs,validator
Dilithium2,sign,64842,0.064842,9.25,256,1312,2420,463,liboqs,validator
Dilithium2,sign,113241,0.113241,9.25,256,1312,2420,464,liboqs,validator
Dilithium2,sign,48450,0.04845,9.25,256,1312,2420,465,liboqs,validator
Dilithium2,sign,116880,0.11688,9.25,256,1312,2420,466,liboqs,validator
Dilithium2,sign,129318,0.129318,9.25,256,1312,2420,467,liboqs,validator
Dilithium2,sign,52610,0.05261,9.25,256,1312,2420,468,liboqs,validator
Dilithium2,sign,155808,0.155808,9.25,256,1312,2420,469,liboqs,validator
Dilithium2,sign,51254,0.051254,9.25,256,1312,2420,470,liboqs,validator
Dilithium2,sign,40734,0.040734,9.25,256,1312,2420,471,liboqs,validator
Dilithium2,sign,38262,0.038262,9.25,256,1312,2420,472,liboqs,validator
Dilithium2,sign,71128,0.071128,9.25,256,1312,2420,473,liboqs,validator
Dilithium2,sign,82145,0.082145,9.25,256,1312,2420,474,liboqs,validator
Dilithium2,sign,55473,0.055473,9.25,256,1312,2420,475,liboqs,validator
Dilithium2,sign,36381,0.036381,9.25,256,1312,2420,476,liboqs,validator
Dilithium2,sign,34955,0.034955,9.25,256,1312,2420,477,liboqs,validator
Dilithium2,sign,90890,0.09089,9.25,256,1312,2420,478,liboqs,validator
Dilithium2,sign,103017,0.103017,9.25,256,1312,2420,479,liboqs,validator
Dilithium2,sign,49905,0.049905,9.25,256,1312,2420,480,liboqs,validator
Dilithium2,sign,56747,0.056747,9.25,256,1312,2420,481,liboqs,validator
Dilithium2,sign,67642,0.067642,9.25,256,1312,2420,482,liboqs,validator
Dilithium2,sign,95785,0.095785,9.25,256,1312,2420,483,liboqs,validator
Dilithium2,sign,42215,0.042215,9.25,256,1312,2420,484,liboqs,validator
Dilithium2,sign,42755,0.042755,9.25,256,1312,2420,485,liboqs,validator
Dilithium2,sign,73577,0.073577,9.25,256,1312,2420,486,liboqs,validator
Dilithium2,sign,41845,0.041845,9.25,256,1312,2420,487,liboqs,validator
Dilithium2,sign,42076,0.042076,9.25,256,1312,2420,488,liboqs,validator
Dilithium2,sign,55669,0.055669,9.25,256,1312,2420,489,liboqs,validator
Dilithium2,sign,112419,0.112419,9.25,256,1312,2420,490,liboqs,validator
Dilithium2,sign,35766,0.035766,9.25,256,1312,2420,491,liboqs,validator
Dilithium2,sign,47018,0.047018,9.25,256,1312,2420,492,liboqs,validator
Dilithium2,sign,193053,0.193053,9.25,256,1312,2420,493,liboqs,validator
Dilithium2,sign,35663,0.035663,9.25,256,1312,2420,494,liboqs,validator
Dilithium2,sign,40726,0.040726,9.25,256,1312,2420,495,liboqs,validator
Dilithium2,sign,107857,0.107857,12.23,256,1312,2420,496,liboqs,validator
Dilithium2,sign,58734,0.058734,11.41,256,1312,2420,497,liboqs,validator
Dilithium2,sign,96258,0.096258,9.19,256,1312,2420,498,liboqs,validator
Dilithium2,sign,67789,0.067789,9.25,256,1312,2420,499,liboqs,validator
Dilithium2,sign,45938,0.045938,9.25,256,1312,2420,500,liboqs,validator
Dilithium2,sign,57544,0.057544,9.25,256,1312,2420,501,liboqs,validator
Dilithium2,sign,55355,0.055355,9.25,256,1312,2420,502,liboqs,validator
Dilithium2,sign,35964,0.035964,9.25,256,1312,2420,503,liboqs,validator
Dilithium2,sign,101567,0.101567,9.25,256,1312,2420,504,liboqs,validator
Dilithium2,sign,35544,0.035544,9.25,256,1312,2420,505,liboqs,validator
Dilithium2,sign,35536,0.035536,9.25,256,1312,2420,506,liboqs,validator
Dilithium2,sign,135477,0.135477,9.25,256,1312,2420,507,liboqs,validator
Dilithium2,sign,65647,0.065647,9.25,256,1312,2420,508,liboqs,validator
Dilithium2,sign,69595,0.069595,9.25,256,1312,2420,509,liboqs,validator
Dilithium2,sign,83657,0.083657,9.25,256,1312,2420,510,liboqs,validator
Dilithium2,sign,36762,0.036762,9.25,256,1312,2420,511,liboqs,validator
Dilithium2,sign,54859,0.054859,9.25,256,1312,2420,512,liboqs,validator
Dilithium2,sign,70324,0.070324,9.25,256,1312,2420,513,liboqs,validator
Dilithium2,sign,76476,0.076476,9.25,256,1312,2420,514,liboqs,validator
Dilithium2,sign,36938,0.036938,9.25,256,1312,2420,515,liboqs,validator
Dilithium2,sign,41968,0.041968,9.25,256,1312,2420,516,liboqs,validator
Dilithium2,sign,99543,0.099543,9.25,256,1312,2420,517,liboqs,validator
Dilithium2,sign,35181,0.035181,9.25,256,1312,2420,518,liboqs,validator
Dilithium2,sign,35616,0.035616,9.25,256,1312,2420,519,liboqs,validator
Dilithium2,sign,57608,0.057608,9.25,256,1312,2420,520,liboqs,validator
Dilithium2,sign,66410,0.06641,9.25,256,1312,2420,521,liboqs,validator
Dilithium2,sign,73831,0.073831,9.25,256,1312,2420,522,liboqs,validator
Dilithium2,sign,44645,0.044645,9.25,256,1312,2420,523,liboqs,validator
Dilithium2,sign,75684,0.075684,9.25,256,1312,2420,524,liboqs,validator
Dilithium2,sign,42335,0.042335,9.25,256,1312,2420,525,liboqs,validator
Dilithium2,sign,55220,0.05522,9.25,256,1312,2420,526,liboqs,validator
Dilithium2,sign,37507,0.037507,9.25,256,1312,2420,527,liboqs,validator
Dilithium2,sign,34733,0.034733,9.25,256,1312,2420,528,liboqs,validator
Dilithium2,sign,76281,0.076281,9.25,256,1312,2420,529,liboqs,validator
Dilithium2,sign,55439,0.055439,9.25,256,1312,2420,530,liboqs,validator
Dilithium2,sign,35145,0.035145,9.25,256,1312,2420,531,liboqs,validator
Dilithium2,sign,35391,0.035391,9.25,256,1312,2420,532,liboqs,validator
Dilithium2,sign,102393,0.102393,9.25,256,1312,2420,533,liboqs,validator
Dilithium2,sign,111343,0.111343,9.25,256,1312,2420,534,liboqs,validator
Dilithium2,sign,35080,0.03508,9.25,256,1312,2420,535,liboqs,validator
Dilithium2,sign,41066,0.041066,9.25,256,1312,2420,536,liboqs,validator
Dilithium2,sign,42325,0.042325,9.25,256,1312,2420,537,liboqs,validator
Dilithium2,sign,48177,0.048177,9.25,256,1312,2420,538,liboqs,validator
Dilithium2,sign,54090,0.05409,9.25,256,1312,2420,539,liboqs,validator
Dilithium2,sign,41073,0.041073,9.25,256,1312,2420,540,liboqs,validator
Dilithium2,sign,35653,0.035653,9.25,256,1312,2420,541,liboqs,validator
Dilithium2,sign,73780,0.07378,9.25,256,1312,2420,542,liboqs,validator
Dilithium2,sign,78685,0.078685,9.25,256,1312,2420,543,liboqs,validator
Dilithium2,sign,36030,0.03603,9.25,256,1312,2420,544,liboqs,validator
Dilithium2,sign,74382,0.074382,9.25,256,1312,2420,545,liboqs,validator
Dilithium2,sign,56221,0.056221,9.25,256,1312,2420,546,liboqs,validator
Dilithium2,sign,42780,0.04278,9.25,256,1312,2420,547,liboqs,validator
Dilithium2,sign,34140,0.03414,9.25,256,1312,2420,548,liboqs,validator
Dilithium2,sign,46658,0.046658,9.25,256,1312,2420,549,liboqs,validator
Dilithium2,sign,46560,0.04656,9.25,256,1312,2420,550,liboqs,validator
Dilithium2,sign,44555,0.044555,9.25,256,1312,2420,551,liboqs,validator
Dilithium2,sign,40390,0.04039,9.25,256,1312,2420,552,liboqs,validator
Dilithium2,sign,49478,0.049478,9.25,256,1312,2420,553,liboqs,validator
Dilithium2,sign,83907,0.083907,9.25,256,1312,2420,554,liboqs,validator
Dilithium2,sign,34314,0.034314,9.25,256,1312,2420,555,liboqs,validator
Dilithium2,sign,41871,0.041871,9.25,256,1312,2420,556,liboqs,validator
Dilithium2,sign,68805,0.068805,9.25,256,1312,2420,557,liboqs,validator
Dilithium2,sign,56565,0.056565,9.25,256,1312,2420,558,liboqs,validator
Dilithium2,sign,55090,0.05509,9.25,256,1312,2420,559,liboqs,validator
Dilithium2,sign,39087,0.039087,9.25,256,1312,2420,560,liboqs,validator
Dilithium2,sign,35721,0.035721,9.25,256,1312,2420,561,liboqs,validator
Dilithium2,sign,42421,0.042421,9.25,256,1312,2420,562,liboqs,validator
Dilithium2,sign,100619,0.100619,9.25,256,1312,2420,563,liboqs,validator
Dilithium2,sign,86761,0.086761,9.25,256,1312,2420,564,liboqs,validator
Dilithium2,sign,44428,0.044428,9.25,256,1312,2420,565,liboqs,validator
Dilithium2,sign,39730,0.03973,9.25,256,1312,2420,566,liboqs,validator
Dilithium2,sign,42517,0.042517,9.25,256,1312,2420,567,liboqs,validator
Dilithium2,sign,54822,0.054822,9.25,256,1312,2420,568,liboqs,validator
Dilithium2,sign,37301,0.037301,9.25,256,1312,2420,569,liboqs,validator
Dilithium2,sign,47542,0.047542,9.25,256,1312,2420,570,liboqs,validator
Dilithium2,sign,35668,0.035668,9.25,256,1312,2420,571,liboqs,validator
Dilithium2,sign,89983,0.089983,9.25,256,1312,2420,572,liboqs,validator
Dilithium2,sign,41301,0.041301,9.25,256,1312,2420,573,liboqs,validator
Dilithium2,sign,42553,0.042553,9.25,256,1312,2420,574,liboqs,validator
Dilithium2,sign,54648,0.054648,9.25,256,1312,2420,575,liboqs,validator
Dilithium2,sign,36921,0.036921,9.25,256,1312,2420,576,liboqs,validator
Dilithium2,sign,83860,0.08386,9.25,256,1312,2420,577,liboqs,validator
Dilithium2,sign,54649,0.054649,9.25,256,1312,2420,578,liboqs,validator
Dilithium2,sign,61438,0.061438,9.25,256,1312,2420,579,liboqs,validator
Dilithium2,sign,44502,0.044502,9.25,256,1312,2420,580,liboqs,validator
Dilithium2,sign,54702,0.054702,9.25,256,1312,2420,581,liboqs,validator
Dilithium2,sign,54456,0.054456,9.25,256,1312,2420,582,liboqs,validator
Dilithium2,sign,95281,0.095281,9.25,256,1312,2420,583,liboqs,validator
Dilithium2,sign,103832,0.103832,9.25,256,1312,2420,584,liboqs,validator
Dilithium2,sign,56148,0.056148,9.25,256,1312,2420,585,liboqs,validator
Dilithium2,sign,49484,0.049484,9.25,256,1312,2420,586,liboqs,validator
Dilithium2,sign,44935,0.044935,9.25,256,1312,2420,587,liboqs,validator
Dilithium2,sign,62079,0.062079,9.25,256,1312,2420,588,liboqs,validator
Dilithium2,sign,37552,0.037552,9.25,256,1312,2420,589,liboqs,validator
Dilithium2,sign,37088,0.037088,9.25,256,1312,2420,590,liboqs,validator
Dilithium2,sign,43027,0.043027,9.25,256,1312,2420,591,liboqs,validator
Dilithium2,sign,76277,0.076277,9.25,256,1312,2420,592,liboqs,validator
Dilithium2,sign,49156,0.049156,9.25,256,1312,2420,593,liboqs,validator
Dilithium2,sign,35410,0.03541,9.25,256,1312,2420,594,liboqs,validator
Dilithium2,sign,52889,0.052889,9.25,256,1312,2420,595,liboqs,validator
Dilithium2,sign,58044,0.058044,9.25,256,1312,2420,596,liboqs,validator
Dilithium2,sign,96498,0.096498,9.25,256,1312,2420,597,liboqs,validator
Dilithium2,sign,36376,0.036376,9.25,256,1312,2420,598,liboqs,validator
Dilithium2,sign,37241,0.037241,9.25,256,1312,2420,599,liboqs,validator
Dilithium2,sign,108070,0.10807,9.25,256,1312,2420,600,liboqs,validator
Dilithium2,sign,41503,0.041503,9.25,256,1312,2420,601,liboqs,validator
Dilithium2,sign,44373,0.044373,9.25,256,1312,2420,602,liboqs,validator
Dilithium2,sign,55049,0.055049,9.25,256,1312,2420,603,liboqs,validator
Dilithium2,sign,91817,0.091817,9.25,256,1312,2420,604,liboqs,validator
Dilithium2,sign,123437,0.123437,9.25,256,1312,2420,605,liboqs,validator
Dilithium2,sign,41851,0.041851,9.25,256,1312,2420,606,liboqs,validator
Dilithium2,sign,65242,0.065242,9.25,256,1312,2420,607,liboqs,validator
Dilithium2,sign,36358,0.036358,9.25,256,1312,2420,608,liboqs,validator
Dilithium2,sign,61019,0.061019,9.25,256,1312,2420,609,liboqs,validator
Dilithium2,sign,48348,0.048348,9.25,256,1312,2420,610,liboqs,validator
Dilithium2,sign,67221,0.067221,9.25,256,1312,2420,611,liboqs,validator
Dilithium2,sign,56632,0.056632,9.25,256,1312,2420,612,liboqs,validator
Dilithium2,sign,91324,0.091324,9.25,256,1312,2420,613,liboqs,validator
Dilithium2,sign,47352,0.047352,9.25,256,1312,2420,614,liboqs,validator
Dilithium2,sign,59423,0.059423,9.25,256,1312,2420,615,liboqs,validator
Dilithium2,sign,55232,0.055232,9.25,256,1312,2420,616,liboqs,validator
Dilithium2,sign,35475,0.035475,9.25,256,1312,2420,617,liboqs,validator
Dilithium2,sign,49850,0.04985,9.25,256,1312,2420,618,liboqs,validator
Dilithium2,sign,68706,0.068706,9.25,256,1312,2420,619,liboqs,validator
Dilithium2,sign,49806,0.049806,9.25,256,1312,2420,620,liboqs,validator
Dilithium2,sign,40887,0.040887,9.25,256,1312,2420,621,liboqs,validator
Dilithium2,sign,36603,0.036603,9.25,256,1312,2420,622,liboqs,validator
Dilithium2,sign,34711,0.034711,9.25,256,1312,2420,623,liboqs,validator
Dilithium2,sign,71197,0.071197,9.25,256,1312,2420,624,liboqs,validator
Dilithium2,sign,49961,0.049961,9.25,256,1312,2420,625,liboqs,validator
Dilithium2,sign,35787,0.035787,9.25,256,1312,2420,626,liboqs,validator
Dilithium2,sign,34826,0.034826,9.25,256,1312,2420,627,liboqs,validator
Dilithium2,sign,91203,0.091203,9.25,256,1312,2420,628,liboqs,validator
Dilithium2,sign,34340,0.03434,9.25,256,1312,2420,629,liboqs,validator
Dilithium2,sign,41527,0.041527,9.25,256,1312,2420,630,liboqs,validator
Dilithium2,sign,67019,0.067019,9.25,256,1312,2420,631,liboqs,validator
Dilithium2,sign,56932,0.056932,9.25,256,1312,2420,632,liboqs,validator
Dilithium2,sign,80676,0.080676,9.25,256,1312,2420,633,liboqs,validator
Dilithium2,sign,37542,0.037542,9.25,256,1312,2420,634,liboqs,validator
Dilithium2,sign,35426,0.035426,9.25,256,1312,2420,635,liboqs,validator
Dilithium2,sign,35852,0.035852,9.25,256,1312,2420,636,liboqs,validator
Dilithium2,sign,34801,0.034801,9.25,256,1312,2420,637,liboqs,validator
Dilithium2,sign,54484,0.054484,9.25,256,1312,2420,638,liboqs,validator
Dilithium2,sign,36043,0.036043,9.25,256,1312,2420,639,liboqs,validator
Dilithium2,sign,62039,0.062039,9.25,256,1312,2420,640,liboqs,validator
Dilithium2,sign,34835,0.034835,9.25,256,1312,2420,641,liboqs,validator
Dilithium2,sign,47399,0.047399,9.25,256,1312,2420,642,liboqs,validator
Dilithium2,sign,53783,0.053783,9.25,256,1312,2420,643,liboqs,validator
Dilithium2,sign,109336,0.109336,9.25,256,1312,2420,644,liboqs,validator
Dilithium2,sign,41779,0.041779,9.25,256,1312,2420,645,liboqs,validator
Dilithium2,sign,49206,0.049206,9.25,256,1312,2420,646,liboqs,validator
Dilithium2,sign,34317,0.034317,9.25,256,1312,2420,647,liboqs,validator
Dilithium2,sign,61435,0.061435,9.25,256,1312,2420,648,liboqs,validator
Dilithium2,sign,35818,0.035818,9.25,256,1312,2420,649,liboqs,validator
Dilithium2,sign,115255,0.115255,9.25,256,1312,2420,650,liboqs,validator
Dilithium2,sign,81028,0.081028,9.25,256,1312,2420,651,liboqs,validator
Dilithium2,sign,53807,0.053807,9.25,256,1312,2420,652,liboqs,validator
Dilithium2,sign,35883,0.035883,9.25,256,1312,2420,653,liboqs,validator
Dilithium2,sign,36560,0.03656,9.25,256,1312,2420,654,liboqs,validator
Dilithium2,sign,43362,0.043362,9.25,256,1312,2420,655,liboqs,validator
Dilithium2,sign,43122,0.043122,9.25,256,1312,2420,656,liboqs,validator
Dilithium2,sign,41876,0.041876,9.25,256,1312,2420,657,liboqs,validator
Dilithium2,sign,63166,0.063166,9.25,256,1312,2420,658,liboqs,validator
Dilithium2,sign,34895,0.034895,9.25,256,1312,2420,659,liboqs,validator
Dilithium2,sign,87111,0.087111,9.25,256,1312,2420,660,liboqs,validator
Dilithium2,sign,63928,0.063928,9.25,256,1312,2420,661,liboqs,validator
Dilithium2,sign,43404,0.043404,9.25,256,1312,2420,662,liboqs,validator
Dilithium2,sign,49993,0.049993,9.25,256,1312,2420,663,liboqs,validator
Dilithium2,sign,67472,0.067472,9.25,256,1312,2420,664,liboqs,validator
Dilithium2,sign,36128,0.036128,9.25,256,1312,2420,665,liboqs,validator
Dilithium2,sign,54814,0.054814,9.25,256,1312,2420,666,liboqs,validator
Dilithium2,sign,80200,0.0802,9.25,256,1312,2420,667,liboqs,validator
Dilithium2,sign,42607,0.042607,9.25,256,1312,2420,668,liboqs,validator
Dilithium2,sign,36061,0.036061,9.25,256,1312,2420,669,liboqs,validator
Dilithium2,sign,92632,0.092632,9.25,256,1312,2420,670,liboqs,validator
Dilithium2,sign,36788,0.036788,9.25,256,1312,2420,671,liboqs,validator
Dilithium2,sign,48957,0.048957,9.25,256,1312,2420,672,liboqs,validator
Dilithium2,sign,34722,0.034722,9.25,256,1312,2420,673,liboqs,validator
Dilithium2,sign,63549,0.063549,9.25,256,1312,2420,674,liboqs,validator
Dilithium2,sign,35598,0.035598,9.25,256,1312,2420,675,liboqs,validator
Dilithium2,sign,34545,0.034545,9.25,256,1312,2420,676,liboqs,validator
Dilithium2,sign,56143,0.056143,9.25,256,1312,2420,677,liboqs,validator
Dilithium2,sign,41571,0.041571,9.25,256,1312,2420,678,liboqs,validator
Dilithium2,sign,48332,0.048332,9.25,256,1312,2420,679,liboqs,validator
Dilithium2,sign,62401,0.062401,9.25,256,1312,2420,680,liboqs,validator
Dilithium2,sign,47681,0.047681,9.25,256,1312,2420,681,liboqs,validator
Dilithium2,sign,34090,0.03409,9.25,256,1312,2420,682,liboqs,validator
Dilithium2,sign,42768,0.042768,9.25,256,1312,2420,683,liboqs,validator
Dilithium2,sign,34586,0.034586,9.25,256,1312,2420,684,liboqs,validator
Dilithium2,sign,40561,0.040561,9.25,256,1312,2420,685,liboqs,validator
Dilithium2,sign,42641,0.042641,9.25,256,1312,2420,686,liboqs,validator
Dilithium2,sign,60885,0.060885,9.25,256,1312,2420,687,liboqs,validator
Dilithium2,sign,69928,0.069928,9.25,256,1312,2420,688,liboqs,validator
Dilithium2,sign,58640,0.05864,9.25,256,1312,2420,689,liboqs,validator
Dilithium2,sign,74411,0.074411,9.25,256,1312,2420,690,liboqs,validator
Dilithium2,sign,43065,0.043065,9.25,256,1312,2420,691,liboqs,validator
Dilithium2,sign,51074,0.051074,9.25,256,1312,2420,692,liboqs,validator
Dilithium2,sign,46247,0.046247,9.25,256,1312,2420,693,liboqs,validator
Dilithium2,sign,34989,0.034989,9.25,256,1312,2420,694,liboqs,validator
Dilithium2,sign,48545,0.048545,9.25,256,1312,2420,695,liboqs,validator
Dilithium2,sign,82013,0.082013,9.25,256,1312,2420,696,liboqs,validator
Dilithium2,sign,65964,0.065964,9.25,256,1312,2420,697,liboqs,validator
Dilithium2,sign,42785,0.042785,9.25,256,1312,2420,698,liboqs,validator
Dilithium2,sign,35533,0.035533,9.25,256,1312,2420,699,liboqs,validator
Dilithium2,sign,40990,0.04099,9.25,256,1312,2420,700,liboqs,validator
Dilithium2,sign,35062,0.035062,9.25,256,1312,2420,701,liboqs,validator
Dilithium2,sign,66876,0.066876,9.25,256,1312,2420,702,liboqs,validator
Dilithium2,sign,39295,0.039295,9.25,256,1312,2420,703,liboqs,validator
Dilithium2,sign,37505,0.037505,9.25,256,1312,2420,704,liboqs,validator
Dilithium2,sign,49516,0.049516,9.25,256,1312,2420,705,liboqs,validator
Dilithium2,sign,57509,0.057509,9.25,256,1312,2420,706,liboqs,validator
Dilithium2,sign,41710,0.04171,9.25,256,1312,2420,707,liboqs,validator
Dilithium2,sign,44058,0.044058,9.25,256,1312,2420,708,liboqs,validator
Dilithium2,sign,50871,0.050871,9.25,256,1312,2420,709,liboqs,validator
Dilithium2,sign,36810,0.03681,9.25,256,1312,2420,710,liboqs,validator
Dilithium2,sign,89327,0.089327,9.25,256,1312,2420,711,liboqs,validator
Dilithium2,sign,42037,0.042037,9.25,256,1312,2420,712,liboqs,validator
Dilithium2,sign,42743,0.042743,9.25,256,1312,2420,713,liboqs,validator
Dilithium2,sign,111944,0.111944,9.25,256,1312,2420,714,liboqs,validator
Dilithium2,sign,49529,0.049529,9.25,256,1312,2420,715,liboqs,validator
Dilithium2,sign,42050,0.04205,9.25,256,1312,2420,716,liboqs,validator
Dilithium2,sign,93195,0.093195,9.25,256,1312,2420,717,liboqs,validator
Dilithium2,sign,69652,0.069652,9.25,256,1312,2420,718,liboqs,validator
Dilithium2,sign,75822,0.075822,9.25,256,1312,2420,719,liboqs,validator
Dilithium2,sign,61479,0.061479,9.25,256,1312,2420,720,liboqs,validator
Dilithium2,sign,55110,0.05511,9.25,256,1312,2420,721,liboqs,validator
Dilithium2,sign,40931,0.040931,9.25,256,1312,2420,722,liboqs,validator
Dilithium2,sign,52968,0.052968,9.25,256,1312,2420,723,liboqs,validator
Dilithium2,sign,80273,0.080273,9.25,256,1312,2420,724,liboqs,validator
Dilithium2,sign,40917,0.040917,9.25,256,1312,2420,725,liboqs,validator
Dilithium2,sign,43622,0.043622,9.25,256,1312,2420,726,liboqs,validator
Dilithium2,sign,48892,0.048892,9.25,256,1312,2420,727,liboqs,validator
Dilithium2,sign,91759,0.091759,9.25,256,1312,2420,728,liboqs,validator
Dilithium2,sign,54644,0.054644,9.25,256,1312,2420,729,liboqs,validator
Dilithium2,sign,51036,0.051036,9.25,256,1312,2420,730,liboqs,validator
Dilithium2,sign,34720,0.03472,9.25,256,1312,2420,731,liboqs,validator
Dilithium2,sign,40486,0.040486,9.25,256,1312,2420,732,liboqs,validator
Dilithium2,sign,46412,0.046412,9.25,256,1312,2420,733,liboqs,validator
Dilithium2,sign,78267,0.078267,9.25,256,1312,2420,734,liboqs,validator
Dilithium2,sign,36054,0.036054,9.25,256,1312,2420,735,liboqs,validator
Dilithium2,sign,35983,0.035983,9.25,256,1312,2420,736,liboqs,validator
Dilithium2,sign,47738,0.047738,9.25,256,1312,2420,737,liboqs,validator
Dilithium2,sign,82581,0.082581,9.25,256,1312,2420,738,liboqs,validator
Dilithium2,sign,67792,0.067792,9.25,256,1312,2420,739,liboqs,validator
Dilithium2,sign,36437,0.036437,9.25,256,1312,2420,740,liboqs,validator
Dilithium2,sign,106927,0.106927,9.25,256,1312,2420,741,liboqs,validator
Dilithium2,sign,34933,0.034933,9.25,256,1312,2420,742,liboqs,validator
Dilithium2,sign,54368,0.054368,9.25,256,1312,2420,743,liboqs,validator
Dilithium2,sign,72354,0.072354,9.25,256,1312,2420,744,liboqs,validator
Dilithium2,sign,47753,0.047753,9.25,256,1312,2420,745,liboqs,validator
Dilithium2,sign,52669,0.052669,9.25,256,1312,2420,746,liboqs,validator
Dilithium2,sign,80351,0.080351,9.25,256,1312,2420,747,liboqs,validator
Dilithium2,sign,53409,0.053409,9.25,256,1312,2420,748,liboqs,validator
Dilithium2,sign,34319,0.034319,9.25,256,1312,2420,749,liboqs,validator
Dilithium2,sign,70089,0.070089,9.25,256,1312,2420,750,liboqs,validator
Dilithium2,sign,59611,0.059611,9.25,256,1312,2420,751,liboqs,validator
Dilithium2,sign,97721,0.097721,9.25,256,1312,2420,752,liboqs,validator
Dilithium2,sign,43844,0.043844,9.25,256,1312,2420,753,liboqs,validator
Dilithium2,sign,42729,0.042729,9.25,256,1312,2420,754,liboqs,validator
Dilithium2,sign,87359,0.087359,9.25,256,1312,2420,755,liboqs,validator
Dilithium2,sign,67950,0.06795,9.25,256,1312,2420,756,liboqs,validator
Dilithium2,sign,101781,0.101781,9.25,256,1312,2420,757,liboqs,validator
Dilithium2,sign,51181,0.051181,9.25,256,1312,2420,758,liboqs,validator
Dilithium2,sign,63790,0.06379,9.25,256,1312,2420,759,liboqs,validator
Dilithium2,sign,170813,0.170813,9.25,256,1312,2420,760,liboqs,validator
Dilithium2,sign,41051,0.041051,9.25,256,1312,2420,761,liboqs,validator
Dilithium2,sign,40199,0.040199,9.25,256,1312,2420,762,liboqs,validator
Dilithium2,sign,34707,0.034707,9.25,256,1312,2420,763,liboqs,validator
Dilithium2,sign,63134,0.063134,9.25,256,1312,2420,764,liboqs,validator
Dilithium2,sign,118490,0.11849,9.25,256,1312,2420,765,liboqs,validator
Dilithium2,sign,34497,0.034497,9.25,256,1312,2420,766,liboqs,validator
Dilithium2,sign,96167,0.096167,9.25,256,1312,2420,767,liboqs,validator
Dilithium2,sign,68959,0.068959,9.25,256,1312,2420,768,liboqs,validator
Dilithium2,sign,34662,0.034662,9.25,256,1312,2420,769,liboqs,validator
Dilithium2,sign,34257,0.034257,9.25,256,1312,2420,770,liboqs,validator
Dilithium2,sign,128656,0.128656,9.25,256,1312,2420,771,liboqs,validator
Dilithium2,sign,39332,0.039332,9.25,256,1312,2420,772,liboqs,validator
Dilithium2,sign,43633,0.043633,9.25,256,1312,2420,773,liboqs,validator
Dilithium2,sign,45162,0.045162,9.25,256,1312,2420,774,liboqs,validator
Dilithium2,sign,35564,0.035564,9.25,256,1312,2420,775,liboqs,validator
Dilithium2,sign,56178,0.056178,9.25,256,1312,2420,776,liboqs,validator
Dilithium2,sign,50357,0.050357,9.25,256,1312,2420,777,liboqs,validator
Dilithium2,sign,53617,0.053617,9.25,256,1312,2420,778,liboqs,validator
Dilithium2,sign,57957,0.057957,9.25,256,1312,2420,779,liboqs,validator
Dilithium2,sign,44609,0.044609,9.25,256,1312,2420,780,liboqs,validator
Dilithium2,sign,71721,0.071721,9.25,256,1312,2420,781,liboqs,validator
Dilithium2,sign,56414,0.056414,9.25,256,1312,2420,782,liboqs,validator
Dilithium2,sign,36684,0.036684,9.25,256,1312,2420,783,liboqs,validator
Dilithium2,sign,45098,0.045098,9.25,256,1312,2420,784,liboqs,validator
Dilithium2,sign,61679,0.061679,9.25,256,1312,2420,785,liboqs,validator
Dilithium2,sign,42153,0.042153,9.25,256,1312,2420,786,liboqs,validator
Dilithium2,sign,62954,0.062954,9.25,256,1312,2420,787,liboqs,validator
Dilithium2,sign,47363,0.047363,9.25,256,1312,2420,788,liboqs,validator
Dilithium2,sign,49523,0.049523,9.25,256,1312,2420,789,liboqs,validator
Dilithium2,sign,35683,0.035683,9.25,256,1312,2420,790,liboqs,validator
Dilithium2,sign,63073,0.063073,9.25,256,1312,2420,791,liboqs,validator
Dilithium2,sign,34848,0.034848,9.25,256,1312,2420,792,liboqs,validator
Dilithium2,sign,81960,0.08196,9.25,256,1312,2420,793,liboqs,validator
Dilithium2,sign,35135,0.035135,9.25,256,1312,2420,794,liboqs,validator
Dilithium2,sign,53840,0.05384,9.25,256,1312,2420,795,liboqs,validator
Dilithium2,sign,54083,0.054083,9.25,256,1312,2420,796,liboqs,validator
Dilithium2,sign,63018,0.063018,9.25,256,1312,2420,797,liboqs,validator
Dilithium2,sign,36441,0.036441,9.25,256,1312,2420,798,liboqs,validator
Dilithium2,sign,35790,0.03579,9.25,256,1312,2420,799,liboqs,validator
Dilithium2,sign,69526,0.069526,9.25,256,1312,2420,800,liboqs,validator
Dilithium2,sign,75342,0.075342,9.25,256,1312,2420,801,liboqs,validator
Dilithium2,sign,89045,0.089045,9.25,256,1312,2420,802,liboqs,validator
Dilithium2,sign,53459,0.053459,9.25,256,1312,2420,803,liboqs,validator
Dilithium2,sign,68851,0.068851,9.25,256,1312,2420,804,liboqs,validator
Dilithium2,sign,53759,0.053759,9.25,256,1312,2420,805,liboqs,validator
Dilithium2,sign,90469,0.090469,9.25,256,1312,2420,806,liboqs,validator
Dilithium2,sign,55730,0.05573,9.25,256,1312,2420,807,liboqs,validator
Dilithium2,sign,40507,0.040507,9.25,256,1312,2420,808,liboqs,validator
Dilithium2,sign,36237,0.036237,9.25,256,1312,2420,809,liboqs,validator
Dilithium2,sign,121273,0.121273,9.25,256,1312,2420,810,liboqs,validator
Dilithium2,sign,73811,0.073811,9.25,256,1312,2420,811,liboqs,validator
Dilithium2,sign,42936,0.042936,9.25,256,1312,2420,812,liboqs,validator
Dilithium2,sign,54005,0.054005,9.25,256,1312,2420,813,liboqs,validator
Dilithium2,sign,38143,0.038143,9.25,256,1312,2420,814,liboqs,validator
Dilithium2,sign,51001,0.051001,9.25,256,1312,2420,815,liboqs,validator
Dilithium2,sign,37334,0.037334,9.25,256,1312,2420,816,liboqs,validator
Dilithium2,sign,54053,0.054053,9.25,256,1312,2420,817,liboqs,validator
Dilithium2,sign,73917,0.073917,9.25,256,1312,2420,818,liboqs,validator
Dilithium2,sign,97816,0.097816,9.25,256,1312,2420,819,liboqs,validator
Dilithium2,sign,41629,0.041629,9.25,256,1312,2420,820,liboqs,validator
Dilithium2,sign,42207,0.042207,9.25,256,1312,2420,821,liboqs,validator
Dilithium2,sign,79160,0.07916,9.25,256,1312,2420,822,liboqs,validator
Dilithium2,sign,68190,0.06819,9.25,256,1312,2420,823,liboqs,validator
Dilithium2,sign,62908,0.062908,9.25,256,1312,2420,824,liboqs,validator
Dilithium2,sign,38291,0.038291,9.25,256,1312,2420,825,liboqs,validator
Dilithium2,sign,45307,0.045307,9.25,256,1312,2420,826,liboqs,validator
Dilithium2,sign,45741,0.045741,9.25,256,1312,2420,827,liboqs,validator
Dilithium2,sign,71936,0.071936,9.25,256,1312,2420,828,liboqs,validator
Dilithium2,sign,34408,0.034408,9.25,256,1312,2420,829,liboqs,validator
Dilithium2,sign,74633,0.074633,9.25,256,1312,2420,830,liboqs,validator
Dilithium2,sign,68564,0.068564,9.25,256,1312,2420,831,liboqs,validator
Dilithium2,sign,83266,0.083266,9.25,256,1312,2420,832,liboqs,validator
Dilithium2,sign,158246,0.158246,9.25,256,1312,2420,833,liboqs,validator
Dilithium2,sign,86345,0.086345,9.25,256,1312,2420,834,liboqs,validator
Dilithium2,sign,96191,0.096191,9.25,256,1312,2420,835,liboqs,validator
Dilithium2,sign,51600,0.0516,9.25,256,1312,2420,836,liboqs,validator
Dilithium2,sign,83535,0.083535,9.25,256,1312,2420,837,liboqs,validator
Dilithium2,sign,97518,0.097518,11.65,256,1312,2420,838,liboqs,validator
Dilithium2,sign,104813,0.104813,11.41,256,1312,2420,839,liboqs,validator
Dilithium2,sign,117648,0.117648,9.19,256,1312,2420,840,liboqs,validator
Dilithium2,sign,64947,0.064947,9.25,256,1312,2420,841,liboqs,validator
Dilithium2,sign,52397,0.052397,9.25,256,1312,2420,842,liboqs,validator
Dilithium2,sign,62728,0.062728,9.25,256,1312,2420,843,liboqs,validator
Dilithium2,sign,75371,0.075371,9.25,256,1312,2420,844,liboqs,validator
Dilithium2,sign,48859,0.048859,9.25,256,1312,2420,845,liboqs,validator
Dilithium2,sign,48421,0.048421,9.25,256,1312,2420,846,liboqs,validator
Dilithium2,sign,70974,0.070974,9.25,256,1312,2420,847,liboqs,validator
Dilithium2,sign,41407,0.041407,9.25,256,1312,2420,848,liboqs,validator
Dilithium2,sign,76543,0.076543,9.25,256,1312,2420,849,liboqs,validator
Dilithium2,sign,75901,0.075901,9.25,256,1312,2420,850,liboqs,validator
Dilithium2,sign,34724,0.034724,9.25,256,1312,2420,851,liboqs,validator
Dilithium2,sign,34802,0.034802,9.25,256,1312,2420,852,liboqs,validator
Dilithium2,sign,54312,0.054312,9.25,256,1312,2420,853,liboqs,validator
Dilithium2,sign,41110,0.04111,9.25,256,1312,2420,854,liboqs,validator
Dilithium2,sign,47759,0.047759,9.25,256,1312,2420,855,liboqs,validator
Dilithium2,sign,57073,0.057073,9.25,256,1312,2420,856,liboqs,validator
Dilithium2,sign,41375,0.041375,9.25,256,1312,2420,857,liboqs,validator
Dilithium2,sign,47015,0.047015,9.25,256,1312,2420,858,liboqs,validator
Dilithium2,sign,40248,0.040248,9.25,256,1312,2420,859,liboqs,validator
Dilithium2,sign,170660,0.17066,9.25,256,1312,2420,860,liboqs,validator
Dilithium2,sign,110162,0.110162,9.25,256,1312,2420,861,liboqs,validator
Dilithium2,sign,55655,0.055655,9.25,256,1312,2420,862,liboqs,validator
Dilithium2,sign,80251,0.080251,9.25,256,1312,2420,863,liboqs,validator
Dilithium2,sign,105176,0.105176,9.25,256,1312,2420,864,liboqs,validator
Dilithium2,sign,68406,0.068406,9.25,256,1312,2420,865,liboqs,validator
Dilithium2,sign,49777,0.049777,9.25,256,1312,2420,866,liboqs,validator
Dilithium2,sign,35940,0.03594,9.25,256,1312,2420,867,liboqs,validator
Dilithium2,sign,35696,0.035696,9.25,256,1312,2420,868,liboqs,validator
Dilithium2,sign,34935,0.034935,9.25,256,1312,2420,869,liboqs,validator
Dilithium2,sign,49236,0.049236,9.25,256,1312,2420,870,liboqs,validator
Dilithium2,sign,48590,0.04859,9.25,256,1312,2420,871,liboqs,validator
Dilithium2,sign,48103,0.048103,9.25,256,1312,2420,872,liboqs,validator
Dilithium2,sign,56678,0.056678,9.25,256,1312,2420,873,liboqs,validator
Dilithium2,sign,82596,0.082596,9.25,256,1312,2420,874,liboqs,validator
Dilithium2,sign,34545,0.034545,9.25,256,1312,2420,875,liboqs,validator
Dilithium2,sign,80989,0.080989,9.25,256,1312,2420,876,liboqs,validator
Dilithium2,sign,35157,0.035157,9.25,256,1312,2420,877,liboqs,validator
Dilithium2,sign,66759,0.066759,9.25,256,1312,2420,878,liboqs,validator
Dilithium2,sign,66067,0.066067,9.25,256,1312,2420,879,liboqs,validator
Dilithium2,sign,71591,0.071591,9.25,256,1312,2420,880,liboqs,validator
Dilithium2,sign,42992,0.042992,9.25,256,1312,2420,881,liboqs,validator
Dilithium2,sign,40694,0.040694,9.25,256,1312,2420,882,liboqs,validator
Dilithium2,sign,80546,0.080546,9.25,256,1312,2420,883,liboqs,validator
Dilithium2,sign,42711,0.042711,9.25,256,1312,2420,884,liboqs,validator
Dilithium2,sign,41407,0.041407,9.25,256,1312,2420,885,liboqs,validator
Dilithium2,sign,91838,0.091838,9.25,256,1312,2420,886,liboqs,validator
Dilithium2,sign,36098,0.036098,9.25,256,1312,2420,887,liboqs,validator
Dilithium2,sign,41214,0.041214,9.25,256,1312,2420,888,liboqs,validator
Dilithium2,sign,49238,0.049238,9.25,256,1312,2420,889,liboqs,validator
Dilithium2,sign,54539,0.054539,9.25,256,1312,2420,890,liboqs,validator
Dilithium2,sign,34647,0.034647,9.25,256,1312,2420,891,liboqs,validator
Dilithium2,sign,63184,0.063184,9.25,256,1312,2420,892,liboqs,validator
Dilithium2,sign,87060,0.08706,9.25,256,1312,2420,893,liboqs,validator
Dilithium2,sign,39826,0.039826,9.25,256,1312,2420,894,liboqs,validator
Dilithium2,sign,37705,0.037705,9.25,256,1312,2420,895,liboqs,validator
Dilithium2,sign,37571,0.037571,9.25,256,1312,2420,896,liboqs,validator
Dilithium2,sign,35577,0.035577,9.25,256,1312,2420,897,liboqs,validator
Dilithium2,sign,58642,0.058642,9.25,256,1312,2420,898,liboqs,validator
Dilithium2,sign,105650,0.10565,9.25,256,1312,2420,899,liboqs,validator
Dilithium2,sign,42784,0.042784,9.25,256,1312,2420,900,liboqs,validator
Dilithium2,sign,65217,0.065217,9.25,256,1312,2420,901,liboqs,validator
Dilithium2,sign,63327,0.063327,9.25,256,1312,2420,902,liboqs,validator
Dilithium2,sign,35038,0.035038,9.25,256,1312,2420,903,liboqs,validator
Dilithium2,sign,77887,0.077887,9.25,256,1312,2420,904,liboqs,validator
Dilithium2,sign,112317,0.112317,9.25,256,1312,2420,905,liboqs,validator
Dilithium2,sign,192912,0.192912,9.25,256,1312,2420,906,liboqs,validator
Dilithium2,sign,85052,0.085052,9.25,256,1312,2420,907,liboqs,validator
Dilithium2,sign,42726,0.042726,9.25,256,1312,2420,908,liboqs,validator
Dilithium2,sign,68340,0.06834,9.25,256,1312,2420,909,liboqs,validator
Dilithium2,sign,50505,0.050505,9.25,256,1312,2420,910,liboqs,validator
Dilithium2,sign,67658,0.067658,9.25,256,1312,2420,911,liboqs,validator
Dilithium2,sign,93753,0.093753,9.25,256,1312,2420,912,liboqs,validator
Dilithium2,sign,67246,0.067246,9.25,256,1312,2420,913,liboqs,validator
Dilithium2,sign,61449,0.061449,9.25,256,1312,2420,914,liboqs,validator
Dilithium2,sign,34634,0.034634,9.25,256,1312,2420,915,liboqs,validator
Dilithium2,sign,49049,0.049049,9.25,256,1312,2420,916,liboqs,validator
Dilithium2,sign,55078,0.055078,9.25,256,1312,2420,917,liboqs,validator
Dilithium2,sign,156208,0.156208,9.25,256,1312,2420,918,liboqs,validator
Dilithium2,sign,95550,0.09555,9.25,256,1312,2420,919,liboqs,validator
Dilithium2,sign,83678,0.083678,9.25,256,1312,2420,920,liboqs,validator
Dilithium2,sign,41221,0.041221,9.25,256,1312,2420,921,liboqs,validator
Dilithium2,sign,39970,0.03997,9.25,256,1312,2420,922,liboqs,validator
Dilithium2,sign,66841,0.066841,9.25,256,1312,2420,923,liboqs,validator
Dilithium2,sign,56699,0.056699,9.25,256,1312,2420,924,liboqs,validator
Dilithium2,sign,50987,0.050987,9.25,256,1312,2420,925,liboqs,validator
Dilithium2,sign,73583,0.073583,9.25,256,1312,2420,926,liboqs,validator
Dilithium2,sign,86353,0.086353,9.25,256,1312,2420,927,liboqs,validator
Dilithium2,sign,81963,0.081963,9.25,256,1312,2420,928,liboqs,validator
Dilithium2,sign,75006,0.075006,9.25,256,1312,2420,929,liboqs,validator
Dilithium2,sign,43630,0.04363,9.25,256,1312,2420,930,liboqs,validator
Dilithium2,sign,62487,0.062487,9.25,256,1312,2420,931,liboqs,validator
Dilithium2,sign,37193,0.037193,9.25,256,1312,2420,932,liboqs,validator
Dilithium2,sign,48985,0.048985,9.25,256,1312,2420,933,liboqs,validator
Dilithium2,sign,43846,0.043846,9.25,256,1312,2420,934,liboqs,validator
Dilithium2,sign,35438,0.035438,9.25,256,1312,2420,935,liboqs,validator
Dilithium2,sign,83016,0.083016,9.25,256,1312,2420,936,liboqs,validator
Dilithium2,sign,43893,0.043893,9.25,256,1312,2420,937,liboqs,validator
Dilithium2,sign,36000,0.036,9.25,256,1312,2420,938,liboqs,validator
Dilithium2,sign,34299,0.034299,9.25,256,1312,2420,939,liboqs,validator
Dilithium2,sign,44375,0.044375,9.25,256,1312,2420,940,liboqs,validator
Dilithium2,sign,47915,0.047915,9.25,256,1312,2420,941,liboqs,validator
Dilithium2,sign,61904,0.061904,9.25,256,1312,2420,942,liboqs,validator
Dilithium2,sign,79872,0.079872,9.25,256,1312,2420,943,liboqs,validator
Dilithium2,sign,51580,0.05158,9.25,256,1312,2420,944,liboqs,validator
Dilithium2,sign,43798,0.043798,9.25,256,1312,2420,945,liboqs,validator
Dilithium2,sign,63558,0.063558,9.25,256,1312,2420,946,liboqs,validator
Dilithium2,sign,37344,0.037344,9.25,256,1312,2420,947,liboqs,validator
Dilithium2,sign,42857,0.042857,9.25,256,1312,2420,948,liboqs,validator
Dilithium2,sign,48416,0.048416,9.25,256,1312,2420,949,liboqs,validator
Dilithium2,sign,71132,0.071132,9.25,256,1312,2420,950,liboqs,validator
Dilithium2,sign,73214,0.073214,9.25,256,1312,2420,951,liboqs,validator
Dilithium2,sign,54825,0.054825,9.25,256,1312,2420,952,liboqs,validator
Dilithium2,sign,41088,0.041088,9.25,256,1312,2420,953,liboqs,validator
Dilithium2,sign,42514,0.042514,9.25,256,1312,2420,954,liboqs,validator
Dilithium2,sign,34510,0.03451,9.25,256,1312,2420,955,liboqs,validator
Dilithium2,sign,34123,0.034123,9.25,256,1312,2420,956,liboqs,validator
Dilithium2,sign,52623,0.052623,9.25,256,1312,2420,957,liboqs,validator
Dilithium2,sign,43784,0.043784,9.25,256,1312,2420,958,liboqs,validator
Dilithium2,sign,50262,0.050262,9.25,256,1312,2420,959,liboqs,validator
Dilithium2,sign,70810,0.07081,9.25,256,1312,2420,960,liboqs,validator
Dilithium2,sign,51152,0.051152,9.25,256,1312,2420,961,liboqs,validator
Dilithium2,sign,98621,0.098621,9.25,256,1312,2420,962,liboqs,validator
Dilithium2,sign,107408,0.107408,9.25,256,1312,2420,963,liboqs,validator
Dilithium2,sign,82021,0.082021,9.25,256,1312,2420,964,liboqs,validator
Dilithium2,sign,35567,0.035567,9.25,256,1312,2420,965,liboqs,validator
Dilithium2,sign,57509,0.057509,9.25,256,1312,2420,966,liboqs,validator
Dilithium2,sign,35100,0.0351,9.25,256,1312,2420,967,liboqs,validator
Dilithium2,sign,35770,0.03577,9.25,256,1312,2420,968,liboqs,validator
Dilithium2,sign,73389,0.073389,9.25,256,1312,2420,969,liboqs,validator
Dilithium2,sign,43732,0.043732,9.25,256,1312,2420,970,liboqs,validator
Dilithium2,sign,64514,0.064514,9.25,256,1312,2420,971,liboqs,validator
Dilithium2,sign,79992,0.079992,9.25,256,1312,2420,972,liboqs,validator
Dilithium2,sign,50908,0.050908,9.25,256,1312,2420,973,liboqs,validator
Dilithium2,sign,51047,0.051047,9.25,256,1312,2420,974,liboqs,validator
Dilithium2,sign,79705,0.079705,9.25,256,1312,2420,975,liboqs,validator
Dilithium2,sign,44292,0.044292,9.25,256,1312,2420,976,liboqs,validator
Dilithium2,sign,47536,0.047536,9.25,256,1312,2420,977,liboqs,validator
Dilithium2,sign,55440,0.05544,9.25,256,1312,2420,978,liboqs,validator
Dilithium2,sign,69452,0.069452,9.25,256,1312,2420,979,liboqs,validator
Dilithium2,sign,42628,0.042628,9.25,256,1312,2420,980,liboqs,validator
Dilithium2,sign,61300,0.0613,9.25,256,1312,2420,981,liboqs,validator
Dilithium2,sign,49968,0.049968,9.25,256,1312,2420,982,liboqs,validator
Dilithium2,sign,40918,0.040918,9.25,256,1312,2420,983,liboqs,validator
Dilithium2,sign,48050,0.04805,9.25,256,1312,2420,984,liboqs,validator
Dilithium2,sign,42524,0.042524,9.25,256,1312,2420,985,liboqs,validator
Dilithium2,sign,34720,0.03472,9.25,256,1312,2420,986,liboqs,validator
Dilithium2,sign,82112,0.082112,9.25,256,1312,2420,987,liboqs,validator
Dilithium2,sign,35845,0.035845,9.25,256,1312,2420,988,liboqs,validator
Dilithium2,sign,35858,0.035858,9.25,256,1312,2420,989,liboqs,validator
Dilithium2,sign,77069,0.077069,9.25,256,1312,2420,990,liboqs,validator
Dilithium2,sign,36023,0.036023,9.25,256,1312,2420,991,liboqs,validator
Dilithium2,sign,59476,0.059476,9.25,256,1312,2420,992,liboqs,validator
Dilithium2,sign,46429,0.046429,9.25,256,1312,2420,993,liboqs,validator
Dilithium2,sign,64868,0.064868,9.25,256,1312,2420,994,liboqs,validator
Dilithium2,sign,92738,0.092738,9.25,256,1312,2420,995,liboqs,validator
Dilithium2,sign,78473,0.078473,9.25,256,1312,2420,996,liboqs,validator
Dilithium2,sign,43130,0.04313,9.25,256,1312,2420,997,liboqs,validator
Dilithium2,sign,37449,0.037449,9.25,256,1312,2420,998,liboqs,validator
Dilithium2,sign,55063,0.055063,9.25,256,1312,2420,999,liboqs,validator
Dilithium2,verify,63074,0.063074,8.32,256,1312,2420,0,liboqs,validator
Dilithium2,verify,33103,0.033103,5.93,256,1312,2420,1,liboqs,validator
Dilithium2,verify,32400,0.0324,5.93,256,1312,2420,2,liboqs,validator
Dilithium2,verify,33532,0.033532,6.45,256,1312,2420,3,liboqs,validator
Dilithium2,verify,32170,0.03217,5.93,256,1312,2420,4,liboqs,validator
Dilithium2,verify,31722,0.031722,5.93,256,1312,2420,5,liboqs,validator
Dilithium2,verify,30981,0.030981,5.93,256,1312,2420,6,liboqs,validator
Dilithium2,verify,37423,0.037423,5.93,256,1312,2420,7,liboqs,validator
Dilithium2,verify,32017,0.032017,5.93,256,1312,2420,8,liboqs,validator
Dilithium2,verify,30027,0.030027,5.93,256,1312,2420,9,liboqs,validator
Dilithium2,verify,31085,0.031085,5.93,256,1312,2420,10,liboqs,validator
Dilithium2,verify,31102,0.031102,5.93,256,1312,2420,11,liboqs,validator
Dilithium2,verify,29990,0.02999,5.93,256,1312,2420,12,liboqs,validator
Dilithium2,verify,30634,0.030634,5.93,256,1312,2420,13,liboqs,validator
Dilithium2,verify,29738,0.029738,5.93,256,1312,2420,14,liboqs,validator
Dilithium2,verify,33907,0.033907,5.93,256,1312,2420,15,liboqs,validator
Dilithium2,verify,30783,0.030783,5.93,256,1312,2420,16,liboqs,validator
Dilithium2,verify,29863,0.029863,5.93,256,1312,2420,17,liboqs,validator
Dilithium2,verify,29541,0.029541,5.93,256,1312,2420,18,liboqs,validator
Dilithium2,verify,29322,0.029322,5.93,256,1312,2420,19,liboqs,validator
Dilithium2,verify,29601,0.029601,5.93,256,1312,2420,20,liboqs,validator
Dilithium2,verify,29121,0.029121,5.93,256,1312,2420,21,liboqs,validator
Dilithium2,verify,36548,0.036548,5.93,256,1312,2420,22,liboqs,validator
Dilithium2,verify,30932,0.030932,5.93,256,1312,2420,23,liboqs,validator
Dilithium2,verify,31441,0.031441,5.93,256,1312,2420,24,liboqs,validator
Dilithium2,verify,29434,0.029434,5.93,256,1312,2420,25,liboqs,validator
Dilithium2,verify,31420,0.03142,5.93,256,1312,2420,26,liboqs,validator
Dilithium2,verify,35344,0.035344,5.93,256,1312,2420,27,liboqs,validator
Dilithium2,verify,30985,0.030985,5.93,256,1312,2420,28,liboqs,validator
Dilithium2,verify,31022,0.031022,5.93,256,1312,2420,29,liboqs,validator
Dilithium2,verify,30057,0.030057,5.93,256,1312,2420,30,liboqs,validator
Dilithium2,verify,29630,0.02963,5.93,256,1312,2420,31,liboqs,validator
Dilithium2,verify,30209,0.030209,5.93,256,1312,2420,32,liboqs,validator
Dilithium2,verify,32105,0.032105,5.93,256,1312,2420,33,liboqs,validator
Dilithium2,verify,30021,0.030021,5.93,256,1312,2420,34,liboqs,validator
Dilithium2,verify,29179,0.029179,5.93,256,1312,2420,35,liboqs,validator
Dilithium2,verify,30026,0.030026,5.93,256,1312,2420,36,liboqs,validator
Dilithium2,verify,29832,0.029832,5.93,256,1312,2420,37,liboqs,validator
Dilithium2,verify,28935,0.028935,5.93,256,1312,2420,38,liboqs,validator
Dilithium2,verify,28895,0.028895,5.93,256,1312,2420,39,liboqs,validator
Dilithium2,verify,28466,0.028466,5.93,256,1312,2420,40,liboqs,validator
Dilithium2,verify,28992,0.028992,5.93,256,1312,2420,41,liboqs,validator
Dilithium2,verify,29145,0.029145,5.93,256,1312,2420,42,liboqs,validator
Dilithium2,verify,29077,0.029077,5.93,256,1312,2420,43,liboqs,validator
Dilithium2,verify,28509,0.028509,5.93,256,1312,2420,44,liboqs,validator
Dilithium2,verify,28790,0.02879,5.93,256,1312,2420,45,liboqs,validator
Dilithium2,verify,29625,0.029625,5.93,256,1312,2420,46,liboqs,validator
Dilithium2,verify,30658,0.030658,5.93,256,1312,2420,47,liboqs,validator
Dilithium2,verify,28087,0.028087,5.93,256,1312,2420,48,liboqs,validator
Dilithium2,verify,28754,0.028754,5.93,256,1312,2420,49,liboqs,validator
Dilithium2,verify,36949,0.036949,5.93,256,1312,2420,50,liboqs,validator
Dilithium2,verify,31635,0.031635,5.93,256,1312,2420,51,liboqs,validator
Dilithium2,verify,31992,0.031992,5.93,256,1312,2420,52,liboqs,validator
Dilithium2,verify,31021,0.031021,5.93,256,1312,2420,53,liboqs,validator
Dilithium2,verify,29432,0.029432,5.93,256,1312,2420,54,liboqs,validator
Dilithium2,verify,29431,0.029431,5.93,256,1312,2420,55,liboqs,validator
Dilithium2,verify,28599,0.028599,5.93,256,1312,2420,56,liboqs,validator
Dilithium2,verify,29242,0.029242,5.93,256,1312,2420,57,liboqs,validator
Dilithium2,verify,34301,0.034301,5.93,256,1312,2420,58,liboqs,validator
Dilithium2,verify,32447,0.032447,5.93,256,1312,2420,59,liboqs,validator
Dilithium2,verify,30857,0.030857,5.93,256,1312,2420,60,liboqs,validator
Dilithium2,verify,30021,0.030021,5.93,256,1312,2420,61,liboqs,validator
Dilithium2,verify,42849,0.042849,5.93,256,1312,2420,62,liboqs,validator
Dilithium2,verify,33449,0.033449,5.93,256,1312,2420,63,liboqs,validator
Dilithium2,verify,30166,0.030166,5.93,256,1312,2420,64,liboqs,validator
Dilithium2,verify,29314,0.029314,5.93,256,1312,2420,65,liboqs,validator
Dilithium2,verify,30731,0.030731,5.93,256,1312,2420,66,liboqs,validator
Dilithium2,verify,29748,0.029748,5.93,256,1312,2420,67,liboqs,validator
Dilithium2,verify,29496,0.029496,5.93,256,1312,2420,68,liboqs,validator
Dilithium2,verify,31064,0.031064,5.93,256,1312,2420,69,liboqs,validator
Dilithium2,verify,30049,0.030049,5.93,256,1312,2420,70,liboqs,validator
Dilithium2,verify,42002,0.042002,5.93,256,1312,2420,71,liboqs,validator
Dilithium2,verify,31766,0.031766,5.93,256,1312,2420,72,liboqs,validator
Dilithium2,verify,29691,0.029691,5.93,256,1312,2420,73,liboqs,validator
Dilithium2,verify,29508,0.029508,5.93,256,1312,2420,74,liboqs,validator
Dilithium2,verify,29128,0.029128,5.93,256,1312,2420,75,liboqs,validator
Dilithium2,verify,29308,0.029308,5.93,256,1312,2420,76,liboqs,validator
Dilithium2,verify,28997,0.028997,5.93,256,1312,2420,77,liboqs,validator
Dilithium2,verify,29045,0.029045,5.93,256,1312,2420,78,liboqs,validator
Dilithium2,verify,28436,0.028436,5.93,256,1312,2420,79,liboqs,validator
Dilithium2,verify,28434,0.028434,5.93,256,1312,2420,80,liboqs,validator
Dilithium2,verify,28310,0.02831,5.93,256,1312,2420,81,liboqs,validator
Dilithium2,verify,28686,0.028686,5.93,256,1312,2420,82,liboqs,validator
Dilithium2,verify,28369,0.028369,5.93,256,1312,2420,83,liboqs,validator
Dilithium2,verify,28019,0.028019,5.93,256,1312,2420,84,liboqs,validator
Dilithium2,verify,28354,0.028354,5.93,256,1312,2420,85,liboqs,validator
Dilithium2,verify,30390,0.03039,5.93,256,1312,2420,86,liboqs,validator
Dilithium2,verify,31238,0.031238,5.93,256,1312,2420,87,liboqs,validator
Dilithium2,verify,31392,0.031392,5.93,256,1312,2420,88,liboqs,validator
Dilithium2,verify,28560,0.02856,5.93,256,1312,2420,89,liboqs,validator
Dilithium2,verify,28440,0.02844,5.93,256,1312,2420,90,liboqs,validator
Dilithium2,verify,28404,0.028404,5.93,256,1312,2420,91,liboqs,validator
Dilithium2,verify,34412,0.034412,5.93,256,1312,2420,92,liboqs,validator
Dilithium2,verify,29932,0.029932,5.93,256,1312,2420,93,liboqs,validator
Dilithium2,verify,29143,0.029143,5.93,256,1312,2420,94,liboqs,validator
Dilithium2,verify,29014,0.029014,5.93,256,1312,2420,95,liboqs,validator
Dilithium2,verify,28621,0.028621,5.93,256,1312,2420,96,liboqs,validator
Dilithium2,verify,29995,0.029995,5.93,256,1312,2420,97,liboqs,validator
Dilithium2,verify,29095,0.029095,5.93,256,1312,2420,98,liboqs,validator
Dilithium2,verify,28407,0.028407,5.93,256,1312,2420,99,liboqs,validator
Dilithium2,verify,29092,0.029092,5.93,256,1312,2420,100,liboqs,validator
Dilithium2,verify,28816,0.028816,5.93,256,1312,2420,101,liboqs,validator
Dilithium2,verify,28626,0.028626,5.93,256,1312,2420,102,liboqs,validator
Dilithium2,verify,28528,0.028528,5.93,256,1312,2420,103,liboqs,validator
Dilithium2,verify,30873,0.030873,5.93,256,1312,2420,104,liboqs,validator
Dilithium2,verify,30699,0.030699,5.93,256,1312,2420,105,liboqs,validator
Dilithium2,verify,29725,0.029725,5.93,256,1312,2420,106,liboqs,validator
Dilithium2,verify,29144,0.029144,5.93,256,1312,2420,107,liboqs,validator
Dilithium2,verify,28561,0.028561,5.93,256,1312,2420,108,liboqs,validator
Dilithium2,verify,28652,0.028652,5.93,256,1312,2420,109,liboqs,validator
Dilithium2,verify,28228,0.028228,5.93,256,1312,2420,110,liboqs,validator
Dilithium2,verify,36001,0.036001,5.93,256,1312,2420,111,liboqs,validator
Dilithium2,verify,32225,0.032225,5.93,256,1312,2420,112,liboqs,validator
Dilithium2,verify,29411,0.029411,5.93,256,1312,2420,113,liboqs,validator
Dilithium2,verify,29309,0.029309,5.93,256,1312,2420,114,liboqs,validator
Dilithium2,verify,28791,0.028791,5.93,256,1312,2420,115,liboqs,validator
Dilithium2,verify,28540,0.02854,5.93,256,1312,2420,116,liboqs,validator
Dilithium2,verify,28606,0.028606,5.93,256,1312,2420,117,liboqs,validator
Dilithium2,verify,28792,0.028792,5.93,256,1312,2420,118,liboqs,validator
Dilithium2,verify,28782,0.028782,5.93,256,1312,2420,119,liboqs,validator
Dilithium2,verify,28299,0.028299,5.93,256,1312,2420,120,liboqs,validator
Dilithium2,verify,28769,0.028769,5.93,256,1312,2420,121,liboqs,validator
Dilithium2,verify,28731,0.028731,5.93,256,1312,2420,122,liboqs,validator
Dilithium2,verify,28519,0.028519,5.93,256,1312,2420,123,liboqs,validator
Dilithium2,verify,28762,0.028762,5.93,256,1312,2420,124,liboqs,validator
Dilithium2,verify,28607,0.028607,5.93,256,1312,2420,125,liboqs,validator
Dilithium2,verify,28316,0.028316,5.93,256,1312,2420,126,liboqs,validator
Dilithium2,verify,28353,0.028353,5.93,256,1312,2420,127,liboqs,validator
Dilithium2,verify,28376,0.028376,5.93,256,1312,2420,128,liboqs,validator
Dilithium2,verify,28145,0.028145,5.93,256,1312,2420,129,liboqs,validator
Dilithium2,verify,28627,0.028627,5.93,256,1312,2420,130,liboqs,validator
Dilithium2,verify,28210,0.02821,5.93,256,1312,2420,131,liboqs,validator
Dilithium2,verify,28013,0.028013,5.93,256,1312,2420,132,liboqs,validator
Dilithium2,verify,33491,0.033491,5.93,256,1312,2420,133,liboqs,validator
Dilithium2,verify,29720,0.02972,5.93,256,1312,2420,134,liboqs,validator
Dilithium2,verify,29126,0.029126,5.93,256,1312,2420,135,liboqs,validator
Dilithium2,verify,29827,0.029827,5.93,256,1312,2420,136,liboqs,validator
Dilithium2,verify,29191,0.029191,5.93,256,1312,2420,137,liboqs,validator
Dilithium2,verify,28720,0.02872,5.93,256,1312,2420,138,liboqs,validator
Dilithium2,verify,28818,0.028818,5.93,256,1312,2420,139,liboqs,validator
Dilithium2,verify,28525,0.028525,5.93,256,1312,2420,140,liboqs,validator
Dilithium2,verify,28872,0.028872,5.93,256,1312,2420,141,liboqs,validator
Dilithium2,verify,28167,0.028167,5.93,256,1312,2420,142,liboqs,validator
Dilithium2,verify,28010,0.02801,5.93,256,1312,2420,143,liboqs,validator
Dilithium2,verify,28094,0.028094,5.93,256,1312,2420,144,liboqs,validator
Dilithium2,verify,28626,0.028626,5.93,256,1312,2420,145,liboqs,validator
Dilithium2,verify,28424,0.028424,5.93,256,1312,2420,146,liboqs,validator
Dilithium2,verify,28613,0.028613,5.93,256,1312,2420,147,liboqs,validator
Dilithium2,verify,28453,0.028453,5.93,256,1312,2420,148,liboqs,validator
Dilithium2,verify,28146,0.028146,5.93,256,1312,2420,149,liboqs,validator
Dilithium2,verify,28597,0.028597,5.93,256,1312,2420,150,liboqs,validator
Dilithium2,verify,27904,0.027904,5.93,256,1312,2420,151,liboqs,validator
Dilithium2,verify,40448,0.040448,5.93,256,1312,2420,152,liboqs,validator
Dilithium2,verify,32930,0.03293,5.93,256,1312,2420,153,liboqs,validator
Dilithium2,verify,30205,0.030205,5.93,256,1312,2420,154,liboqs,validator
Dilithium2,verify,29330,0.02933,5.93,256,1312,2420,155,liboqs,validator
Dilithium2,verify,28798,0.028798,5.93,256,1312,2420,156,liboqs,validator
Dilithium2,verify,34579,0.034579,5.93,256,1312,2420,157,liboqs,validator
Dilithium2,verify,29659,0.029659,5.93,256,1312,2420,158,liboqs,validator
Dilithium2,verify,29220,0.02922,5.93,256,1312,2420,159,liboqs,validator
Dilithium2,verify,28853,0.028853,5.93,256,1312,2420,160,liboqs,validator
Dilithium2,verify,31085,0.031085,5.93,256,1312,2420,161,liboqs,validator
Dilithium2,verify,29083,0.029083,5.93,256,1312,2420,162,liboqs,validator
Dilithium2,verify,28557,0.028557,5.93,256,1312,2420,163,liboqs,validator
Dilithium2,verify,28537,0.028537,5.93,256,1312,2420,164,liboqs,validator
Dilithium2,verify,29215,0.029215,5.93,256,1312,2420,165,liboqs,validator
Dilithium2,verify,29145,0.029145,5.93,256,1312,2420,166,liboqs,validator
Dilithium2,verify,28911,0.028911,5.93,256,1312,2420,167,liboqs,validator
Dilithium2,verify,28747,0.028747,5.93,256,1312,2420,168,liboqs,validator
Dilithium2,verify,28434,0.028434,5.93,256,1312,2420,169,liboqs,validator
Dilithium2,verify,34175,0.034175,5.93,256,1312,2420,170,liboqs,validator
Dilithium2,verify,29556,0.029556,5.93,256,1312,2420,171,liboqs,validator
Dilithium2,verify,28844,0.028844,5.93,256,1312,2420,172,liboqs,validator
Dilithium2,verify,28794,0.028794,5.93,256,1312,2420,173,liboqs,validator
Dilithium2,verify,28197,0.028197,5.93,256,1312,2420,174,liboqs,validator
Dilithium2,verify,28695,0.028695,5.93,256,1312,2420,175,liboqs,validator
Dilithium2,verify,73589,0.073589,10.54,256,1312,2420,176,liboqs,validator
Dilithium2,verify,31093,0.031093,5.93,256,1312,2420,177,liboqs,validator
Dilithium2,verify,35931,0.035931,5.93,256,1312,2420,178,liboqs,validator
Dilithium2,verify,30874,0.030874,5.93,256,1312,2420,179,liboqs,validator
Dilithium2,verify,30373,0.030373,5.93,256,1312,2420,180,liboqs,validator
Dilithium2,verify,30069,0.030069,5.93,256,1312,2420,181,liboqs,validator
Dilithium2,verify,30188,0.030188,5.93,256,1312,2420,182,liboqs,validator
Dilithium2,verify,29626,0.029626,5.93,256,1312,2420,183,liboqs,validator
Dilithium2,verify,29740,0.02974,5.93,256,1312,2420,184,liboqs,validator
Dilithium2,verify,29823,0.029823,5.93,256,1312,2420,185,liboqs,validator
Dilithium2,verify,31511,0.031511,5.93,256,1312,2420,186,liboqs,validator
Dilithium2,verify,33066,0.033066,5.93,256,1312,2420,187,liboqs,validator
Dilithium2,verify,32802,0.032802,5.93,256,1312,2420,188,liboqs,validator
Dilithium2,verify,29083,0.029083,5.93,256,1312,2420,189,liboqs,validator
Dilithium2,verify,30303,0.030303,5.93,256,1312,2420,190,liboqs,validator
Dilithium2,verify,31339,0.031339,5.93,256,1312,2420,191,liboqs,validator
Dilithium2,verify,29370,0.02937,5.93,256,1312,2420,192,liboqs,validator
Dilithium2,verify,31605,0.031605,5.93,256,1312,2420,193,liboqs,validator
Dilithium2,verify,30896,0.030896,5.93,256,1312,2420,194,liboqs,validator
Dilithium2,verify,29827,0.029827,5.93,256,1312,2420,195,liboqs,validator
Dilithium2,verify,29254,0.029254,5.93,256,1312,2420,196,liboqs,validator
Dilithium2,verify,35542,0.035542,5.93,256,1312,2420,197,liboqs,validator
Dilithium2,verify,33187,0.033187,5.93,256,1312,2420,198,liboqs,validator
Dilithium2,verify,30387,0.030387,5.93,256,1312,2420,199,liboqs,validator
Dilithium2,verify,30461,0.030461,5.93,256,1312,2420,200,liboqs,validator
Dilithium2,verify,29602,0.029602,5.93,256,1312,2420,201,liboqs,validator
Dilithium2,verify,29096,0.029096,5.93,256,1312,2420,202,liboqs,validator
Dilithium2,verify,28706,0.028706,5.93,256,1312,2420,203,liboqs,validator
Dilithium2,verify,28886,0.028886,5.93,256,1312,2420,204,liboqs,validator
Dilithium2,verify,28639,0.028639,5.93,256,1312,2420,205,liboqs,validator
Dilithium2,verify,29030,0.02903,5.93,256,1312,2420,206,liboqs,validator
Dilithium2,verify,28380,0.02838,5.93,256,1312,2420,207,liboqs,validator
Dilithium2,verify,28939,0.028939,5.93,256,1312,2420,208,liboqs,validator
Dilithium2,verify,28132,0.028132,5.93,256,1312,2420,209,liboqs,validator
Dilithium2,verify,28671,0.028671,5.93,256,1312,2420,210,liboqs,validator
Dilithium2,verify,28957,0.028957,5.93,256,1312,2420,211,liboqs,validator
Dilithium2,verify,29114,0.029114,5.93,256,1312,2420,212,liboqs,validator
Dilithium2,verify,28424,0.028424,5.93,256,1312,2420,213,liboqs,validator
Dilithium2,verify,28566,0.028566,5.93,256,1312,2420,214,liboqs,validator
Dilithium2,verify,29587,0.029587,5.93,256,1312,2420,215,liboqs,validator
Dilithium2,verify,28038,0.028038,5.93,256,1312,2420,216,liboqs,validator
Dilithium2,verify,29179,0.029179,5.93,256,1312,2420,217,liboqs,validator
Dilithium2,verify,28628,0.028628,5.93,256,1312,2420,218,liboqs,validator
Dilithium2,verify,38689,0.038689,5.93,256,1312,2420,219,liboqs,validator
Dilithium2,verify,31538,0.031538,5.93,256,1312,2420,220,liboqs,validator
Dilithium2,verify,29593,0.029593,5.93,256,1312,2420,221,liboqs,validator
Dilithium2,verify,29369,0.029369,5.93,256,1312,2420,222,liboqs,validator
Dilithium2,verify,29088,0.029088,5.93,256,1312,2420,223,liboqs,validator
Dilithium2,verify,29390,0.02939,5.93,256,1312,2420,224,liboqs,validator
Dilithium2,verify,29768,0.029768,5.93,256,1312,2420,225,liboqs,validator
Dilithium2,verify,29454,0.029454,5.93,256,1312,2420,226,liboqs,validator
Dilithium2,verify,35624,0.035624,5.93,256,1312,2420,227,liboqs,validator
Dilithium2,verify,29935,0.029935,5.93,256,1312,2420,228,liboqs,validator
Dilithium2,verify,28750,0.02875,5.93,256,1312,2420,229,liboqs,validator
Dilithium2,verify,28668,0.028668,5.93,256,1312,2420,230,liboqs,validator
Dilithium2,verify,29586,0.029586,5.93,256,1312,2420,231,liboqs,validator
Dilithium2,verify,28587,0.028587,5.93,256,1312,2420,232,liboqs,validator
Dilithium2,verify,28309,0.028309,5.93,256,1312,2420,233,liboqs,validator
Dilithium2,verify,28511,0.028511,5.93,256,1312,2420,234,liboqs,validator
Dilithium2,verify,28348,0.028348,5.93,256,1312,2420,235,liboqs,validator
Dilithium2,verify,28544,0.028544,5.93,256,1312,2420,236,liboqs,validator
Dilithium2,verify,28303,0.028303,5.93,256,1312,2420,237,liboqs,validator
Dilithium2,verify,28245,0.028245,5.93,256,1312,2420,238,liboqs,validator
Dilithium2,verify,28113,0.028113,5.93,256,1312,2420,239,liboqs,validator
Dilithium2,verify,28255,0.028255,5.93,256,1312,2420,240,liboqs,validator
Dilithium2,verify,34391,0.034391,5.93,256,1312,2420,241,liboqs,validator
Dilithium2,verify,30099,0.030099,5.93,256,1312,2420,242,liboqs,validator
Dilithium2,verify,29511,0.029511,5.93,256,1312,2420,243,liboqs,validator
Dilithium2,verify,30976,0.030976,5.93,256,1312,2420,244,liboqs,validator
Dilithium2,verify,29328,0.029328,5.93,256,1312,2420,245,liboqs,validator
Dilithium2,verify,28883,0.028883,5.93,256,1312,2420,246,liboqs,validator
Dilithium2,verify,29270,0.02927,5.93,256,1312,2420,247,liboqs,validator
Dilithium2,verify,28798,0.028798,5.93,256,1312,2420,248,liboqs,validator
Dilithium2,verify,28336,0.028336,5.93,256,1312,2420,249,liboqs,validator
Dilithium2,verify,28124,0.028124,5.93,256,1312,2420,250,liboqs,validator
Dilithium2,verify,28605,0.028605,5.93,256,1312,2420,251,liboqs,validator
Dilithium2,verify,28246,0.028246,5.93,256,1312,2420,252,liboqs,validator
Dilithium2,verify,27825,0.027825,5.93,256,1312,2420,253,liboqs,validator
Dilithium2,verify,28204,0.028204,5.93,256,1312,2420,254,liboqs,validator
Dilithium2,verify,28537,0.028537,5.93,256,1312,2420,255,liboqs,validator
Dilithium2,verify,28170,0.02817,5.93,256,1312,2420,256,liboqs,validator
Dilithium2,verify,28178,0.028178,5.93,256,1312,2420,257,liboqs,validator
Dilithium2,verify,28652,0.028652,5.93,256,1312,2420,258,liboqs,validator
Dilithium2,verify,39498,0.039498,5.93,256,1312,2420,259,liboqs,validator
Dilithium2,verify,31299,0.031299,5.93,256,1312,2420,260,liboqs,validator
Dilithium2,verify,29230,0.02923,5.93,256,1312,2420,261,liboqs,validator
Dilithium2,verify,29167,0.029167,5.93,256,1312,2420,262,liboqs,validator
Dilithium2,verify,29658,0.029658,5.93,256,1312,2420,263,liboqs,validator
Dilithium2,verify,28656,0.028656,5.93,256,1312,2420,264,liboqs,validator
Dilithium2,verify,28696,0.028696,5.93,256,1312,2420,265,liboqs,validator
Dilithium2,verify,28486,0.028486,5.93,256,1312,2420,266,liboqs,validator
Dilithium2,verify,28397,0.028397,5.93,256,1312,2420,267,liboqs,validator
Dilithium2,verify,28974,0.028974,5.93,256,1312,2420,268,liboqs,validator
Dilithium2,verify,28627,0.028627,5.93,256,1312,2420,269,liboqs,validator
Dilithium2,verify,28933,0.028933,5.93,256,1312,2420,270,liboqs,validator
Dilithium2,verify,28822,0.028822,5.93,256,1312,2420,271,liboqs,validator
Dilithium2,verify,28690,0.02869,5.93,256,1312,2420,272,liboqs,validator
Dilithium2,verify,28655,0.028655,5.93,256,1312,2420,273,liboqs,validator
Dilithium2,verify,29097,0.029097,5.93,256,1312,2420,274,liboqs,validator
Dilithium2,verify,28770,0.02877,5.93,256,1312,2420,275,liboqs,validator
Dilithium2,verify,29250,0.02925,5.93,256,1312,2420,276,liboqs,validator
Dilithium2,verify,29405,0.029405,5.93,256,1312,2420,277,liboqs,validator
Dilithium2,verify,29718,0.029718,5.93,256,1312,2420,278,liboqs,validator
Dilithium2,verify,29325,0.029325,5.93,256,1312,2420,279,liboqs,validator
Dilithium2,verify,29060,0.02906,5.93,256,1312,2420,280,liboqs,validator
Dilithium2,verify,28914,0.028914,5.93,256,1312,2420,281,liboqs,validator
Dilithium2,verify,34183,0.034183,5.93,256,1312,2420,282,liboqs,validator
Dilithium2,verify,30856,0.030856,5.93,256,1312,2420,283,liboqs,validator
Dilithium2,verify,32337,0.032337,5.93,256,1312,2420,284,liboqs,validator
Dilithium2,verify,48952,0.048952,5.93,256,1312,2420,285,liboqs,validator
Dilithium2,verify,33591,0.033591,5.93,256,1312,2420,286,liboqs,validator
Dilithium2,verify,30829,0.030829,5.93,256,1312,2420,287,liboqs,validator
Dilithium2,verify,29953,0.029953,5.93,256,1312,2420,288,liboqs,validator
Dilithium2,verify,30825,0.030825,5.93,256,1312,2420,289,liboqs,validator
Dilithium2,verify,29597,0.029597,5.93,256,1312,2420,290,liboqs,validator
Dilithium2,verify,29282,0.029282,5.93,256,1312,2420,291,liboqs,validator
Dilithium2,verify,30074,0.030074,5.93,256,1312,2420,292,liboqs,validator
Dilithium2,verify,29179,0.029179,5.93,256,1312,2420,293,liboqs,validator
Dilithium2,verify,29031,0.029031,5.93,256,1312,2420,294,liboqs,validator
Dilithium2,verify,29174,0.029174,5.93,256,1312,2420,295,liboqs,validator
Dilithium2,verify,28745,0.028745,5.93,256,1312,2420,296,liboqs,validator
Dilithium2,verify,28598,0.028598,5.93,256,1312,2420,297,liboqs,validator
Dilithium2,verify,28169,0.028169,5.93,256,1312,2420,298,liboqs,validator
Dilithium2,verify,28575,0.028575,5.93,256,1312,2420,299,liboqs,validator
Dilithium2,verify,28765,0.028765,5.93,256,1312,2420,300,liboqs,validator
Dilithium2,verify,28930,0.02893,5.93,256,1312,2420,301,liboqs,validator
Dilithium2,verify,28596,0.028596,5.93,256,1312,2420,302,liboqs,validator
Dilithium2,verify,29139,0.029139,5.93,256,1312,2420,303,liboqs,validator
Dilithium2,verify,28813,0.028813,5.93,256,1312,2420,304,liboqs,validator
Dilithium2,verify,35526,0.035526,5.93,256,1312,2420,305,liboqs,validator
Dilithium2,verify,30040,0.03004,5.93,256,1312,2420,306,liboqs,validator
Dilithium2,verify,28845,0.028845,5.93,256,1312,2420,307,liboqs,validator
Dilithium2,verify,29569,0.029569,5.93,256,1312,2420,308,liboqs,validator
Dilithium2,verify,29071,0.029071,5.93,256,1312,2420,309,liboqs,validator
Dilithium2,verify,29204,0.029204,5.93,256,1312,2420,310,liboqs,validator
Dilithium2,verify,28921,0.028921,5.93,256,1312,2420,311,liboqs,validator
Dilithium2,verify,28589,0.028589,5.93,256,1312,2420,312,liboqs,validator
Dilithium2,verify,28456,0.028456,5.93,256,1312,2420,313,liboqs,validator
Dilithium2,verify,28041,0.028041,5.93,256,1312,2420,314,liboqs,validator
Dilithium2,verify,28242,0.028242,5.93,256,1312,2420,315,liboqs,validator
Dilithium2,verify,28053,0.028053,5.93,256,1312,2420,316,liboqs,validator
Dilithium2,verify,28375,0.028375,5.93,256,1312,2420,317,liboqs,validator
Dilithium2,verify,28345,0.028345,5.93,256,1312,2420,318,liboqs,validator
Dilithium2,verify,28367,0.028367,5.93,256,1312,2420,319,liboqs,validator
Dilithium2,verify,28099,0.028099,5.93,256,1312,2420,320,liboqs,validator
Dilithium2,verify,28182,0.028182,5.93,256,1312,2420,321,liboqs,validator
Dilithium2,verify,28085,0.028085,5.93,256,1312,2420,322,liboqs,validator
Dilithium2,verify,28066,0.028066,5.93,256,1312,2420,323,liboqs,validator
Dilithium2,verify,28085,0.028085,5.93,256,1312,2420,324,liboqs,validator
Dilithium2,verify,28495,0.028495,5.93,256,1312,2420,325,liboqs,validator
Dilithium2,verify,34521,0.034521,5.93,256,1312,2420,326,liboqs,validator
Dilithium2,verify,29385,0.029385,5.93,256,1312,2420,327,liboqs,validator
Dilithium2,verify,28821,0.028821,5.93,256,1312,2420,328,liboqs,validator
Dilithium2,verify,28917,0.028917,5.93,256,1312,2420,329,liboqs,validator
Dilithium2,verify,28613,0.028613,5.93,256,1312,2420,330,liboqs,validator
Dilithium2,verify,28469,0.028469,5.93,256,1312,2420,331,liboqs,validator
Dilithium2,verify,28403,0.028403,5.93,256,1312,2420,332,liboqs,validator
Dilithium2,verify,28561,0.028561,5.93,256,1312,2420,333,liboqs,validator
Dilithium2,verify,28647,0.028647,5.93,256,1312,2420,334,liboqs,validator
Dilithium2,verify,28831,0.028831,5.93,256,1312,2420,335,liboqs,validator
Dilithium2,verify,28199,0.028199,5.93,256,1312,2420,336,liboqs,validator
Dilithium2,verify,28319,0.028319,5.93,256,1312,2420,337,liboqs,validator
Dilithium2,verify,30850,0.03085,5.93,256,1312,2420,338,liboqs,validator
Dilithium2,verify,41034,0.041034,5.93,256,1312,2420,339,liboqs,validator
Dilithium2,verify,31464,0.031464,5.93,256,1312,2420,340,liboqs,validator
Dilithium2,verify,29940,0.02994,5.93,256,1312,2420,341,liboqs,validator
Dilithium2,verify,29505,0.029505,5.93,256,1312,2420,342,liboqs,validator
Dilithium2,verify,28819,0.028819,5.93,256,1312,2420,343,liboqs,validator
Dilithium2,verify,28792,0.028792,5.93,256,1312,2420,344,liboqs,validator
Dilithium2,verify,28684,0.028684,5.93,256,1312,2420,345,liboqs,validator
Dilithium2,verify,33244,0.033244,5.93,256,1312,2420,346,liboqs,validator
Dilithium2,verify,29342,0.029342,5.93,256,1312,2420,347,liboqs,validator
Dilithium2,verify,28847,0.028847,5.93,256,1312,2420,348,liboqs,validator
Dilithium2,verify,28735,0.028735,5.93,256,1312,2420,349,liboqs,validator
Dilithium2,verify,28946,0.028946,5.93,256,1312,2420,350,liboqs,validator
Dilithium2,verify,28461,0.028461,5.93,256,1312,2420,351,liboqs,validator
Dilithium2,verify,28515,0.028515,5.93,256,1312,2420,352,liboqs,validator
Dilithium2,verify,29925,0.029925,5.93,256,1312,2420,353,liboqs,validator
Dilithium2,verify,27783,0.027783,5.93,256,1312,2420,354,liboqs,validator
Dilithium2,verify,28195,0.028195,5.93,256,1312,2420,355,liboqs,validator
Dilithium2,verify,28271,0.028271,5.93,256,1312,2420,356,liboqs,validator
Dilithium2,verify,28039,0.028039,5.93,256,1312,2420,357,liboqs,validator
Dilithium2,verify,28419,0.028419,5.93,256,1312,2420,358,liboqs,validator
Dilithium2,verify,28404,0.028404,5.93,256,1312,2420,359,liboqs,validator
Dilithium2,verify,27889,0.027889,5.93,256,1312,2420,360,liboqs,validator
Dilithium2,verify,28051,0.028051,5.93,256,1312,2420,361,liboqs,validator
Dilithium2,verify,27835,0.027835,5.93,256,1312,2420,362,liboqs,validator
Dilithium2,verify,28019,0.028019,5.93,256,1312,2420,363,liboqs,validator
Dilithium2,verify,27748,0.027748,5.93,256,1312,2420,364,liboqs,validator
Dilithium2,verify,28275,0.028275,5.93,256,1312,2420,365,liboqs,validator
Dilithium2,verify,81205,0.081205,5.93,256,1312,2420,366,liboqs,validator
Dilithium2,verify,40160,0.04016,5.93,256,1312,2420,367,liboqs,validator
Dilithium2,verify,32646,0.032646,5.93,256,1312,2420,368,liboqs,validator
Dilithium2,verify,32766,0.032766,5.93,256,1312,2420,369,liboqs,validator
Dilithium2,verify,31468,0.031468,5.93,256,1312,2420,370,liboqs,validator
Dilithium2,verify,30210,0.03021,5.93,256,1312,2420,371,liboqs,validator
Dilithium2,verify,29554,0.029554,5.93,256,1312,2420,372,liboqs,validator
Dilithium2,verify,30017,0.030017,5.93,256,1312,2420,373,liboqs,validator
Dilithium2,verify,29626,0.029626,5.93,256,1312,2420,374,liboqs,validator
Dilithium2,verify,29119,0.029119,5.93,256,1312,2420,375,liboqs,validator
Dilithium2,verify,29313,0.029313,5.93,256,1312,2420,376,liboqs,validator
Dilithium2,verify,29315,0.029315,5.93,256,1312,2420,377,liboqs,validator
Dilithium2,verify,29134,0.029134,5.93,256,1312,2420,378,liboqs,validator
Dilithium2,verify,28468,0.028468,5.93,256,1312,2420,379,liboqs,validator
Dilithium2,verify,28351,0.028351,5.93,256,1312,2420,380,liboqs,validator
Dilithium2,verify,28774,0.028774,5.93,256,1312,2420,381,liboqs,validator
Dilithium2,verify,28819,0.028819,5.93,256,1312,2420,382,liboqs,validator
Dilithium2,verify,34132,0.034132,5.93,256,1312,2420,383,liboqs,validator
Dilithium2,verify,30508,0.030508,5.93,256,1312,2420,384,liboqs,validator
Dilithium2,verify,29863,0.029863,5.93,256,1312,2420,385,liboqs,validator
Dilithium2,verify,34563,0.034563,5.93,256,1312,2420,386,liboqs,validator
Dilithium2,verify,31895,0.031895,5.93,256,1312,2420,387,liboqs,validator
Dilithium2,verify,30316,0.030316,5.93,256,1312,2420,388,liboqs,validator
Dilithium2,verify,45238,0.045238,5.93,256,1312,2420,389,liboqs,validator
Dilithium2,verify,30927,0.030927,5.93,256,1312,2420,390,liboqs,validator
Dilithium2,verify,29603,0.029603,5.93,256,1312,2420,391,liboqs,validator
Dilithium2,verify,29122,0.029122,5.93,256,1312,2420,392,liboqs,validator
Dilithium2,verify,29113,0.029113,5.93,256,1312,2420,393,liboqs,validator
Dilithium2,verify,28727,0.028727,5.93,256,1312,2420,394,liboqs,validator
Dilithium2,verify,28661,0.028661,5.93,256,1312,2420,395,liboqs,validator
Dilithium2,verify,28577,0.028577,5.93,256,1312,2420,396,liboqs,validator
Dilithium2,verify,28793,0.028793,5.93,256,1312,2420,397,liboqs,validator
Dilithium2,verify,28757,0.028757,5.93,256,1312,2420,398,liboqs,validator
Dilithium2,verify,28881,0.028881,5.93,256,1312,2420,399,liboqs,validator
Dilithium2,verify,29091,0.029091,5.93,256,1312,2420,400,liboqs,validator
Dilithium2,verify,28764,0.028764,5.93,256,1312,2420,401,liboqs,validator
Dilithium2,verify,28386,0.028386,5.93,256,1312,2420,402,liboqs,validator
Dilithium2,verify,28157,0.028157,5.93,256,1312,2420,403,liboqs,validator
Dilithium2,verify,28455,0.028455,5.93,256,1312,2420,404,liboqs,validator
Dilithium2,verify,28687,0.028687,5.93,256,1312,2420,405,liboqs,validator
Dilithium2,verify,28382,0.028382,5.93,256,1312,2420,406,liboqs,validator
Dilithium2,verify,28470,0.02847,5.93,256,1312,2420,407,liboqs,validator
Dilithium2,verify,28465,0.028465,5.93,256,1312,2420,408,liboqs,validator
Dilithium2,verify,28591,0.028591,5.93,256,1312,2420,409,liboqs,validator
Dilithium2,verify,39087,0.039087,5.93,256,1312,2420,410,liboqs,validator
Dilithium2,verify,32876,0.032876,5.93,256,1312,2420,411,liboqs,validator
Dilithium2,verify,30279,0.030279,5.93,256,1312,2420,412,liboqs,validator
Dilithium2,verify,29516,0.029516,5.93,256,1312,2420,413,liboqs,validator
Dilithium2,verify,29531,0.029531,5.93,256,1312,2420,414,liboqs,validator
Dilithium2,verify,29139,0.029139,5.93,256,1312,2420,415,liboqs,validator
Dilithium2,verify,29326,0.029326,5.93,256,1312,2420,416,liboqs,validator
Dilithium2,verify,31062,0.031062,5.93,256,1312,2420,417,liboqs,validator
Dilithium2,verify,29596,0.029596,5.93,256,1312,2420,418,liboqs,validator
Dilithium2,verify,29078,0.029078,5.93,256,1312,2420,419,liboqs,validator
Dilithium2,verify,28497,0.028497,5.93,256,1312,2420,420,liboqs,validator
Dilithium2,verify,29078,0.029078,5.93,256,1312,2420,421,liboqs,validator
Dilithium2,verify,29020,0.02902,5.93,256,1312,2420,422,liboqs,validator
Dilithium2,verify,28707,0.028707,5.93,256,1312,2420,423,liboqs,validator
Dilithium2,verify,28856,0.028856,5.93,256,1312,2420,424,liboqs,validator
Dilithium2,verify,28630,0.02863,5.93,256,1312,2420,425,liboqs,validator
Dilithium2,verify,28302,0.028302,5.93,256,1312,2420,426,liboqs,validator
Dilithium2,verify,28383,0.028383,5.93,256,1312,2420,427,liboqs,validator
Dilithium2,verify,28132,0.028132,5.93,256,1312,2420,428,liboqs,validator
Dilithium2,verify,28589,0.028589,5.93,256,1312,2420,429,liboqs,validator
Dilithium2,verify,29285,0.029285,5.93,256,1312,2420,430,liboqs,validator
Dilithium2,verify,28579,0.028579,5.93,256,1312,2420,431,liboqs,validator
Dilithium2,verify,28520,0.02852,5.93,256,1312,2420,432,liboqs,validator
Dilithium2,verify,29086,0.029086,5.93,256,1312,2420,433,liboqs,validator
Dilithium2,verify,28711,0.028711,5.93,256,1312,2420,434,liboqs,validator
Dilithium2,verify,27883,0.027883,5.93,256,1312,2420,435,liboqs,validator
Dilithium2,verify,33793,0.033793,5.93,256,1312,2420,436,liboqs,validator
Dilithium2,verify,31853,0.031853,5.93,256,1312,2420,437,liboqs,validator
Dilithium2,verify,29495,0.029495,5.93,256,1312,2420,438,liboqs,validator
Dilithium2,verify,29215,0.029215,5.93,256,1312,2420,439,liboqs,validator
Dilithium2,verify,29186,0.029186,5.93,256,1312,2420,440,liboqs,validator
Dilithium2,verify,28555,0.028555,5.93,256,1312,2420,441,liboqs,validator
Dilithium2,verify,28734,0.028734,5.93,256,1312,2420,442,liboqs,validator
Dilithium2,verify,28508,0.028508,5.93,256,1312,2420,443,liboqs,validator
Dilithium2,verify,28367,0.028367,5.93,256,1312,2420,444,liboqs,validator
Dilithium2,verify,28815,0.028815,5.93,256,1312,2420,445,liboqs,validator
Dilithium2,verify,28500,0.0285,5.93,256,1312,2420,446,liboqs,validator
Dilithium2,verify,28467,0.028467,5.93,256,1312,2420,447,liboqs,validator
Dilithium2,verify,28685,0.028685,5.93,256,1312,2420,448,liboqs,validator
Dilithium2,verify,28628,0.028628,5.93,256,1312,2420,449,liboqs,validator
Dilithium2,verify,28582,0.028582,5.93,256,1312,2420,450,liboqs,validator
Dilithium2,verify,28307,0.028307,5.93,256,1312,2420,451,liboqs,validator
Dilithium2,verify,28286,0.028286,5.93,256,1312,2420,452,liboqs,validator
Dilithium2,verify,28725,0.028725,5.93,256,1312,2420,453,liboqs,validator
Dilithium2,verify,27688,0.027688,5.93,256,1312,2420,454,liboqs,validator
Dilithium2,verify,27565,0.027565,5.93,256,1312,2420,455,liboqs,validator
Dilithium2,verify,27964,0.027964,5.93,256,1312,2420,456,liboqs,validator
Dilithium2,verify,28359,0.028359,5.93,256,1312,2420,457,liboqs,validator
Dilithium2,verify,27945,0.027945,5.93,256,1312,2420,458,liboqs,validator
Dilithium2,verify,27975,0.027975,5.93,256,1312,2420,459,liboqs,validator
Dilithium2,verify,40671,0.040671,5.93,256,1312,2420,460,liboqs,validator
Dilithium2,verify,32672,0.032672,5.93,256,1312,2420,461,liboqs,validator
Dilithium2,verify,30300,0.0303,5.93,256,1312,2420,462,liboqs,validator
Dilithium2,verify,30004,0.030004,5.93,256,1312,2420,463,liboqs,validator
Dilithium2,verify,28773,0.028773,5.93,256,1312,2420,464,liboqs,validator
Dilithium2,verify,29262,0.029262,5.93,256,1312,2420,465,liboqs,validator
Dilithium2,verify,29743,0.029743,5.93,256,1312,2420,466,liboqs,validator
Dilithium2,verify,44638,0.044638,5.93,256,1312,2420,467,liboqs,validator
Dilithium2,verify,32255,0.032255,5.93,256,1312,2420,468,liboqs,validator
Dilithium2,verify,30429,0.030429,5.93,256,1312,2420,469,liboqs,validator
Dilithium2,verify,30858,0.030858,5.93,256,1312,2420,470,liboqs,validator
Dilithium2,verify,29545,0.029545,5.93,256,1312,2420,471,liboqs,validator
Dilithium2,verify,29092,0.029092,5.93,256,1312,2420,472,liboqs,validator
Dilithium2,verify,30317,0.030317,5.93,256,1312,2420,473,liboqs,validator
Dilithium2,verify,29243,0.029243,5.93,256,1312,2420,474,liboqs,validator
Dilithium2,verify,28795,0.028795,5.93,256,1312,2420,475,liboqs,validator
Dilithium2,verify,29090,0.02909,5.93,256,1312,2420,476,liboqs,validator
Dilithium2,verify,27961,0.027961,5.93,256,1312,2420,477,liboqs,validator
Dilithium2,verify,28885,0.028885,5.93,256,1312,2420,478,liboqs,validator
Dilithium2,verify,29289,0.029289,5.93,256,1312,2420,479,liboqs,validator
Dilithium2,verify,29506,0.029506,5.93,256,1312,2420,480,liboqs,validator
Dilithium2,verify,29238,0.029238,5.93,256,1312,2420,481,liboqs,validator
Dilithium2,verify,28244,0.028244,5.93,256,1312,2420,482,liboqs,validator
Dilithium2,verify,34991,0.034991,5.93,256,1312,2420,483,liboqs,validator
Dilithium2,verify,42669,0.042669,5.93,256,1312,2420,484,liboqs,validator
Dilithium2,verify,33317,0.033317,5.93,256,1312,2420,485,liboqs,validator
Dilithium2,verify,30233,0.030233,5.93,256,1312,2420,486,liboqs,validator
Dilithium2,verify,30153,0.030153,5.93,256,1312,2420,487,liboqs,validator
Dilithium2,verify,30003,0.030003,5.93,256,1312,2420,488,liboqs,validator
Dilithium2,verify,29580,0.02958,5.93,256,1312,2420,489,liboqs,validator
Dilithium2,verify,28862,0.028862,5.93,256,1312,2420,490,liboqs,validator
Dilithium2,verify,28749,0.028749,5.93,256,1312,2420,491,liboqs,validator
Dilithium2,verify,28404,0.028404,5.93,256,1312,2420,492,liboqs,validator
Dilithium2,verify,28532,0.028532,5.93,256,1312,2420,493,liboqs,validator
Dilithium2,verify,28915,0.028915,5.93,256,1312,2420,494,liboqs,validator
Dilithium2,verify,28769,0.028769,5.93,256,1312,2420,495,liboqs,validator
Dilithium2,verify,28365,0.028365,5.93,256,1312,2420,496,liboqs,validator
Dilithium2,verify,28243,0.028243,5.93,256,1312,2420,497,liboqs,validator
Dilithium2,verify,28340,0.02834,5.93,256,1312,2420,498,liboqs,validator
Dilithium2,verify,28349,0.028349,5.93,256,1312,2420,499,liboqs,validator
Dilithium2,verify,28367,0.028367,5.93,256,1312,2420,500,liboqs,validator
Dilithium2,verify,28647,0.028647,5.93,256,1312,2420,501,liboqs,validator
Dilithium2,verify,28260,0.02826,5.93,256,1312,2420,502,liboqs,validator
Dilithium2,verify,28328,0.028328,5.93,256,1312,2420,503,liboqs,validator
Dilithium2,verify,33701,0.033701,5.93,256,1312,2420,504,liboqs,validator
Dilithium2,verify,29101,0.029101,5.93,256,1312,2420,505,liboqs,validator
Dilithium2,verify,28729,0.028729,5.93,256,1312,2420,506,liboqs,validator
Dilithium2,verify,28793,0.028793,5.93,256,1312,2420,507,liboqs,validator
Dilithium2,verify,28365,0.028365,5.93,256,1312,2420,508,liboqs,validator
Dilithium2,verify,28255,0.028255,5.93,256,1312,2420,509,liboqs,validator
Dilithium2,verify,28776,0.028776,5.93,256,1312,2420,510,liboqs,validator
Dilithium2,verify,28396,0.028396,5.93,256,1312,2420,511,liboqs,validator
Dilithium2,verify,29379,0.029379,5.93,256,1312,2420,512,liboqs,validator
Dilithium2,verify,29602,0.029602,5.93,256,1312,2420,513,liboqs,validator
Dilithium2,verify,74048,0.074048,8.32,256,1312,2420,514,liboqs,validator
Dilithium2,verify,34435,0.034435,5.93,256,1312,2420,515,liboqs,validator
Dilithium2,verify,30592,0.030592,5.93,256,1312,2420,516,liboqs,validator
Dilithium2,verify,31023,0.031023,5.93,256,1312,2420,517,liboqs,validator
Dilithium2,verify,30668,0.030668,5.93,256,1312,2420,518,liboqs,validator
Dilithium2,verify,29585,0.029585,5.93,256,1312,2420,519,liboqs,validator
Dilithium2,verify,29620,0.02962,5.93,256,1312,2420,520,liboqs,validator
Dilithium2,verify,29658,0.029658,5.93,256,1312,2420,521,liboqs,validator
Dilithium2,verify,29203,0.029203,5.93,256,1312,2420,522,liboqs,validator
Dilithium2,verify,29235,0.029235,5.93,256,1312,2420,523,liboqs,validator
Dilithium2,verify,40693,0.040693,5.93,256,1312,2420,524,liboqs,validator
Dilithium2,verify,32941,0.032941,5.93,256,1312,2420,525,liboqs,validator
Dilithium2,verify,30891,0.030891,5.93,256,1312,2420,526,liboqs,validator
Dilithium2,verify,29531,0.029531,5.93,256,1312,2420,527,liboqs,validator
Dilithium2,verify,57755,0.057755,5.93,256,1312,2420,528,liboqs,validator
Dilithium2,verify,30922,0.030922,5.93,256,1312,2420,529,liboqs,validator
Dilithium2,verify,30131,0.030131,5.93,256,1312,2420,530,liboqs,validator
Dilithium2,verify,30167,0.030167,5.93,256,1312,2420,531,liboqs,validator
Dilithium2,verify,30181,0.030181,5.93,256,1312,2420,532,liboqs,validator
Dilithium2,verify,29116,0.029116,5.93,256,1312,2420,533,liboqs,validator
Dilithium2,verify,29850,0.02985,5.93,256,1312,2420,534,liboqs,validator
Dilithium2,verify,30191,0.030191,5.93,256,1312,2420,535,liboqs,validator
Dilithium2,verify,29362,0.029362,5.93,256,1312,2420,536,liboqs,validator
Dilithium2,verify,29177,0.029177,5.93,256,1312,2420,537,liboqs,validator
Dilithium2,verify,28980,0.02898,5.93,256,1312,2420,538,liboqs,validator
Dilithium2,verify,29583,0.029583,5.93,256,1312,2420,539,liboqs,validator
Dilithium2,verify,29264,0.029264,5.93,256,1312,2420,540,liboqs,validator
Dilithium2,verify,28383,0.028383,5.93,256,1312,2420,541,liboqs,validator
Dilithium2,verify,29248,0.029248,5.93,256,1312,2420,542,liboqs,validator
Dilithium2,verify,29939,0.029939,5.93,256,1312,2420,543,liboqs,validator
Dilithium2,verify,37992,0.037992,5.93,256,1312,2420,544,liboqs,validator
Dilithium2,verify,29716,0.029716,5.93,256,1312,2420,545,liboqs,validator
Dilithium2,verify,29698,0.029698,5.93,256,1312,2420,546,liboqs,validator
Dilithium2,verify,29640,0.02964,5.93,256,1312,2420,547,liboqs,validator
Dilithium2,verify,29649,0.029649,5.93,256,1312,2420,548,liboqs,validator
Dilithium2,verify,29845,0.029845,5.93,256,1312,2420,549,liboqs,validator
Dilithium2,verify,29065,0.029065,5.93,256,1312,2420,550,liboqs,validator
Dilithium2,verify,29678,0.029678,5.93,256,1312,2420,551,liboqs,validator
Dilithium2,verify,29907,0.029907,5.93,256,1312,2420,552,liboqs,validator
Dilithium2,verify,29389,0.029389,5.93,256,1312,2420,553,liboqs,validator
Dilithium2,verify,30023,0.030023,5.93,256,1312,2420,554,liboqs,validator
Dilithium2,verify,29749,0.029749,5.93,256,1312,2420,555,liboqs,validator
Dilithium2,verify,29701,0.029701,5.93,256,1312,2420,556,liboqs,validator
Dilithium2,verify,28882,0.028882,5.93,256,1312,2420,557,liboqs,validator
Dilithium2,verify,29129,0.029129,5.93,256,1312,2420,558,liboqs,validator
Dilithium2,verify,75082,0.075082,5.93,256,1312,2420,559,liboqs,validator
Dilithium2,verify,39368,0.039368,5.93,256,1312,2420,560,liboqs,validator
Dilithium2,verify,36232,0.036232,5.93,256,1312,2420,561,liboqs,validator
Dilithium2,verify,31618,0.031618,5.93,256,1312,2420,562,liboqs,validator
Dilithium2,verify,31069,0.031069,5.93,256,1312,2420,563,liboqs,validator
Dilithium2,verify,30774,0.030774,5.93,256,1312,2420,564,liboqs,validator
Dilithium2,verify,30414,0.030414,5.93,256,1312,2420,565,liboqs,validator
Dilithium2,verify,30545,0.030545,5.93,256,1312,2420,566,liboqs,validator
Dilithium2,verify,30084,0.030084,5.93,256,1312,2420,567,liboqs,validator
Dilithium2,verify,30176,0.030176,5.93,256,1312,2420,568,liboqs,validator
Dilithium2,verify,29050,0.02905,5.93,256,1312,2420,569,liboqs,validator
Dilithium2,verify,30596,0.030596,5.93,256,1312,2420,570,liboqs,validator
Dilithium2,verify,36893,0.036893,5.93,256,1312,2420,571,liboqs,validator
Dilithium2,verify,42645,0.042645,5.93,256,1312,2420,572,liboqs,validator
Dilithium2,verify,30712,0.030712,5.93,256,1312,2420,573,liboqs,validator
Dilithium2,verify,30601,0.030601,5.93,256,1312,2420,574,liboqs,validator
Dilithium2,verify,29694,0.029694,5.93,256,1312,2420,575,liboqs,validator
Dilithium2,verify,30252,0.030252,5.93,256,1312,2420,576,liboqs,validator
Dilithium2,verify,45183,0.045183,5.93,256,1312,2420,577,liboqs,validator
Dilithium2,verify,39929,0.039929,5.93,256,1312,2420,578,liboqs,validator
Dilithium2,verify,37206,0.037206,5.93,256,1312,2420,579,liboqs,validator
Dilithium2,verify,39433,0.039433,5.93,256,1312,2420,580,liboqs,validator
Dilithium2,verify,31109,0.031109,5.93,256,1312,2420,581,liboqs,validator
Dilithium2,verify,30313,0.030313,5.93,256,1312,2420,582,liboqs,validator
Dilithium2,verify,30568,0.030568,5.93,256,1312,2420,583,liboqs,validator
Dilithium2,verify,32494,0.032494,5.93,256,1312,2420,584,liboqs,validator
Dilithium2,verify,31061,0.031061,5.93,256,1312,2420,585,liboqs,validator
Dilithium2,verify,31650,0.03165,5.93,256,1312,2420,586,liboqs,validator
Dilithium2,verify,30271,0.030271,5.93,256,1312,2420,587,liboqs,validator
Dilithium2,verify,30828,0.030828,5.93,256,1312,2420,588,liboqs,validator
Dilithium2,verify,30303,0.030303,5.93,256,1312,2420,589,liboqs,validator
Dilithium2,verify,30652,0.030652,5.93,256,1312,2420,590,liboqs,validator
Dilithium2,verify,69501,0.069501,5.93,256,1312,2420,591,liboqs,validator
Dilithium2,verify,38081,0.038081,5.93,256,1312,2420,592,liboqs,validator
Dilithium2,verify,48448,0.048448,5.93,256,1312,2420,593,liboqs,validator
Dilithium2,verify,35526,0.035526,5.93,256,1312,2420,594,liboqs,validator
Dilithium2,verify,32564,0.032564,5.93,256,1312,2420,595,liboqs,validator
Dilithium2,verify,31250,0.03125,5.93,256,1312,2420,596,liboqs,validator
Dilithium2,verify,30965,0.030965,5.93,256,1312,2420,597,liboqs,validator
Dilithium2,verify,36702,0.036702,5.93,256,1312,2420,598,liboqs,validator
Dilithium2,verify,30685,0.030685,5.93,256,1312,2420,599,liboqs,validator
Dilithium2,verify,30469,0.030469,5.93,256,1312,2420,600,liboqs,validator
Dilithium2,verify,29845,0.029845,5.93,256,1312,2420,601,liboqs,validator
Dilithium2,verify,30417,0.030417,5.93,256,1312,2420,602,liboqs,validator
Dilithium2,verify,29644,0.029644,5.93,256,1312,2420,603,liboqs,validator
Dilithium2,verify,29166,0.029166,5.93,256,1312,2420,604,liboqs,validator
Dilithium2,verify,30591,0.030591,5.93,256,1312,2420,605,liboqs,validator
Dilithium2,verify,29760,0.02976,5.93,256,1312,2420,606,liboqs,validator
Dilithium2,verify,29879,0.029879,5.93,256,1312,2420,607,liboqs,validator
Dilithium2,verify,31293,0.031293,5.93,256,1312,2420,608,liboqs,validator
Dilithium2,verify,29281,0.029281,5.93,256,1312,2420,609,liboqs,validator
Dilithium2,verify,29961,0.029961,5.93,256,1312,2420,610,liboqs,validator
Dilithium2,verify,29765,0.029765,5.93,256,1312,2420,611,liboqs,validator
Dilithium2,verify,29052,0.029052,5.93,256,1312,2420,612,liboqs,validator
Dilithium2,verify,29502,0.029502,5.93,256,1312,2420,613,liboqs,validator
Dilithium2,verify,29429,0.029429,5.93,256,1312,2420,614,liboqs,validator
Dilithium2,verify,29101,0.029101,5.93,256,1312,2420,615,liboqs,validator
Dilithium2,verify,45322,0.045322,5.93,256,1312,2420,616,liboqs,validator
Dilithium2,verify,35491,0.035491,5.93,256,1312,2420,617,liboqs,validator
Dilithium2,verify,31317,0.031317,5.93,256,1312,2420,618,liboqs,validator
Dilithium2,verify,30755,0.030755,5.93,256,1312,2420,619,liboqs,validator
Dilithium2,verify,30462,0.030462,5.93,256,1312,2420,620,liboqs,validator
Dilithium2,verify,29454,0.029454,5.93,256,1312,2420,621,liboqs,validator
Dilithium2,verify,35154,0.035154,5.93,256,1312,2420,622,liboqs,validator
Dilithium2,verify,30802,0.030802,5.93,256,1312,2420,623,liboqs,validator
Dilithium2,verify,31226,0.031226,5.93,256,1312,2420,624,liboqs,validator
Dilithium2,verify,30148,0.030148,5.93,256,1312,2420,625,liboqs,validator
Dilithium2,verify,30486,0.030486,5.93,256,1312,2420,626,liboqs,validator
Dilithium2,verify,32074,0.032074,5.93,256,1312,2420,627,liboqs,validator
Dilithium2,verify,30061,0.030061,5.93,256,1312,2420,628,liboqs,validator
Dilithium2,verify,29532,0.029532,5.93,256,1312,2420,629,liboqs,validator
Dilithium2,verify,30034,0.030034,5.93,256,1312,2420,630,liboqs,validator
Dilithium2,verify,28858,0.028858,5.93,256,1312,2420,631,liboqs,validator
Dilithium2,verify,29478,0.029478,5.93,256,1312,2420,632,liboqs,validator
Dilithium2,verify,29015,0.029015,5.93,256,1312,2420,633,liboqs,validator
Dilithium2,verify,29541,0.029541,5.93,256,1312,2420,634,liboqs,validator
Dilithium2,verify,34530,0.03453,5.93,256,1312,2420,635,liboqs,validator
Dilithium2,verify,29993,0.029993,5.93,256,1312,2420,636,liboqs,validator
Dilithium2,verify,29887,0.029887,5.93,256,1312,2420,637,liboqs,validator
Dilithium2,verify,29838,0.029838,5.93,256,1312,2420,638,liboqs,validator
Dilithium2,verify,29160,0.02916,5.93,256,1312,2420,639,liboqs,validator
Dilithium2,verify,29303,0.029303,5.93,256,1312,2420,640,liboqs,validator
Dilithium2,verify,30988,0.030988,5.93,256,1312,2420,641,liboqs,validator
Dilithium2,verify,32872,0.032872,5.93,256,1312,2420,642,liboqs,validator
Dilithium2,verify,45750,0.04575,5.93,256,1312,2420,643,liboqs,validator
Dilithium2,verify,36135,0.036135,5.93,256,1312,2420,644,liboqs,validator
Dilithium2,verify,31421,0.031421,5.93,256,1312,2420,645,liboqs,validator
Dilithium2,verify,31039,0.031039,5.93,256,1312,2420,646,liboqs,validator
Dilithium2,verify,31230,0.03123,5.93,256,1312,2420,647,liboqs,validator
Dilithium2,verify,31157,0.031157,5.93,256,1312,2420,648,liboqs,validator
Dilithium2,verify,30394,0.030394,5.93,256,1312,2420,649,liboqs,validator
Dilithium2,verify,31461,0.031461,5.93,256,1312,2420,650,liboqs,validator
Dilithium2,verify,30093,0.030093,5.93,256,1312,2420,651,liboqs,validator
Dilithium2,verify,29654,0.029654,5.93,256,1312,2420,652,liboqs,validator
Dilithium2,verify,30137,0.030137,5.93,256,1312,2420,653,liboqs,validator
Dilithium2,verify,30809,0.030809,5.93,256,1312,2420,654,liboqs,validator
Dilithium2,verify,29963,0.029963,5.93,256,1312,2420,655,liboqs,validator
Dilithium2,verify,30103,0.030103,5.93,256,1312,2420,656,liboqs,validator
Dilithium2,verify,29558,0.029558,5.93,256,1312,2420,657,liboqs,validator
Dilithium2,verify,29914,0.029914,5.93,256,1312,2420,658,liboqs,validator
Dilithium2,verify,30503,0.030503,5.93,256,1312,2420,659,liboqs,validator
Dilithium2,verify,29210,0.02921,5.93,256,1312,2420,660,liboqs,validator
Dilithium2,verify,39073,0.039073,5.93,256,1312,2420,661,liboqs,validator
Dilithium2,verify,31194,0.031194,5.93,256,1312,2420,662,liboqs,validator
Dilithium2,verify,29509,0.029509,5.93,256,1312,2420,663,liboqs,validator
Dilithium2,verify,35741,0.035741,5.93,256,1312,2420,664,liboqs,validator
Dilithium2,verify,30783,0.030783,5.93,256,1312,2420,665,liboqs,validator
Dilithium2,verify,30324,0.030324,5.93,256,1312,2420,666,liboqs,validator
Dilithium2,verify,29191,0.029191,5.93,256,1312,2420,667,liboqs,validator
Dilithium2,verify,30218,0.030218,5.93,256,1312,2420,668,liboqs,validator
Dilithium2,verify,29251,0.029251,5.93,256,1312,2420,669,liboqs,validator
Dilithium2,verify,29249,0.029249,5.93,256,1312,2420,670,liboqs,validator
Dilithium2,verify,29626,0.029626,5.93,256,1312,2420,671,liboqs,validator
Dilithium2,verify,31366,0.031366,5.93,256,1312,2420,672,liboqs,validator
Dilithium2,verify,29683,0.029683,5.93,256,1312,2420,673,liboqs,validator
Dilithium2,verify,30703,0.030703,5.93,256,1312,2420,674,liboqs,validator
Dilithium2,verify,29796,0.029796,5.93,256,1312,2420,675,liboqs,validator
Dilithium2,verify,29504,0.029504,5.93,256,1312,2420,676,liboqs,validator
Dilithium2,verify,30068,0.030068,5.93,256,1312,2420,677,liboqs,validator
Dilithium2,verify,30739,0.030739,5.93,256,1312,2420,678,liboqs,validator
Dilithium2,verify,31341,0.031341,5.93,256,1312,2420,679,liboqs,validator
Dilithium2,verify,30877,0.030877,5.93,256,1312,2420,680,liboqs,validator
Dilithium2,verify,30945,0.030945,5.93,256,1312,2420,681,liboqs,validator
Dilithium2,verify,35638,0.035638,5.93,256,1312,2420,682,liboqs,validator
Dilithium2,verify,30238,0.030238,5.93,256,1312,2420,683,liboqs,validator
Dilithium2,verify,30173,0.030173,5.93,256,1312,2420,684,liboqs,validator
Dilithium2,verify,30303,0.030303,5.93,256,1312,2420,685,liboqs,validator
Dilithium2,verify,29476,0.029476,5.93,256,1312,2420,686,liboqs,validator
Dilithium2,verify,29045,0.029045,5.93,256,1312,2420,687,liboqs,validator
Dilithium2,verify,35020,0.03502,5.93,256,1312,2420,688,liboqs,validator
Dilithium2,verify,30102,0.030102,5.93,256,1312,2420,689,liboqs,validator
Dilithium2,verify,30010,0.03001,5.93,256,1312,2420,690,liboqs,validator
Dilithium2,verify,30101,0.030101,5.93,256,1312,2420,691,liboqs,validator
Dilithium2,verify,29154,0.029154,5.93,256,1312,2420,692,liboqs,validator
Dilithium2,verify,29160,0.02916,5.93,256,1312,2420,693,liboqs,validator
Dilithium2,verify,29065,0.029065,5.93,256,1312,2420,694,liboqs,validator
Dilithium2,verify,28694,0.028694,5.93,256,1312,2420,695,liboqs,validator
Dilithium2,verify,28167,0.028167,5.93,256,1312,2420,696,liboqs,validator
Dilithium2,verify,28306,0.028306,5.93,256,1312,2420,697,liboqs,validator
Dilithium2,verify,29302,0.029302,5.93,256,1312,2420,698,liboqs,validator
Dilithium2,verify,28876,0.028876,5.93,256,1312,2420,699,liboqs,validator
Dilithium2,verify,28415,0.028415,5.93,256,1312,2420,700,liboqs,validator
Dilithium2,verify,28398,0.028398,5.93,256,1312,2420,701,liboqs,validator
Dilithium2,verify,28537,0.028537,5.93,256,1312,2420,702,liboqs,validator
Dilithium2,verify,27978,0.027978,5.93,256,1312,2420,703,liboqs,validator
Dilithium2,verify,28437,0.028437,5.93,256,1312,2420,704,liboqs,validator
Dilithium2,verify,28096,0.028096,5.93,256,1312,2420,705,liboqs,validator
Dilithium2,verify,28923,0.028923,5.93,256,1312,2420,706,liboqs,validator
Dilithium2,verify,28751,0.028751,5.93,256,1312,2420,707,liboqs,validator
Dilithium2,verify,30924,0.030924,5.93,256,1312,2420,708,liboqs,validator
Dilithium2,verify,30219,0.030219,5.93,256,1312,2420,709,liboqs,validator
Dilithium2,verify,37228,0.037228,5.93,256,1312,2420,710,liboqs,validator
Dilithium2,verify,30107,0.030107,5.93,256,1312,2420,711,liboqs,validator
Dilithium2,verify,29842,0.029842,5.93,256,1312,2420,712,liboqs,validator
Dilithium2,verify,29864,0.029864,5.93,256,1312,2420,713,liboqs,validator
Dilithium2,verify,29925,0.029925,5.93,256,1312,2420,714,liboqs,validator
Dilithium2,verify,28850,0.02885,5.93,256,1312,2420,715,liboqs,validator
Dilithium2,verify,34540,0.03454,5.93,256,1312,2420,716,liboqs,validator
Dilithium2,verify,30565,0.030565,5.93,256,1312,2420,717,liboqs,validator
Dilithium2,verify,29539,0.029539,5.93,256,1312,2420,718,liboqs,validator
Dilithium2,verify,29650,0.02965,5.93,256,1312,2420,719,liboqs,validator
Dilithium2,verify,29238,0.029238,5.93,256,1312,2420,720,liboqs,validator
Dilithium2,verify,28538,0.028538,5.93,256,1312,2420,721,liboqs,validator
Dilithium2,verify,29229,0.029229,5.93,256,1312,2420,722,liboqs,validator
Dilithium2,verify,29049,0.029049,5.93,256,1312,2420,723,liboqs,validator
Dilithium2,verify,29161,0.029161,5.93,256,1312,2420,724,liboqs,validator
Dilithium2,verify,28830,0.02883,5.93,256,1312,2420,725,liboqs,validator
Dilithium2,verify,28914,0.028914,5.93,256,1312,2420,726,liboqs,validator
Dilithium2,verify,29374,0.029374,5.93,256,1312,2420,727,liboqs,validator
Dilithium2,verify,29043,0.029043,5.93,256,1312,2420,728,liboqs,validator
Dilithium2,verify,28763,0.028763,5.93,256,1312,2420,729,liboqs,validator
Dilithium2,verify,29297,0.029297,5.93,256,1312,2420,730,liboqs,validator
Dilithium2,verify,28767,0.028767,5.93,256,1312,2420,731,liboqs,validator
Dilithium2,verify,28978,0.028978,5.93,256,1312,2420,732,liboqs,validator
Dilithium2,verify,28605,0.028605,5.93,256,1312,2420,733,liboqs,validator
Dilithium2,verify,28690,0.02869,5.93,256,1312,2420,734,liboqs,validator
Dilithium2,verify,36299,0.036299,5.93,256,1312,2420,735,liboqs,validator
Dilithium2,verify,29808,0.029808,5.93,256,1312,2420,736,liboqs,validator
Dilithium2,verify,29162,0.029162,5.93,256,1312,2420,737,liboqs,validator
Dilithium2,verify,29703,0.029703,5.93,256,1312,2420,738,liboqs,validator
Dilithium2,verify,29108,0.029108,5.93,256,1312,2420,739,liboqs,validator
Dilithium2,verify,29358,0.029358,5.93,256,1312,2420,740,liboqs,validator
Dilithium2,verify,29220,0.02922,5.93,256,1312,2420,741,liboqs,validator
Dilithium2,verify,29150,0.02915,5.93,256,1312,2420,742,liboqs,validator
Dilithium2,verify,29070,0.02907,5.93,256,1312,2420,743,liboqs,validator
Dilithium2,verify,29246,0.029246,5.93,256,1312,2420,744,liboqs,validator
Dilithium2,verify,29238,0.029238,5.93,256,1312,2420,745,liboqs,validator
Dilithium2,verify,28870,0.02887,5.93,256,1312,2420,746,liboqs,validator
Dilithium2,verify,29817,0.029817,5.93,256,1312,2420,747,liboqs,validator
Dilithium2,verify,29929,0.029929,5.93,256,1312,2420,748,liboqs,validator
Dilithium2,verify,29018,0.029018,5.93,256,1312,2420,749,liboqs,validator
Dilithium2,verify,29962,0.029962,5.93,256,1312,2420,750,liboqs,validator
Dilithium2,verify,28497,0.028497,5.93,256,1312,2420,751,liboqs,validator
Dilithium2,verify,28512,0.028512,5.93,256,1312,2420,752,liboqs,validator
Dilithium2,verify,28369,0.028369,5.93,256,1312,2420,753,liboqs,validator
Dilithium2,verify,28653,0.028653,5.93,256,1312,2420,754,liboqs,validator
Dilithium2,verify,29196,0.029196,5.93,256,1312,2420,755,liboqs,validator
Dilithium2,verify,29410,0.02941,5.93,256,1312,2420,756,liboqs,validator
Dilithium2,verify,29326,0.029326,5.93,256,1312,2420,757,liboqs,validator
Dilithium2,verify,37269,0.037269,5.93,256,1312,2420,758,liboqs,validator
Dilithium2,verify,29455,0.029455,5.93,256,1312,2420,759,liboqs,validator
Dilithium2,verify,28604,0.028604,5.93,256,1312,2420,760,liboqs,validator
Dilithium2,verify,36193,0.036193,5.93,256,1312,2420,761,liboqs,validator
Dilithium2,verify,30679,0.030679,5.93,256,1312,2420,762,liboqs,validator
Dilithium2,verify,29385,0.029385,5.93,256,1312,2420,763,liboqs,validator
Dilithium2,verify,29261,0.029261,5.93,256,1312,2420,764,liboqs,validator
Dilithium2,verify,29604,0.029604,5.93,256,1312,2420,765,liboqs,validator
Dilithium2,verify,28946,0.028946,5.93,256,1312,2420,766,liboqs,validator
Dilithium2,verify,28650,0.02865,5.93,256,1312,2420,767,liboqs,validator
Dilithium2,verify,28949,0.028949,5.93,256,1312,2420,768,liboqs,validator
Dilithium2,verify,28327,0.028327,5.93,256,1312,2420,769,liboqs,validator
Dilithium2,verify,29304,0.029304,5.93,256,1312,2420,770,liboqs,validator
Dilithium2,verify,28828,0.028828,5.93,256,1312,2420,771,liboqs,validator
Dilithium2,verify,28784,0.028784,5.93,256,1312,2420,772,liboqs,validator
Dilithium2,verify,29255,0.029255,5.93,256,1312,2420,773,liboqs,validator
Dilithium2,verify,35444,0.035444,5.93,256,1312,2420,774,liboqs,validator
Dilithium2,verify,30183,0.030183,5.93,256,1312,2420,775,liboqs,validator
Dilithium2,verify,29658,0.029658,5.93,256,1312,2420,776,liboqs,validator
Dilithium2,verify,29385,0.029385,5.93,256,1312,2420,777,liboqs,validator
Dilithium2,verify,28971,0.028971,5.93,256,1312,2420,778,liboqs,validator
Dilithium2,verify,29215,0.029215,5.93,256,1312,2420,779,liboqs,validator
Dilithium2,verify,29003,0.029003,5.93,256,1312,2420,780,liboqs,validator
Dilithium2,verify,28755,0.028755,5.93,256,1312,2420,781,liboqs,validator
Dilithium2,verify,29139,0.029139,5.93,256,1312,2420,782,liboqs,validator
Dilithium2,verify,34582,0.034582,5.93,256,1312,2420,783,liboqs,validator
Dilithium2,verify,30296,0.030296,5.93,256,1312,2420,784,liboqs,validator
Dilithium2,verify,29299,0.029299,5.93,256,1312,2420,785,liboqs,validator
Dilithium2,verify,29327,0.029327,5.93,256,1312,2420,786,liboqs,validator
Dilithium2,verify,29093,0.029093,5.93,256,1312,2420,787,liboqs,validator
Dilithium2,verify,29311,0.029311,5.93,256,1312,2420,788,liboqs,validator
Dilithium2,verify,28693,0.028693,5.93,256,1312,2420,789,liboqs,validator
Dilithium2,verify,28921,0.028921,5.93,256,1312,2420,790,liboqs,validator
Dilithium2,verify,72338,0.072338,5.93,256,1312,2420,791,liboqs,validator
Dilithium2,verify,427551,0.427551,5.93,256,1312,2420,792,liboqs,validator
Dilithium2,verify,47170,0.04717,5.93,256,1312,2420,793,liboqs,validator
Dilithium2,verify,98558,0.098558,5.93,256,1312,2420,794,liboqs,validator
Dilithium2,verify,40643,0.040643,5.93,256,1312,2420,795,liboqs,validator
Dilithium2,verify,35314,0.035314,5.93,256,1312,2420,796,liboqs,validator
Dilithium2,verify,32605,0.032605,5.93,256,1312,2420,797,liboqs,validator
Dilithium2,verify,31505,0.031505,5.93,256,1312,2420,798,liboqs,validator
Dilithium2,verify,32804,0.032804,5.93,256,1312,2420,799,liboqs,validator
Dilithium2,verify,30767,0.030767,5.93,256,1312,2420,800,liboqs,validator
Dilithium2,verify,30105,0.030105,5.93,256,1312,2420,801,liboqs,validator
Dilithium2,verify,29826,0.029826,5.93,256,1312,2420,802,liboqs,validator
Dilithium2,verify,29963,0.029963,5.93,256,1312,2420,803,liboqs,validator
Dilithium2,verify,30398,0.030398,5.93,256,1312,2420,804,liboqs,validator
Dilithium2,verify,29616,0.029616,5.93,256,1312,2420,805,liboqs,validator
Dilithium2,verify,29501,0.029501,5.93,256,1312,2420,806,liboqs,validator
Dilithium2,verify,29354,0.029354,5.93,256,1312,2420,807,liboqs,validator
Dilithium2,verify,29607,0.029607,5.93,256,1312,2420,808,liboqs,validator
Dilithium2,verify,29397,0.029397,5.93,256,1312,2420,809,liboqs,validator
Dilithium2,verify,29348,0.029348,5.93,256,1312,2420,810,liboqs,validator
Dilithium2,verify,29363,0.029363,5.93,256,1312,2420,811,liboqs,validator
Dilithium2,verify,29960,0.02996,5.93,256,1312,2420,812,liboqs,validator
Dilithium2,verify,37111,0.037111,5.93,256,1312,2420,813,liboqs,validator
Dilithium2,verify,30994,0.030994,5.93,256,1312,2420,814,liboqs,validator
Dilithium2,verify,30221,0.030221,5.93,256,1312,2420,815,liboqs,validator
Dilithium2,verify,34467,0.034467,5.93,256,1312,2420,816,liboqs,validator
Dilithium2,verify,30223,0.030223,5.93,256,1312,2420,817,liboqs,validator
Dilithium2,verify,30086,0.030086,5.93,256,1312,2420,818,liboqs,validator
Dilithium2,verify,29369,0.029369,5.93,256,1312,2420,819,liboqs,validator
Dilithium2,verify,29201,0.029201,5.93,256,1312,2420,820,liboqs,validator
Dilithium2,verify,42654,0.042654,5.93,256,1312,2420,821,liboqs,validator
Dilithium2,verify,31320,0.03132,5.93,256,1312,2420,822,liboqs,validator
Dilithium2,verify,29916,0.029916,5.93,256,1312,2420,823,liboqs,validator
Dilithium2,verify,29121,0.029121,5.93,256,1312,2420,824,liboqs,validator
Dilithium2,verify,29779,0.029779,5.93,256,1312,2420,825,liboqs,validator
Dilithium2,verify,29969,0.029969,5.93,256,1312,2420,826,liboqs,validator
Dilithium2,verify,29401,0.029401,5.93,256,1312,2420,827,liboqs,validator
Dilithium2,verify,29015,0.029015,5.93,256,1312,2420,828,liboqs,validator
Dilithium2,verify,29016,0.029016,5.93,256,1312,2420,829,liboqs,validator
Dilithium2,verify,28783,0.028783,5.93,256,1312,2420,830,liboqs,validator
Dilithium2,verify,28849,0.028849,5.93,256,1312,2420,831,liboqs,validator
Dilithium2,verify,28788,0.028788,5.93,256,1312,2420,832,liboqs,validator
Dilithium2,verify,40995,0.040995,5.93,256,1312,2420,833,liboqs,validator
Dilithium2,verify,31038,0.031038,5.93,256,1312,2420,834,liboqs,validator
Dilithium2,verify,33244,0.033244,5.93,256,1312,2420,835,liboqs,validator
Dilithium2,verify,32851,0.032851,5.93,256,1312,2420,836,liboqs,validator
Dilithium2,verify,31141,0.031141,5.93,256,1312,2420,837,liboqs,validator
Dilithium2,verify,29404,0.029404,5.93,256,1312,2420,838,liboqs,validator
Dilithium2,verify,30196,0.030196,5.93,256,1312,2420,839,liboqs,validator
Dilithium2,verify,29435,0.029435,5.93,256,1312,2420,840,liboqs,validator
Dilithium2,verify,29253,0.029253,5.93,256,1312,2420,841,liboqs,validator
Dilithium2,verify,29377,0.029377,5.93,256,1312,2420,842,liboqs,validator
Dilithium2,verify,29389,0.029389,5.93,256,1312,2420,843,liboqs,validator
Dilithium2,verify,29346,0.029346,5.93,256,1312,2420,844,liboqs,validator
Dilithium2,verify,30433,0.030433,5.93,256,1312,2420,845,liboqs,validator
Dilithium2,verify,30816,0.030816,5.93,256,1312,2420,846,liboqs,validator
Dilithium2,verify,31179,0.031179,5.93,256,1312,2420,847,liboqs,validator
Dilithium2,verify,29532,0.029532,5.93,256,1312,2420,848,liboqs,validator
Dilithium2,verify,30161,0.030161,5.93,256,1312,2420,849,liboqs,validator
Dilithium2,verify,35803,0.035803,5.93,256,1312,2420,850,liboqs,validator
Dilithium2,verify,38968,0.038968,5.93,256,1312,2420,851,liboqs,validator
Dilithium2,verify,34211,0.034211,5.93,256,1312,2420,852,liboqs,validator
Dilithium2,verify,31436,0.031436,5.93,256,1312,2420,853,liboqs,validator
Dilithium2,verify,31356,0.031356,5.93,256,1312,2420,854,liboqs,validator
Dilithium2,verify,31343,0.031343,5.93,256,1312,2420,855,liboqs,validator
Dilithium2,verify,82260,0.08226,8.32,256,1312,2420,856,liboqs,validator
Dilithium2,verify,34670,0.03467,5.93,256,1312,2420,857,liboqs,validator
Dilithium2,verify,35126,0.035126,5.93,256,1312,2420,858,liboqs,validator
Dilithium2,verify,30639,0.030639,5.93,256,1312,2420,859,liboqs,validator
Dilithium2,verify,31590,0.03159,5.93,256,1312,2420,860,liboqs,validator
Dilithium2,verify,30101,0.030101,5.93,256,1312,2420,861,liboqs,validator
Dilithium2,verify,30647,0.030647,5.93,256,1312,2420,862,liboqs,validator
Dilithium2,verify,32009,0.032009,5.93,256,1312,2420,863,liboqs,validator
Dilithium2,verify,30261,0.030261,5.93,256,1312,2420,864,liboqs,validator
Dilithium2,verify,29394,0.029394,5.93,256,1312,2420,865,liboqs,validator
Dilithium2,verify,30225,0.030225,5.93,256,1312,2420,866,liboqs,validator
Dilithium2,verify,29632,0.029632,5.93,256,1312,2420,867,liboqs,validator
Dilithium2,verify,31444,0.031444,5.93,256,1312,2420,868,liboqs,validator
Dilithium2,verify,30002,0.030002,5.93,256,1312,2420,869,liboqs,validator
Dilithium2,verify,37500,0.0375,5.93,256,1312,2420,870,liboqs,validator
Dilithium2,verify,31125,0.031125,5.93,256,1312,2420,871,liboqs,validator
Dilithium2,verify,31901,0.031901,5.93,256,1312,2420,872,liboqs,validator
Dilithium2,verify,31930,0.03193,5.93,256,1312,2420,873,liboqs,validator
Dilithium2,verify,31696,0.031696,5.93,256,1312,2420,874,liboqs,validator
Dilithium2,verify,31298,0.031298,5.93,256,1312,2420,875,liboqs,validator
Dilithium2,verify,32423,0.032423,5.93,256,1312,2420,876,liboqs,validator
Dilithium2,verify,30410,0.03041,5.93,256,1312,2420,877,liboqs,validator
Dilithium2,verify,30499,0.030499,5.93,256,1312,2420,878,liboqs,validator
Dilithium2,verify,30237,0.030237,5.93,256,1312,2420,879,liboqs,validator
Dilithium2,verify,38903,0.038903,5.93,256,1312,2420,880,liboqs,validator
Dilithium2,verify,33068,0.033068,5.93,256,1312,2420,881,liboqs,validator
Dilithium2,verify,33855,0.033855,5.93,256,1312,2420,882,liboqs,validator
Dilithium2,verify,30829,0.030829,5.93,256,1312,2420,883,liboqs,validator
Dilithium2,verify,30748,0.030748,5.93,256,1312,2420,884,liboqs,validator
Dilithium2,verify,30316,0.030316,5.93,256,1312,2420,885,liboqs,validator
Dilithium2,verify,32606,0.032606,5.93,256,1312,2420,886,liboqs,validator
Dilithium2,verify,30190,0.03019,5.93,256,1312,2420,887,liboqs,validator
Dilithium2,verify,30436,0.030436,5.93,256,1312,2420,888,liboqs,validator
Dilithium2,verify,33986,0.033986,5.93,256,1312,2420,889,liboqs,validator
Dilithium2,verify,30951,0.030951,5.93,256,1312,2420,890,liboqs,validator
Dilithium2,verify,30967,0.030967,5.93,256,1312,2420,891,liboqs,validator
Dilithium2,verify,30255,0.030255,5.93,256,1312,2420,892,liboqs,validator
Dilithium2,verify,30704,0.030704,5.93,256,1312,2420,893,liboqs,validator
Dilithium2,verify,29879,0.029879,5.93,256,1312,2420,894,liboqs,validator
Dilithium2,verify,29744,0.029744,5.93,256,1312,2420,895,liboqs,validator
Dilithium2,verify,29029,0.029029,5.93,256,1312,2420,896,liboqs,validator
Dilithium2,verify,29060,0.02906,5.93,256,1312,2420,897,liboqs,validator
Dilithium2,verify,29434,0.029434,5.93,256,1312,2420,898,liboqs,validator
Dilithium2,verify,30546,0.030546,5.93,256,1312,2420,899,liboqs,validator
Dilithium2,verify,29576,0.029576,5.93,256,1312,2420,900,liboqs,validator
Dilithium2,verify,29308,0.029308,5.93,256,1312,2420,901,liboqs,validator
Dilithium2,verify,30058,0.030058,5.93,256,1312,2420,902,liboqs,validator
Dilithium2,verify,29607,0.029607,5.93,256,1312,2420,903,liboqs,validator
Dilithium2,verify,30085,0.030085,5.93,256,1312,2420,904,liboqs,validator
Dilithium2,verify,40317,0.040317,5.93,256,1312,2420,905,liboqs,validator
Dilithium2,verify,30486,0.030486,5.93,256,1312,2420,906,liboqs,validator
Dilithium2,verify,31349,0.031349,5.93,256,1312,2420,907,liboqs,validator
Dilithium2,verify,30464,0.030464,5.93,256,1312,2420,908,liboqs,validator
Dilithium2,verify,37680,0.03768,5.93,256,1312,2420,909,liboqs,validator
Dilithium2,verify,31412,0.031412,5.93,256,1312,2420,910,liboqs,validator
Dilithium2,verify,30262,0.030262,5.93,256,1312,2420,911,liboqs,validator
Dilithium2,verify,30691,0.030691,5.93,256,1312,2420,912,liboqs,validator
Dilithium2,verify,29467,0.029467,5.93,256,1312,2420,913,liboqs,validator
Dilithium2,verify,29727,0.029727,5.93,256,1312,2420,914,liboqs,validator
Dilithium2,verify,29975,0.029975,5.93,256,1312,2420,915,liboqs,validator
Dilithium2,verify,29744,0.029744,5.93,256,1312,2420,916,liboqs,validator
Dilithium2,verify,29404,0.029404,5.93,256,1312,2420,917,liboqs,validator
Dilithium2,verify,29227,0.029227,5.93,256,1312,2420,918,liboqs,validator
Dilithium2,verify,29401,0.029401,5.93,256,1312,2420,919,liboqs,validator
Dilithium2,verify,30215,0.030215,5.93,256,1312,2420,920,liboqs,validator
Dilithium2,verify,29930,0.02993,5.93,256,1312,2420,921,liboqs,validator
Dilithium2,verify,29505,0.029505,5.93,256,1312,2420,922,liboqs,validator
Dilithium2,verify,29213,0.029213,5.93,256,1312,2420,923,liboqs,validator
Dilithium2,verify,29095,0.029095,5.93,256,1312,2420,924,liboqs,validator
Dilithium2,verify,29109,0.029109,5.93,256,1312,2420,925,liboqs,validator
Dilithium2,verify,31633,0.031633,5.93,256,1312,2420,926,liboqs,validator
Dilithium2,verify,31232,0.031232,5.93,256,1312,2420,927,liboqs,validator
Dilithium2,verify,29324,0.029324,5.93,256,1312,2420,928,liboqs,validator
Dilithium2,verify,29019,0.029019,5.93,256,1312,2420,929,liboqs,validator
Dilithium2,verify,28592,0.028592,5.93,256,1312,2420,930,liboqs,validator
Dilithium2,verify,29161,0.029161,5.93,256,1312,2420,931,liboqs,validator
Dilithium2,verify,28882,0.028882,5.93,256,1312,2420,932,liboqs,validator
Dilithium2,verify,29095,0.029095,5.93,256,1312,2420,933,liboqs,validator
Dilithium2,verify,38778,0.038778,5.93,256,1312,2420,934,liboqs,validator
Dilithium2,verify,32680,0.03268,5.93,256,1312,2420,935,liboqs,validator
Dilithium2,verify,30078,0.030078,5.93,256,1312,2420,936,liboqs,validator
Dilithium2,verify,29556,0.029556,5.93,256,1312,2420,937,liboqs,validator
Dilithium2,verify,29094,0.029094,5.93,256,1312,2420,938,liboqs,validator
Dilithium2,verify,35723,0.035723,5.93,256,1312,2420,939,liboqs,validator
Dilithium2,verify,32815,0.032815,5.93,256,1312,2420,940,liboqs,validator
Dilithium2,verify,29918,0.029918,5.93,256,1312,2420,941,liboqs,validator
Dilithium2,verify,29259,0.029259,5.93,256,1312,2420,942,liboqs,validator
Dilithium2,verify,29073,0.029073,5.93,256,1312,2420,943,liboqs,validator
Dilithium2,verify,29151,0.029151,5.93,256,1312,2420,944,liboqs,validator
Dilithium2,verify,28810,0.02881,5.93,256,1312,2420,945,liboqs,validator
Dilithium2,verify,28515,0.028515,5.93,256,1312,2420,946,liboqs,validator
Dilithium2,verify,28777,0.028777,5.93,256,1312,2420,947,liboqs,validator
Dilithium2,verify,28488,0.028488,5.93,256,1312,2420,948,liboqs,validator
Dilithium2,verify,28776,0.028776,5.93,256,1312,2420,949,liboqs,validator
Dilithium2,verify,29340,0.02934,5.93,256,1312,2420,950,liboqs,validator
Dilithium2,verify,28983,0.028983,5.93,256,1312,2420,951,liboqs,validator
Dilithium2,verify,28641,0.028641,5.93,256,1312,2420,952,liboqs,validator
Dilithium2,verify,28810,0.02881,5.93,256,1312,2420,953,liboqs,validator
Dilithium2,verify,28487,0.028487,5.93,256,1312,2420,954,liboqs,validator
Dilithium2,verify,28320,0.02832,5.93,256,1312,2420,955,liboqs,validator
Dilithium2,verify,34564,0.034564,5.93,256,1312,2420,956,liboqs,validator
Dilithium2,verify,30239,0.030239,5.93,256,1312,2420,957,liboqs,validator
Dilithium2,verify,29316,0.029316,5.93,256,1312,2420,958,liboqs,validator
Dilithium2,verify,28907,0.028907,5.93,256,1312,2420,959,liboqs,validator
Dilithium2,verify,28965,0.028965,5.93,256,1312,2420,960,liboqs,validator
Dilithium2,verify,28418,0.028418,5.93,256,1312,2420,961,liboqs,validator
Dilithium2,verify,28236,0.028236,5.93,256,1312,2420,962,liboqs,validator
Dilithium2,verify,28408,0.028408,5.93,256,1312,2420,963,liboqs,validator
Dilithium2,verify,28321,0.028321,5.93,256,1312,2420,964,liboqs,validator
Dilithium2,verify,46181,0.046181,5.93,256,1312,2420,965,liboqs,validator
Dilithium2,verify,33642,0.033642,5.93,256,1312,2420,966,liboqs,validator
Dilithium2,verify,30386,0.030386,5.93,256,1312,2420,967,liboqs,validator
Dilithium2,verify,29180,0.02918,5.93,256,1312,2420,968,liboqs,validator
Dilithium2,verify,29039,0.029039,5.93,256,1312,2420,969,liboqs,validator
Dilithium2,verify,35214,0.035214,5.93,256,1312,2420,970,liboqs,validator
Dilithium2,verify,29621,0.029621,5.93,256,1312,2420,971,liboqs,validator
Dilithium2,verify,28892,0.028892,5.93,256,1312,2420,972,liboqs,validator
Dilithium2,verify,29264,0.029264,5.93,256,1312,2420,973,liboqs,validator
Dilithium2,verify,29075,0.029075,5.93,256,1312,2420,974,liboqs,validator
Dilithium2,verify,36374,0.036374,5.93,256,1312,2420,975,liboqs,validator
Dilithium2,verify,29985,0.029985,5.93,256,1312,2420,976,liboqs,validator
Dilithium2,verify,29273,0.029273,5.93,256,1312,2420,977,liboqs,validator
Dilithium2,verify,29051,0.029051,5.93,256,1312,2420,978,liboqs,validator
Dilithium2,verify,28798,0.028798,5.93,256,1312,2420,979,liboqs,validator
Dilithium2,verify,34634,0.034634,5.93,256,1312,2420,980,liboqs,validator
Dilithium2,verify,29501,0.029501,5.93,256,1312,2420,981,liboqs,validator
Dilithium2,verify,29026,0.029026,5.93,256,1312,2420,982,liboqs,validator
Dilithium2,verify,29180,0.02918,5.93,256,1312,2420,983,liboqs,validator
Dilithium2,verify,29462,0.029462,5.93,256,1312,2420,984,liboqs,validator
Dilithium2,verify,29498,0.029498,5.93,256,1312,2420,985,liboqs,validator
Dilithium2,verify,28857,0.028857,5.93,256,1312,2420,986,liboqs,validator
Dilithium2,verify,28255,0.028255,5.93,256,1312,2420,987,liboqs,validator
Dilithium2,verify,28533,0.028533,5.93,256,1312,2420,988,liboqs,validator
Dilithium2,verify,28694,0.028694,5.93,256,1312,2420,989,liboqs,validator
Dilithium2,verify,29891,0.029891,5.93,256,1312,2420,990,liboqs,validator
Dilithium2,verify,28412,0.028412,5.93,256,1312,2420,991,liboqs,validator
Dilithium2,verify,28430,0.02843,5.93,256,1312,2420,992,liboqs,validator
Dilithium2,verify,28268,0.028268,5.93,256,1312,2420,993,liboqs,validator
Dilithium2,verify,36363,0.036363,5.93,256,1312,2420,994,liboqs,validator
Dilithium2,verify,30441,0.030441,5.93,256,1312,2420,995,liboqs,validator
Dilithium2,verify,29498,0.029498,5.93,256,1312,2420,996,liboqs,validator
Dilithium2,verify,28684,0.028684,5.93,256,1312,2420,997,liboqs,validator
Dilithium2,verify,29053,0.029053,5.93,256,1312,2420,998,liboqs,validator
Dilithium2,verify,28976,0.028976,5.93,256,1312,2420,999,liboqs,validator
Dilithium3,keygen,52712,0.052712,11.22,0,1952,0,0,liboqs,validator
Dilithium3,keygen,45152,0.045152,11.22,0,1952,0,1,liboqs,validator
Dilithium3,keygen,45234,0.045234,11.22,0,1952,0,2,liboqs,validator
Dilithium3,keygen,54671,0.054671,11.38,0,1952,0,3,liboqs,validator
Dilithium3,keygen,49019,0.049019,11.28,0,1952,0,4,liboqs,validator
Dilithium3,keygen,43143,0.043143,11.28,0,1952,0,5,liboqs,validator
Dilithium3,keygen,41493,0.041493,11.28,0,1952,0,6,liboqs,validator
Dilithium3,keygen,40657,0.040657,11.28,0,1952,0,7,liboqs,validator
Dilithium3,keygen,40253,0.040253,11.28,0,1952,0,8,liboqs,validator
Dilithium3,keygen,41729,0.041729,11.28,0,1952,0,9,liboqs,validator
Dilithium3,keygen,40447,0.040447,11.28,0,1952,0,10,liboqs,validator
Dilithium3,keygen,40811,0.040811,11.28,0,1952,0,11,liboqs,validator
Dilithium3,keygen,40303,0.040303,11.28,0,1952,0,12,liboqs,validator
Dilithium3,keygen,39488,0.039488,11.28,0,1952,0,13,liboqs,validator
Dilithium3,keygen,39899,0.039899,11.28,0,1952,0,14,liboqs,validator
Dilithium3,keygen,39827,0.039827,11.28,0,1952,0,15,liboqs,validator
Dilithium3,keygen,39947,0.039947,11.28,0,1952,0,16,liboqs,validator
Dilithium3,keygen,40032,0.040032,11.28,0,1952,0,17,liboqs,validator
Dilithium3,keygen,40525,0.040525,11.28,0,1952,0,18,liboqs,validator
Dilithium3,keygen,39417,0.039417,11.28,0,1952,0,19,liboqs,validator
Dilithium3,keygen,39453,0.039453,11.28,0,1952,0,20,liboqs,validator
Dilithium3,keygen,39071,0.039071,11.28,0,1952,0,21,liboqs,validator
Dilithium3,keygen,40122,0.040122,11.28,0,1952,0,22,liboqs,validator
Dilithium3,keygen,39267,0.039267,11.28,0,1952,0,23,liboqs,validator
Dilithium3,keygen,39949,0.039949,11.28,0,1952,0,24,liboqs,validator
Dilithium3,keygen,39317,0.039317,11.28,0,1952,0,25,liboqs,validator
Dilithium3,keygen,39720,0.03972,11.28,0,1952,0,26,liboqs,validator
Dilithium3,keygen,39155,0.039155,11.28,0,1952,0,27,liboqs,validator
Dilithium3,keygen,39478,0.039478,11.28,0,1952,0,28,liboqs,validator
Dilithium3,keygen,50186,0.050186,11.28,0,1952,0,29,liboqs,validator
Dilithium3,keygen,44566,0.044566,11.28,0,1952,0,30,liboqs,validator
Dilithium3,keygen,40839,0.040839,11.28,0,1952,0,31,liboqs,validator
Dilithium3,keygen,39563,0.039563,11.28,0,1952,0,32,liboqs,validator
Dilithium3,keygen,39960,0.03996,11.28,0,1952,0,33,liboqs,validator
Dilithium3,keygen,39383,0.039383,11.28,0,1952,0,34,liboqs,validator
Dilithium3,keygen,39837,0.039837,11.28,0,1952,0,35,liboqs,validator
Dilithium3,keygen,39614,0.039614,11.28,0,1952,0,36,liboqs,validator
Dilithium3,keygen,40040,0.04004,11.28,0,1952,0,37,liboqs,validator
Dilithium3,keygen,39609,0.039609,11.28,0,1952,0,38,liboqs,validator
Dilithium3,keygen,41261,0.041261,11.28,0,1952,0,39,liboqs,validator
Dilithium3,keygen,39384,0.039384,11.28,0,1952,0,40,liboqs,validator
Dilithium3,keygen,38961,0.038961,11.28,0,1952,0,41,liboqs,validator
Dilithium3,keygen,39009,0.039009,11.28,0,1952,0,42,liboqs,validator
Dilithium3,keygen,39422,0.039422,11.28,0,1952,0,43,liboqs,validator
Dilithium3,keygen,39400,0.0394,11.28,0,1952,0,44,liboqs,validator
Dilithium3,keygen,39253,0.039253,11.28,0,1952,0,45,liboqs,validator
Dilithium3,keygen,39389,0.039389,11.28,0,1952,0,46,liboqs,validator
Dilithium3,keygen,39142,0.039142,11.28,0,1952,0,47,liboqs,validator
Dilithium3,keygen,39287,0.039287,11.28,0,1952,0,48,liboqs,validator
Dilithium3,keygen,39100,0.0391,11.28,0,1952,0,49,liboqs,validator
Dilithium3,keygen,39135,0.039135,11.28,0,1952,0,50,liboqs,validator
Dilithium3,keygen,39054,0.039054,11.28,0,1952,0,51,liboqs,validator
Dilithium3,keygen,39618,0.039618,11.28,0,1952,0,52,liboqs,validator
Dilithium3,keygen,39628,0.039628,11.28,0,1952,0,53,liboqs,validator
Dilithium3,keygen,39607,0.039607,11.28,0,1952,0,54,liboqs,validator
Dilithium3,keygen,41007,0.041007,11.28,0,1952,0,55,liboqs,validator
Dilithium3,keygen,38793,0.038793,11.28,0,1952,0,56,liboqs,validator
Dilithium3,keygen,41307,0.041307,11.28,0,1952,0,57,liboqs,validator
Dilithium3,keygen,39636,0.039636,11.28,0,1952,0,58,liboqs,validator
Dilithium3,keygen,41228,0.041228,11.28,0,1952,0,59,liboqs,validator
Dilithium3,keygen,41324,0.041324,11.28,0,1952,0,60,liboqs,validator
Dilithium3,keygen,39245,0.039245,11.28,0,1952,0,61,liboqs,validator
Dilithium3,keygen,40967,0.040967,11.28,0,1952,0,62,liboqs,validator
Dilithium3,keygen,39454,0.039454,11.28,0,1952,0,63,liboqs,validator
Dilithium3,keygen,40639,0.040639,11.28,0,1952,0,64,liboqs,validator
Dilithium3,keygen,39029,0.039029,11.28,0,1952,0,65,liboqs,validator
Dilithium3,keygen,42053,0.042053,11.28,0,1952,0,66,liboqs,validator
Dilithium3,keygen,41629,0.041629,11.28,0,1952,0,67,liboqs,validator
Dilithium3,keygen,40760,0.04076,11.28,0,1952,0,68,liboqs,validator
Dilithium3,keygen,40816,0.040816,11.28,0,1952,0,69,liboqs,validator
Dilithium3,keygen,49675,0.049675,11.28,0,1952,0,70,liboqs,validator
Dilithium3,keygen,48695,0.048695,11.28,0,1952,0,71,liboqs,validator
Dilithium3,keygen,42848,0.042848,11.28,0,1952,0,72,liboqs,validator
Dilithium3,keygen,44849,0.044849,11.28,0,1952,0,73,liboqs,validator
Dilithium3,keygen,42234,0.042234,11.28,0,1952,0,74,liboqs,validator
Dilithium3,keygen,40027,0.040027,11.28,0,1952,0,75,liboqs,validator
Dilithium3,keygen,41166,0.041166,11.28,0,1952,0,76,liboqs,validator
Dilithium3,keygen,41033,0.041033,11.28,0,1952,0,77,liboqs,validator
Dilithium3,keygen,39715,0.039715,11.28,0,1952,0,78,liboqs,validator
Dilithium3,keygen,47052,0.047052,11.28,0,1952,0,79,liboqs,validator
Dilithium3,keygen,42613,0.042613,11.28,0,1952,0,80,liboqs,validator
Dilithium3,keygen,41378,0.041378,11.28,0,1952,0,81,liboqs,validator
Dilithium3,keygen,41268,0.041268,11.28,0,1952,0,82,liboqs,validator
Dilithium3,keygen,39715,0.039715,11.28,0,1952,0,83,liboqs,validator
Dilithium3,keygen,40631,0.040631,11.28,0,1952,0,84,liboqs,validator
Dilithium3,keygen,39766,0.039766,11.28,0,1952,0,85,liboqs,validator
Dilithium3,keygen,41675,0.041675,11.28,0,1952,0,86,liboqs,validator
Dilithium3,keygen,39352,0.039352,11.28,0,1952,0,87,liboqs,validator
Dilithium3,keygen,39988,0.039988,11.28,0,1952,0,88,liboqs,validator
Dilithium3,keygen,41303,0.041303,11.28,0,1952,0,89,liboqs,validator
Dilithium3,keygen,39955,0.039955,11.28,0,1952,0,90,liboqs,validator
Dilithium3,keygen,40169,0.040169,11.28,0,1952,0,91,liboqs,validator
Dilithium3,keygen,39704,0.039704,11.28,0,1952,0,92,liboqs,validator
Dilithium3,keygen,41636,0.041636,11.28,0,1952,0,93,liboqs,validator
Dilithium3,keygen,40568,0.040568,11.28,0,1952,0,94,liboqs,validator
Dilithium3,keygen,39964,0.039964,11.28,0,1952,0,95,liboqs,validator
Dilithium3,keygen,40644,0.040644,11.28,0,1952,0,96,liboqs,validator
Dilithium3,keygen,39442,0.039442,11.28,0,1952,0,97,liboqs,validator
Dilithium3,keygen,40139,0.040139,11.28,0,1952,0,98,liboqs,validator
Dilithium3,keygen,39266,0.039266,11.28,0,1952,0,99,liboqs,validator
Dilithium3,keygen,41439,0.041439,11.28,0,1952,0,100,liboqs,validator
Dilithium3,keygen,39422,0.039422,11.28,0,1952,0,101,liboqs,validator
Dilithium3,keygen,40146,0.040146,11.28,0,1952,0,102,liboqs,validator
Dilithium3,keygen,41641,0.041641,11.28,0,1952,0,103,liboqs,validator
Dilithium3,keygen,39539,0.039539,11.28,0,1952,0,104,liboqs,validator
Dilithium3,keygen,40099,0.040099,11.28,0,1952,0,105,liboqs,validator
Dilithium3,keygen,39576,0.039576,11.28,0,1952,0,106,liboqs,validator
Dilithium3,keygen,39650,0.03965,11.28,0,1952,0,107,liboqs,validator
Dilithium3,keygen,40725,0.040725,11.28,0,1952,0,108,liboqs,validator
Dilithium3,keygen,81418,0.081418,11.28,0,1952,0,109,liboqs,validator
Dilithium3,keygen,90139,0.090139,11.28,0,1952,0,110,liboqs,validator
Dilithium3,keygen,54915,0.054915,11.28,0,1952,0,111,liboqs,validator
Dilithium3,keygen,52570,0.05257,11.28,0,1952,0,112,liboqs,validator
Dilithium3,keygen,46020,0.04602,11.28,0,1952,0,113,liboqs,validator
Dilithium3,keygen,41889,0.041889,11.28,0,1952,0,114,liboqs,validator
Dilithium3,keygen,42387,0.042387,11.28,0,1952,0,115,liboqs,validator
Dilithium3,keygen,111886,0.111886,11.28,0,1952,0,116,liboqs,validator
Dilithium3,keygen,228436,0.228436,11.28,0,1952,0,117,liboqs,validator
Dilithium3,keygen,82411,0.082411,11.28,0,1952,0,118,liboqs,validator
Dilithium3,keygen,56261,0.056261,11.28,0,1952,0,119,liboqs,validator
Dilithium3,keygen,47139,0.047139,11.28,0,1952,0,120,liboqs,validator
Dilithium3,keygen,61748,0.061748,11.28,0,1952,0,121,liboqs,validator
Dilithium3,keygen,91666,0.091666,11.28,0,1952,0,122,liboqs,validator
Dilithium3,keygen,62008,0.062008,11.28,0,1952,0,123,liboqs,validator
Dilithium3,keygen,48507,0.048507,11.28,0,1952,0,124,liboqs,validator
Dilithium3,keygen,46433,0.046433,11.28,0,1952,0,125,liboqs,validator
Dilithium3,keygen,50751,0.050751,11.28,0,1952,0,126,liboqs,validator
Dilithium3,keygen,44347,0.044347,11.28,0,1952,0,127,liboqs,validator
Dilithium3,keygen,40883,0.040883,11.28,0,1952,0,128,liboqs,validator
Dilithium3,keygen,43338,0.043338,11.28,0,1952,0,129,liboqs,validator
Dilithium3,keygen,41300,0.0413,11.28,0,1952,0,130,liboqs,validator
Dilithium3,keygen,42393,0.042393,11.28,0,1952,0,131,liboqs,validator
Dilithium3,keygen,40072,0.040072,11.28,0,1952,0,132,liboqs,validator
Dilithium3,keygen,41536,0.041536,11.28,0,1952,0,133,liboqs,validator
Dilithium3,keygen,39569,0.039569,11.28,0,1952,0,134,liboqs,validator
Dilithium3,keygen,39627,0.039627,11.28,0,1952,0,135,liboqs,validator
Dilithium3,keygen,38960,0.03896,11.28,0,1952,0,136,liboqs,validator
Dilithium3,keygen,40256,0.040256,11.28,0,1952,0,137,liboqs,validator
Dilithium3,keygen,39179,0.039179,11.28,0,1952,0,138,liboqs,validator
Dilithium3,keygen,49298,0.049298,11.28,0,1952,0,139,liboqs,validator
Dilithium3,keygen,46603,0.046603,11.28,0,1952,0,140,liboqs,validator
Dilithium3,keygen,43501,0.043501,11.28,0,1952,0,141,liboqs,validator
Dilithium3,keygen,42210,0.04221,11.28,0,1952,0,142,liboqs,validator
Dilithium3,keygen,40366,0.040366,11.28,0,1952,0,143,liboqs,validator
Dilithium3,keygen,39606,0.039606,11.28,0,1952,0,144,liboqs,validator
Dilithium3,keygen,41348,0.041348,11.28,0,1952,0,145,liboqs,validator
Dilithium3,keygen,39843,0.039843,11.28,0,1952,0,146,liboqs,validator
Dilithium3,keygen,39371,0.039371,11.28,0,1952,0,147,liboqs,validator
Dilithium3,keygen,39534,0.039534,11.28,0,1952,0,148,liboqs,validator
Dilithium3,keygen,41891,0.041891,11.28,0,1952,0,149,liboqs,validator
Dilithium3,keygen,41767,0.041767,11.28,0,1952,0,150,liboqs,validator
Dilithium3,keygen,39486,0.039486,11.28,0,1952,0,151,liboqs,validator
Dilithium3,keygen,39024,0.039024,11.28,0,1952,0,152,liboqs,validator
Dilithium3,keygen,41037,0.041037,11.28,0,1952,0,153,liboqs,validator
Dilithium3,keygen,39412,0.039412,11.28,0,1952,0,154,liboqs,validator
Dilithium3,keygen,39500,0.0395,11.28,0,1952,0,155,liboqs,validator
Dilithium3,keygen,40480,0.04048,11.28,0,1952,0,156,liboqs,validator
Dilithium3,keygen,39431,0.039431,11.28,0,1952,0,157,liboqs,validator
Dilithium3,keygen,55880,0.05588,11.28,0,1952,0,158,liboqs,validator
Dilithium3,keygen,60504,0.060504,11.28,0,1952,0,159,liboqs,validator
Dilithium3,keygen,43592,0.043592,11.28,0,1952,0,160,liboqs,validator
Dilithium3,keygen,41108,0.041108,11.28,0,1952,0,161,liboqs,validator
Dilithium3,keygen,40660,0.04066,11.28,0,1952,0,162,liboqs,validator
Dilithium3,keygen,39806,0.039806,11.28,0,1952,0,163,liboqs,validator
Dilithium3,keygen,40621,0.040621,11.28,0,1952,0,164,liboqs,validator
Dilithium3,keygen,39371,0.039371,11.28,0,1952,0,165,liboqs,validator
Dilithium3,keygen,39678,0.039678,11.28,0,1952,0,166,liboqs,validator
Dilithium3,keygen,42767,0.042767,11.28,0,1952,0,167,liboqs,validator
Dilithium3,keygen,39508,0.039508,11.28,0,1952,0,168,liboqs,validator
Dilithium3,keygen,39928,0.039928,11.28,0,1952,0,169,liboqs,validator
Dilithium3,keygen,39358,0.039358,11.28,0,1952,0,170,liboqs,validator
Dilithium3,keygen,40497,0.040497,11.28,0,1952,0,171,liboqs,validator
Dilithium3,keygen,47356,0.047356,11.28,0,1952,0,172,liboqs,validator
Dilithium3,keygen,41530,0.04153,11.28,0,1952,0,173,liboqs,validator
Dilithium3,keygen,41254,0.041254,11.28,0,1952,0,174,liboqs,validator
Dilithium3,keygen,40877,0.040877,11.28,0,1952,0,175,liboqs,validator
Dilithium3,keygen,41432,0.041432,11.28,0,1952,0,176,liboqs,validator
Dilithium3,keygen,41067,0.041067,11.28,0,1952,0,177,liboqs,validator
Dilithium3,keygen,43477,0.043477,11.28,0,1952,0,178,liboqs,validator
Dilithium3,keygen,42551,0.042551,11.28,0,1952,0,179,liboqs,validator
Dilithium3,keygen,41897,0.041897,11.28,0,1952,0,180,liboqs,validator
Dilithium3,keygen,41931,0.041931,11.28,0,1952,0,181,liboqs,validator
Dilithium3,keygen,40200,0.0402,11.28,0,1952,0,182,liboqs,validator
Dilithium3,keygen,40568,0.040568,11.28,0,1952,0,183,liboqs,validator
Dilithium3,keygen,40227,0.040227,11.28,0,1952,0,184,liboqs,validator
Dilithium3,keygen,42082,0.042082,11.28,0,1952,0,185,liboqs,validator
Dilithium3,keygen,41212,0.041212,11.28,0,1952,0,186,liboqs,validator
Dilithium3,keygen,40066,0.040066,11.28,0,1952,0,187,liboqs,validator
Dilithium3,keygen,89367,0.089367,14.32,0,1952,0,188,liboqs,validator
Dilithium3,keygen,57086,0.057086,13.43,0,1952,0,189,liboqs,validator
Dilithium3,keygen,43966,0.043966,11.22,0,1952,0,190,liboqs,validator
Dilithium3,keygen,42197,0.042197,11.22,0,1952,0,191,liboqs,validator
Dilithium3,keygen,43678,0.043678,11.28,0,1952,0,192,liboqs,validator
Dilithium3,keygen,41531,0.041531,11.28,0,1952,0,193,liboqs,validator
Dilithium3,keygen,40123,0.040123,11.28,0,1952,0,194,liboqs,validator
Dilithium3,keygen,41127,0.041127,11.28,0,1952,0,195,liboqs,validator
Dilithium3,keygen,39497,0.039497,11.28,0,1952,0,196,liboqs,validator
Dilithium3,keygen,40672,0.040672,11.28,0,1952,0,197,liboqs,validator
Dilithium3,keygen,39767,0.039767,11.28,0,1952,0,198,liboqs,validator
Dilithium3,keygen,43604,0.043604,11.28,0,1952,0,199,liboqs,validator
Dilithium3,keygen,39944,0.039944,11.28,0,1952,0,200,liboqs,validator
Dilithium3,keygen,41554,0.041554,11.28,0,1952,0,201,liboqs,validator
Dilithium3,keygen,42840,0.04284,11.28,0,1952,0,202,liboqs,validator
Dilithium3,keygen,52785,0.052785,11.28,0,1952,0,203,liboqs,validator
Dilithium3,keygen,45203,0.045203,11.28,0,1952,0,204,liboqs,validator
Dilithium3,keygen,41452,0.041452,11.28,0,1952,0,205,liboqs,validator
Dilithium3,keygen,40720,0.04072,11.28,0,1952,0,206,liboqs,validator
Dilithium3,keygen,41025,0.041025,11.28,0,1952,0,207,liboqs,validator
Dilithium3,keygen,40440,0.04044,11.28,0,1952,0,208,liboqs,validator
Dilithium3,keygen,42325,0.042325,11.28,0,1952,0,209,liboqs,validator
Dilithium3,keygen,48465,0.048465,11.28,0,1952,0,210,liboqs,validator
Dilithium3,keygen,39647,0.039647,11.28,0,1952,0,211,liboqs,validator
Dilithium3,keygen,40218,0.040218,11.28,0,1952,0,212,liboqs,validator
Dilithium3,keygen,39573,0.039573,11.28,0,1952,0,213,liboqs,validator
Dilithium3,keygen,40939,0.040939,11.28,0,1952,0,214,liboqs,validator
Dilithium3,keygen,39632,0.039632,11.28,0,1952,0,215,liboqs,validator
Dilithium3,keygen,41330,0.04133,11.28,0,1952,0,216,liboqs,validator
Dilithium3,keygen,40835,0.040835,11.28,0,1952,0,217,liboqs,validator
Dilithium3,keygen,39525,0.039525,11.28,0,1952,0,218,liboqs,validator
Dilithium3,keygen,40358,0.040358,11.28,0,1952,0,219,liboqs,validator
Dilithium3,keygen,39438,0.039438,11.28,0,1952,0,220,liboqs,validator
Dilithium3,keygen,41085,0.041085,11.28,0,1952,0,221,liboqs,validator
Dilithium3,keygen,40247,0.040247,11.28,0,1952,0,222,liboqs,validator
Dilithium3,keygen,41839,0.041839,11.28,0,1952,0,223,liboqs,validator
Dilithium3,keygen,44436,0.044436,11.28,0,1952,0,224,liboqs,validator
Dilithium3,keygen,42039,0.042039,11.28,0,1952,0,225,liboqs,validator
Dilithium3,keygen,40533,0.040533,11.28,0,1952,0,226,liboqs,validator
Dilithium3,keygen,39433,0.039433,11.28,0,1952,0,227,liboqs,validator
Dilithium3,keygen,41634,0.041634,11.28,0,1952,0,228,liboqs,validator
Dilithium3,keygen,40593,0.040593,11.28,0,1952,0,229,liboqs,validator
Dilithium3,keygen,42784,0.042784,11.28,0,1952,0,230,liboqs,validator
Dilithium3,keygen,41510,0.04151,11.28,0,1952,0,231,liboqs,validator
Dilithium3,keygen,40769,0.040769,11.28,0,1952,0,232,liboqs,validator
Dilithium3,keygen,41124,0.041124,11.28,0,1952,0,233,liboqs,validator
Dilithium3,keygen,40755,0.040755,11.28,0,1952,0,234,liboqs,validator
Dilithium3,keygen,41277,0.041277,11.28,0,1952,0,235,liboqs,validator
Dilithium3,keygen,42408,0.042408,11.28,0,1952,0,236,liboqs,validator
Dilithium3,keygen,41536,0.041536,11.28,0,1952,0,237,liboqs,validator
Dilithium3,keygen,40600,0.0406,11.28,0,1952,0,238,liboqs,validator
Dilithium3,keygen,40306,0.040306,11.28,0,1952,0,239,liboqs,validator
Dilithium3,keygen,41813,0.041813,11.28,0,1952,0,240,liboqs,validator
Dilithium3,keygen,39578,0.039578,11.28,0,1952,0,241,liboqs,validator
Dilithium3,keygen,41472,0.041472,11.28,0,1952,0,242,liboqs,validator
Dilithium3,keygen,53538,0.053538,11.28,0,1952,0,243,liboqs,validator
Dilithium3,keygen,44888,0.044888,11.28,0,1952,0,244,liboqs,validator
Dilithium3,keygen,40405,0.040405,11.28,0,1952,0,245,liboqs,validator
Dilithium3,keygen,41240,0.04124,11.28,0,1952,0,246,liboqs,validator
Dilithium3,keygen,51713,0.051713,11.28,0,1952,0,247,liboqs,validator
Dilithium3,keygen,41973,0.041973,11.28,0,1952,0,248,liboqs,validator
Dilithium3,keygen,41863,0.041863,11.28,0,1952,0,249,liboqs,validator
Dilithium3,keygen,40537,0.040537,11.28,0,1952,0,250,liboqs,validator
Dilithium3,keygen,39465,0.039465,11.28,0,1952,0,251,liboqs,validator
Dilithium3,keygen,41533,0.041533,11.28,0,1952,0,252,liboqs,validator
Dilithium3,keygen,39889,0.039889,11.28,0,1952,0,253,liboqs,validator
Dilithium3,keygen,39958,0.039958,11.28,0,1952,0,254,liboqs,validator
Dilithium3,keygen,39884,0.039884,11.28,0,1952,0,255,liboqs,validator
Dilithium3,keygen,41354,0.041354,11.28,0,1952,0,256,liboqs,validator
Dilithium3,keygen,42848,0.042848,11.28,0,1952,0,257,liboqs,validator
Dilithium3,keygen,40766,0.040766,11.28,0,1952,0,258,liboqs,validator
Dilithium3,keygen,40430,0.04043,11.28,0,1952,0,259,liboqs,validator
Dilithium3,keygen,41119,0.041119,11.28,0,1952,0,260,liboqs,validator
Dilithium3,keygen,42477,0.042477,11.28,0,1952,0,261,liboqs,validator
Dilithium3,keygen,43373,0.043373,11.28,0,1952,0,262,liboqs,validator
Dilithium3,keygen,40511,0.040511,11.28,0,1952,0,263,liboqs,validator
Dilithium3,keygen,40955,0.040955,11.28,0,1952,0,264,liboqs,validator
Dilithium3,keygen,43517,0.043517,11.28,0,1952,0,265,liboqs,validator
Dilithium3,keygen,40811,0.040811,11.28,0,1952,0,266,liboqs,validator
Dilithium3,keygen,41356,0.041356,11.28,0,1952,0,267,liboqs,validator
Dilithium3,keygen,41170,0.04117,11.28,0,1952,0,268,liboqs,validator
Dilithium3,keygen,41992,0.041992,11.28,0,1952,0,269,liboqs,validator
Dilithium3,keygen,40832,0.040832,11.28,0,1952,0,270,liboqs,validator
Dilithium3,keygen,41246,0.041246,11.28,0,1952,0,271,liboqs,validator
Dilithium3,keygen,42096,0.042096,11.28,0,1952,0,272,liboqs,validator
Dilithium3,keygen,39698,0.039698,11.28,0,1952,0,273,liboqs,validator
Dilithium3,keygen,39884,0.039884,11.28,0,1952,0,274,liboqs,validator
Dilithium3,keygen,39797,0.039797,11.28,0,1952,0,275,liboqs,validator
Dilithium3,keygen,40013,0.040013,11.28,0,1952,0,276,liboqs,validator
Dilithium3,keygen,40581,0.040581,11.28,0,1952,0,277,liboqs,validator
Dilithium3,keygen,41612,0.041612,11.28,0,1952,0,278,liboqs,validator
Dilithium3,keygen,40847,0.040847,11.28,0,1952,0,279,liboqs,validator
Dilithium3,keygen,42038,0.042038,11.28,0,1952,0,280,liboqs,validator
Dilithium3,keygen,43732,0.043732,11.28,0,1952,0,281,liboqs,validator
Dilithium3,keygen,52317,0.052317,11.28,0,1952,0,282,liboqs,validator
Dilithium3,keygen,45716,0.045716,11.28,0,1952,0,283,liboqs,validator
Dilithium3,keygen,41283,0.041283,11.28,0,1952,0,284,liboqs,validator
Dilithium3,keygen,41051,0.041051,11.28,0,1952,0,285,liboqs,validator
Dilithium3,keygen,40361,0.040361,11.28,0,1952,0,286,liboqs,validator
Dilithium3,keygen,39642,0.039642,11.28,0,1952,0,287,liboqs,validator
Dilithium3,keygen,42145,0.042145,11.28,0,1952,0,288,liboqs,validator
Dilithium3,keygen,40707,0.040707,11.28,0,1952,0,289,liboqs,validator
Dilithium3,keygen,39506,0.039506,11.28,0,1952,0,290,liboqs,validator
Dilithium3,keygen,43480,0.04348,11.28,0,1952,0,291,liboqs,validator
Dilithium3,keygen,39712,0.039712,11.28,0,1952,0,292,liboqs,validator
Dilithium3,keygen,42523,0.042523,11.28,0,1952,0,293,liboqs,validator
Dilithium3,keygen,40578,0.040578,11.28,0,1952,0,294,liboqs,validator
Dilithium3,keygen,41484,0.041484,11.28,0,1952,0,295,liboqs,validator
Dilithium3,keygen,42675,0.042675,11.28,0,1952,0,296,liboqs,validator
Dilithium3,keygen,39525,0.039525,11.28,0,1952,0,297,liboqs,validator
Dilithium3,keygen,40892,0.040892,11.28,0,1952,0,298,liboqs,validator
Dilithium3,keygen,41674,0.041674,11.28,0,1952,0,299,liboqs,validator
Dilithium3,keygen,40145,0.040145,11.28,0,1952,0,300,liboqs,validator
Dilithium3,keygen,42552,0.042552,11.28,0,1952,0,301,liboqs,validator
Dilithium3,keygen,43104,0.043104,11.28,0,1952,0,302,liboqs,validator
Dilithium3,keygen,55129,0.055129,11.28,0,1952,0,303,liboqs,validator
Dilithium3,keygen,44162,0.044162,11.28,0,1952,0,304,liboqs,validator
Dilithium3,keygen,42410,0.04241,11.28,0,1952,0,305,liboqs,validator
Dilithium3,keygen,44791,0.044791,11.28,0,1952,0,306,liboqs,validator
Dilithium3,keygen,41800,0.0418,11.28,0,1952,0,307,liboqs,validator
Dilithium3,keygen,45478,0.045478,11.28,0,1952,0,308,liboqs,validator
Dilithium3,keygen,44785,0.044785,11.28,0,1952,0,309,liboqs,validator
Dilithium3,keygen,54424,0.054424,11.28,0,1952,0,310,liboqs,validator
Dilithium3,keygen,50131,0.050131,11.28,0,1952,0,311,liboqs,validator
Dilithium3,keygen,43692,0.043692,11.28,0,1952,0,312,liboqs,validator
Dilithium3,keygen,42338,0.042338,11.28,0,1952,0,313,liboqs,validator
Dilithium3,keygen,41728,0.041728,11.28,0,1952,0,314,liboqs,validator
Dilithium3,keygen,41052,0.041052,11.28,0,1952,0,315,liboqs,validator
Dilithium3,keygen,40418,0.040418,11.28,0,1952,0,316,liboqs,validator
Dilithium3,keygen,41120,0.04112,11.28,0,1952,0,317,liboqs,validator
Dilithium3,keygen,41181,0.041181,11.28,0,1952,0,318,liboqs,validator
Dilithium3,keygen,39835,0.039835,11.28,0,1952,0,319,liboqs,validator
Dilithium3,keygen,51013,0.051013,11.28,0,1952,0,320,liboqs,validator
Dilithium3,keygen,50928,0.050928,11.28,0,1952,0,321,liboqs,validator
Dilithium3,keygen,47081,0.047081,11.28,0,1952,0,322,liboqs,validator
Dilithium3,keygen,41656,0.041656,11.28,0,1952,0,323,liboqs,validator
Dilithium3,keygen,42665,0.042665,11.28,0,1952,0,324,liboqs,validator
Dilithium3,keygen,41930,0.04193,11.28,0,1952,0,325,liboqs,validator
Dilithium3,keygen,40139,0.040139,11.28,0,1952,0,326,liboqs,validator
Dilithium3,keygen,41005,0.041005,11.28,0,1952,0,327,liboqs,validator
Dilithium3,keygen,40700,0.0407,11.28,0,1952,0,328,liboqs,validator
Dilithium3,keygen,42379,0.042379,11.28,0,1952,0,329,liboqs,validator
Dilithium3,keygen,40131,0.040131,11.28,0,1952,0,330,liboqs,validator
Dilithium3,keygen,40514,0.040514,11.28,0,1952,0,331,liboqs,validator
Dilithium3,keygen,41168,0.041168,11.28,0,1952,0,332,liboqs,validator
Dilithium3,keygen,40070,0.04007,11.28,0,1952,0,333,liboqs,validator
Dilithium3,keygen,41416,0.041416,11.28,0,1952,0,334,liboqs,validator
Dilithium3,keygen,41858,0.041858,11.28,0,1952,0,335,liboqs,validator
Dilithium3,keygen,46642,0.046642,11.28,0,1952,0,336,liboqs,validator
Dilithium3,keygen,43383,0.043383,11.28,0,1952,0,337,liboqs,validator
Dilithium3,keygen,42492,0.042492,11.28,0,1952,0,338,liboqs,validator
Dilithium3,keygen,41509,0.041509,11.28,0,1952,0,339,liboqs,validator
Dilithium3,keygen,42800,0.0428,11.28,0,1952,0,340,liboqs,validator
Dilithium3,keygen,42090,0.04209,11.28,0,1952,0,341,liboqs,validator
Dilithium3,keygen,41513,0.041513,11.28,0,1952,0,342,liboqs,validator
Dilithium3,keygen,42895,0.042895,11.28,0,1952,0,343,liboqs,validator
Dilithium3,keygen,40104,0.040104,11.28,0,1952,0,344,liboqs,validator
Dilithium3,keygen,41714,0.041714,11.28,0,1952,0,345,liboqs,validator
Dilithium3,keygen,39896,0.039896,11.28,0,1952,0,346,liboqs,validator
Dilithium3,keygen,41256,0.041256,11.28,0,1952,0,347,liboqs,validator
Dilithium3,keygen,41246,0.041246,11.28,0,1952,0,348,liboqs,validator
Dilithium3,keygen,41108,0.041108,11.28,0,1952,0,349,liboqs,validator
Dilithium3,keygen,40462,0.040462,11.28,0,1952,0,350,liboqs,validator
Dilithium3,keygen,39962,0.039962,11.28,0,1952,0,351,liboqs,validator
Dilithium3,keygen,40388,0.040388,11.28,0,1952,0,352,liboqs,validator
Dilithium3,keygen,43568,0.043568,11.28,0,1952,0,353,liboqs,validator
Dilithium3,keygen,40234,0.040234,11.28,0,1952,0,354,liboqs,validator
Dilithium3,keygen,39982,0.039982,11.28,0,1952,0,355,liboqs,validator
Dilithium3,keygen,39876,0.039876,11.28,0,1952,0,356,liboqs,validator
Dilithium3,keygen,41875,0.041875,11.28,0,1952,0,357,liboqs,validator
Dilithium3,keygen,42272,0.042272,11.28,0,1952,0,358,liboqs,validator
Dilithium3,keygen,40269,0.040269,11.28,0,1952,0,359,liboqs,validator
Dilithium3,keygen,39918,0.039918,11.28,0,1952,0,360,liboqs,validator
Dilithium3,keygen,39328,0.039328,11.28,0,1952,0,361,liboqs,validator
Dilithium3,keygen,40586,0.040586,11.28,0,1952,0,362,liboqs,validator
Dilithium3,keygen,39393,0.039393,11.28,0,1952,0,363,liboqs,validator
Dilithium3,keygen,41252,0.041252,11.28,0,1952,0,364,liboqs,validator
Dilithium3,keygen,39497,0.039497,11.28,0,1952,0,365,liboqs,validator
Dilithium3,keygen,50641,0.050641,11.28,0,1952,0,366,liboqs,validator
Dilithium3,keygen,47856,0.047856,11.28,0,1952,0,367,liboqs,validator
Dilithium3,keygen,43905,0.043905,11.28,0,1952,0,368,liboqs,validator
Dilithium3,keygen,42534,0.042534,11.28,0,1952,0,369,liboqs,validator
Dilithium3,keygen,41924,0.041924,11.28,0,1952,0,370,liboqs,validator
Dilithium3,keygen,40307,0.040307,11.28,0,1952,0,371,liboqs,validator
Dilithium3,keygen,40147,0.040147,11.28,0,1952,0,372,liboqs,validator
Dilithium3,keygen,40489,0.040489,11.28,0,1952,0,373,liboqs,validator
Dilithium3,keygen,41395,0.041395,11.28,0,1952,0,374,liboqs,validator
Dilithium3,keygen,40392,0.040392,11.28,0,1952,0,375,liboqs,validator
Dilithium3,keygen,40394,0.040394,11.28,0,1952,0,376,liboqs,validator
Dilithium3,keygen,41613,0.041613,11.28,0,1952,0,377,liboqs,validator
Dilithium3,keygen,40390,0.04039,11.28,0,1952,0,378,liboqs,validator
Dilithium3,keygen,39782,0.039782,11.28,0,1952,0,379,liboqs,validator
Dilithium3,keygen,40646,0.040646,11.28,0,1952,0,380,liboqs,validator
Dilithium3,keygen,40368,0.040368,11.28,0,1952,0,381,liboqs,validator
Dilithium3,keygen,39995,0.039995,11.28,0,1952,0,382,liboqs,validator
Dilithium3,keygen,41171,0.041171,11.28,0,1952,0,383,liboqs,validator
Dilithium3,keygen,39675,0.039675,11.28,0,1952,0,384,liboqs,validator
Dilithium3,keygen,39745,0.039745,11.28,0,1952,0,385,liboqs,validator
Dilithium3,keygen,40294,0.040294,11.28,0,1952,0,386,liboqs,validator
Dilithium3,keygen,39264,0.039264,11.28,0,1952,0,387,liboqs,validator
Dilithium3,keygen,41877,0.041877,11.28,0,1952,0,388,liboqs,validator
Dilithium3,keygen,40017,0.040017,11.28,0,1952,0,389,liboqs,validator
Dilithium3,keygen,39795,0.039795,11.28,0,1952,0,390,liboqs,validator
Dilithium3,keygen,38954,0.038954,11.28,0,1952,0,391,liboqs,validator
Dilithium3,keygen,38887,0.038887,11.28,0,1952,0,392,liboqs,validator
Dilithium3,keygen,49105,0.049105,11.28,0,1952,0,393,liboqs,validator
Dilithium3,keygen,40349,0.040349,11.28,0,1952,0,394,liboqs,validator
Dilithium3,keygen,39417,0.039417,11.28,0,1952,0,395,liboqs,validator
Dilithium3,keygen,40856,0.040856,11.28,0,1952,0,396,liboqs,validator
Dilithium3,keygen,39143,0.039143,11.28,0,1952,0,397,liboqs,validator
Dilithium3,keygen,39808,0.039808,11.28,0,1952,0,398,liboqs,validator
Dilithium3,keygen,40790,0.04079,11.28,0,1952,0,399,liboqs,validator
Dilithium3,keygen,39482,0.039482,11.28,0,1952,0,400,liboqs,validator
Dilithium3,keygen,40400,0.0404,11.28,0,1952,0,401,liboqs,validator
Dilithium3,keygen,39736,0.039736,11.28,0,1952,0,402,liboqs,validator
Dilithium3,keygen,39033,0.039033,11.28,0,1952,0,403,liboqs,validator
Dilithium3,keygen,41173,0.041173,11.28,0,1952,0,404,liboqs,validator
Dilithium3,keygen,39479,0.039479,11.28,0,1952,0,405,liboqs,validator
Dilithium3,keygen,40196,0.040196,11.28,0,1952,0,406,liboqs,validator
Dilithium3,keygen,41651,0.041651,11.28,0,1952,0,407,liboqs,validator
Dilithium3,keygen,40142,0.040142,11.28,0,1952,0,408,liboqs,validator
Dilithium3,keygen,39605,0.039605,11.28,0,1952,0,409,liboqs,validator
Dilithium3,keygen,39379,0.039379,11.28,0,1952,0,410,liboqs,validator
Dilithium3,keygen,39799,0.039799,11.28,0,1952,0,411,liboqs,validator
Dilithium3,keygen,42232,0.042232,11.28,0,1952,0,412,liboqs,validator
Dilithium3,keygen,55687,0.055687,11.28,0,1952,0,413,liboqs,validator
Dilithium3,keygen,43701,0.043701,11.28,0,1952,0,414,liboqs,validator
Dilithium3,keygen,43090,0.04309,11.28,0,1952,0,415,liboqs,validator
Dilithium3,keygen,40590,0.04059,11.28,0,1952,0,416,liboqs,validator
Dilithium3,keygen,41245,0.041245,11.28,0,1952,0,417,liboqs,validator
Dilithium3,keygen,40194,0.040194,11.28,0,1952,0,418,liboqs,validator
Dilithium3,keygen,40748,0.040748,11.28,0,1952,0,419,liboqs,validator
Dilithium3,keygen,40031,0.040031,11.28,0,1952,0,420,liboqs,validator
Dilithium3,keygen,41758,0.041758,11.28,0,1952,0,421,liboqs,validator
Dilithium3,keygen,41042,0.041042,11.28,0,1952,0,422,liboqs,validator
Dilithium3,keygen,40061,0.040061,11.28,0,1952,0,423,liboqs,validator
Dilithium3,keygen,41113,0.041113,11.28,0,1952,0,424,liboqs,validator
Dilithium3,keygen,40669,0.040669,11.28,0,1952,0,425,liboqs,validator
Dilithium3,keygen,42016,0.042016,11.28,0,1952,0,426,liboqs,validator
Dilithium3,keygen,39649,0.039649,11.28,0,1952,0,427,liboqs,validator
Dilithium3,keygen,43337,0.043337,11.28,0,1952,0,428,liboqs,validator
Dilithium3,keygen,47603,0.047603,11.28,0,1952,0,429,liboqs,validator
Dilithium3,keygen,41257,0.041257,11.28,0,1952,0,430,liboqs,validator
Dilithium3,keygen,42830,0.04283,11.28,0,1952,0,431,liboqs,validator
Dilithium3,keygen,40172,0.040172,11.28,0,1952,0,432,liboqs,validator
Dilithium3,keygen,40792,0.040792,11.28,0,1952,0,433,liboqs,validator
Dilithium3,keygen,42824,0.042824,11.28,0,1952,0,434,liboqs,validator
Dilithium3,keygen,41496,0.041496,11.28,0,1952,0,435,liboqs,validator
Dilithium3,keygen,41557,0.041557,11.28,0,1952,0,436,liboqs,validator
Dilithium3,keygen,39893,0.039893,11.28,0,1952,0,437,liboqs,validator
Dilithium3,keygen,40568,0.040568,11.28,0,1952,0,438,liboqs,validator
Dilithium3,keygen,39546,0.039546,11.28,0,1952,0,439,liboqs,validator
Dilithium3,keygen,40365,0.040365,11.28,0,1952,0,440,liboqs,validator
Dilithium3,keygen,40075,0.040075,11.28,0,1952,0,441,liboqs,validator
Dilithium3,keygen,41444,0.041444,11.28,0,1952,0,442,liboqs,validator
Dilithium3,keygen,40995,0.040995,11.28,0,1952,0,443,liboqs,validator
Dilithium3,keygen,39778,0.039778,11.28,0,1952,0,444,liboqs,validator
Dilithium3,keygen,39974,0.039974,11.28,0,1952,0,445,liboqs,validator
Dilithium3,keygen,40355,0.040355,11.28,0,1952,0,446,liboqs,validator
Dilithium3,keygen,41458,0.041458,11.28,0,1952,0,447,liboqs,validator
Dilithium3,keygen,42475,0.042475,11.28,0,1952,0,448,liboqs,validator
Dilithium3,keygen,41055,0.041055,11.28,0,1952,0,449,liboqs,validator
Dilithium3,keygen,42386,0.042386,11.28,0,1952,0,450,liboqs,validator
Dilithium3,keygen,41570,0.04157,11.28,0,1952,0,451,liboqs,validator
Dilithium3,keygen,50122,0.050122,11.28,0,1952,0,452,liboqs,validator
Dilithium3,keygen,46688,0.046688,11.28,0,1952,0,453,liboqs,validator
Dilithium3,keygen,41800,0.0418,11.28,0,1952,0,454,liboqs,validator
Dilithium3,keygen,41766,0.041766,11.28,0,1952,0,455,liboqs,validator
Dilithium3,keygen,42438,0.042438,11.28,0,1952,0,456,liboqs,validator
Dilithium3,keygen,43181,0.043181,11.28,0,1952,0,457,liboqs,validator
Dilithium3,keygen,41540,0.04154,11.28,0,1952,0,458,liboqs,validator
Dilithium3,keygen,41481,0.041481,11.28,0,1952,0,459,liboqs,validator
Dilithium3,keygen,40285,0.040285,11.28,0,1952,0,460,liboqs,validator
Dilithium3,keygen,40816,0.040816,11.28,0,1952,0,461,liboqs,validator
Dilithium3,keygen,43375,0.043375,11.28,0,1952,0,462,liboqs,validator
Dilithium3,keygen,43845,0.043845,11.28,0,1952,0,463,liboqs,validator
Dilithium3,keygen,42699,0.042699,11.28,0,1952,0,464,liboqs,validator
Dilithium3,keygen,41396,0.041396,11.28,0,1952,0,465,liboqs,validator
Dilithium3,keygen,41698,0.041698,11.28,0,1952,0,466,liboqs,validator
Dilithium3,keygen,44038,0.044038,11.28,0,1952,0,467,liboqs,validator
Dilithium3,keygen,42486,0.042486,11.28,0,1952,0,468,liboqs,validator
Dilithium3,keygen,40865,0.040865,11.28,0,1952,0,469,liboqs,validator
Dilithium3,keygen,42201,0.042201,11.28,0,1952,0,470,liboqs,validator
Dilithium3,keygen,41997,0.041997,11.28,0,1952,0,471,liboqs,validator
Dilithium3,keygen,42186,0.042186,11.28,0,1952,0,472,liboqs,validator
Dilithium3,keygen,42551,0.042551,11.28,0,1952,0,473,liboqs,validator
Dilithium3,keygen,43509,0.043509,11.28,0,1952,0,474,liboqs,validator
Dilithium3,keygen,42808,0.042808,11.28,0,1952,0,475,liboqs,validator
Dilithium3,keygen,40990,0.04099,11.28,0,1952,0,476,liboqs,validator
Dilithium3,keygen,41504,0.041504,11.28,0,1952,0,477,liboqs,validator
Dilithium3,keygen,42876,0.042876,11.28,0,1952,0,478,liboqs,validator
Dilithium3,keygen,42437,0.042437,11.28,0,1952,0,479,liboqs,validator
Dilithium3,keygen,41622,0.041622,11.28,0,1952,0,480,liboqs,validator
Dilithium3,keygen,43180,0.04318,11.28,0,1952,0,481,liboqs,validator
Dilithium3,keygen,40992,0.040992,11.28,0,1952,0,482,liboqs,validator
Dilithium3,keygen,56768,0.056768,11.28,0,1952,0,483,liboqs,validator
Dilithium3,keygen,46360,0.04636,11.28,0,1952,0,484,liboqs,validator
Dilithium3,keygen,42913,0.042913,11.28,0,1952,0,485,liboqs,validator
Dilithium3,keygen,40338,0.040338,11.28,0,1952,0,486,liboqs,validator
Dilithium3,keygen,40935,0.040935,11.28,0,1952,0,487,liboqs,validator
Dilithium3,keygen,41440,0.04144,11.28,0,1952,0,488,liboqs,validator
Dilithium3,keygen,40039,0.040039,11.28,0,1952,0,489,liboqs,validator
Dilithium3,keygen,40338,0.040338,11.28,0,1952,0,490,liboqs,validator
Dilithium3,keygen,51854,0.051854,11.28,0,1952,0,491,liboqs,validator
Dilithium3,keygen,46282,0.046282,11.28,0,1952,0,492,liboqs,validator
Dilithium3,keygen,42263,0.042263,11.28,0,1952,0,493,liboqs,validator
Dilithium3,keygen,41026,0.041026,11.28,0,1952,0,494,liboqs,validator
Dilithium3,keygen,42597,0.042597,11.28,0,1952,0,495,liboqs,validator
Dilithium3,keygen,41954,0.041954,11.28,0,1952,0,496,liboqs,validator
Dilithium3,keygen,41625,0.041625,11.28,0,1952,0,497,liboqs,validator
Dilithium3,keygen,60815,0.060815,11.28,0,1952,0,498,liboqs,validator
Dilithium3,keygen,102980,0.10298,11.28,0,1952,0,499,liboqs,validator
Dilithium3,keygen,54353,0.054353,11.28,0,1952,0,500,liboqs,validator
Dilithium3,keygen,51904,0.051904,11.28,0,1952,0,501,liboqs,validator
Dilithium3,keygen,42400,0.0424,11.28,0,1952,0,502,liboqs,validator
Dilithium3,keygen,41457,0.041457,11.28,0,1952,0,503,liboqs,validator
Dilithium3,keygen,42078,0.042078,11.28,0,1952,0,504,liboqs,validator
Dilithium3,keygen,40722,0.040722,11.28,0,1952,0,505,liboqs,validator
Dilithium3,keygen,40414,0.040414,11.28,0,1952,0,506,liboqs,validator
Dilithium3,keygen,40980,0.04098,11.28,0,1952,0,507,liboqs,validator
Dilithium3,keygen,40671,0.040671,11.28,0,1952,0,508,liboqs,validator
Dilithium3,keygen,39537,0.039537,11.28,0,1952,0,509,liboqs,validator
Dilithium3,keygen,39827,0.039827,11.28,0,1952,0,510,liboqs,validator
Dilithium3,keygen,40060,0.04006,11.28,0,1952,0,511,liboqs,validator
Dilithium3,keygen,40742,0.040742,11.28,0,1952,0,512,liboqs,validator
Dilithium3,keygen,40086,0.040086,11.28,0,1952,0,513,liboqs,validator
Dilithium3,keygen,43608,0.043608,11.28,0,1952,0,514,liboqs,validator
Dilithium3,keygen,41761,0.041761,11.28,0,1952,0,515,liboqs,validator
Dilithium3,keygen,50724,0.050724,11.28,0,1952,0,516,liboqs,validator
Dilithium3,keygen,41979,0.041979,11.28,0,1952,0,517,liboqs,validator
Dilithium3,keygen,41578,0.041578,11.28,0,1952,0,518,liboqs,validator
Dilithium3,keygen,216130,0.21613,11.28,0,1952,0,519,liboqs,validator
Dilithium3,keygen,203175,0.203175,11.28,0,1952,0,520,liboqs,validator
Dilithium3,keygen,61623,0.061623,11.28,0,1952,0,521,liboqs,validator
Dilithium3,keygen,46318,0.046318,11.28,0,1952,0,522,liboqs,validator
Dilithium3,keygen,43314,0.043314,11.28,0,1952,0,523,liboqs,validator
Dilithium3,keygen,42165,0.042165,11.28,0,1952,0,524,liboqs,validator
Dilithium3,keygen,42870,0.04287,11.28,0,1952,0,525,liboqs,validator
Dilithium3,keygen,40649,0.040649,11.28,0,1952,0,526,liboqs,validator
Dilithium3,keygen,40968,0.040968,11.28,0,1952,0,527,liboqs,validator
Dilithium3,keygen,40602,0.040602,11.28,0,1952,0,528,liboqs,validator
Dilithium3,keygen,41570,0.04157,11.28,0,1952,0,529,liboqs,validator
Dilithium3,keygen,87575,0.087575,13.74,0,1952,0,530,liboqs,validator
Dilithium3,keygen,55348,0.055348,13.43,0,1952,0,531,liboqs,validator
Dilithium3,keygen,44008,0.044008,11.22,0,1952,0,532,liboqs,validator
Dilithium3,keygen,42072,0.042072,11.22,0,1952,0,533,liboqs,validator
Dilithium3,keygen,42205,0.042205,11.28,0,1952,0,534,liboqs,validator
Dilithium3,keygen,40973,0.040973,11.28,0,1952,0,535,liboqs,validator
Dilithium3,keygen,41309,0.041309,11.28,0,1952,0,536,liboqs,validator
Dilithium3,keygen,42154,0.042154,11.28,0,1952,0,537,liboqs,validator
Dilithium3,keygen,56556,0.056556,11.28,0,1952,0,538,liboqs,validator
Dilithium3,keygen,49147,0.049147,11.28,0,1952,0,539,liboqs,validator
Dilithium3,keygen,43271,0.043271,11.28,0,1952,0,540,liboqs,validator
Dilithium3,keygen,44378,0.044378,11.28,0,1952,0,541,liboqs,validator
Dilithium3,keygen,41261,0.041261,11.28,0,1952,0,542,liboqs,validator
Dilithium3,keygen,41289,0.041289,11.28,0,1952,0,543,liboqs,validator
Dilithium3,keygen,41900,0.0419,11.28,0,1952,0,544,liboqs,validator
Dilithium3,keygen,40188,0.040188,11.28,0,1952,0,545,liboqs,validator
Dilithium3,keygen,41801,0.041801,11.28,0,1952,0,546,liboqs,validator
Dilithium3,keygen,40081,0.040081,11.28,0,1952,0,547,liboqs,validator
Dilithium3,keygen,42750,0.04275,11.28,0,1952,0,548,liboqs,validator
Dilithium3,keygen,40845,0.040845,11.28,0,1952,0,549,liboqs,validator
Dilithium3,keygen,40926,0.040926,11.28,0,1952,0,550,liboqs,validator
Dilithium3,keygen,41057,0.041057,11.28,0,1952,0,551,liboqs,validator
Dilithium3,keygen,40179,0.040179,11.28,0,1952,0,552,liboqs,validator
Dilithium3,keygen,41053,0.041053,11.28,0,1952,0,553,liboqs,validator
Dilithium3,keygen,40343,0.040343,11.28,0,1952,0,554,liboqs,validator
Dilithium3,keygen,42432,0.042432,11.28,0,1952,0,555,liboqs,validator
Dilithium3,keygen,41078,0.041078,11.28,0,1952,0,556,liboqs,validator
Dilithium3,keygen,49768,0.049768,11.28,0,1952,0,557,liboqs,validator
Dilithium3,keygen,66045,0.066045,11.28,0,1952,0,558,liboqs,validator
Dilithium3,keygen,47731,0.047731,11.28,0,1952,0,559,liboqs,validator
Dilithium3,keygen,64647,0.064647,11.28,0,1952,0,560,liboqs,validator
Dilithium3,keygen,50325,0.050325,11.28,0,1952,0,561,liboqs,validator
Dilithium3,keygen,46807,0.046807,11.28,0,1952,0,562,liboqs,validator
Dilithium3,keygen,44487,0.044487,11.28,0,1952,0,563,liboqs,validator
Dilithium3,keygen,41664,0.041664,11.28,0,1952,0,564,liboqs,validator
Dilithium3,keygen,40552,0.040552,11.28,0,1952,0,565,liboqs,validator
Dilithium3,keygen,41943,0.041943,11.28,0,1952,0,566,liboqs,validator
Dilithium3,keygen,41788,0.041788,11.28,0,1952,0,567,liboqs,validator
Dilithium3,keygen,40959,0.040959,11.28,0,1952,0,568,liboqs,validator
Dilithium3,keygen,41438,0.041438,11.28,0,1952,0,569,liboqs,validator
Dilithium3,keygen,40518,0.040518,11.28,0,1952,0,570,liboqs,validator
Dilithium3,keygen,40894,0.040894,11.28,0,1952,0,571,liboqs,validator
Dilithium3,keygen,41243,0.041243,11.28,0,1952,0,572,liboqs,validator
Dilithium3,keygen,39957,0.039957,11.28,0,1952,0,573,liboqs,validator
Dilithium3,keygen,41721,0.041721,11.28,0,1952,0,574,liboqs,validator
Dilithium3,keygen,51898,0.051898,11.28,0,1952,0,575,liboqs,validator
Dilithium3,keygen,40400,0.0404,11.28,0,1952,0,576,liboqs,validator
Dilithium3,keygen,41167,0.041167,11.28,0,1952,0,577,liboqs,validator
Dilithium3,keygen,40715,0.040715,11.28,0,1952,0,578,liboqs,validator
Dilithium3,keygen,43485,0.043485,11.28,0,1952,0,579,liboqs,validator
Dilithium3,keygen,42410,0.04241,11.28,0,1952,0,580,liboqs,validator
Dilithium3,keygen,39916,0.039916,11.28,0,1952,0,581,liboqs,validator
Dilithium3,keygen,40779,0.040779,11.28,0,1952,0,582,liboqs,validator
Dilithium3,keygen,40063,0.040063,11.28,0,1952,0,583,liboqs,validator
Dilithium3,keygen,41594,0.041594,11.28,0,1952,0,584,liboqs,validator
Dilithium3,keygen,40252,0.040252,11.28,0,1952,0,585,liboqs,validator
Dilithium3,keygen,42691,0.042691,11.28,0,1952,0,586,liboqs,validator
Dilithium3,keygen,40140,0.04014,11.28,0,1952,0,587,liboqs,validator
Dilithium3,keygen,41448,0.041448,11.28,0,1952,0,588,liboqs,validator
Dilithium3,keygen,42291,0.042291,11.28,0,1952,0,589,liboqs,validator
Dilithium3,keygen,39812,0.039812,11.28,0,1952,0,590,liboqs,validator
Dilithium3,keygen,40527,0.040527,11.28,0,1952,0,591,liboqs,validator
Dilithium3,keygen,40086,0.040086,11.28,0,1952,0,592,liboqs,validator
Dilithium3,keygen,41944,0.041944,11.28,0,1952,0,593,liboqs,validator
Dilithium3,keygen,44268,0.044268,11.28,0,1952,0,594,liboqs,validator
Dilithium3,keygen,51458,0.051458,11.28,0,1952,0,595,liboqs,validator
Dilithium3,keygen,47298,0.047298,11.28,0,1952,0,596,liboqs,validator
Dilithium3,keygen,44195,0.044195,11.28,0,1952,0,597,liboqs,validator
Dilithium3,keygen,41372,0.041372,11.28,0,1952,0,598,liboqs,validator
Dilithium3,keygen,41057,0.041057,11.28,0,1952,0,599,liboqs,validator
Dilithium3,keygen,43423,0.043423,11.28,0,1952,0,600,liboqs,validator
Dilithium3,keygen,41488,0.041488,11.28,0,1952,0,601,liboqs,validator
Dilithium3,keygen,40196,0.040196,11.28,0,1952,0,602,liboqs,validator
Dilithium3,keygen,39532,0.039532,11.28,0,1952,0,603,liboqs,validator
Dilithium3,keygen,41571,0.041571,11.28,0,1952,0,604,liboqs,validator
Dilithium3,keygen,43578,0.043578,11.28,0,1952,0,605,liboqs,validator
Dilithium3,keygen,40733,0.040733,11.28,0,1952,0,606,liboqs,validator
Dilithium3,keygen,39989,0.039989,11.28,0,1952,0,607,liboqs,validator
Dilithium3,keygen,51848,0.051848,11.28,0,1952,0,608,liboqs,validator
Dilithium3,keygen,44459,0.044459,11.28,0,1952,0,609,liboqs,validator
Dilithium3,keygen,41296,0.041296,11.28,0,1952,0,610,liboqs,validator
Dilithium3,keygen,39696,0.039696,11.28,0,1952,0,611,liboqs,validator
Dilithium3,keygen,44383,0.044383,11.28,0,1952,0,612,liboqs,validator
Dilithium3,keygen,41527,0.041527,11.28,0,1952,0,613,liboqs,validator
Dilithium3,keygen,39968,0.039968,11.28,0,1952,0,614,liboqs,validator
Dilithium3,keygen,39819,0.039819,11.28,0,1952,0,615,liboqs,validator
Dilithium3,keygen,41669,0.041669,11.28,0,1952,0,616,liboqs,validator
Dilithium3,keygen,40452,0.040452,11.28,0,1952,0,617,liboqs,validator
Dilithium3,keygen,40064,0.040064,11.28,0,1952,0,618,liboqs,validator
Dilithium3,keygen,39572,0.039572,11.28,0,1952,0,619,liboqs,validator
Dilithium3,keygen,40620,0.04062,11.28,0,1952,0,620,liboqs,validator
Dilithium3,keygen,40068,0.040068,11.28,0,1952,0,621,liboqs,validator
Dilithium3,keygen,40672,0.040672,11.28,0,1952,0,622,liboqs,validator
Dilithium3,keygen,42270,0.04227,11.28,0,1952,0,623,liboqs,validator
Dilithium3,keygen,40814,0.040814,11.28,0,1952,0,624,liboqs,validator
Dilithium3,keygen,39882,0.039882,11.28,0,1952,0,625,liboqs,validator
Dilithium3,keygen,40175,0.040175,11.28,0,1952,0,626,liboqs,validator
Dilithium3,keygen,43226,0.043226,11.28,0,1952,0,627,liboqs,validator
Dilithium3,keygen,42530,0.04253,11.28,0,1952,0,628,liboqs,validator
Dilithium3,keygen,40458,0.040458,11.28,0,1952,0,629,liboqs,validator
Dilithium3,keygen,40132,0.040132,11.28,0,1952,0,630,liboqs,validator
Dilithium3,keygen,40302,0.040302,11.28,0,1952,0,631,liboqs,validator
Dilithium3,keygen,41153,0.041153,11.28,0,1952,0,632,liboqs,validator
Dilithium3,keygen,42244,0.042244,11.28,0,1952,0,633,liboqs,validator
Dilithium3,keygen,53054,0.053054,11.28,0,1952,0,634,liboqs,validator
Dilithium3,keygen,49173,0.049173,11.28,0,1952,0,635,liboqs,validator
Dilithium3,keygen,44763,0.044763,11.28,0,1952,0,636,liboqs,validator
Dilithium3,keygen,42994,0.042994,11.28,0,1952,0,637,liboqs,validator
Dilithium3,keygen,43840,0.04384,11.28,0,1952,0,638,liboqs,validator
Dilithium3,keygen,40754,0.040754,11.28,0,1952,0,639,liboqs,validator
Dilithium3,keygen,41178,0.041178,11.28,0,1952,0,640,liboqs,validator
Dilithium3,keygen,40098,0.040098,11.28,0,1952,0,641,liboqs,validator
Dilithium3,keygen,43274,0.043274,11.28,0,1952,0,642,liboqs,validator
Dilithium3,keygen,44501,0.044501,11.28,0,1952,0,643,liboqs,validator
Dilithium3,keygen,41327,0.041327,11.28,0,1952,0,644,liboqs,validator
Dilithium3,keygen,40694,0.040694,11.28,0,1952,0,645,liboqs,validator
Dilithium3,keygen,41098,0.041098,11.28,0,1952,0,646,liboqs,validator
Dilithium3,keygen,40784,0.040784,11.28,0,1952,0,647,liboqs,validator
Dilithium3,keygen,40464,0.040464,11.28,0,1952,0,648,liboqs,validator
Dilithium3,keygen,40803,0.040803,11.28,0,1952,0,649,liboqs,validator
Dilithium3,keygen,39679,0.039679,11.28,0,1952,0,650,liboqs,validator
Dilithium3,keygen,40289,0.040289,11.28,0,1952,0,651,liboqs,validator
Dilithium3,keygen,40658,0.040658,11.28,0,1952,0,652,liboqs,validator
Dilithium3,keygen,46416,0.046416,11.28,0,1952,0,653,liboqs,validator
Dilithium3,keygen,41269,0.041269,11.28,0,1952,0,654,liboqs,validator
Dilithium3,keygen,42273,0.042273,11.28,0,1952,0,655,liboqs,validator
Dilithium3,keygen,43171,0.043171,11.28,0,1952,0,656,liboqs,validator
Dilithium3,keygen,40271,0.040271,11.28,0,1952,0,657,liboqs,validator
Dilithium3,keygen,42929,0.042929,11.28,0,1952,0,658,liboqs,validator
Dilithium3,keygen,41129,0.041129,11.28,0,1952,0,659,liboqs,validator
Dilithium3,keygen,43420,0.04342,11.28,0,1952,0,660,liboqs,validator
Dilithium3,keygen,41611,0.041611,11.28,0,1952,0,661,liboqs,validator
Dilithium3,keygen,41234,0.041234,11.28,0,1952,0,662,liboqs,validator
Dilithium3,keygen,41292,0.041292,11.28,0,1952,0,663,liboqs,validator
Dilithium3,keygen,40818,0.040818,11.28,0,1952,0,664,liboqs,validator
Dilithium3,keygen,41592,0.041592,11.28,0,1952,0,665,liboqs,validator
Dilithium3,keygen,42154,0.042154,11.28,0,1952,0,666,liboqs,validator
Dilithium3,keygen,43903,0.043903,11.28,0,1952,0,667,liboqs,validator
Dilithium3,keygen,41989,0.041989,11.28,0,1952,0,668,liboqs,validator
Dilithium3,keygen,41734,0.041734,11.28,0,1952,0,669,liboqs,validator
Dilithium3,keygen,42471,0.042471,11.28,0,1952,0,670,liboqs,validator
Dilithium3,keygen,41976,0.041976,11.28,0,1952,0,671,liboqs,validator
Dilithium3,keygen,40910,0.04091,11.28,0,1952,0,672,liboqs,validator
Dilithium3,keygen,54534,0.054534,11.28,0,1952,0,673,liboqs,validator
Dilithium3,keygen,48995,0.048995,11.28,0,1952,0,674,liboqs,validator
Dilithium3,keygen,45202,0.045202,11.28,0,1952,0,675,liboqs,validator
Dilithium3,keygen,43114,0.043114,11.28,0,1952,0,676,liboqs,validator
Dilithium3,keygen,42244,0.042244,11.28,0,1952,0,677,liboqs,validator
Dilithium3,keygen,43570,0.04357,11.28,0,1952,0,678,liboqs,validator
Dilithium3,keygen,40736,0.040736,11.28,0,1952,0,679,liboqs,validator
Dilithium3,keygen,42637,0.042637,11.28,0,1952,0,680,liboqs,validator
Dilithium3,keygen,42323,0.042323,11.28,0,1952,0,681,liboqs,validator
Dilithium3,keygen,40304,0.040304,11.28,0,1952,0,682,liboqs,validator
Dilithium3,keygen,49520,0.04952,11.28,0,1952,0,683,liboqs,validator
Dilithium3,keygen,43250,0.04325,11.28,0,1952,0,684,liboqs,validator
Dilithium3,keygen,43892,0.043892,11.28,0,1952,0,685,liboqs,validator
Dilithium3,keygen,41825,0.041825,11.28,0,1952,0,686,liboqs,validator
Dilithium3,keygen,42845,0.042845,11.28,0,1952,0,687,liboqs,validator
Dilithium3,keygen,42622,0.042622,11.28,0,1952,0,688,liboqs,validator
Dilithium3,keygen,47339,0.047339,11.28,0,1952,0,689,liboqs,validator
Dilithium3,keygen,44501,0.044501,11.28,0,1952,0,690,liboqs,validator
Dilithium3,keygen,44046,0.044046,11.28,0,1952,0,691,liboqs,validator
Dilithium3,keygen,40400,0.0404,11.28,0,1952,0,692,liboqs,validator
Dilithium3,keygen,41908,0.041908,11.28,0,1952,0,693,liboqs,validator
Dilithium3,keygen,43469,0.043469,11.28,0,1952,0,694,liboqs,validator
Dilithium3,keygen,40625,0.040625,11.28,0,1952,0,695,liboqs,validator
Dilithium3,keygen,42599,0.042599,11.28,0,1952,0,696,liboqs,validator
Dilithium3,keygen,41560,0.04156,11.28,0,1952,0,697,liboqs,validator
Dilithium3,keygen,43005,0.043005,11.28,0,1952,0,698,liboqs,validator
Dilithium3,keygen,41028,0.041028,11.28,0,1952,0,699,liboqs,validator
Dilithium3,keygen,40962,0.040962,11.28,0,1952,0,700,liboqs,validator
Dilithium3,keygen,40692,0.040692,11.28,0,1952,0,701,liboqs,validator
Dilithium3,keygen,42329,0.042329,11.28,0,1952,0,702,liboqs,validator
Dilithium3,keygen,42452,0.042452,11.28,0,1952,0,703,liboqs,validator
Dilithium3,keygen,40871,0.040871,11.28,0,1952,0,704,liboqs,validator
Dilithium3,keygen,40478,0.040478,11.28,0,1952,0,705,liboqs,validator
Dilithium3,keygen,40632,0.040632,11.28,0,1952,0,706,liboqs,validator
Dilithium3,keygen,42390,0.04239,11.28,0,1952,0,707,liboqs,validator
Dilithium3,keygen,41496,0.041496,11.28,0,1952,0,708,liboqs,validator
Dilithium3,keygen,41401,0.041401,11.28,0,1952,0,709,liboqs,validator
Dilithium3,keygen,40350,0.04035,11.28,0,1952,0,710,liboqs,validator
Dilithium3,keygen,40545,0.040545,11.28,0,1952,0,711,liboqs,validator
Dilithium3,keygen,53739,0.053739,11.28,0,1952,0,712,liboqs,validator
Dilithium3,keygen,48584,0.048584,11.28,0,1952,0,713,liboqs,validator
Dilithium3,keygen,42026,0.042026,11.28,0,1952,0,714,liboqs,validator
Dilithium3,keygen,41326,0.041326,11.28,0,1952,0,715,liboqs,validator
Dilithium3,keygen,41217,0.041217,11.28,0,1952,0,716,liboqs,validator
Dilithium3,keygen,43278,0.043278,11.28,0,1952,0,717,liboqs,validator
Dilithium3,keygen,41041,0.041041,11.28,0,1952,0,718,liboqs,validator
Dilithium3,keygen,40821,0.040821,11.28,0,1952,0,719,liboqs,validator
Dilithium3,keygen,41372,0.041372,11.28,0,1952,0,720,liboqs,validator
Dilithium3,keygen,42133,0.042133,11.28,0,1952,0,721,liboqs,validator
Dilithium3,keygen,41022,0.041022,11.28,0,1952,0,722,liboqs,validator
Dilithium3,keygen,40482,0.040482,11.28,0,1952,0,723,liboqs,validator
Dilithium3,keygen,41786,0.041786,11.28,0,1952,0,724,liboqs,validator
Dilithium3,keygen,40635,0.040635,11.28,0,1952,0,725,liboqs,validator
Dilithium3,keygen,42671,0.042671,11.28,0,1952,0,726,liboqs,validator
Dilithium3,keygen,42453,0.042453,11.28,0,1952,0,727,liboqs,validator
Dilithium3,keygen,48794,0.048794,11.28,0,1952,0,728,liboqs,validator
Dilithium3,keygen,43567,0.043567,11.28,0,1952,0,729,liboqs,validator
Dilithium3,keygen,41615,0.041615,11.28,0,1952,0,730,liboqs,validator
Dilithium3,keygen,39350,0.03935,11.28,0,1952,0,731,liboqs,validator
Dilithium3,keygen,40352,0.040352,11.28,0,1952,0,732,liboqs,validator
Dilithium3,keygen,40432,0.040432,11.28,0,1952,0,733,liboqs,validator
Dilithium3,keygen,41097,0.041097,11.28,0,1952,0,734,liboqs,validator
Dilithium3,keygen,41946,0.041946,11.28,0,1952,0,735,liboqs,validator
Dilithium3,keygen,41170,0.04117,11.28,0,1952,0,736,liboqs,validator
Dilithium3,keygen,41563,0.041563,11.28,0,1952,0,737,liboqs,validator
Dilithium3,keygen,42275,0.042275,11.28,0,1952,0,738,liboqs,validator
Dilithium3,keygen,40476,0.040476,11.28,0,1952,0,739,liboqs,validator
Dilithium3,keygen,41113,0.041113,11.28,0,1952,0,740,liboqs,validator
Dilithium3,keygen,40865,0.040865,11.28,0,1952,0,741,liboqs,validator
Dilithium3,keygen,42775,0.042775,11.28,0,1952,0,742,liboqs,validator
Dilithium3,keygen,40058,0.040058,11.28,0,1952,0,743,liboqs,validator
Dilithium3,keygen,41175,0.041175,11.28,0,1952,0,744,liboqs,validator
Dilithium3,keygen,41767,0.041767,11.28,0,1952,0,745,liboqs,validator
Dilithium3,keygen,41286,0.041286,11.28,0,1952,0,746,liboqs,validator
Dilithium3,keygen,39926,0.039926,11.28,0,1952,0,747,liboqs,validator
Dilithium3,keygen,40863,0.040863,11.28,0,1952,0,748,liboqs,validator
Dilithium3,keygen,41468,0.041468,11.28,0,1952,0,749,liboqs,validator
Dilithium3,keygen,42242,0.042242,11.28,0,1952,0,750,liboqs,validator
Dilithium3,keygen,51181,0.051181,11.28,0,1952,0,751,liboqs,validator
Dilithium3,keygen,46598,0.046598,11.28,0,1952,0,752,liboqs,validator
Dilithium3,keygen,43404,0.043404,11.28,0,1952,0,753,liboqs,validator
Dilithium3,keygen,42628,0.042628,11.28,0,1952,0,754,liboqs,validator
Dilithium3,keygen,41480,0.04148,11.28,0,1952,0,755,liboqs,validator
Dilithium3,keygen,40475,0.040475,11.28,0,1952,0,756,liboqs,validator
Dilithium3,keygen,40268,0.040268,11.28,0,1952,0,757,liboqs,validator
Dilithium3,keygen,42592,0.042592,11.28,0,1952,0,758,liboqs,validator
Dilithium3,keygen,39920,0.03992,11.28,0,1952,0,759,liboqs,validator
Dilithium3,keygen,39507,0.039507,11.28,0,1952,0,760,liboqs,validator
Dilithium3,keygen,41709,0.041709,11.28,0,1952,0,761,liboqs,validator
Dilithium3,keygen,41300,0.0413,11.28,0,1952,0,762,liboqs,validator
Dilithium3,keygen,39773,0.039773,11.28,0,1952,0,763,liboqs,validator
Dilithium3,keygen,39584,0.039584,11.28,0,1952,0,764,liboqs,validator
Dilithium3,keygen,39960,0.03996,11.28,0,1952,0,765,liboqs,validator
Dilithium3,keygen,43726,0.043726,11.28,0,1952,0,766,liboqs,validator
Dilithium3,keygen,39757,0.039757,11.28,0,1952,0,767,liboqs,validator
Dilithium3,keygen,39586,0.039586,11.28,0,1952,0,768,liboqs,validator
Dilithium3,keygen,48229,0.048229,11.28,0,1952,0,769,liboqs,validator
Dilithium3,keygen,45169,0.045169,11.28,0,1952,0,770,liboqs,validator
Dilithium3,keygen,48101,0.048101,11.28,0,1952,0,771,liboqs,validator
Dilithium3,keygen,48326,0.048326,11.28,0,1952,0,772,liboqs,validator
Dilithium3,keygen,43681,0.043681,11.28,0,1952,0,773,liboqs,validator
Dilithium3,keygen,43458,0.043458,11.28,0,1952,0,774,liboqs,validator
Dilithium3,keygen,39935,0.039935,11.28,0,1952,0,775,liboqs,validator
Dilithium3,keygen,41264,0.041264,11.28,0,1952,0,776,liboqs,validator
Dilithium3,keygen,41271,0.041271,11.28,0,1952,0,777,liboqs,validator
Dilithium3,keygen,40046,0.040046,11.28,0,1952,0,778,liboqs,validator
Dilithium3,keygen,40017,0.040017,11.28,0,1952,0,779,liboqs,validator
Dilithium3,keygen,39812,0.039812,11.28,0,1952,0,780,liboqs,validator
Dilithium3,keygen,39858,0.039858,11.28,0,1952,0,781,liboqs,validator
Dilithium3,keygen,41126,0.041126,11.28,0,1952,0,782,liboqs,validator
Dilithium3,keygen,40867,0.040867,11.28,0,1952,0,783,liboqs,validator
Dilithium3,keygen,39700,0.0397,11.28,0,1952,0,784,liboqs,validator
Dilithium3,keygen,40348,0.040348,11.28,0,1952,0,785,liboqs,validator
Dilithium3,keygen,40510,0.04051,11.28,0,1952,0,786,liboqs,validator
Dilithium3,keygen,42461,0.042461,11.28,0,1952,0,787,liboqs,validator
Dilithium3,keygen,41782,0.041782,11.28,0,1952,0,788,liboqs,validator
Dilithium3,keygen,39587,0.039587,11.28,0,1952,0,789,liboqs,validator
Dilithium3,keygen,52688,0.052688,11.28,0,1952,0,790,liboqs,validator
Dilithium3,keygen,46905,0.046905,11.28,0,1952,0,791,liboqs,validator
Dilithium3,keygen,42381,0.042381,11.28,0,1952,0,792,liboqs,validator
Dilithium3,keygen,40865,0.040865,11.28,0,1952,0,793,liboqs,validator
Dilithium3,keygen,44604,0.044604,11.28,0,1952,0,794,liboqs,validator
Dilithium3,keygen,42162,0.042162,11.28,0,1952,0,795,liboqs,validator
Dilithium3,keygen,42677,0.042677,11.28,0,1952,0,796,liboqs,validator
Dilithium3,keygen,43762,0.043762,11.28,0,1952,0,797,liboqs,validator
Dilithium3,keygen,41286,0.041286,11.28,0,1952,0,798,liboqs,validator
Dilithium3,keygen,41989,0.041989,11.28,0,1952,0,799,liboqs,validator
Dilithium3,keygen,41468,0.041468,11.28,0,1952,0,800,liboqs,validator
Dilithium3,keygen,43650,0.04365,11.28,0,1952,0,801,liboqs,validator
Dilithium3,keygen,43922,0.043922,11.28,0,1952,0,802,liboqs,validator
Dilithium3,keygen,40743,0.040743,11.28,0,1952,0,803,liboqs,validator
Dilithium3,keygen,43264,0.043264,11.28,0,1952,0,804,liboqs,validator
Dilithium3,keygen,41278,0.041278,11.28,0,1952,0,805,liboqs,validator
Dilithium3,keygen,41714,0.041714,11.28,0,1952,0,806,liboqs,validator
Dilithium3,keygen,41008,0.041008,11.28,0,1952,0,807,liboqs,validator
Dilithium3,keygen,42870,0.04287,11.28,0,1952,0,808,liboqs,validator
Dilithium3,keygen,42218,0.042218,11.28,0,1952,0,809,liboqs,validator
Dilithium3,keygen,41845,0.041845,11.28,0,1952,0,810,liboqs,validator
Dilithium3,keygen,41889,0.041889,11.28,0,1952,0,811,liboqs,validator
Dilithium3,keygen,40381,0.040381,11.28,0,1952,0,812,liboqs,validator
Dilithium3,keygen,42902,0.042902,11.28,0,1952,0,813,liboqs,validator
Dilithium3,keygen,40463,0.040463,11.28,0,1952,0,814,liboqs,validator
Dilithium3,keygen,43866,0.043866,11.28,0,1952,0,815,liboqs,validator
Dilithium3,keygen,42186,0.042186,11.28,0,1952,0,816,liboqs,validator
Dilithium3,keygen,40773,0.040773,11.28,0,1952,0,817,liboqs,validator
Dilithium3,keygen,41714,0.041714,11.28,0,1952,0,818,liboqs,validator
Dilithium3,keygen,40680,0.04068,11.28,0,1952,0,819,liboqs,validator
Dilithium3,keygen,41026,0.041026,11.28,0,1952,0,820,liboqs,validator
Dilithium3,keygen,40710,0.04071,11.28,0,1952,0,821,liboqs,validator
Dilithium3,keygen,41949,0.041949,11.28,0,1952,0,822,liboqs,validator
Dilithium3,keygen,39728,0.039728,11.28,0,1952,0,823,liboqs,validator
Dilithium3,keygen,40608,0.040608,11.28,0,1952,0,824,liboqs,validator
Dilithium3,keygen,41666,0.041666,11.28,0,1952,0,825,liboqs,validator
Dilithium3,keygen,39633,0.039633,11.28,0,1952,0,826,liboqs,validator
Dilithium3,keygen,40306,0.040306,11.28,0,1952,0,827,liboqs,validator
Dilithium3,keygen,39938,0.039938,11.28,0,1952,0,828,liboqs,validator
Dilithium3,keygen,41043,0.041043,11.28,0,1952,0,829,liboqs,validator
Dilithium3,keygen,40102,0.040102,11.28,0,1952,0,830,liboqs,validator
Dilithium3,keygen,40070,0.04007,11.28,0,1952,0,831,liboqs,validator
Dilithium3,keygen,40315,0.040315,11.28,0,1952,0,832,liboqs,validator
Dilithium3,keygen,41403,0.041403,11.28,0,1952,0,833,liboqs,validator
Dilithium3,keygen,40651,0.040651,11.28,0,1952,0,834,liboqs,validator
Dilithium3,keygen,39842,0.039842,11.28,0,1952,0,835,liboqs,validator
Dilithium3,keygen,56962,0.056962,11.28,0,1952,0,836,liboqs,validator
Dilithium3,keygen,42974,0.042974,11.28,0,1952,0,837,liboqs,validator
Dilithium3,keygen,41027,0.041027,11.28,0,1952,0,838,liboqs,validator
Dilithium3,keygen,40414,0.040414,11.28,0,1952,0,839,liboqs,validator
Dilithium3,keygen,42684,0.042684,11.28,0,1952,0,840,liboqs,validator
Dilithium3,keygen,39543,0.039543,11.28,0,1952,0,841,liboqs,validator
Dilithium3,keygen,39859,0.039859,11.28,0,1952,0,842,liboqs,validator
Dilithium3,keygen,39262,0.039262,11.28,0,1952,0,843,liboqs,validator
Dilithium3,keygen,40893,0.040893,11.28,0,1952,0,844,liboqs,validator
Dilithium3,keygen,40066,0.040066,11.28,0,1952,0,845,liboqs,validator
Dilithium3,keygen,39901,0.039901,11.28,0,1952,0,846,liboqs,validator
Dilithium3,keygen,41004,0.041004,11.28,0,1952,0,847,liboqs,validator
Dilithium3,keygen,39861,0.039861,11.28,0,1952,0,848,liboqs,validator
Dilithium3,keygen,39728,0.039728,11.28,0,1952,0,849,liboqs,validator
Dilithium3,keygen,41507,0.041507,11.28,0,1952,0,850,liboqs,validator
Dilithium3,keygen,39345,0.039345,11.28,0,1952,0,851,liboqs,validator
Dilithium3,keygen,40048,0.040048,11.28,0,1952,0,852,liboqs,validator
Dilithium3,keygen,39129,0.039129,11.28,0,1952,0,853,liboqs,validator
Dilithium3,keygen,39579,0.039579,11.28,0,1952,0,854,liboqs,validator
Dilithium3,keygen,42553,0.042553,11.28,0,1952,0,855,liboqs,validator
Dilithium3,keygen,39971,0.039971,11.28,0,1952,0,856,liboqs,validator
Dilithium3,keygen,39735,0.039735,11.28,0,1952,0,857,liboqs,validator
Dilithium3,keygen,42308,0.042308,11.28,0,1952,0,858,liboqs,validator
Dilithium3,keygen,41145,0.041145,11.28,0,1952,0,859,liboqs,validator
Dilithium3,keygen,40150,0.04015,11.28,0,1952,0,860,liboqs,validator
Dilithium3,keygen,40360,0.04036,11.28,0,1952,0,861,liboqs,validator
Dilithium3,keygen,41887,0.041887,11.28,0,1952,0,862,liboqs,validator
Dilithium3,keygen,39737,0.039737,11.28,0,1952,0,863,liboqs,validator
Dilithium3,keygen,49944,0.049944,11.28,0,1952,0,864,liboqs,validator
Dilithium3,keygen,41732,0.041732,11.28,0,1952,0,865,liboqs,validator
Dilithium3,keygen,41293,0.041293,11.28,0,1952,0,866,liboqs,validator
Dilithium3,keygen,39336,0.039336,11.28,0,1952,0,867,liboqs,validator
Dilithium3,keygen,40137,0.040137,11.28,0,1952,0,868,liboqs,validator
Dilithium3,keygen,40597,0.040597,11.28,0,1952,0,869,liboqs,validator
Dilithium3,keygen,39782,0.039782,11.28,0,1952,0,870,liboqs,validator
Dilithium3,keygen,39463,0.039463,11.28,0,1952,0,871,liboqs,validator
Dilithium3,keygen,96206,0.096206,13.74,0,1952,0,872,liboqs,validator
Dilithium3,keygen,56336,0.056336,13.43,0,1952,0,873,liboqs,validator
Dilithium3,keygen,41599,0.041599,11.22,0,1952,0,874,liboqs,validator
Dilithium3,keygen,41210,0.04121,11.22,0,1952,0,875,liboqs,validator
Dilithium3,keygen,41088,0.041088,11.28,0,1952,0,876,liboqs,validator
Dilithium3,keygen,40004,0.040004,11.28,0,1952,0,877,liboqs,validator
Dilithium3,keygen,39854,0.039854,11.28,0,1952,0,878,liboqs,validator
Dilithium3,keygen,39982,0.039982,11.28,0,1952,0,879,liboqs,validator
Dilithium3,keygen,52350,0.05235,11.28,0,1952,0,880,liboqs,validator
Dilithium3,keygen,47598,0.047598,11.28,0,1952,0,881,liboqs,validator
Dilithium3,keygen,41312,0.041312,11.28,0,1952,0,882,liboqs,validator
Dilithium3,keygen,40823,0.040823,11.28,0,1952,0,883,liboqs,validator
Dilithium3,keygen,42787,0.042787,11.28,0,1952,0,884,liboqs,validator
Dilithium3,keygen,40260,0.04026,11.28,0,1952,0,885,liboqs,validator
Dilithium3,keygen,39379,0.039379,11.28,0,1952,0,886,liboqs,validator
Dilithium3,keygen,41016,0.041016,11.28,0,1952,0,887,liboqs,validator
Dilithium3,keygen,39839,0.039839,11.28,0,1952,0,888,liboqs,validator
Dilithium3,keygen,39666,0.039666,11.28,0,1952,0,889,liboqs,validator
Dilithium3,keygen,44044,0.044044,11.28,0,1952,0,890,liboqs,validator
Dilithium3,keygen,39836,0.039836,11.28,0,1952,0,891,liboqs,validator
Dilithium3,keygen,40511,0.040511,11.28,0,1952,0,892,liboqs,validator
Dilithium3,keygen,40249,0.040249,11.28,0,1952,0,893,liboqs,validator
Dilithium3,keygen,40335,0.040335,11.28,0,1952,0,894,liboqs,validator
Dilithium3,keygen,40834,0.040834,11.28,0,1952,0,895,liboqs,validator
Dilithium3,keygen,42418,0.042418,11.28,0,1952,0,896,liboqs,validator
Dilithium3,keygen,40024,0.040024,11.28,0,1952,0,897,liboqs,validator
Dilithium3,keygen,42024,0.042024,11.28,0,1952,0,898,liboqs,validator
Dilithium3,keygen,42945,0.042945,11.28,0,1952,0,899,liboqs,validator
Dilithium3,keygen,40118,0.040118,11.28,0,1952,0,900,liboqs,validator
Dilithium3,keygen,41145,0.041145,11.28,0,1952,0,901,liboqs,validator
Dilithium3,keygen,39719,0.039719,11.28,0,1952,0,902,liboqs,validator
Dilithium3,keygen,41518,0.041518,11.28,0,1952,0,903,liboqs,validator
Dilithium3,keygen,39923,0.039923,11.28,0,1952,0,904,liboqs,validator
Dilithium3,keygen,42034,0.042034,11.28,0,1952,0,905,liboqs,validator
Dilithium3,keygen,40716,0.040716,11.28,0,1952,0,906,liboqs,validator
Dilithium3,keygen,40116,0.040116,11.28,0,1952,0,907,liboqs,validator
Dilithium3,keygen,40536,0.040536,11.28,0,1952,0,908,liboqs,validator
Dilithium3,keygen,40454,0.040454,11.28,0,1952,0,909,liboqs,validator
Dilithium3,keygen,39560,0.03956,11.28,0,1952,0,910,liboqs,validator
Dilithium3,keygen,40275,0.040275,11.28,0,1952,0,911,liboqs,validator
Dilithium3,keygen,41036,0.041036,11.28,0,1952,0,912,liboqs,validator
Dilithium3,keygen,39778,0.039778,11.28,0,1952,0,913,liboqs,validator
Dilithium3,keygen,40757,0.040757,11.28,0,1952,0,914,liboqs,validator
Dilithium3,keygen,39789,0.039789,11.28,0,1952,0,915,liboqs,validator
Dilithium3,keygen,40883,0.040883,11.28,0,1952,0,916,liboqs,validator
Dilithium3,keygen,40802,0.040802,11.28,0,1952,0,917,liboqs,validator
Dilithium3,keygen,39890,0.03989,11.28,0,1952,0,918,liboqs,validator
Dilithium3,keygen,40420,0.04042,11.28,0,1952,0,919,liboqs,validator
Dilithium3,keygen,40991,0.040991,11.28,0,1952,0,920,liboqs,validator
Dilithium3,keygen,39979,0.039979,11.28,0,1952,0,921,liboqs,validator
Dilithium3,keygen,40472,0.040472,11.28,0,1952,0,922,liboqs,validator
Dilithium3,keygen,40955,0.040955,11.28,0,1952,0,923,liboqs,validator
Dilithium3,keygen,39537,0.039537,11.28,0,1952,0,924,liboqs,validator
Dilithium3,keygen,40266,0.040266,11.28,0,1952,0,925,liboqs,validator
Dilithium3,keygen,40266,0.040266,11.28,0,1952,0,926,liboqs,validator
Dilithium3,keygen,51742,0.051742,11.28,0,1952,0,927,liboqs,validator
Dilithium3,keygen,45370,0.04537,11.28,0,1952,0,928,liboqs,validator
Dilithium3,keygen,40790,0.04079,11.28,0,1952,0,929,liboqs,validator
Dilithium3,keygen,40487,0.040487,11.28,0,1952,0,930,liboqs,validator
Dilithium3,keygen,40635,0.040635,11.28,0,1952,0,931,liboqs,validator
Dilithium3,keygen,61738,0.061738,11.28,0,1952,0,932,liboqs,validator
Dilithium3,keygen,43430,0.04343,11.28,0,1952,0,933,liboqs,validator
Dilithium3,keygen,42036,0.042036,11.28,0,1952,0,934,liboqs,validator
Dilithium3,keygen,41833,0.041833,11.28,0,1952,0,935,liboqs,validator
Dilithium3,keygen,40752,0.040752,11.28,0,1952,0,936,liboqs,validator
Dilithium3,keygen,40577,0.040577,11.28,0,1952,0,937,liboqs,validator
Dilithium3,keygen,41427,0.041427,11.28,0,1952,0,938,liboqs,validator
Dilithium3,keygen,40009,0.040009,11.28,0,1952,0,939,liboqs,validator
Dilithium3,keygen,40723,0.040723,11.28,0,1952,0,940,liboqs,validator
Dilithium3,keygen,50078,0.050078,11.28,0,1952,0,941,liboqs,validator
Dilithium3,keygen,40800,0.0408,11.28,0,1952,0,942,liboqs,validator
Dilithium3,keygen,40570,0.04057,11.28,0,1952,0,943,liboqs,validator
Dilithium3,keygen,40169,0.040169,11.28,0,1952,0,944,liboqs,validator
Dilithium3,keygen,43029,0.043029,11.28,0,1952,0,945,liboqs,validator
Dilithium3,keygen,42410,0.04241,11.28,0,1952,0,946,liboqs,validator
Dilithium3,keygen,40381,0.040381,11.28,0,1952,0,947,liboqs,validator
Dilithium3,keygen,42088,0.042088,11.28,0,1952,0,948,liboqs,validator
Dilithium3,keygen,40205,0.040205,11.28,0,1952,0,949,liboqs,validator
Dilithium3,keygen,42416,0.042416,11.28,0,1952,0,950,liboqs,validator
Dilithium3,keygen,41210,0.04121,11.28,0,1952,0,951,liboqs,validator
Dilithium3,keygen,40563,0.040563,11.28,0,1952,0,952,liboqs,validator
Dilithium3,keygen,40995,0.040995,11.28,0,1952,0,953,liboqs,validator
Dilithium3,keygen,48494,0.048494,11.28,0,1952,0,954,liboqs,validator
Dilithium3,keygen,42266,0.042266,11.28,0,1952,0,955,liboqs,validator
Dilithium3,keygen,40265,0.040265,11.28,0,1952,0,956,liboqs,validator
Dilithium3,keygen,42296,0.042296,11.28,0,1952,0,957,liboqs,validator
Dilithium3,keygen,41793,0.041793,11.28,0,1952,0,958,liboqs,validator
Dilithium3,keygen,39742,0.039742,11.28,0,1952,0,959,liboqs,validator
Dilithium3,keygen,40081,0.040081,11.28,0,1952,0,960,liboqs,validator
Dilithium3,keygen,113016,0.113016,11.28,0,1952,0,961,liboqs,validator
Dilithium3,keygen,95238,0.095238,11.28,0,1952,0,962,liboqs,validator
Dilithium3,keygen,58670,0.05867,11.28,0,1952,0,963,liboqs,validator
Dilithium3,keygen,53489,0.053489,11.28,0,1952,0,964,liboqs,validator
Dilithium3,keygen,42085,0.042085,11.28,0,1952,0,965,liboqs,validator
Dilithium3,keygen,42189,0.042189,11.28,0,1952,0,966,liboqs,validator
Dilithium3,keygen,41139,0.041139,11.28,0,1952,0,967,liboqs,validator
Dilithium3,keygen,44038,0.044038,11.28,0,1952,0,968,liboqs,validator
Dilithium3,keygen,41398,0.041398,11.28,0,1952,0,969,liboqs,validator
Dilithium3,keygen,52614,0.052614,11.28,0,1952,0,970,liboqs,validator
Dilithium3,keygen,46537,0.046537,11.28,0,1952,0,971,liboqs,validator
Dilithium3,keygen,43195,0.043195,11.28,0,1952,0,972,liboqs,validator
Dilithium3,keygen,45263,0.045263,11.28,0,1952,0,973,liboqs,validator
Dilithium3,keygen,41031,0.041031,11.28,0,1952,0,974,liboqs,validator
Dilithium3,keygen,40600,0.0406,11.28,0,1952,0,975,liboqs,validator
Dilithium3,keygen,41794,0.041794,11.28,0,1952,0,976,liboqs,validator
Dilithium3,keygen,40846,0.040846,11.28,0,1952,0,977,liboqs,validator
Dilithium3,keygen,40715,0.040715,11.28,0,1952,0,978,liboqs,validator
Dilithium3,keygen,39441,0.039441,11.28,0,1952,0,979,liboqs,validator
Dilithium3,keygen,39862,0.039862,11.28,0,1952,0,980,liboqs,validator
Dilithium3,keygen,41251,0.041251,11.28,0,1952,0,981,liboqs,validator
Dilithium3,keygen,40052,0.040052,11.28,0,1952,0,982,liboqs,validator
Dilithium3,keygen,42111,0.042111,11.28,0,1952,0,983,liboqs,validator
Dilithium3,keygen,43901,0.043901,11.28,0,1952,0,984,liboqs,validator
Dilithium3,keygen,39925,0.039925,11.28,0,1952,0,985,liboqs,validator
Dilithium3,keygen,40175,0.040175,11.28,0,1952,0,986,liboqs,validator
Dilithium3,keygen,41460,0.04146,11.28,0,1952,0,987,liboqs,validator
Dilithium3,keygen,40319,0.040319,11.28,0,1952,0,988,liboqs,validator
Dilithium3,keygen,39794,0.039794,11.28,0,1952,0,989,liboqs,validator
Dilithium3,keygen,39634,0.039634,11.28,0,1952,0,990,liboqs,validator
Dilithium3,keygen,39700,0.0397,11.28,0,1952,0,991,liboqs,validator
Dilithium3,keygen,39697,0.039697,11.28,0,1952,0,992,liboqs,validator
Dilithium3,keygen,54745,0.054745,11.28,0,1952,0,993,liboqs,validator
Dilithium3,keygen,46112,0.046112,11.28,0,1952,0,994,liboqs,validator
Dilithium3,keygen,42441,0.042441,11.28,0,1952,0,995,liboqs,validator
Dilithium3,keygen,41195,0.041195,11.28,0,1952,0,996,liboqs,validator
Dilithium3,keygen,41629,0.041629,11.28,0,1952,0,997,liboqs,validator
Dilithium3,keygen,40717,0.040717,11.28,0,1952,0,998,liboqs,validator
Dilithium3,keygen,39220,0.03922,11.28,0,1952,0,999,liboqs,validator
Dilithium3,sign,225984,0.225984,16.01,256,1952,3309,0,liboqs,validator
Dilithium3,sign,199245,0.199245,12.37,256,1952,3309,1,liboqs,validator
Dilithium3,sign,103712,0.103712,12.37,256,1952,3309,2,liboqs,validator
Dilithium3,sign,77267,0.077267,12.43,256,1952,3309,3,liboqs,validator
Dilithium3,sign,114513,0.114513,12.43,256,1952,3309,4,liboqs,validator
Dilithium3,sign,84010,0.08401,12.43,256,1952,3309,5,liboqs,validator
Dilithium3,sign,68312,0.068312,12.43,256,1952,3309,6,liboqs,validator
Dilithium3,sign,50090,0.05009,12.43,256,1952,3309,7,liboqs,validator
Dilithium3,sign,122483,0.122483,12.43,256,1952,3309,8,liboqs,validator
Dilithium3,sign,66112,0.066112,12.43,256,1952,3309,9,liboqs,validator
Dilithium3,sign,59742,0.059742,12.43,256,1952,3309,10,liboqs,validator
Dilithium3,sign,56403,0.056403,12.43,256,1952,3309,11,liboqs,validator
Dilithium3,sign,82301,0.082301,12.43,256,1952,3309,12,liboqs,validator
Dilithium3,sign,57024,0.057024,12.43,256,1952,3309,13,liboqs,validator
Dilithium3,sign,47160,0.04716,12.43,256,1952,3309,14,liboqs,validator
Dilithium3,sign,82924,0.082924,12.43,256,1952,3309,15,liboqs,validator
Dilithium3,sign,76714,0.076714,12.43,256,1952,3309,16,liboqs,validator
Dilithium3,sign,47276,0.047276,12.43,256,1952,3309,17,liboqs,validator
Dilithium3,sign,65990,0.06599,12.43,256,1952,3309,18,liboqs,validator
Dilithium3,sign,66216,0.066216,12.43,256,1952,3309,19,liboqs,validator
Dilithium3,sign,67007,0.067007,12.43,256,1952,3309,20,liboqs,validator
Dilithium3,sign,154446,0.154446,12.43,256,1952,3309,21,liboqs,validator
Dilithium3,sign,49713,0.049713,12.43,256,1952,3309,22,liboqs,validator
Dilithium3,sign,176886,0.176886,12.43,256,1952,3309,23,liboqs,validator
Dilithium3,sign,58970,0.05897,12.43,256,1952,3309,24,liboqs,validator
Dilithium3,sign,48371,0.048371,12.43,256,1952,3309,25,liboqs,validator
Dilithium3,sign,56881,0.056881,12.43,256,1952,3309,26,liboqs,validator
Dilithium3,sign,77463,0.077463,12.43,256,1952,3309,27,liboqs,validator
Dilithium3,sign,72477,0.072477,12.43,256,1952,3309,28,liboqs,validator
Dilithium3,sign,85678,0.085678,12.43,256,1952,3309,29,liboqs,validator
Dilithium3,sign,67227,0.067227,12.43,256,1952,3309,30,liboqs,validator
Dilithium3,sign,70219,0.070219,12.43,256,1952,3309,31,liboqs,validator
Dilithium3,sign,102139,0.102139,12.43,256,1952,3309,32,liboqs,validator
Dilithium3,sign,65258,0.065258,12.43,256,1952,3309,33,liboqs,validator
Dilithium3,sign,73231,0.073231,12.43,256,1952,3309,34,liboqs,validator
Dilithium3,sign,79717,0.079717,12.43,256,1952,3309,35,liboqs,validator
Dilithium3,sign,49416,0.049416,12.43,256,1952,3309,36,liboqs,validator
Dilithium3,sign,138348,0.138348,12.43,256,1952,3309,37,liboqs,validator
Dilithium3,sign,48833,0.048833,12.43,256,1952,3309,38,liboqs,validator
Dilithium3,sign,92729,0.092729,12.43,256,1952,3309,39,liboqs,validator
Dilithium3,sign,55856,0.055856,12.43,256,1952,3309,40,liboqs,validator
Dilithium3,sign,57717,0.057717,12.43,256,1952,3309,41,liboqs,validator
Dilithium3,sign,96863,0.096863,12.43,256,1952,3309,42,liboqs,validator
Dilithium3,sign,72765,0.072765,12.43,256,1952,3309,43,liboqs,validator
Dilithium3,sign,105765,0.105765,12.43,256,1952,3309,44,liboqs,validator
Dilithium3,sign,119740,0.11974,12.43,256,1952,3309,45,liboqs,validator
Dilithium3,sign,48605,0.048605,12.43,256,1952,3309,46,liboqs,validator
Dilithium3,sign,57028,0.057028,12.43,256,1952,3309,47,liboqs,validator
Dilithium3,sign,68310,0.06831,12.43,256,1952,3309,48,liboqs,validator
Dilithium3,sign,139966,0.139966,12.43,256,1952,3309,49,liboqs,validator
Dilithium3,sign,53638,0.053638,12.43,256,1952,3309,50,liboqs,validator
Dilithium3,sign,65860,0.06586,12.43,256,1952,3309,51,liboqs,validator
Dilithium3,sign,73728,0.073728,12.43,256,1952,3309,52,liboqs,validator
Dilithium3,sign,47669,0.047669,12.43,256,1952,3309,53,liboqs,validator
Dilithium3,sign,276941,0.276941,12.43,256,1952,3309,54,liboqs,validator
Dilithium3,sign,102589,0.102589,12.43,256,1952,3309,55,liboqs,validator
Dilithium3,sign,65259,0.065259,12.43,256,1952,3309,56,liboqs,validator
Dilithium3,sign,65147,0.065147,12.43,256,1952,3309,57,liboqs,validator
Dilithium3,sign,48337,0.048337,12.43,256,1952,3309,58,liboqs,validator
Dilithium3,sign,47064,0.047064,12.43,256,1952,3309,59,liboqs,validator
Dilithium3,sign,58900,0.0589,12.43,256,1952,3309,60,liboqs,validator
Dilithium3,sign,48250,0.04825,12.43,256,1952,3309,61,liboqs,validator
Dilithium3,sign,171592,0.171592,12.43,256,1952,3309,62,liboqs,validator
Dilithium3,sign,49346,0.049346,12.43,256,1952,3309,63,liboqs,validator
Dilithium3,sign,50425,0.050425,12.43,256,1952,3309,64,liboqs,validator
Dilithium3,sign,62709,0.062709,12.43,256,1952,3309,65,liboqs,validator
Dilithium3,sign,74154,0.074154,12.43,256,1952,3309,66,liboqs,validator
Dilithium3,sign,84894,0.084894,12.43,256,1952,3309,67,liboqs,validator
Dilithium3,sign,93048,0.093048,12.43,256,1952,3309,68,liboqs,validator
Dilithium3,sign,49220,0.04922,12.43,256,1952,3309,69,liboqs,validator
Dilithium3,sign,75347,0.075347,12.43,256,1952,3309,70,liboqs,validator
Dilithium3,sign,46824,0.046824,12.43,256,1952,3309,71,liboqs,validator
Dilithium3,sign,84346,0.084346,12.43,256,1952,3309,72,liboqs,validator
Dilithium3,sign,92321,0.092321,12.43,256,1952,3309,73,liboqs,validator
Dilithium3,sign,47309,0.047309,12.43,256,1952,3309,74,liboqs,validator
Dilithium3,sign,47944,0.047944,12.43,256,1952,3309,75,liboqs,validator
Dilithium3,sign,119578,0.119578,12.43,256,1952,3309,76,liboqs,validator
Dilithium3,sign,491026,0.491026,12.43,256,1952,3309,77,liboqs,validator
Dilithium3,sign,101569,0.101569,12.43,256,1952,3309,78,liboqs,validator
Dilithium3,sign,53742,0.053742,12.43,256,1952,3309,79,liboqs,validator
Dilithium3,sign,133196,0.133196,12.43,256,1952,3309,80,liboqs,validator
Dilithium3,sign,49878,0.049878,12.43,256,1952,3309,81,liboqs,validator
Dilithium3,sign,120014,0.120014,12.43,256,1952,3309,82,liboqs,validator
Dilithium3,sign,101434,0.101434,12.43,256,1952,3309,83,liboqs,validator
Dilithium3,sign,67437,0.067437,12.43,256,1952,3309,84,liboqs,validator
Dilithium3,sign,116579,0.116579,12.43,256,1952,3309,85,liboqs,validator
Dilithium3,sign,102079,0.102079,12.43,256,1952,3309,86,liboqs,validator
Dilithium3,sign,64487,0.064487,12.43,256,1952,3309,87,liboqs,validator
Dilithium3,sign,78430,0.07843,12.43,256,1952,3309,88,liboqs,validator
Dilithium3,sign,199279,0.199279,12.43,256,1952,3309,89,liboqs,validator
Dilithium3,sign,75267,0.075267,12.43,256,1952,3309,90,liboqs,validator
Dilithium3,sign,48934,0.048934,12.43,256,1952,3309,91,liboqs,validator
Dilithium3,sign,55465,0.055465,12.43,256,1952,3309,92,liboqs,validator
Dilithium3,sign,66650,0.06665,12.43,256,1952,3309,93,liboqs,validator
Dilithium3,sign,67610,0.06761,12.43,256,1952,3309,94,liboqs,validator
Dilithium3,sign,57921,0.057921,12.43,256,1952,3309,95,liboqs,validator
Dilithium3,sign,94602,0.094602,12.43,256,1952,3309,96,liboqs,validator
Dilithium3,sign,116449,0.116449,12.43,256,1952,3309,97,liboqs,validator
Dilithium3,sign,66107,0.066107,12.43,256,1952,3309,98,liboqs,validator
Dilithium3,sign,48562,0.048562,12.43,256,1952,3309,99,liboqs,validator
Dilithium3,sign,48663,0.048663,12.43,256,1952,3309,100,liboqs,validator
Dilithium3,sign,48591,0.048591,12.43,256,1952,3309,101,liboqs,validator
Dilithium3,sign,64504,0.064504,12.43,256,1952,3309,102,liboqs,validator
Dilithium3,sign,149764,0.149764,12.43,256,1952,3309,103,liboqs,validator
Dilithium3,sign,63595,0.063595,12.43,256,1952,3309,104,liboqs,validator
Dilithium3,sign,101610,0.10161,12.43,256,1952,3309,105,liboqs,validator
Dilithium3,sign,64173,0.064173,12.43,256,1952,3309,106,liboqs,validator
Dilithium3,sign,76710,0.07671,12.43,256,1952,3309,107,liboqs,validator
Dilithium3,sign,124665,0.124665,12.43,256,1952,3309,108,liboqs,validator
Dilithium3,sign,64773,0.064773,12.43,256,1952,3309,109,liboqs,validator
Dilithium3,sign,59162,0.059162,12.43,256,1952,3309,110,liboqs,validator
Dilithium3,sign,58314,0.058314,12.43,256,1952,3309,111,liboqs,validator
Dilithium3,sign,83955,0.083955,12.43,256,1952,3309,112,liboqs,validator
Dilithium3,sign,57298,0.057298,12.43,256,1952,3309,113,liboqs,validator
Dilithium3,sign,67965,0.067965,12.43,256,1952,3309,114,liboqs,validator
Dilithium3,sign,46903,0.046903,12.43,256,1952,3309,115,liboqs,validator
Dilithium3,sign,66349,0.066349,12.43,256,1952,3309,116,liboqs,validator
Dilithium3,sign,76641,0.076641,12.43,256,1952,3309,117,liboqs,validator
Dilithium3,sign,116511,0.116511,12.43,256,1952,3309,118,liboqs,validator
Dilithium3,sign,57669,0.057669,12.43,256,1952,3309,119,liboqs,validator
Dilithium3,sign,46337,0.046337,12.43,256,1952,3309,120,liboqs,validator
Dilithium3,sign,139997,0.139997,12.43,256,1952,3309,121,liboqs,validator
Dilithium3,sign,61290,0.06129,12.43,256,1952,3309,122,liboqs,validator
Dilithium3,sign,190639,0.190639,12.43,256,1952,3309,123,liboqs,validator
Dilithium3,sign,88518,0.088518,12.43,256,1952,3309,124,liboqs,validator
Dilithium3,sign,50733,0.050733,12.43,256,1952,3309,125,liboqs,validator
Dilithium3,sign,97488,0.097488,12.43,256,1952,3309,126,liboqs,validator
Dilithium3,sign,127016,0.127016,12.43,256,1952,3309,127,liboqs,validator
Dilithium3,sign,48241,0.048241,12.43,256,1952,3309,128,liboqs,validator
Dilithium3,sign,57730,0.05773,12.43,256,1952,3309,129,liboqs,validator
Dilithium3,sign,56621,0.056621,12.43,256,1952,3309,130,liboqs,validator
Dilithium3,sign,64515,0.064515,12.43,256,1952,3309,131,liboqs,validator
Dilithium3,sign,54313,0.054313,12.43,256,1952,3309,132,liboqs,validator
Dilithium3,sign,57481,0.057481,12.43,256,1952,3309,133,liboqs,validator
Dilithium3,sign,60292,0.060292,12.43,256,1952,3309,134,liboqs,validator
Dilithium3,sign,132609,0.132609,12.43,256,1952,3309,135,liboqs,validator
Dilithium3,sign,85591,0.085591,12.43,256,1952,3309,136,liboqs,validator
Dilithium3,sign,49156,0.049156,12.43,256,1952,3309,137,liboqs,validator
Dilithium3,sign,84111,0.084111,12.43,256,1952,3309,138,liboqs,validator
Dilithium3,sign,81501,0.081501,12.43,256,1952,3309,139,liboqs,validator
Dilithium3,sign,66522,0.066522,12.43,256,1952,3309,140,liboqs,validator
Dilithium3,sign,86493,0.086493,12.43,256,1952,3309,141,liboqs,validator
Dilithium3,sign,65201,0.065201,12.43,256,1952,3309,142,liboqs,validator
Dilithium3,sign,83731,0.083731,12.43,256,1952,3309,143,liboqs,validator
Dilithium3,sign,93508,0.093508,12.43,256,1952,3309,144,liboqs,validator
Dilithium3,sign,94560,0.09456,12.43,256,1952,3309,145,liboqs,validator
Dilithium3,sign,51612,0.051612,12.43,256,1952,3309,146,liboqs,validator
Dilithium3,sign,50808,0.050808,12.43,256,1952,3309,147,liboqs,validator
Dilithium3,sign,127540,0.12754,12.43,256,1952,3309,148,liboqs,validator
Dilithium3,sign,75706,0.075706,12.43,256,1952,3309,149,liboqs,validator
Dilithium3,sign,176503,0.176503,12.43,256,1952,3309,150,liboqs,validator
Dilithium3,sign,48656,0.048656,12.43,256,1952,3309,151,liboqs,validator
Dilithium3,sign,51882,0.051882,12.43,256,1952,3309,152,liboqs,validator
Dilithium3,sign,185873,0.185873,12.43,256,1952,3309,153,liboqs,validator
Dilithium3,sign,72411,0.072411,12.43,256,1952,3309,154,liboqs,validator
Dilithium3,sign,56926,0.056926,12.43,256,1952,3309,155,liboqs,validator
Dilithium3,sign,72386,0.072386,12.43,256,1952,3309,156,liboqs,validator
Dilithium3,sign,64277,0.064277,12.43,256,1952,3309,157,liboqs,validator
Dilithium3,sign,155452,0.155452,12.43,256,1952,3309,158,liboqs,validator
Dilithium3,sign,67555,0.067555,12.43,256,1952,3309,159,liboqs,validator
Dilithium3,sign,51250,0.05125,12.43,256,1952,3309,160,liboqs,validator
Dilithium3,sign,100549,0.100549,12.43,256,1952,3309,161,liboqs,validator
Dilithium3,sign,65488,0.065488,12.43,256,1952,3309,162,liboqs,validator
Dilithium3,sign,59812,0.059812,12.43,256,1952,3309,163,liboqs,validator
Dilithium3,sign,83341,0.083341,12.43,256,1952,3309,164,liboqs,validator
Dilithium3,sign,76285,0.076285,12.43,256,1952,3309,165,liboqs,validator
Dilithium3,sign,82191,0.082191,12.43,256,1952,3309,166,liboqs,validator
Dilithium3,sign,86746,0.086746,12.43,256,1952,3309,167,liboqs,validator
Dilithium3,sign,83394,0.083394,12.43,256,1952,3309,168,liboqs,validator
Dilithium3,sign,76915,0.076915,12.43,256,1952,3309,169,liboqs,validator
Dilithium3,sign,175766,0.175766,12.43,256,1952,3309,170,liboqs,validator
Dilithium3,sign,89164,0.089164,12.43,256,1952,3309,171,liboqs,validator
Dilithium3,sign,59738,0.059738,12.43,256,1952,3309,172,liboqs,validator
Dilithium3,sign,76085,0.076085,12.43,256,1952,3309,173,liboqs,validator
Dilithium3,sign,76739,0.076739,12.43,256,1952,3309,174,liboqs,validator
Dilithium3,sign,222109,0.222109,12.43,256,1952,3309,175,liboqs,validator
Dilithium3,sign,52375,0.052375,12.43,256,1952,3309,176,liboqs,validator
Dilithium3,sign,90067,0.090067,12.43,256,1952,3309,177,liboqs,validator
Dilithium3,sign,82531,0.082531,12.43,256,1952,3309,178,liboqs,validator
Dilithium3,sign,87423,0.087423,12.43,256,1952,3309,179,liboqs,validator
Dilithium3,sign,99325,0.099325,12.43,256,1952,3309,180,liboqs,validator
Dilithium3,sign,60080,0.06008,12.43,256,1952,3309,181,liboqs,validator
Dilithium3,sign,57872,0.057872,12.43,256,1952,3309,182,liboqs,validator
Dilithium3,sign,101867,0.101867,12.43,256,1952,3309,183,liboqs,validator
Dilithium3,sign,47478,0.047478,12.43,256,1952,3309,184,liboqs,validator
Dilithium3,sign,57574,0.057574,12.43,256,1952,3309,185,liboqs,validator
Dilithium3,sign,117077,0.117077,12.43,256,1952,3309,186,liboqs,validator
Dilithium3,sign,108085,0.108085,12.43,256,1952,3309,187,liboqs,validator
Dilithium3,sign,84089,0.084089,12.43,256,1952,3309,188,liboqs,validator
Dilithium3,sign,58637,0.058637,12.43,256,1952,3309,189,liboqs,validator
Dilithium3,sign,50653,0.050653,12.43,256,1952,3309,190,liboqs,validator
Dilithium3,sign,49749,0.049749,12.43,256,1952,3309,191,liboqs,validator
Dilithium3,sign,63430,0.06343,12.43,256,1952,3309,192,liboqs,validator
Dilithium3,sign,66226,0.066226,12.43,256,1952,3309,193,liboqs,validator
Dilithium3,sign,67955,0.067955,12.43,256,1952,3309,194,liboqs,validator
Dilithium3,sign,57419,0.057419,12.43,256,1952,3309,195,liboqs,validator
Dilithium3,sign,89684,0.089684,12.43,256,1952,3309,196,liboqs,validator
Dilithium3,sign,123092,0.123092,12.43,256,1952,3309,197,liboqs,validator
Dilithium3,sign,81233,0.081233,12.43,256,1952,3309,198,liboqs,validator
Dilithium3,sign,92657,0.092657,12.43,256,1952,3309,199,liboqs,validator
Dilithium3,sign,83276,0.083276,12.43,256,1952,3309,200,liboqs,validator
Dilithium3,sign,55622,0.055622,12.43,256,1952,3309,201,liboqs,validator
Dilithium3,sign,56913,0.056913,12.43,256,1952,3309,202,liboqs,validator
Dilithium3,sign,124989,0.124989,12.43,256,1952,3309,203,liboqs,validator
Dilithium3,sign,96220,0.09622,12.43,256,1952,3309,204,liboqs,validator
Dilithium3,sign,110198,0.110198,12.43,256,1952,3309,205,liboqs,validator
Dilithium3,sign,103396,0.103396,12.43,256,1952,3309,206,liboqs,validator
Dilithium3,sign,56125,0.056125,12.43,256,1952,3309,207,liboqs,validator
Dilithium3,sign,143140,0.14314,12.43,256,1952,3309,208,liboqs,validator
Dilithium3,sign,145176,0.145176,14.64,256,1952,3309,209,liboqs,validator
Dilithium3,sign,103024,0.103024,12.43,256,1952,3309,210,liboqs,validator
Dilithium3,sign,80933,0.080933,12.43,256,1952,3309,211,liboqs,validator
Dilithium3,sign,104486,0.104486,12.43,256,1952,3309,212,liboqs,validator
Dilithium3,sign,156780,0.15678,12.43,256,1952,3309,213,liboqs,validator
Dilithium3,sign,97249,0.097249,12.43,256,1952,3309,214,liboqs,validator
Dilithium3,sign,178216,0.178216,12.43,256,1952,3309,215,liboqs,validator
Dilithium3,sign,55426,0.055426,12.43,256,1952,3309,216,liboqs,validator
Dilithium3,sign,56010,0.05601,12.43,256,1952,3309,217,liboqs,validator
Dilithium3,sign,125861,0.125861,12.43,256,1952,3309,218,liboqs,validator
Dilithium3,sign,46705,0.046705,12.43,256,1952,3309,219,liboqs,validator
Dilithium3,sign,76157,0.076157,12.43,256,1952,3309,220,liboqs,validator
Dilithium3,sign,62819,0.062819,12.43,256,1952,3309,221,liboqs,validator
Dilithium3,sign,83850,0.08385,12.43,256,1952,3309,222,liboqs,validator
Dilithium3,sign,64450,0.06445,12.43,256,1952,3309,223,liboqs,validator
Dilithium3,sign,75487,0.075487,12.43,256,1952,3309,224,liboqs,validator
Dilithium3,sign,63814,0.063814,12.43,256,1952,3309,225,liboqs,validator
Dilithium3,sign,55639,0.055639,12.43,256,1952,3309,226,liboqs,validator
Dilithium3,sign,66706,0.066706,12.43,256,1952,3309,227,liboqs,validator
Dilithium3,sign,62044,0.062044,12.43,256,1952,3309,228,liboqs,validator
Dilithium3,sign,155202,0.155202,12.43,256,1952,3309,229,liboqs,validator
Dilithium3,sign,124997,0.124997,12.43,256,1952,3309,230,liboqs,validator
Dilithium3,sign,66237,0.066237,12.43,256,1952,3309,231,liboqs,validator
Dilithium3,sign,73371,0.073371,12.43,256,1952,3309,232,liboqs,validator
Dilithium3,sign,59120,0.05912,12.43,256,1952,3309,233,liboqs,validator
Dilithium3,sign,74978,0.074978,12.43,256,1952,3309,234,liboqs,validator
Dilithium3,sign,77535,0.077535,12.43,256,1952,3309,235,liboqs,validator
Dilithium3,sign,48523,0.048523,12.43,256,1952,3309,236,liboqs,validator
Dilithium3,sign,162410,0.16241,12.43,256,1952,3309,237,liboqs,validator
Dilithium3,sign,171189,0.171189,12.43,256,1952,3309,238,liboqs,validator
Dilithium3,sign,48732,0.048732,12.43,256,1952,3309,239,liboqs,validator
Dilithium3,sign,101254,0.101254,12.43,256,1952,3309,240,liboqs,validator
Dilithium3,sign,62158,0.062158,12.43,256,1952,3309,241,liboqs,validator
Dilithium3,sign,77558,0.077558,12.43,256,1952,3309,242,liboqs,validator
Dilithium3,sign,72928,0.072928,12.43,256,1952,3309,243,liboqs,validator
Dilithium3,sign,90279,0.090279,12.43,256,1952,3309,244,liboqs,validator
Dilithium3,sign,113308,0.113308,12.43,256,1952,3309,245,liboqs,validator
Dilithium3,sign,75998,0.075998,12.43,256,1952,3309,246,liboqs,validator
Dilithium3,sign,104712,0.104712,12.43,256,1952,3309,247,liboqs,validator
Dilithium3,sign,56086,0.056086,12.43,256,1952,3309,248,liboqs,validator
Dilithium3,sign,83366,0.083366,12.43,256,1952,3309,249,liboqs,validator
Dilithium3,sign,65198,0.065198,12.43,256,1952,3309,250,liboqs,validator
Dilithium3,sign,75763,0.075763,12.43,256,1952,3309,251,liboqs,validator
Dilithium3,sign,116270,0.11627,12.43,256,1952,3309,252,liboqs,validator
Dilithium3,sign,73079,0.073079,12.43,256,1952,3309,253,liboqs,validator
Dilithium3,sign,80238,0.080238,12.43,256,1952,3309,254,liboqs,validator
Dilithium3,sign,151969,0.151969,12.43,256,1952,3309,255,liboqs,validator
Dilithium3,sign,89341,0.089341,12.43,256,1952,3309,256,liboqs,validator
Dilithium3,sign,125087,0.125087,12.43,256,1952,3309,257,liboqs,validator
Dilithium3,sign,51047,0.051047,12.43,256,1952,3309,258,liboqs,validator
Dilithium3,sign,110385,0.110385,12.43,256,1952,3309,259,liboqs,validator
Dilithium3,sign,91922,0.091922,12.43,256,1952,3309,260,liboqs,validator
Dilithium3,sign,74235,0.074235,12.43,256,1952,3309,261,liboqs,validator
Dilithium3,sign,49503,0.049503,12.43,256,1952,3309,262,liboqs,validator
Dilithium3,sign,47649,0.047649,12.43,256,1952,3309,263,liboqs,validator
Dilithium3,sign,48268,0.048268,12.43,256,1952,3309,264,liboqs,validator
Dilithium3,sign,68495,0.068495,12.43,256,1952,3309,265,liboqs,validator
Dilithium3,sign,55282,0.055282,12.43,256,1952,3309,266,liboqs,validator
Dilithium3,sign,88339,0.088339,12.43,256,1952,3309,267,liboqs,validator
Dilithium3,sign,136576,0.136576,12.43,256,1952,3309,268,liboqs,validator
Dilithium3,sign,57530,0.05753,12.43,256,1952,3309,269,liboqs,validator
Dilithium3,sign,142193,0.142193,12.43,256,1952,3309,270,liboqs,validator
Dilithium3,sign,74790,0.07479,12.43,256,1952,3309,271,liboqs,validator
Dilithium3,sign,83511,0.083511,12.43,256,1952,3309,272,liboqs,validator
Dilithium3,sign,55598,0.055598,12.43,256,1952,3309,273,liboqs,validator
Dilithium3,sign,121690,0.12169,12.43,256,1952,3309,274,liboqs,validator
Dilithium3,sign,161294,0.161294,12.43,256,1952,3309,275,liboqs,validator
Dilithium3,sign,87790,0.08779,12.43,256,1952,3309,276,liboqs,validator
Dilithium3,sign,110448,0.110448,12.43,256,1952,3309,277,liboqs,validator
Dilithium3,sign,73103,0.073103,12.43,256,1952,3309,278,liboqs,validator
Dilithium3,sign,67153,0.067153,12.43,256,1952,3309,279,liboqs,validator
Dilithium3,sign,46672,0.046672,12.43,256,1952,3309,280,liboqs,validator
Dilithium3,sign,109573,0.109573,12.43,256,1952,3309,281,liboqs,validator
Dilithium3,sign,47848,0.047848,12.43,256,1952,3309,282,liboqs,validator
Dilithium3,sign,47802,0.047802,12.43,256,1952,3309,283,liboqs,validator
Dilithium3,sign,73773,0.073773,12.43,256,1952,3309,284,liboqs,validator
Dilithium3,sign,70803,0.070803,12.43,256,1952,3309,285,liboqs,validator
Dilithium3,sign,50738,0.050738,12.43,256,1952,3309,286,liboqs,validator
Dilithium3,sign,216638,0.216638,12.43,256,1952,3309,287,liboqs,validator
Dilithium3,sign,101989,0.101989,12.43,256,1952,3309,288,liboqs,validator
Dilithium3,sign,59466,0.059466,12.43,256,1952,3309,289,liboqs,validator
Dilithium3,sign,68520,0.06852,12.43,256,1952,3309,290,liboqs,validator
Dilithium3,sign,65429,0.065429,12.43,256,1952,3309,291,liboqs,validator
Dilithium3,sign,64769,0.064769,12.43,256,1952,3309,292,liboqs,validator
Dilithium3,sign,91158,0.091158,12.43,256,1952,3309,293,liboqs,validator
Dilithium3,sign,84409,0.084409,12.43,256,1952,3309,294,liboqs,validator
Dilithium3,sign,91475,0.091475,12.43,256,1952,3309,295,liboqs,validator
Dilithium3,sign,131110,0.13111,12.43,256,1952,3309,296,liboqs,validator
Dilithium3,sign,188814,0.188814,12.43,256,1952,3309,297,liboqs,validator
Dilithium3,sign,69922,0.069922,12.43,256,1952,3309,298,liboqs,validator
Dilithium3,sign,110461,0.110461,12.43,256,1952,3309,299,liboqs,validator
Dilithium3,sign,176929,0.176929,12.43,256,1952,3309,300,liboqs,validator
Dilithium3,sign,156742,0.156742,12.43,256,1952,3309,301,liboqs,validator
Dilithium3,sign,91844,0.091844,12.43,256,1952,3309,302,liboqs,validator
Dilithium3,sign,64859,0.064859,12.43,256,1952,3309,303,liboqs,validator
Dilithium3,sign,56286,0.056286,12.43,256,1952,3309,304,liboqs,validator
Dilithium3,sign,92800,0.0928,12.43,256,1952,3309,305,liboqs,validator
Dilithium3,sign,51841,0.051841,12.43,256,1952,3309,306,liboqs,validator
Dilithium3,sign,55933,0.055933,12.43,256,1952,3309,307,liboqs,validator
Dilithium3,sign,74116,0.074116,12.43,256,1952,3309,308,liboqs,validator
Dilithium3,sign,82243,0.082243,12.43,256,1952,3309,309,liboqs,validator
Dilithium3,sign,92744,0.092744,12.43,256,1952,3309,310,liboqs,validator
Dilithium3,sign,46651,0.046651,12.43,256,1952,3309,311,liboqs,validator
Dilithium3,sign,47406,0.047406,12.43,256,1952,3309,312,liboqs,validator
Dilithium3,sign,65426,0.065426,12.43,256,1952,3309,313,liboqs,validator
Dilithium3,sign,74295,0.074295,12.43,256,1952,3309,314,liboqs,validator
Dilithium3,sign,85944,0.085944,12.43,256,1952,3309,315,liboqs,validator
Dilithium3,sign,69765,0.069765,12.43,256,1952,3309,316,liboqs,validator
Dilithium3,sign,110329,0.110329,12.43,256,1952,3309,317,liboqs,validator
Dilithium3,sign,48692,0.048692,12.43,256,1952,3309,318,liboqs,validator
Dilithium3,sign,59312,0.059312,12.43,256,1952,3309,319,liboqs,validator
Dilithium3,sign,159322,0.159322,12.43,256,1952,3309,320,liboqs,validator
Dilithium3,sign,63359,0.063359,12.43,256,1952,3309,321,liboqs,validator
Dilithium3,sign,118871,0.118871,12.43,256,1952,3309,322,liboqs,validator
Dilithium3,sign,72615,0.072615,12.43,256,1952,3309,323,liboqs,validator
Dilithium3,sign,46407,0.046407,12.43,256,1952,3309,324,liboqs,validator
Dilithium3,sign,267918,0.267918,12.43,256,1952,3309,325,liboqs,validator
Dilithium3,sign,46356,0.046356,12.43,256,1952,3309,326,liboqs,validator
Dilithium3,sign,90200,0.0902,12.43,256,1952,3309,327,liboqs,validator
Dilithium3,sign,123389,0.123389,12.43,256,1952,3309,328,liboqs,validator
Dilithium3,sign,174086,0.174086,12.43,256,1952,3309,329,liboqs,validator
Dilithium3,sign,137629,0.137629,12.43,256,1952,3309,330,liboqs,validator
Dilithium3,sign,70855,0.070855,12.43,256,1952,3309,331,liboqs,validator
Dilithium3,sign,147407,0.147407,12.43,256,1952,3309,332,liboqs,validator
Dilithium3,sign,66034,0.066034,12.43,256,1952,3309,333,liboqs,validator
Dilithium3,sign,162112,0.162112,12.43,256,1952,3309,334,liboqs,validator
Dilithium3,sign,82328,0.082328,12.43,256,1952,3309,335,liboqs,validator
Dilithium3,sign,47480,0.04748,12.43,256,1952,3309,336,liboqs,validator
Dilithium3,sign,99202,0.099202,12.43,256,1952,3309,337,liboqs,validator
Dilithium3,sign,55324,0.055324,12.43,256,1952,3309,338,liboqs,validator
Dilithium3,sign,55956,0.055956,12.43,256,1952,3309,339,liboqs,validator
Dilithium3,sign,192210,0.19221,12.43,256,1952,3309,340,liboqs,validator
Dilithium3,sign,46815,0.046815,12.43,256,1952,3309,341,liboqs,validator
Dilithium3,sign,93878,0.093878,12.43,256,1952,3309,342,liboqs,validator
Dilithium3,sign,86260,0.08626,12.43,256,1952,3309,343,liboqs,validator
Dilithium3,sign,46706,0.046706,12.43,256,1952,3309,344,liboqs,validator
Dilithium3,sign,190881,0.190881,12.43,256,1952,3309,345,liboqs,validator
Dilithium3,sign,113349,0.113349,12.43,256,1952,3309,346,liboqs,validator
Dilithium3,sign,82812,0.082812,12.43,256,1952,3309,347,liboqs,validator
Dilithium3,sign,49048,0.049048,12.43,256,1952,3309,348,liboqs,validator
Dilithium3,sign,100111,0.100111,12.43,256,1952,3309,349,liboqs,validator
Dilithium3,sign,54562,0.054562,12.43,256,1952,3309,350,liboqs,validator
Dilithium3,sign,56546,0.056546,12.43,256,1952,3309,351,liboqs,validator
Dilithium3,sign,48964,0.048964,12.43,256,1952,3309,352,liboqs,validator
Dilithium3,sign,148231,0.148231,12.43,256,1952,3309,353,liboqs,validator
Dilithium3,sign,56828,0.056828,12.43,256,1952,3309,354,liboqs,validator
Dilithium3,sign,118383,0.118383,12.43,256,1952,3309,355,liboqs,validator
Dilithium3,sign,70866,0.070866,12.43,256,1952,3309,356,liboqs,validator
Dilithium3,sign,62842,0.062842,12.43,256,1952,3309,357,liboqs,validator
Dilithium3,sign,55924,0.055924,12.43,256,1952,3309,358,liboqs,validator
Dilithium3,sign,181050,0.18105,12.43,256,1952,3309,359,liboqs,validator
Dilithium3,sign,87282,0.087282,12.43,256,1952,3309,360,liboqs,validator
Dilithium3,sign,48480,0.04848,12.43,256,1952,3309,361,liboqs,validator
Dilithium3,sign,90670,0.09067,12.43,256,1952,3309,362,liboqs,validator
Dilithium3,sign,47547,0.047547,12.43,256,1952,3309,363,liboqs,validator
Dilithium3,sign,84419,0.084419,12.43,256,1952,3309,364,liboqs,validator
Dilithium3,sign,128419,0.128419,12.43,256,1952,3309,365,liboqs,validator
Dilithium3,sign,65436,0.065436,12.43,256,1952,3309,366,liboqs,validator
Dilithium3,sign,186981,0.186981,12.43,256,1952,3309,367,liboqs,validator
Dilithium3,sign,47180,0.04718,12.43,256,1952,3309,368,liboqs,validator
Dilithium3,sign,113984,0.113984,12.43,256,1952,3309,369,liboqs,validator
Dilithium3,sign,67477,0.067477,12.43,256,1952,3309,370,liboqs,validator
Dilithium3,sign,88067,0.088067,12.43,256,1952,3309,371,liboqs,validator
Dilithium3,sign,91247,0.091247,12.43,256,1952,3309,372,liboqs,validator
Dilithium3,sign,59029,0.059029,12.43,256,1952,3309,373,liboqs,validator
Dilithium3,sign,59127,0.059127,12.43,256,1952,3309,374,liboqs,validator
Dilithium3,sign,65632,0.065632,12.43,256,1952,3309,375,liboqs,validator
Dilithium3,sign,48452,0.048452,12.43,256,1952,3309,376,liboqs,validator
Dilithium3,sign,107463,0.107463,12.43,256,1952,3309,377,liboqs,validator
Dilithium3,sign,135153,0.135153,12.43,256,1952,3309,378,liboqs,validator
Dilithium3,sign,167064,0.167064,12.43,256,1952,3309,379,liboqs,validator
Dilithium3,sign,65531,0.065531,12.43,256,1952,3309,380,liboqs,validator
Dilithium3,sign,72903,0.072903,12.43,256,1952,3309,381,liboqs,validator
Dilithium3,sign,142323,0.142323,12.43,256,1952,3309,382,liboqs,validator
Dilithium3,sign,109171,0.109171,12.43,256,1952,3309,383,liboqs,validator
Dilithium3,sign,150708,0.150708,12.43,256,1952,3309,384,liboqs,validator
Dilithium3,sign,217724,0.217724,12.43,256,1952,3309,385,liboqs,validator
Dilithium3,sign,119230,0.11923,12.43,256,1952,3309,386,liboqs,validator
Dilithium3,sign,55377,0.055377,12.43,256,1952,3309,387,liboqs,validator
Dilithium3,sign,102014,0.102014,12.43,256,1952,3309,388,liboqs,validator
Dilithium3,sign,264922,0.264922,12.43,256,1952,3309,389,liboqs,validator
Dilithium3,sign,81050,0.08105,12.43,256,1952,3309,390,liboqs,validator
Dilithium3,sign,81176,0.081176,12.43,256,1952,3309,391,liboqs,validator
Dilithium3,sign,54025,0.054025,12.43,256,1952,3309,392,liboqs,validator
Dilithium3,sign,104976,0.104976,12.43,256,1952,3309,393,liboqs,validator
Dilithium3,sign,47306,0.047306,12.43,256,1952,3309,394,liboqs,validator
Dilithium3,sign,117712,0.117712,12.43,256,1952,3309,395,liboqs,validator
Dilithium3,sign,101909,0.101909,12.43,256,1952,3309,396,liboqs,validator
Dilithium3,sign,72527,0.072527,12.43,256,1952,3309,397,liboqs,validator
Dilithium3,sign,89887,0.089887,12.43,256,1952,3309,398,liboqs,validator
Dilithium3,sign,47079,0.047079,12.43,256,1952,3309,399,liboqs,validator
Dilithium3,sign,55431,0.055431,12.43,256,1952,3309,400,liboqs,validator
Dilithium3,sign,47480,0.04748,12.43,256,1952,3309,401,liboqs,validator
Dilithium3,sign,176354,0.176354,12.43,256,1952,3309,402,liboqs,validator
Dilithium3,sign,46968,0.046968,12.43,256,1952,3309,403,liboqs,validator
Dilithium3,sign,64143,0.064143,12.43,256,1952,3309,404,liboqs,validator
Dilithium3,sign,74512,0.074512,12.43,256,1952,3309,405,liboqs,validator
Dilithium3,sign,73072,0.073072,12.43,256,1952,3309,406,liboqs,validator
Dilithium3,sign,153015,0.153015,12.43,256,1952,3309,407,liboqs,validator
Dilithium3,sign,64260,0.06426,12.43,256,1952,3309,408,liboqs,validator
Dilithium3,sign,47338,0.047338,12.43,256,1952,3309,409,liboqs,validator
Dilithium3,sign,106441,0.106441,12.43,256,1952,3309,410,liboqs,validator
Dilithium3,sign,81154,0.081154,12.43,256,1952,3309,411,liboqs,validator
Dilithium3,sign,56256,0.056256,12.43,256,1952,3309,412,liboqs,validator
Dilithium3,sign,131173,0.131173,12.43,256,1952,3309,413,liboqs,validator
Dilithium3,sign,133276,0.133276,12.43,256,1952,3309,414,liboqs,validator
Dilithium3,sign,104781,0.104781,12.43,256,1952,3309,415,liboqs,validator
Dilithium3,sign,108608,0.108608,12.43,256,1952,3309,416,liboqs,validator
Dilithium3,sign,83961,0.083961,12.43,256,1952,3309,417,liboqs,validator
Dilithium3,sign,105354,0.105354,12.43,256,1952,3309,418,liboqs,validator
Dilithium3,sign,83031,0.083031,12.43,256,1952,3309,419,liboqs,validator
Dilithium3,sign,88764,0.088764,12.43,256,1952,3309,420,liboqs,validator
Dilithium3,sign,56295,0.056295,12.43,256,1952,3309,421,liboqs,validator
Dilithium3,sign,67925,0.067925,12.43,256,1952,3309,422,liboqs,validator
Dilithium3,sign,55396,0.055396,12.43,256,1952,3309,423,liboqs,validator
Dilithium3,sign,65084,0.065084,12.43,256,1952,3309,424,liboqs,validator
Dilithium3,sign,82782,0.082782,12.43,256,1952,3309,425,liboqs,validator
Dilithium3,sign,117804,0.117804,12.43,256,1952,3309,426,liboqs,validator
Dilithium3,sign,62594,0.062594,12.43,256,1952,3309,427,liboqs,validator
Dilithium3,sign,79335,0.079335,12.43,256,1952,3309,428,liboqs,validator
Dilithium3,sign,122751,0.122751,12.43,256,1952,3309,429,liboqs,validator
Dilithium3,sign,98415,0.098415,12.43,256,1952,3309,430,liboqs,validator
Dilithium3,sign,48440,0.04844,12.43,256,1952,3309,431,liboqs,validator
Dilithium3,sign,47768,0.047768,12.43,256,1952,3309,432,liboqs,validator
Dilithium3,sign,188937,0.188937,12.43,256,1952,3309,433,liboqs,validator
Dilithium3,sign,61446,0.061446,12.43,256,1952,3309,434,liboqs,validator
Dilithium3,sign,85630,0.08563,12.43,256,1952,3309,435,liboqs,validator
Dilithium3,sign,66617,0.066617,12.43,256,1952,3309,436,liboqs,validator
Dilithium3,sign,108872,0.108872,12.43,256,1952,3309,437,liboqs,validator
Dilithium3,sign,106282,0.106282,12.43,256,1952,3309,438,liboqs,validator
Dilithium3,sign,48753,0.048753,12.43,256,1952,3309,439,liboqs,validator
Dilithium3,sign,159101,0.159101,12.43,256,1952,3309,440,liboqs,validator
Dilithium3,sign,65990,0.06599,12.43,256,1952,3309,441,liboqs,validator
Dilithium3,sign,148181,0.148181,12.43,256,1952,3309,442,liboqs,validator
Dilithium3,sign,56860,0.05686,12.43,256,1952,3309,443,liboqs,validator
Dilithium3,sign,137055,0.137055,12.43,256,1952,3309,444,liboqs,validator
Dilithium3,sign,160220,0.16022,12.43,256,1952,3309,445,liboqs,validator
Dilithium3,sign,90870,0.09087,12.43,256,1952,3309,446,liboqs,validator
Dilithium3,sign,156981,0.156981,12.43,256,1952,3309,447,liboqs,validator
Dilithium3,sign,241376,0.241376,12.43,256,1952,3309,448,liboqs,validator
Dilithium3,sign,76397,0.076397,12.43,256,1952,3309,449,liboqs,validator
Dilithium3,sign,59232,0.059232,12.43,256,1952,3309,450,liboqs,validator
Dilithium3,sign,56703,0.056703,12.43,256,1952,3309,451,liboqs,validator
Dilithium3,sign,65041,0.065041,12.43,256,1952,3309,452,liboqs,validator
Dilithium3,sign,65250,0.06525,12.43,256,1952,3309,453,liboqs,validator
Dilithium3,sign,63234,0.063234,12.43,256,1952,3309,454,liboqs,validator
Dilithium3,sign,65853,0.065853,12.43,256,1952,3309,455,liboqs,validator
Dilithium3,sign,60370,0.06037,12.43,256,1952,3309,456,liboqs,validator
Dilithium3,sign,86678,0.086678,12.43,256,1952,3309,457,liboqs,validator
Dilithium3,sign,91926,0.091926,12.43,256,1952,3309,458,liboqs,validator
Dilithium3,sign,65147,0.065147,12.43,256,1952,3309,459,liboqs,validator
Dilithium3,sign,117907,0.117907,12.43,256,1952,3309,460,liboqs,validator
Dilithium3,sign,46812,0.046812,12.43,256,1952,3309,461,liboqs,validator
Dilithium3,sign,58152,0.058152,12.43,256,1952,3309,462,liboqs,validator
Dilithium3,sign,145161,0.145161,12.43,256,1952,3309,463,liboqs,validator
Dilithium3,sign,121035,0.121035,12.43,256,1952,3309,464,liboqs,validator
Dilithium3,sign,49661,0.049661,12.43,256,1952,3309,465,liboqs,validator
Dilithium3,sign,70553,0.070553,12.43,256,1952,3309,466,liboqs,validator
Dilithium3,sign,86274,0.086274,12.43,256,1952,3309,467,liboqs,validator
Dilithium3,sign,64730,0.06473,12.43,256,1952,3309,468,liboqs,validator
Dilithium3,sign,75163,0.075163,12.43,256,1952,3309,469,liboqs,validator
Dilithium3,sign,76386,0.076386,12.43,256,1952,3309,470,liboqs,validator
Dilithium3,sign,89655,0.089655,12.43,256,1952,3309,471,liboqs,validator
Dilithium3,sign,159578,0.159578,12.43,256,1952,3309,472,liboqs,validator
Dilithium3,sign,85058,0.085058,12.43,256,1952,3309,473,liboqs,validator
Dilithium3,sign,306945,0.306945,12.43,256,1952,3309,474,liboqs,validator
Dilithium3,sign,119797,0.119797,12.43,256,1952,3309,475,liboqs,validator
Dilithium3,sign,64033,0.064033,12.43,256,1952,3309,476,liboqs,validator
Dilithium3,sign,85076,0.085076,12.43,256,1952,3309,477,liboqs,validator
Dilithium3,sign,64566,0.064566,12.43,256,1952,3309,478,liboqs,validator
Dilithium3,sign,61543,0.061543,12.43,256,1952,3309,479,liboqs,validator
Dilithium3,sign,53151,0.053151,12.43,256,1952,3309,480,liboqs,validator
Dilithium3,sign,130726,0.130726,12.43,256,1952,3309,481,liboqs,validator
Dilithium3,sign,63819,0.063819,12.43,256,1952,3309,482,liboqs,validator
Dilithium3,sign,223340,0.22334,12.43,256,1952,3309,483,liboqs,validator
Dilithium3,sign,47992,0.047992,12.43,256,1952,3309,484,liboqs,validator
Dilithium3,sign,46423,0.046423,12.43,256,1952,3309,485,liboqs,validator
Dilithium3,sign,119881,0.119881,12.43,256,1952,3309,486,liboqs,validator
Dilithium3,sign,81666,0.081666,12.43,256,1952,3309,487,liboqs,validator
Dilithium3,sign,48875,0.048875,12.43,256,1952,3309,488,liboqs,validator
Dilithium3,sign,59703,0.059703,12.43,256,1952,3309,489,liboqs,validator
Dilithium3,sign,84499,0.084499,12.43,256,1952,3309,490,liboqs,validator
Dilithium3,sign,63845,0.063845,12.43,256,1952,3309,491,liboqs,validator
Dilithium3,sign,56478,0.056478,12.43,256,1952,3309,492,liboqs,validator
Dilithium3,sign,75449,0.075449,12.43,256,1952,3309,493,liboqs,validator
Dilithium3,sign,83985,0.083985,12.43,256,1952,3309,494,liboqs,validator
Dilithium3,sign,153444,0.153444,12.43,256,1952,3309,495,liboqs,validator
Dilithium3,sign,71167,0.071167,12.43,256,1952,3309,496,liboqs,validator
Dilithium3,sign,58468,0.058468,12.43,256,1952,3309,497,liboqs,validator
Dilithium3,sign,75817,0.075817,12.43,256,1952,3309,498,liboqs,validator
Dilithium3,sign,216823,0.216823,12.43,256,1952,3309,499,liboqs,validator
Dilithium3,sign,78618,0.078618,12.43,256,1952,3309,500,liboqs,validator
Dilithium3,sign,75647,0.075647,12.43,256,1952,3309,501,liboqs,validator
Dilithium3,sign,56972,0.056972,12.43,256,1952,3309,502,liboqs,validator
Dilithium3,sign,46227,0.046227,12.43,256,1952,3309,503,liboqs,validator
Dilithium3,sign,118654,0.118654,12.43,256,1952,3309,504,liboqs,validator
Dilithium3,sign,126946,0.126946,12.43,256,1952,3309,505,liboqs,validator
Dilithium3,sign,46426,0.046426,12.43,256,1952,3309,506,liboqs,validator
Dilithium3,sign,47163,0.047163,12.43,256,1952,3309,507,liboqs,validator
Dilithium3,sign,76483,0.076483,12.43,256,1952,3309,508,liboqs,validator
Dilithium3,sign,65929,0.065929,12.43,256,1952,3309,509,liboqs,validator
Dilithium3,sign,67593,0.067593,12.43,256,1952,3309,510,liboqs,validator
Dilithium3,sign,61866,0.061866,12.43,256,1952,3309,511,liboqs,validator
Dilithium3,sign,64004,0.064004,12.43,256,1952,3309,512,liboqs,validator
Dilithium3,sign,190989,0.190989,12.43,256,1952,3309,513,liboqs,validator
Dilithium3,sign,158420,0.15842,12.43,256,1952,3309,514,liboqs,validator
Dilithium3,sign,63717,0.063717,12.43,256,1952,3309,515,liboqs,validator
Dilithium3,sign,73658,0.073658,12.43,256,1952,3309,516,liboqs,validator
Dilithium3,sign,57950,0.05795,12.43,256,1952,3309,517,liboqs,validator
Dilithium3,sign,46538,0.046538,12.43,256,1952,3309,518,liboqs,validator
Dilithium3,sign,46886,0.046886,12.43,256,1952,3309,519,liboqs,validator
Dilithium3,sign,98175,0.098175,12.43,256,1952,3309,520,liboqs,validator
Dilithium3,sign,46437,0.046437,12.43,256,1952,3309,521,liboqs,validator
Dilithium3,sign,57593,0.057593,12.43,256,1952,3309,522,liboqs,validator
Dilithium3,sign,92367,0.092367,12.43,256,1952,3309,523,liboqs,validator
Dilithium3,sign,131160,0.13116,12.43,256,1952,3309,524,liboqs,validator
Dilithium3,sign,55242,0.055242,12.43,256,1952,3309,525,liboqs,validator
Dilithium3,sign,47273,0.047273,12.43,256,1952,3309,526,liboqs,validator
Dilithium3,sign,62409,0.062409,12.43,256,1952,3309,527,liboqs,validator
Dilithium3,sign,64707,0.064707,12.43,256,1952,3309,528,liboqs,validator
Dilithium3,sign,104274,0.104274,12.43,256,1952,3309,529,liboqs,validator
Dilithium3,sign,46318,0.046318,12.43,256,1952,3309,530,liboqs,validator
Dilithium3,sign,81413,0.081413,12.43,256,1952,3309,531,liboqs,validator
Dilithium3,sign,158630,0.15863,12.43,256,1952,3309,532,liboqs,validator
Dilithium3,sign,49051,0.049051,12.43,256,1952,3309,533,liboqs,validator
Dilithium3,sign,63995,0.063995,12.43,256,1952,3309,534,liboqs,validator
Dilithium3,sign,54788,0.054788,12.43,256,1952,3309,535,liboqs,validator
Dilithium3,sign,46340,0.04634,12.43,256,1952,3309,536,liboqs,validator
Dilithium3,sign,142409,0.142409,12.43,256,1952,3309,537,liboqs,validator
Dilithium3,sign,47695,0.047695,12.43,256,1952,3309,538,liboqs,validator
Dilithium3,sign,66620,0.06662,12.43,256,1952,3309,539,liboqs,validator
Dilithium3,sign,111374,0.111374,12.43,256,1952,3309,540,liboqs,validator
Dilithium3,sign,83376,0.083376,12.43,256,1952,3309,541,liboqs,validator
Dilithium3,sign,125367,0.125367,12.43,256,1952,3309,542,liboqs,validator
Dilithium3,sign,169669,0.169669,12.43,256,1952,3309,543,liboqs,validator
Dilithium3,sign,100156,0.100156,12.43,256,1952,3309,544,liboqs,validator
Dilithium3,sign,52993,0.052993,12.43,256,1952,3309,545,liboqs,validator
Dilithium3,sign,48343,0.048343,12.43,256,1952,3309,546,liboqs,validator
Dilithium3,sign,197101,0.197101,12.43,256,1952,3309,547,liboqs,validator
Dilithium3,sign,47358,0.047358,12.43,256,1952,3309,548,liboqs,validator
Dilithium3,sign,147299,0.147299,12.43,256,1952,3309,549,liboqs,validator
Dilithium3,sign,97053,0.097053,12.43,256,1952,3309,550,liboqs,validator
Dilithium3,sign,88129,0.088129,14.64,256,1952,3309,551,liboqs,validator
Dilithium3,sign,61440,0.06144,12.43,256,1952,3309,552,liboqs,validator
Dilithium3,sign,93750,0.09375,12.43,256,1952,3309,553,liboqs,validator
Dilithium3,sign,74683,0.074683,12.43,256,1952,3309,554,liboqs,validator
Dilithium3,sign,74251,0.074251,12.43,256,1952,3309,555,liboqs,validator
Dilithium3,sign,56457,0.056457,12.43,256,1952,3309,556,liboqs,validator
Dilithium3,sign,47216,0.047216,12.43,256,1952,3309,557,liboqs,validator
Dilithium3,sign,47350,0.04735,12.43,256,1952,3309,558,liboqs,validator
Dilithium3,sign,81178,0.081178,12.43,256,1952,3309,559,liboqs,validator
Dilithium3,sign,46187,0.046187,12.43,256,1952,3309,560,liboqs,validator
Dilithium3,sign,76728,0.076728,12.43,256,1952,3309,561,liboqs,validator
Dilithium3,sign,48509,0.048509,12.43,256,1952,3309,562,liboqs,validator
Dilithium3,sign,46548,0.046548,12.43,256,1952,3309,563,liboqs,validator
Dilithium3,sign,80578,0.080578,12.43,256,1952,3309,564,liboqs,validator
Dilithium3,sign,223098,0.223098,12.43,256,1952,3309,565,liboqs,validator
Dilithium3,sign,63406,0.063406,12.43,256,1952,3309,566,liboqs,validator
Dilithium3,sign,108743,0.108743,12.43,256,1952,3309,567,liboqs,validator
Dilithium3,sign,66326,0.066326,12.43,256,1952,3309,568,liboqs,validator
Dilithium3,sign,125603,0.125603,12.43,256,1952,3309,569,liboqs,validator
Dilithium3,sign,89821,0.089821,12.43,256,1952,3309,570,liboqs,validator
Dilithium3,sign,57054,0.057054,12.43,256,1952,3309,571,liboqs,validator
Dilithium3,sign,64431,0.064431,12.43,256,1952,3309,572,liboqs,validator
Dilithium3,sign,82349,0.082349,12.43,256,1952,3309,573,liboqs,validator
Dilithium3,sign,145396,0.145396,12.43,256,1952,3309,574,liboqs,validator
Dilithium3,sign,68309,0.068309,12.43,256,1952,3309,575,liboqs,validator
Dilithium3,sign,76028,0.076028,12.43,256,1952,3309,576,liboqs,validator
Dilithium3,sign,102821,0.102821,12.43,256,1952,3309,577,liboqs,validator
Dilithium3,sign,65393,0.065393,12.43,256,1952,3309,578,liboqs,validator
Dilithium3,sign,57460,0.05746,12.43,256,1952,3309,579,liboqs,validator
Dilithium3,sign,57189,0.057189,12.43,256,1952,3309,580,liboqs,validator
Dilithium3,sign,80595,0.080595,12.43,256,1952,3309,581,liboqs,validator
Dilithium3,sign,58976,0.058976,12.43,256,1952,3309,582,liboqs,validator
Dilithium3,sign,64024,0.064024,12.43,256,1952,3309,583,liboqs,validator
Dilithium3,sign,100082,0.100082,12.43,256,1952,3309,584,liboqs,validator
Dilithium3,sign,55849,0.055849,12.43,256,1952,3309,585,liboqs,validator
Dilithium3,sign,91114,0.091114,12.43,256,1952,3309,586,liboqs,validator
Dilithium3,sign,86769,0.086769,12.43,256,1952,3309,587,liboqs,validator
Dilithium3,sign,55498,0.055498,12.43,256,1952,3309,588,liboqs,validator
Dilithium3,sign,47271,0.047271,12.43,256,1952,3309,589,liboqs,validator
Dilithium3,sign,123715,0.123715,12.43,256,1952,3309,590,liboqs,validator
Dilithium3,sign,65452,0.065452,12.43,256,1952,3309,591,liboqs,validator
Dilithium3,sign,111678,0.111678,12.43,256,1952,3309,592,liboqs,validator
Dilithium3,sign,396851,0.396851,12.43,256,1952,3309,593,liboqs,validator
Dilithium3,sign,118446,0.118446,12.43,256,1952,3309,594,liboqs,validator
Dilithium3,sign,104855,0.104855,12.43,256,1952,3309,595,liboqs,validator
Dilithium3,sign,85156,0.085156,12.43,256,1952,3309,596,liboqs,validator
Dilithium3,sign,47437,0.047437,12.43,256,1952,3309,597,liboqs,validator
Dilithium3,sign,172557,0.172557,12.43,256,1952,3309,598,liboqs,validator
Dilithium3,sign,56549,0.056549,12.43,256,1952,3309,599,liboqs,validator
Dilithium3,sign,55439,0.055439,12.43,256,1952,3309,600,liboqs,validator
Dilithium3,sign,133046,0.133046,12.43,256,1952,3309,601,liboqs,validator
Dilithium3,sign,88570,0.08857,12.43,256,1952,3309,602,liboqs,validator
Dilithium3,sign,65146,0.065146,12.43,256,1952,3309,603,liboqs,validator
Dilithium3,sign,47472,0.047472,12.43,256,1952,3309,604,liboqs,validator
Dilithium3,sign,246587,0.246587,12.43,256,1952,3309,605,liboqs,validator
Dilithium3,sign,99466,0.099466,12.43,256,1952,3309,606,liboqs,validator
Dilithium3,sign,56399,0.056399,12.43,256,1952,3309,607,liboqs,validator
Dilithium3,sign,46916,0.046916,12.43,256,1952,3309,608,liboqs,validator
Dilithium3,sign,73986,0.073986,12.43,256,1952,3309,609,liboqs,validator
Dilithium3,sign,57080,0.05708,12.43,256,1952,3309,610,liboqs,validator
Dilithium3,sign,90545,0.090545,12.43,256,1952,3309,611,liboqs,validator
Dilithium3,sign,125136,0.125136,12.43,256,1952,3309,612,liboqs,validator
Dilithium3,sign,82386,0.082386,12.43,256,1952,3309,613,liboqs,validator
Dilithium3,sign,61791,0.061791,12.43,256,1952,3309,614,liboqs,validator
Dilithium3,sign,65445,0.065445,12.43,256,1952,3309,615,liboqs,validator
Dilithium3,sign,75214,0.075214,12.43,256,1952,3309,616,liboqs,validator
Dilithium3,sign,128681,0.128681,12.43,256,1952,3309,617,liboqs,validator
Dilithium3,sign,46933,0.046933,12.43,256,1952,3309,618,liboqs,validator
Dilithium3,sign,174984,0.174984,12.43,256,1952,3309,619,liboqs,validator
Dilithium3,sign,111661,0.111661,12.43,256,1952,3309,620,liboqs,validator
Dilithium3,sign,127516,0.127516,12.43,256,1952,3309,621,liboqs,validator
Dilithium3,sign,117181,0.117181,12.43,256,1952,3309,622,liboqs,validator
Dilithium3,sign,79743,0.079743,12.43,256,1952,3309,623,liboqs,validator
Dilithium3,sign,59019,0.059019,12.43,256,1952,3309,624,liboqs,validator
Dilithium3,sign,48229,0.048229,12.43,256,1952,3309,625,liboqs,validator
Dilithium3,sign,64378,0.064378,12.43,256,1952,3309,626,liboqs,validator
Dilithium3,sign,66156,0.066156,12.43,256,1952,3309,627,liboqs,validator
Dilithium3,sign,47007,0.047007,12.43,256,1952,3309,628,liboqs,validator
Dilithium3,sign,114878,0.114878,12.43,256,1952,3309,629,liboqs,validator
Dilithium3,sign,89483,0.089483,12.43,256,1952,3309,630,liboqs,validator
Dilithium3,sign,121743,0.121743,12.43,256,1952,3309,631,liboqs,validator
Dilithium3,sign,88731,0.088731,12.43,256,1952,3309,632,liboqs,validator
Dilithium3,sign,75922,0.075922,12.43,256,1952,3309,633,liboqs,validator
Dilithium3,sign,83876,0.083876,12.43,256,1952,3309,634,liboqs,validator
Dilithium3,sign,178411,0.178411,12.43,256,1952,3309,635,liboqs,validator
Dilithium3,sign,48443,0.048443,12.43,256,1952,3309,636,liboqs,validator
Dilithium3,sign,58155,0.058155,12.43,256,1952,3309,637,liboqs,validator
Dilithium3,sign,66827,0.066827,12.43,256,1952,3309,638,liboqs,validator
Dilithium3,sign,196073,0.196073,12.43,256,1952,3309,639,liboqs,validator
Dilithium3,sign,46610,0.04661,12.43,256,1952,3309,640,liboqs,validator
Dilithium3,sign,168190,0.16819,12.43,256,1952,3309,641,liboqs,validator
Dilithium3,sign,188771,0.188771,12.43,256,1952,3309,642,liboqs,validator
Dilithium3,sign,75373,0.075373,12.43,256,1952,3309,643,liboqs,validator
Dilithium3,sign,57080,0.05708,12.43,256,1952,3309,644,liboqs,validator
Dilithium3,sign,46421,0.046421,12.43,256,1952,3309,645,liboqs,validator
Dilithium3,sign,55687,0.055687,12.43,256,1952,3309,646,liboqs,validator
Dilithium3,sign,46879,0.046879,12.43,256,1952,3309,647,liboqs,validator
Dilithium3,sign,108314,0.108314,12.43,256,1952,3309,648,liboqs,validator
Dilithium3,sign,147770,0.14777,12.43,256,1952,3309,649,liboqs,validator
Dilithium3,sign,83177,0.083177,12.43,256,1952,3309,650,liboqs,validator
Dilithium3,sign,90824,0.090824,12.43,256,1952,3309,651,liboqs,validator
Dilithium3,sign,53843,0.053843,12.43,256,1952,3309,652,liboqs,validator
Dilithium3,sign,46832,0.046832,12.43,256,1952,3309,653,liboqs,validator
Dilithium3,sign,63844,0.063844,12.43,256,1952,3309,654,liboqs,validator
Dilithium3,sign,54254,0.054254,12.43,256,1952,3309,655,liboqs,validator
Dilithium3,sign,60410,0.06041,12.43,256,1952,3309,656,liboqs,validator
Dilithium3,sign,49241,0.049241,12.43,256,1952,3309,657,liboqs,validator
Dilithium3,sign,112454,0.112454,12.43,256,1952,3309,658,liboqs,validator
Dilithium3,sign,143509,0.143509,12.43,256,1952,3309,659,liboqs,validator
Dilithium3,sign,75540,0.07554,12.43,256,1952,3309,660,liboqs,validator
Dilithium3,sign,47529,0.047529,12.43,256,1952,3309,661,liboqs,validator
Dilithium3,sign,73637,0.073637,12.43,256,1952,3309,662,liboqs,validator
Dilithium3,sign,117078,0.117078,12.43,256,1952,3309,663,liboqs,validator
Dilithium3,sign,135962,0.135962,12.43,256,1952,3309,664,liboqs,validator
Dilithium3,sign,72481,0.072481,12.43,256,1952,3309,665,liboqs,validator
Dilithium3,sign,46237,0.046237,12.43,256,1952,3309,666,liboqs,validator
Dilithium3,sign,72705,0.072705,12.43,256,1952,3309,667,liboqs,validator
Dilithium3,sign,56211,0.056211,12.43,256,1952,3309,668,liboqs,validator
Dilithium3,sign,46083,0.046083,12.43,256,1952,3309,669,liboqs,validator
Dilithium3,sign,63723,0.063723,12.43,256,1952,3309,670,liboqs,validator
Dilithium3,sign,56017,0.056017,12.43,256,1952,3309,671,liboqs,validator
Dilithium3,sign,45833,0.045833,12.43,256,1952,3309,672,liboqs,validator
Dilithium3,sign,46148,0.046148,12.43,256,1952,3309,673,liboqs,validator
Dilithium3,sign,56549,0.056549,12.43,256,1952,3309,674,liboqs,validator
Dilithium3,sign,80024,0.080024,12.43,256,1952,3309,675,liboqs,validator
Dilithium3,sign,81595,0.081595,12.43,256,1952,3309,676,liboqs,validator
Dilithium3,sign,64125,0.064125,12.43,256,1952,3309,677,liboqs,validator
Dilithium3,sign,237252,0.237252,12.43,256,1952,3309,678,liboqs,validator
Dilithium3,sign,165827,0.165827,12.43,256,1952,3309,679,liboqs,validator
Dilithium3,sign,87719,0.087719,12.43,256,1952,3309,680,liboqs,validator
Dilithium3,sign,52272,0.052272,12.43,256,1952,3309,681,liboqs,validator
Dilithium3,sign,51681,0.051681,12.43,256,1952,3309,682,liboqs,validator
Dilithium3,sign,138047,0.138047,12.43,256,1952,3309,683,liboqs,validator
Dilithium3,sign,160002,0.160002,12.43,256,1952,3309,684,liboqs,validator
Dilithium3,sign,136233,0.136233,12.43,256,1952,3309,685,liboqs,validator
Dilithium3,sign,108290,0.10829,12.43,256,1952,3309,686,liboqs,validator
Dilithium3,sign,57732,0.057732,12.43,256,1952,3309,687,liboqs,validator
Dilithium3,sign,52594,0.052594,12.43,256,1952,3309,688,liboqs,validator
Dilithium3,sign,49993,0.049993,12.43,256,1952,3309,689,liboqs,validator
Dilithium3,sign,120038,0.120038,12.43,256,1952,3309,690,liboqs,validator
Dilithium3,sign,51184,0.051184,12.43,256,1952,3309,691,liboqs,validator
Dilithium3,sign,50883,0.050883,12.43,256,1952,3309,692,liboqs,validator
Dilithium3,sign,49008,0.049008,12.43,256,1952,3309,693,liboqs,validator
Dilithium3,sign,49648,0.049648,12.43,256,1952,3309,694,liboqs,validator
Dilithium3,sign,99547,0.099547,12.43,256,1952,3309,695,liboqs,validator
Dilithium3,sign,66894,0.066894,12.43,256,1952,3309,696,liboqs,validator
Dilithium3,sign,76478,0.076478,12.43,256,1952,3309,697,liboqs,validator
Dilithium3,sign,107042,0.107042,12.43,256,1952,3309,698,liboqs,validator
Dilithium3,sign,84950,0.08495,12.43,256,1952,3309,699,liboqs,validator
Dilithium3,sign,66502,0.066502,12.43,256,1952,3309,700,liboqs,validator
Dilithium3,sign,171088,0.171088,12.43,256,1952,3309,701,liboqs,validator
Dilithium3,sign,59186,0.059186,12.43,256,1952,3309,702,liboqs,validator
Dilithium3,sign,67016,0.067016,12.43,256,1952,3309,703,liboqs,validator
Dilithium3,sign,74342,0.074342,12.43,256,1952,3309,704,liboqs,validator
Dilithium3,sign,61783,0.061783,12.43,256,1952,3309,705,liboqs,validator
Dilithium3,sign,141641,0.141641,12.43,256,1952,3309,706,liboqs,validator
Dilithium3,sign,97490,0.09749,12.43,256,1952,3309,707,liboqs,validator
Dilithium3,sign,115824,0.115824,12.43,256,1952,3309,708,liboqs,validator
Dilithium3,sign,78557,0.078557,12.43,256,1952,3309,709,liboqs,validator
Dilithium3,sign,163830,0.16383,12.43,256,1952,3309,710,liboqs,validator
Dilithium3,sign,104591,0.104591,12.43,256,1952,3309,711,liboqs,validator
Dilithium3,sign,63477,0.063477,12.43,256,1952,3309,712,liboqs,validator
Dilithium3,sign,139278,0.139278,12.43,256,1952,3309,713,liboqs,validator
Dilithium3,sign,298815,0.298815,12.43,256,1952,3309,714,liboqs,validator
Dilithium3,sign,274567,0.274567,12.43,256,1952,3309,715,liboqs,validator
Dilithium3,sign,202436,0.202436,12.43,256,1952,3309,716,liboqs,validator
Dilithium3,sign,143778,0.143778,12.43,256,1952,3309,717,liboqs,validator
Dilithium3,sign,370590,0.37059,12.43,256,1952,3309,718,liboqs,validator
Dilithium3,sign,172596,0.172596,12.43,256,1952,3309,719,liboqs,validator
Dilithium3,sign,412171,0.412171,12.43,256,1952,3309,720,liboqs,validator
Dilithium3,sign,436267,0.436267,12.43,256,1952,3309,721,liboqs,validator
Dilithium3,sign,216725,0.216725,12.43,256,1952,3309,722,liboqs,validator
Dilithium3,sign,175019,0.175019,12.43,256,1952,3309,723,liboqs,validator
Dilithium3,sign,352047,0.352047,12.43,256,1952,3309,724,liboqs,validator
Dilithium3,sign,130653,0.130653,12.43,256,1952,3309,725,liboqs,validator
Dilithium3,sign,121483,0.121483,12.43,256,1952,3309,726,liboqs,validator
Dilithium3,sign,266981,0.266981,12.43,256,1952,3309,727,liboqs,validator
Dilithium3,sign,180430,0.18043,12.43,256,1952,3309,728,liboqs,validator
Dilithium3,sign,77664,0.077664,12.43,256,1952,3309,729,liboqs,validator
Dilithium3,sign,197802,0.197802,12.43,256,1952,3309,730,liboqs,validator
Dilithium3,sign,303779,0.303779,12.43,256,1952,3309,731,liboqs,validator
Dilithium3,sign,349877,0.349877,12.43,256,1952,3309,732,liboqs,validator
Dilithium3,sign,135744,0.135744,12.43,256,1952,3309,733,liboqs,validator
Dilithium3,sign,242935,0.242935,12.43,256,1952,3309,734,liboqs,validator
Dilithium3,sign,239896,0.239896,12.43,256,1952,3309,735,liboqs,validator
Dilithium3,sign,306702,0.306702,12.43,256,1952,3309,736,liboqs,validator
Dilithium3,sign,142300,0.1423,12.43,256,1952,3309,737,liboqs,validator
Dilithium3,sign,183207,0.183207,12.43,256,1952,3309,738,liboqs,validator
Dilithium3,sign,356311,0.356311,12.43,256,1952,3309,739,liboqs,validator
Dilithium3,sign,356445,0.356445,12.43,256,1952,3309,740,liboqs,validator
Dilithium3,sign,419977,0.419977,12.43,256,1952,3309,741,liboqs,validator
Dilithium3,sign,92174,0.092174,12.43,256,1952,3309,742,liboqs,validator
Dilithium3,sign,87779,0.087779,12.43,256,1952,3309,743,liboqs,validator
Dilithium3,sign,201169,0.201169,12.43,256,1952,3309,744,liboqs,validator
Dilithium3,sign,161183,0.161183,12.43,256,1952,3309,745,liboqs,validator
Dilithium3,sign,177702,0.177702,12.43,256,1952,3309,746,liboqs,validator
Dilithium3,sign,175275,0.175275,12.43,256,1952,3309,747,liboqs,validator
Dilithium3,sign,383284,0.383284,12.43,256,1952,3309,748,liboqs,validator
Dilithium3,sign,158175,0.158175,12.43,256,1952,3309,749,liboqs,validator
Dilithium3,sign,194187,0.194187,12.43,256,1952,3309,750,liboqs,validator
Dilithium3,sign,346473,0.346473,12.43,256,1952,3309,751,liboqs,validator
Dilithium3,sign,89467,0.089467,12.43,256,1952,3309,752,liboqs,validator
Dilithium3,sign,131451,0.131451,12.43,256,1952,3309,753,liboqs,validator
Dilithium3,sign,262823,0.262823,12.43,256,1952,3309,754,liboqs,validator
Dilithium3,sign,262546,0.262546,12.43,256,1952,3309,755,liboqs,validator
Dilithium3,sign,319872,0.319872,12.43,256,1952,3309,756,liboqs,validator
Dilithium3,sign,198636,0.198636,12.43,256,1952,3309,757,liboqs,validator
Dilithium3,sign,292917,0.292917,12.43,256,1952,3309,758,liboqs,validator
Dilithium3,sign,94857,0.094857,12.43,256,1952,3309,759,liboqs,validator
Dilithium3,sign,273606,0.273606,12.43,256,1952,3309,760,liboqs,validator
Dilithium3,sign,94737,0.094737,12.43,256,1952,3309,761,liboqs,validator
Dilithium3,sign,123738,0.123738,12.43,256,1952,3309,762,liboqs,validator
Dilithium3,sign,323744,0.323744,12.43,256,1952,3309,763,liboqs,validator
Dilithium3,sign,298930,0.29893,12.43,256,1952,3309,764,liboqs,validator
Dilithium3,sign,228122,0.228122,12.43,256,1952,3309,765,liboqs,validator
Dilithium3,sign,212639,0.212639,12.43,256,1952,3309,766,liboqs,validator
Dilithium3,sign,467972,0.467972,12.43,256,1952,3309,767,liboqs,validator
Dilithium3,sign,268596,0.268596,12.43,256,1952,3309,768,liboqs,validator
Dilithium3,sign,664986,0.664986,12.43,256,1952,3309,769,liboqs,validator
Dilithium3,sign,496981,0.496981,12.43,256,1952,3309,770,liboqs,validator
Dilithium3,sign,335427,0.335427,12.43,256,1952,3309,771,liboqs,validator
Dilithium3,sign,54045,0.054045,12.43,256,1952,3309,772,liboqs,validator
Dilithium3,sign,61756,0.061756,12.43,256,1952,3309,773,liboqs,validator
Dilithium3,sign,47626,0.047626,12.43,256,1952,3309,774,liboqs,validator
Dilithium3,sign,375005,0.375005,12.43,256,1952,3309,775,liboqs,validator
Dilithium3,sign,152571,0.152571,12.43,256,1952,3309,776,liboqs,validator
Dilithium3,sign,192868,0.192868,12.43,256,1952,3309,777,liboqs,validator
Dilithium3,sign,179599,0.179599,12.43,256,1952,3309,778,liboqs,validator
Dilithium3,sign,121447,0.121447,12.43,256,1952,3309,779,liboqs,validator
Dilithium3,sign,223999,0.223999,12.43,256,1952,3309,780,liboqs,validator
Dilithium3,sign,220339,0.220339,12.43,256,1952,3309,781,liboqs,validator
Dilithium3,sign,769090,0.76909,12.43,256,1952,3309,782,liboqs,validator
Dilithium3,sign,252717,0.252717,12.43,256,1952,3309,783,liboqs,validator
Dilithium3,sign,439132,0.439132,12.43,256,1952,3309,784,liboqs,validator
Dilithium3,sign,916855,0.916855,12.43,256,1952,3309,785,liboqs,validator
Dilithium3,sign,220541,0.220541,12.43,256,1952,3309,786,liboqs,validator
Dilithium3,sign,210066,0.210066,12.43,256,1952,3309,787,liboqs,validator
Dilithium3,sign,103841,0.103841,12.43,256,1952,3309,788,liboqs,validator
Dilithium3,sign,123358,0.123358,12.43,256,1952,3309,789,liboqs,validator
Dilithium3,sign,76462,0.076462,12.43,256,1952,3309,790,liboqs,validator
Dilithium3,sign,121899,0.121899,12.43,256,1952,3309,791,liboqs,validator
Dilithium3,sign,225257,0.225257,12.43,256,1952,3309,792,liboqs,validator
Dilithium3,sign,448109,0.448109,12.43,256,1952,3309,793,liboqs,validator
Dilithium3,sign,309135,0.309135,12.43,256,1952,3309,794,liboqs,validator
Dilithium3,sign,255522,0.255522,12.43,256,1952,3309,795,liboqs,validator
Dilithium3,sign,283004,0.283004,12.43,256,1952,3309,796,liboqs,validator
Dilithium3,sign,178872,0.178872,12.43,256,1952,3309,797,liboqs,validator
Dilithium3,sign,160040,0.16004,12.43,256,1952,3309,798,liboqs,validator
Dilithium3,sign,315617,0.315617,12.43,256,1952,3309,799,liboqs,validator
Dilithium3,sign,145960,0.14596,12.43,256,1952,3309,800,liboqs,validator
Dilithium3,sign,177797,0.177797,12.43,256,1952,3309,801,liboqs,validator
Dilithium3,sign,134947,0.134947,12.43,256,1952,3309,802,liboqs,validator
Dilithium3,sign,234511,0.234511,12.43,256,1952,3309,803,liboqs,validator
Dilithium3,sign,272627,0.272627,12.43,256,1952,3309,804,liboqs,validator
Dilithium3,sign,315019,0.315019,12.43,256,1952,3309,805,liboqs,validator
Dilithium3,sign,126316,0.126316,12.43,256,1952,3309,806,liboqs,validator
Dilithium3,sign,156784,0.156784,12.43,256,1952,3309,807,liboqs,validator
Dilithium3,sign,185588,0.185588,12.43,256,1952,3309,808,liboqs,validator
Dilithium3,sign,119997,0.119997,12.43,256,1952,3309,809,liboqs,validator
Dilithium3,sign,107849,0.107849,12.43,256,1952,3309,810,liboqs,validator
Dilithium3,sign,601024,0.601024,12.43,256,1952,3309,811,liboqs,validator
Dilithium3,sign,137834,0.137834,12.43,256,1952,3309,812,liboqs,validator
Dilithium3,sign,130387,0.130387,12.43,256,1952,3309,813,liboqs,validator
Dilithium3,sign,146985,0.146985,12.43,256,1952,3309,814,liboqs,validator
Dilithium3,sign,178536,0.178536,12.43,256,1952,3309,815,liboqs,validator
Dilithium3,sign,274214,0.274214,12.43,256,1952,3309,816,liboqs,validator
Dilithium3,sign,687244,0.687244,12.43,256,1952,3309,817,liboqs,validator
Dilithium3,sign,813316,0.813316,12.43,256,1952,3309,818,liboqs,validator
Dilithium3,sign,745243,0.745243,12.43,256,1952,3309,819,liboqs,validator
Dilithium3,sign,707905,0.707905,12.43,256,1952,3309,820,liboqs,validator
Dilithium3,sign,308643,0.308643,12.43,256,1952,3309,821,liboqs,validator
Dilithium3,sign,234839,0.234839,12.43,256,1952,3309,822,liboqs,validator
Dilithium3,sign,1526885,1.526885,12.43,256,1952,3309,823,liboqs,validator
Dilithium3,sign,189118,0.189118,12.43,256,1952,3309,824,liboqs,validator
Dilithium3,sign,455551,0.455551,12.43,256,1952,3309,825,liboqs,validator
Dilithium3,sign,719171,0.719171,12.43,256,1952,3309,826,liboqs,validator
Dilithium3,sign,142478,0.142478,12.43,256,1952,3309,827,liboqs,validator
Dilithium3,sign,681672,0.681672,12.43,256,1952,3309,828,liboqs,validator
Dilithium3,sign,458706,0.458706,12.43,256,1952,3309,829,liboqs,validator
Dilithium3,sign,429151,0.429151,12.43,256,1952,3309,830,liboqs,validator
Dilithium3,sign,297117,0.297117,12.43,256,1952,3309,831,liboqs,validator
Dilithium3,sign,628148,0.628148,12.43,256,1952,3309,832,liboqs,validator
Dilithium3,sign,228383,0.228383,12.43,256,1952,3309,833,liboqs,validator
Dilithium3,sign,638705,0.638705,12.43,256,1952,3309,834,liboqs,validator
Dilithium3,sign,295991,0.295991,12.43,256,1952,3309,835,liboqs,validator
Dilithium3,sign,655387,0.655387,12.43,256,1952,3309,836,liboqs,validator
Dilithium3,sign,196609,0.196609,12.43,256,1952,3309,837,liboqs,validator
Dilithium3,sign,286055,0.286055,12.43,256,1952,3309,838,liboqs,validator
Dilithium3,sign,386691,0.386691,12.43,256,1952,3309,839,liboqs,validator
Dilithium3,sign,104059,0.104059,12.43,256,1952,3309,840,liboqs,validator
Dilithium3,sign,267814,0.267814,12.43,256,1952,3309,841,liboqs,validator
Dilithium3,sign,718234,0.718234,12.43,256,1952,3309,842,liboqs,validator
Dilithium3,sign,366790,0.36679,12.43,256,1952,3309,843,liboqs,validator
Dilithium3,sign,466151,0.466151,12.43,256,1952,3309,844,liboqs,validator
Dilithium3,sign,915450,0.91545,12.43,256,1952,3309,845,liboqs,validator
Dilithium3,sign,249092,0.249092,12.43,256,1952,3309,846,liboqs,validator
Dilithium3,sign,860647,0.860647,12.43,256,1952,3309,847,liboqs,validator
Dilithium3,sign,386951,0.386951,12.43,256,1952,3309,848,liboqs,validator
Dilithium3,sign,95554,0.095554,12.43,256,1952,3309,849,liboqs,validator
Dilithium3,sign,434085,0.434085,12.43,256,1952,3309,850,liboqs,validator
Dilithium3,sign,440225,0.440225,12.43,256,1952,3309,851,liboqs,validator
Dilithium3,sign,708397,0.708397,12.43,256,1952,3309,852,liboqs,validator
Dilithium3,sign,310594,0.310594,12.43,256,1952,3309,853,liboqs,validator
Dilithium3,sign,668745,0.668745,12.43,256,1952,3309,854,liboqs,validator
Dilithium3,sign,619188,0.619188,12.43,256,1952,3309,855,liboqs,validator
Dilithium3,sign,229243,0.229243,12.43,256,1952,3309,856,liboqs,validator
Dilithium3,sign,264807,0.264807,12.43,256,1952,3309,857,liboqs,validator
Dilithium3,sign,83402,0.083402,12.43,256,1952,3309,858,liboqs,validator
Dilithium3,sign,64809,0.064809,12.43,256,1952,3309,859,liboqs,validator
Dilithium3,sign,203478,0.203478,12.43,256,1952,3309,860,liboqs,validator
Dilithium3,sign,379719,0.379719,12.43,256,1952,3309,861,liboqs,validator
Dilithium3,sign,149377,0.149377,12.43,256,1952,3309,862,liboqs,validator
Dilithium3,sign,121896,0.121896,12.43,256,1952,3309,863,liboqs,validator
Dilithium3,sign,1209779,1.209779,12.43,256,1952,3309,864,liboqs,validator
Dilithium3,sign,559166,0.559166,12.43,256,1952,3309,865,liboqs,validator
Dilithium3,sign,640046,0.640046,12.43,256,1952,3309,866,liboqs,validator
Dilithium3,sign,1229754,1.229754,12.43,256,1952,3309,867,liboqs,validator
Dilithium3,sign,626208,0.626208,12.43,256,1952,3309,868,liboqs,validator
Dilithium3,sign,230078,0.230078,12.43,256,1952,3309,869,liboqs,validator
Dilithium3,sign,655763,0.655763,12.43,256,1952,3309,870,liboqs,validator
Dilithium3,sign,870694,0.870694,12.43,256,1952,3309,871,liboqs,validator
Dilithium3,sign,658905,0.658905,12.43,256,1952,3309,872,liboqs,validator
Dilithium3,sign,735164,0.735164,12.43,256,1952,3309,873,liboqs,validator
Dilithium3,sign,195801,0.195801,12.43,256,1952,3309,874,liboqs,validator
Dilithium3,sign,791751,0.791751,12.43,256,1952,3309,875,liboqs,validator
Dilithium3,sign,310337,0.310337,12.43,256,1952,3309,876,liboqs,validator
Dilithium3,sign,1937213,1.937213,12.43,256,1952,3309,877,liboqs,validator
Dilithium3,sign,852321,0.852321,12.43,256,1952,3309,878,liboqs,validator
Dilithium3,sign,985760,0.98576,12.43,256,1952,3309,879,liboqs,validator
Dilithium3,sign,282244,0.282244,12.43,256,1952,3309,880,liboqs,validator
Dilithium3,sign,422621,0.422621,12.43,256,1952,3309,881,liboqs,validator
Dilithium3,sign,847907,0.847907,12.43,256,1952,3309,882,liboqs,validator
Dilithium3,sign,419274,0.419274,12.43,256,1952,3309,883,liboqs,validator
Dilithium3,sign,945480,0.94548,12.43,256,1952,3309,884,liboqs,validator
Dilithium3,sign,584381,0.584381,12.43,256,1952,3309,885,liboqs,validator
Dilithium3,sign,276432,0.276432,12.43,256,1952,3309,886,liboqs,validator
Dilithium3,sign,434730,0.43473,12.43,256,1952,3309,887,liboqs,validator
Dilithium3,sign,385908,0.385908,12.43,256,1952,3309,888,liboqs,validator
Dilithium3,sign,560130,0.56013,12.43,256,1952,3309,889,liboqs,validator
Dilithium3,sign,850303,0.850303,12.43,256,1952,3309,890,liboqs,validator
Dilithium3,sign,637374,0.637374,12.43,256,1952,3309,891,liboqs,validator
Dilithium3,sign,404309,0.404309,12.43,256,1952,3309,892,liboqs,validator
Dilithium3,sign,780454,0.780454,14.64,256,1952,3309,893,liboqs,validator
Dilithium3,sign,674499,0.674499,12.43,256,1952,3309,894,liboqs,validator
Dilithium3,sign,296638,0.296638,12.43,256,1952,3309,895,liboqs,validator
Dilithium3,sign,1374235,1.374235,12.43,256,1952,3309,896,liboqs,validator
Dilithium3,sign,784640,0.78464,12.43,256,1952,3309,897,liboqs,validator
Dilithium3,sign,416993,0.416993,12.43,256,1952,3309,898,liboqs,validator
Dilithium3,sign,169163,0.169163,12.43,256,1952,3309,899,liboqs,validator
Dilithium3,sign,68481,0.068481,12.43,256,1952,3309,900,liboqs,validator
Dilithium3,sign,340591,0.340591,12.43,256,1952,3309,901,liboqs,validator
Dilithium3,sign,119712,0.119712,12.43,256,1952,3309,902,liboqs,validator
Dilithium3,sign,241915,0.241915,12.43,256,1952,3309,903,liboqs,validator
Dilithium3,sign,176062,0.176062,12.43,256,1952,3309,904,liboqs,validator
Dilithium3,sign,276788,0.276788,12.43,256,1952,3309,905,liboqs,validator
Dilithium3,sign,565696,0.565696,12.43,256,1952,3309,906,liboqs,validator
Dilithium3,sign,374696,0.374696,12.43,256,1952,3309,907,liboqs,validator
Dilithium3,sign,525233,0.525233,12.43,256,1952,3309,908,liboqs,validator
Dilithium3,sign,292441,0.292441,12.43,256,1952,3309,909,liboqs,validator
Dilithium3,sign,492071,0.492071,12.43,256,1952,3309,910,liboqs,validator
Dilithium3,sign,394763,0.394763,12.43,256,1952,3309,911,liboqs,validator
Dilithium3,sign,660985,0.660985,12.43,256,1952,3309,912,liboqs,validator
Dilithium3,sign,397178,0.397178,12.43,256,1952,3309,913,liboqs,validator
Dilithium3,sign,572384,0.572384,12.43,256,1952,3309,914,liboqs,validator
Dilithium3,sign,302889,0.302889,12.43,256,1952,3309,915,liboqs,validator
Dilithium3,sign,633105,0.633105,12.43,256,1952,3309,916,liboqs,validator
Dilithium3,sign,914773,0.914773,12.43,256,1952,3309,917,liboqs,validator
Dilithium3,sign,620331,0.620331,12.43,256,1952,3309,918,liboqs,validator
Dilithium3,sign,895201,0.895201,12.43,256,1952,3309,919,liboqs,validator
Dilithium3,sign,228113,0.228113,12.43,256,1952,3309,920,liboqs,validator
Dilithium3,sign,1062995,1.062995,12.43,256,1952,3309,921,liboqs,validator
Dilithium3,sign,606691,0.606691,12.43,256,1952,3309,922,liboqs,validator
Dilithium3,sign,631151,0.631151,12.43,256,1952,3309,923,liboqs,validator
Dilithium3,sign,694011,0.694011,12.43,256,1952,3309,924,liboqs,validator
Dilithium3,sign,785565,0.785565,12.43,256,1952,3309,925,liboqs,validator
Dilithium3,sign,833917,0.833917,12.43,256,1952,3309,926,liboqs,validator
Dilithium3,sign,809046,0.809046,12.43,256,1952,3309,927,liboqs,validator
Dilithium3,sign,253124,0.253124,12.43,256,1952,3309,928,liboqs,validator
Dilithium3,sign,670235,0.670235,12.43,256,1952,3309,929,liboqs,validator
Dilithium3,sign,301369,0.301369,12.43,256,1952,3309,930,liboqs,validator
Dilithium3,sign,675991,0.675991,12.43,256,1952,3309,931,liboqs,validator
Dilithium3,sign,203099,0.203099,12.43,256,1952,3309,932,liboqs,validator
Dilithium3,sign,426442,0.426442,12.43,256,1952,3309,933,liboqs,validator
Dilithium3,sign,392229,0.392229,12.43,256,1952,3309,934,liboqs,validator
Dilithium3,sign,451133,0.451133,12.43,256,1952,3309,935,liboqs,validator
Dilithium3,sign,321596,0.321596,12.43,256,1952,3309,936,liboqs,validator
Dilithium3,sign,811050,0.81105,12.43,256,1952,3309,937,liboqs,validator
Dilithium3,sign,586167,0.586167,12.43,256,1952,3309,938,liboqs,validator
Dilithium3,sign,55507,0.055507,12.43,256,1952,3309,939,liboqs,validator
Dilithium3,sign,57772,0.057772,12.43,256,1952,3309,940,liboqs,validator
Dilithium3,sign,57504,0.057504,12.43,256,1952,3309,941,liboqs,validator
Dilithium3,sign,215581,0.215581,12.43,256,1952,3309,942,liboqs,validator
Dilithium3,sign,816223,0.816223,12.43,256,1952,3309,943,liboqs,validator
Dilithium3,sign,627130,0.62713,12.43,256,1952,3309,944,liboqs,validator
Dilithium3,sign,244142,0.244142,12.43,256,1952,3309,945,liboqs,validator
Dilithium3,sign,1462403,1.462403,12.43,256,1952,3309,946,liboqs,validator
Dilithium3,sign,522545,0.522545,12.43,256,1952,3309,947,liboqs,validator
Dilithium3,sign,608358,0.608358,12.43,256,1952,3309,948,liboqs,validator
Dilithium3,sign,87767,0.087767,12.43,256,1952,3309,949,liboqs,validator
Dilithium3,sign,79947,0.079947,12.43,256,1952,3309,950,liboqs,validator
Dilithium3,sign,64730,0.06473,12.43,256,1952,3309,951,liboqs,validator
Dilithium3,sign,336321,0.336321,12.43,256,1952,3309,952,liboqs,validator
Dilithium3,sign,244746,0.244746,12.43,256,1952,3309,953,liboqs,validator
Dilithium3,sign,83338,0.083338,12.43,256,1952,3309,954,liboqs,validator
Dilithium3,sign,94875,0.094875,12.43,256,1952,3309,955,liboqs,validator
Dilithium3,sign,71447,0.071447,12.43,256,1952,3309,956,liboqs,validator
Dilithium3,sign,158495,0.158495,12.43,256,1952,3309,957,liboqs,validator
Dilithium3,sign,962598,0.962598,12.43,256,1952,3309,958,liboqs,validator
Dilithium3,sign,106656,0.106656,12.43,256,1952,3309,959,liboqs,validator
Dilithium3,sign,67956,0.067956,12.43,256,1952,3309,960,liboqs,validator
Dilithium3,sign,629827,0.629827,12.43,256,1952,3309,961,liboqs,validator
Dilithium3,sign,251135,0.251135,12.43,256,1952,3309,962,liboqs,validator
Dilithium3,sign,403281,0.403281,12.43,256,1952,3309,963,liboqs,validator
Dilithium3,sign,317235,0.317235,12.43,256,1952,3309,964,liboqs,validator
Dilithium3,sign,396327,0.396327,12.43,256,1952,3309,965,liboqs,validator
Dilithium3,sign,306868,0.306868,12.43,256,1952,3309,966,liboqs,validator
Dilithium3,sign,504226,0.504226,12.43,256,1952,3309,967,liboqs,validator
Dilithium3,sign,229044,0.229044,12.43,256,1952,3309,968,liboqs,validator
Dilithium3,sign,729589,0.729589,12.43,256,1952,3309,969,liboqs,validator
Dilithium3,sign,343506,0.343506,12.43,256,1952,3309,970,liboqs,validator
Dilithium3,sign,307873,0.307873,12.43,256,1952,3309,971,liboqs,validator
Dilithium3,sign,491361,0.491361,12.43,256,1952,3309,972,liboqs,validator
Dilithium3,sign,295029,0.295029,12.43,256,1952,3309,973,liboqs,validator
Dilithium3,sign,210107,0.210107,12.43,256,1952,3309,974,liboqs,validator
Dilithium3,sign,365886,0.365886,12.43,256,1952,3309,975,liboqs,validator
Dilithium3,sign,515261,0.515261,12.43,256,1952,3309,976,liboqs,validator
Dilithium3,sign,776627,0.776627,12.43,256,1952,3309,977,liboqs,validator
Dilithium3,sign,203966,0.203966,12.43,256,1952,3309,978,liboqs,validator
Dilithium3,sign,774667,0.774667,12.43,256,1952,3309,979,liboqs,validator
Dilithium3,sign,221664,0.221664,12.43,256,1952,3309,980,liboqs,validator
Dilithium3,sign,841212,0.841212,12.43,256,1952,3309,981,liboqs,validator
Dilithium3,sign,329781,0.329781,12.43,256,1952,3309,982,liboqs,validator
Dilithium3,sign,396466,0.396466,12.43,256,1952,3309,983,liboqs,validator
Dilithium3,sign,366415,0.366415,12.43,256,1952,3309,984,liboqs,validator
Dilithium3,sign,186805,0.186805,12.43,256,1952,3309,985,liboqs,validator
Dilithium3,sign,541540,0.54154,12.43,256,1952,3309,986,liboqs,validator
Dilithium3,sign,388888,0.388888,12.43,256,1952,3309,987,liboqs,validator
Dilithium3,sign,262078,0.262078,12.43,256,1952,3309,988,liboqs,validator
Dilithium3,sign,1259254,1.259254,12.43,256,1952,3309,989,liboqs,validator
Dilithium3,sign,1014345,1.014345,12.43,256,1952,3309,990,liboqs,validator
Dilithium3,sign,1142734,1.142734,12.43,256,1952,3309,991,liboqs,validator
Dilithium3,sign,250527,0.250527,12.43,256,1952,3309,992,liboqs,validator
Dilithium3,sign,486586,0.486586,12.43,256,1952,3309,993,liboqs,validator
Dilithium3,sign,365891,0.365891,12.43,256,1952,3309,994,liboqs,validator
Dilithium3,sign,139270,0.13927,12.43,256,1952,3309,995,liboqs,validator
Dilithium3,sign,474100,0.4741,12.43,256,1952,3309,996,liboqs,validator
Dilithium3,sign,969805,0.969805,12.43,256,1952,3309,997,liboqs,validator
Dilithium3,sign,854421,0.854421,12.43,256,1952,3309,998,liboqs,validator
Dilithium3,sign,378990,0.37899,12.43,256,1952,3309,999,liboqs,validator
Dilithium3,verify,210872,0.210872,7.42,256,1952,3309,0,liboqs,validator
Dilithium3,verify,284412,0.284412,7.42,256,1952,3309,1,liboqs,validator
Dilithium3,verify,217034,0.217034,7.42,256,1952,3309,2,liboqs,validator
Dilithium3,verify,206550,0.20655,7.63,256,1952,3309,3,liboqs,validator
Dilithium3,verify,287935,0.287935,7.42,256,1952,3309,4,liboqs,validator
Dilithium3,verify,177364,0.177364,7.42,256,1952,3309,5,liboqs,validator
Dilithium3,verify,47266,0.047266,7.42,256,1952,3309,6,liboqs,validator
Dilithium3,verify,42123,0.042123,7.42,256,1952,3309,7,liboqs,validator
Dilithium3,verify,41361,0.041361,7.42,256,1952,3309,8,liboqs,validator
Dilithium3,verify,205392,0.205392,7.42,256,1952,3309,9,liboqs,validator
Dilithium3,verify,135826,0.135826,7.42,256,1952,3309,10,liboqs,validator
Dilithium3,verify,76847,0.076847,7.42,256,1952,3309,11,liboqs,validator
Dilithium3,verify,128468,0.128468,7.42,256,1952,3309,12,liboqs,validator
Dilithium3,verify,457122,0.457122,7.42,256,1952,3309,13,liboqs,validator
Dilithium3,verify,117084,0.117084,7.42,256,1952,3309,14,liboqs,validator
Dilithium3,verify,176066,0.176066,7.42,256,1952,3309,15,liboqs,validator
Dilithium3,verify,120823,0.120823,7.42,256,1952,3309,16,liboqs,validator
Dilithium3,verify,211864,0.211864,7.42,256,1952,3309,17,liboqs,validator
Dilithium3,verify,506033,0.506033,7.42,256,1952,3309,18,liboqs,validator
Dilithium3,verify,460219,0.460219,7.42,256,1952,3309,19,liboqs,validator
Dilithium3,verify,252536,0.252536,7.42,256,1952,3309,20,liboqs,validator
Dilithium3,verify,405650,0.40565,7.42,256,1952,3309,21,liboqs,validator
Dilithium3,verify,48407,0.048407,7.42,256,1952,3309,22,liboqs,validator
Dilithium3,verify,92843,0.092843,7.42,256,1952,3309,23,liboqs,validator
Dilithium3,verify,218448,0.218448,7.42,256,1952,3309,24,liboqs,validator
Dilithium3,verify,444680,0.44468,7.42,256,1952,3309,25,liboqs,validator
Dilithium3,verify,158877,0.158877,7.42,256,1952,3309,26,liboqs,validator
Dilithium3,verify,358925,0.358925,7.42,256,1952,3309,27,liboqs,validator
Dilithium3,verify,609846,0.609846,7.42,256,1952,3309,28,liboqs,validator
Dilithium3,verify,246661,0.246661,7.42,256,1952,3309,29,liboqs,validator
Dilithium3,verify,370096,0.370096,7.42,256,1952,3309,30,liboqs,validator
Dilithium3,verify,248555,0.248555,7.42,256,1952,3309,31,liboqs,validator
Dilithium3,verify,447410,0.44741,7.42,256,1952,3309,32,liboqs,validator
Dilithium3,verify,89774,0.089774,7.42,256,1952,3309,33,liboqs,validator
Dilithium3,verify,276932,0.276932,7.42,256,1952,3309,34,liboqs,validator
Dilithium3,verify,241066,0.241066,7.42,256,1952,3309,35,liboqs,validator
Dilithium3,verify,174030,0.17403,7.42,256,1952,3309,36,liboqs,validator
Dilithium3,verify,249201,0.249201,7.42,256,1952,3309,37,liboqs,validator
Dilithium3,verify,425212,0.425212,7.42,256,1952,3309,38,liboqs,validator
Dilithium3,verify,187361,0.187361,7.42,256,1952,3309,39,liboqs,validator
Dilithium3,verify,151817,0.151817,7.42,256,1952,3309,40,liboqs,validator
Dilithium3,verify,71598,0.071598,7.42,256,1952,3309,41,liboqs,validator
Dilithium3,verify,259675,0.259675,7.42,256,1952,3309,42,liboqs,validator
Dilithium3,verify,136219,0.136219,7.42,256,1952,3309,43,liboqs,validator
Dilithium3,verify,175823,0.175823,7.42,256,1952,3309,44,liboqs,validator
Dilithium3,verify,135471,0.135471,7.42,256,1952,3309,45,liboqs,validator
Dilithium3,verify,283391,0.283391,7.42,256,1952,3309,46,liboqs,validator
Dilithium3,verify,132265,0.132265,7.42,256,1952,3309,47,liboqs,validator
Dilithium3,verify,169301,0.169301,7.42,256,1952,3309,48,liboqs,validator
Dilithium3,verify,108077,0.108077,7.42,256,1952,3309,49,liboqs,validator
Dilithium3,verify,47191,0.047191,7.42,256,1952,3309,50,liboqs,validator
Dilithium3,verify,42171,0.042171,7.42,256,1952,3309,51,liboqs,validator
Dilithium3,verify,136361,0.136361,7.42,256,1952,3309,52,liboqs,validator
Dilithium3,verify,163592,0.163592,7.42,256,1952,3309,53,liboqs,validator
Dilithium3,verify,230581,0.230581,7.42,256,1952,3309,54,liboqs,validator
Dilithium3,verify,96805,0.096805,7.42,256,1952,3309,55,liboqs,validator
Dilithium3,verify,94633,0.094633,7.42,256,1952,3309,56,liboqs,validator
Dilithium3,verify,155410,0.15541,7.42,256,1952,3309,57,liboqs,validator
Dilithium3,verify,207903,0.207903,7.42,256,1952,3309,58,liboqs,validator
Dilithium3,verify,268972,0.268972,7.42,256,1952,3309,59,liboqs,validator
Dilithium3,verify,194562,0.194562,7.42,256,1952,3309,60,liboqs,validator
Dilithium3,verify,426839,0.426839,7.42,256,1952,3309,61,liboqs,validator
Dilithium3,verify,195572,0.195572,7.42,256,1952,3309,62,liboqs,validator
Dilithium3,verify,156177,0.156177,7.42,256,1952,3309,63,liboqs,validator
Dilithium3,verify,478820,0.47882,7.42,256,1952,3309,64,liboqs,validator
Dilithium3,verify,103518,0.103518,7.42,256,1952,3309,65,liboqs,validator
Dilithium3,verify,220693,0.220693,7.42,256,1952,3309,66,liboqs,validator
Dilithium3,verify,429073,0.429073,7.42,256,1952,3309,67,liboqs,validator
Dilithium3,verify,450139,0.450139,7.42,256,1952,3309,68,liboqs,validator
Dilithium3,verify,47970,0.04797,7.42,256,1952,3309,69,liboqs,validator
Dilithium3,verify,71701,0.071701,7.42,256,1952,3309,70,liboqs,validator
Dilithium3,verify,73134,0.073134,7.42,256,1952,3309,71,liboqs,validator
Dilithium3,verify,125716,0.125716,7.42,256,1952,3309,72,liboqs,validator
Dilithium3,verify,208443,0.208443,7.42,256,1952,3309,73,liboqs,validator
Dilithium3,verify,153298,0.153298,7.42,256,1952,3309,74,liboqs,validator
Dilithium3,verify,242667,0.242667,7.42,256,1952,3309,75,liboqs,validator
Dilithium3,verify,269602,0.269602,7.42,256,1952,3309,76,liboqs,validator
Dilithium3,verify,177203,0.177203,7.42,256,1952,3309,77,liboqs,validator
Dilithium3,verify,307889,0.307889,7.42,256,1952,3309,78,liboqs,validator
Dilithium3,verify,476219,0.476219,7.42,256,1952,3309,79,liboqs,validator
Dilithium3,verify,94694,0.094694,7.42,256,1952,3309,80,liboqs,validator
Dilithium3,verify,578369,0.578369,7.42,256,1952,3309,81,liboqs,validator
Dilithium3,verify,276583,0.276583,7.42,256,1952,3309,82,liboqs,validator
Dilithium3,verify,222982,0.222982,7.42,256,1952,3309,83,liboqs,validator
Dilithium3,verify,213746,0.213746,7.42,256,1952,3309,84,liboqs,validator
Dilithium3,verify,200059,0.200059,7.42,256,1952,3309,85,liboqs,validator
Dilithium3,verify,492964,0.492964,7.42,256,1952,3309,86,liboqs,validator
Dilithium3,verify,683286,0.683286,7.42,256,1952,3309,87,liboqs,validator
Dilithium3,verify,269783,0.269783,7.42,256,1952,3309,88,liboqs,validator
Dilithium3,verify,238212,0.238212,7.42,256,1952,3309,89,liboqs,validator
Dilithium3,verify,141782,0.141782,7.42,256,1952,3309,90,liboqs,validator
Dilithium3,verify,273752,0.273752,7.42,256,1952,3309,91,liboqs,validator
Dilithium3,verify,85866,0.085866,7.42,256,1952,3309,92,liboqs,validator
Dilithium3,verify,182188,0.182188,7.42,256,1952,3309,93,liboqs,validator
Dilithium3,verify,307263,0.307263,7.42,256,1952,3309,94,liboqs,validator
Dilithium3,verify,214919,0.214919,7.42,256,1952,3309,95,liboqs,validator
Dilithium3,verify,150632,0.150632,7.42,256,1952,3309,96,liboqs,validator
Dilithium3,verify,44422,0.044422,7.42,256,1952,3309,97,liboqs,validator
Dilithium3,verify,41105,0.041105,7.42,256,1952,3309,98,liboqs,validator
Dilithium3,verify,197772,0.197772,7.42,256,1952,3309,99,liboqs,validator
Dilithium3,verify,112495,0.112495,7.42,256,1952,3309,100,liboqs,validator
Dilithium3,verify,69918,0.069918,7.42,256,1952,3309,101,liboqs,validator
Dilithium3,verify,72504,0.072504,7.42,256,1952,3309,102,liboqs,validator
Dilithium3,verify,183516,0.183516,7.42,256,1952,3309,103,liboqs,validator
Dilithium3,verify,73355,0.073355,7.42,256,1952,3309,104,liboqs,validator
Dilithium3,verify,44983,0.044983,7.42,256,1952,3309,105,liboqs,validator
Dilithium3,verify,40999,0.040999,7.42,256,1952,3309,106,liboqs,validator
Dilithium3,verify,47764,0.047764,7.42,256,1952,3309,107,liboqs,validator
Dilithium3,verify,449402,0.449402,7.42,256,1952,3309,108,liboqs,validator
Dilithium3,verify,101101,0.101101,7.42,256,1952,3309,109,liboqs,validator
Dilithium3,verify,239060,0.23906,7.42,256,1952,3309,110,liboqs,validator
Dilithium3,verify,285399,0.285399,7.42,256,1952,3309,111,liboqs,validator
Dilithium3,verify,252999,0.252999,7.42,256,1952,3309,112,liboqs,validator
Dilithium3,verify,96245,0.096245,7.42,256,1952,3309,113,liboqs,validator
Dilithium3,verify,174241,0.174241,7.42,256,1952,3309,114,liboqs,validator
Dilithium3,verify,461344,0.461344,7.42,256,1952,3309,115,liboqs,validator
Dilithium3,verify,410571,0.410571,7.42,256,1952,3309,116,liboqs,validator
Dilithium3,verify,443535,0.443535,7.42,256,1952,3309,117,liboqs,validator
Dilithium3,verify,652190,0.65219,7.42,256,1952,3309,118,liboqs,validator
Dilithium3,verify,493846,0.493846,7.42,256,1952,3309,119,liboqs,validator
Dilithium3,verify,420196,0.420196,7.42,256,1952,3309,120,liboqs,validator
Dilithium3,verify,141847,0.141847,7.42,256,1952,3309,121,liboqs,validator
Dilithium3,verify,412885,0.412885,7.42,256,1952,3309,122,liboqs,validator
Dilithium3,verify,299806,0.299806,7.42,256,1952,3309,123,liboqs,validator
Dilithium3,verify,225360,0.22536,7.42,256,1952,3309,124,liboqs,validator
Dilithium3,verify,89533,0.089533,7.42,256,1952,3309,125,liboqs,validator
Dilithium3,verify,222665,0.222665,7.42,256,1952,3309,126,liboqs,validator
Dilithium3,verify,432746,0.432746,7.42,256,1952,3309,127,liboqs,validator
Dilithium3,verify,202733,0.202733,7.42,256,1952,3309,128,liboqs,validator
Dilithium3,verify,372207,0.372207,7.42,256,1952,3309,129,liboqs,validator
Dilithium3,verify,162495,0.162495,7.42,256,1952,3309,130,liboqs,validator
Dilithium3,verify,261660,0.26166,7.42,256,1952,3309,131,liboqs,validator
Dilithium3,verify,308023,0.308023,7.42,256,1952,3309,132,liboqs,validator
Dilithium3,verify,290873,0.290873,7.42,256,1952,3309,133,liboqs,validator
Dilithium3,verify,89254,0.089254,7.42,256,1952,3309,134,liboqs,validator
Dilithium3,verify,117670,0.11767,7.42,256,1952,3309,135,liboqs,validator
Dilithium3,verify,113718,0.113718,7.42,256,1952,3309,136,liboqs,validator
Dilithium3,verify,257027,0.257027,7.42,256,1952,3309,137,liboqs,validator
Dilithium3,verify,89083,0.089083,7.42,256,1952,3309,138,liboqs,validator
Dilithium3,verify,153736,0.153736,7.42,256,1952,3309,139,liboqs,validator
Dilithium3,verify,517783,0.517783,7.42,256,1952,3309,140,liboqs,validator
Dilithium3,verify,486830,0.48683,7.42,256,1952,3309,141,liboqs,validator
Dilithium3,verify,238920,0.23892,7.42,256,1952,3309,142,liboqs,validator
Dilithium3,verify,73017,0.073017,7.42,256,1952,3309,143,liboqs,validator
Dilithium3,verify,69986,0.069986,7.42,256,1952,3309,144,liboqs,validator
Dilithium3,verify,47439,0.047439,7.42,256,1952,3309,145,liboqs,validator
Dilithium3,verify,45714,0.045714,7.42,256,1952,3309,146,liboqs,validator
Dilithium3,verify,43209,0.043209,7.42,256,1952,3309,147,liboqs,validator
Dilithium3,verify,40252,0.040252,7.42,256,1952,3309,148,liboqs,validator
Dilithium3,verify,89910,0.08991,7.42,256,1952,3309,149,liboqs,validator
Dilithium3,verify,75212,0.075212,7.42,256,1952,3309,150,liboqs,validator
Dilithium3,verify,115061,0.115061,7.42,256,1952,3309,151,liboqs,validator
Dilithium3,verify,47232,0.047232,7.42,256,1952,3309,152,liboqs,validator
Dilithium3,verify,72607,0.072607,7.42,256,1952,3309,153,liboqs,validator
Dilithium3,verify,46938,0.046938,7.42,256,1952,3309,154,liboqs,validator
Dilithium3,verify,140879,0.140879,7.42,256,1952,3309,155,liboqs,validator
Dilithium3,verify,485616,0.485616,7.42,256,1952,3309,156,liboqs,validator
Dilithium3,verify,157643,0.157643,7.42,256,1952,3309,157,liboqs,validator
Dilithium3,verify,343325,0.343325,7.42,256,1952,3309,158,liboqs,validator
Dilithium3,verify,73345,0.073345,7.42,256,1952,3309,159,liboqs,validator
Dilithium3,verify,139757,0.139757,7.42,256,1952,3309,160,liboqs,validator
Dilithium3,verify,76645,0.076645,7.42,256,1952,3309,161,liboqs,validator
Dilithium3,verify,95471,0.095471,7.42,256,1952,3309,162,liboqs,validator
Dilithium3,verify,396689,0.396689,7.42,256,1952,3309,163,liboqs,validator
Dilithium3,verify,93843,0.093843,7.42,256,1952,3309,164,liboqs,validator
Dilithium3,verify,157189,0.157189,7.42,256,1952,3309,165,liboqs,validator
Dilithium3,verify,74160,0.07416,7.42,256,1952,3309,166,liboqs,validator
Dilithium3,verify,152250,0.15225,7.42,256,1952,3309,167,liboqs,validator
Dilithium3,verify,178989,0.178989,7.42,256,1952,3309,168,liboqs,validator
Dilithium3,verify,220738,0.220738,7.42,256,1952,3309,169,liboqs,validator
Dilithium3,verify,151987,0.151987,7.42,256,1952,3309,170,liboqs,validator
Dilithium3,verify,594337,0.594337,7.42,256,1952,3309,171,liboqs,validator
Dilithium3,verify,272274,0.272274,7.42,256,1952,3309,172,liboqs,validator
Dilithium3,verify,176839,0.176839,7.42,256,1952,3309,173,liboqs,validator
Dilithium3,verify,442124,0.442124,7.42,256,1952,3309,174,liboqs,validator
Dilithium3,verify,449525,0.449525,7.42,256,1952,3309,175,liboqs,validator
Dilithium3,verify,127972,0.127972,7.42,256,1952,3309,176,liboqs,validator
Dilithium3,verify,75313,0.075313,7.42,256,1952,3309,177,liboqs,validator
Dilithium3,verify,71808,0.071808,7.42,256,1952,3309,178,liboqs,validator
Dilithium3,verify,470081,0.470081,7.42,256,1952,3309,179,liboqs,validator
Dilithium3,verify,93652,0.093652,7.42,256,1952,3309,180,liboqs,validator
Dilithium3,verify,515281,0.515281,7.42,256,1952,3309,181,liboqs,validator
Dilithium3,verify,233012,0.233012,7.42,256,1952,3309,182,liboqs,validator
Dilithium3,verify,669754,0.669754,7.42,256,1952,3309,183,liboqs,validator
Dilithium3,verify,225364,0.225364,7.42,256,1952,3309,184,liboqs,validator
Dilithium3,verify,201755,0.201755,7.42,256,1952,3309,185,liboqs,validator
Dilithium3,verify,154408,0.154408,7.42,256,1952,3309,186,liboqs,validator
Dilithium3,verify,130617,0.130617,7.42,256,1952,3309,187,liboqs,validator
Dilithium3,verify,96059,0.096059,7.42,256,1952,3309,188,liboqs,validator
Dilithium3,verify,170991,0.170991,7.42,256,1952,3309,189,liboqs,validator
Dilithium3,verify,426180,0.42618,7.42,256,1952,3309,190,liboqs,validator
Dilithium3,verify,321980,0.32198,7.42,256,1952,3309,191,liboqs,validator
Dilithium3,verify,599504,0.599504,7.42,256,1952,3309,192,liboqs,validator
Dilithium3,verify,225619,0.225619,7.42,256,1952,3309,193,liboqs,validator
Dilithium3,verify,46886,0.046886,7.42,256,1952,3309,194,liboqs,validator
Dilithium3,verify,41786,0.041786,7.42,256,1952,3309,195,liboqs,validator
Dilithium3,verify,40317,0.040317,7.42,256,1952,3309,196,liboqs,validator
Dilithium3,verify,195521,0.195521,7.42,256,1952,3309,197,liboqs,validator
Dilithium3,verify,111058,0.111058,7.42,256,1952,3309,198,liboqs,validator
Dilithium3,verify,137506,0.137506,7.42,256,1952,3309,199,liboqs,validator
Dilithium3,verify,164383,0.164383,7.42,256,1952,3309,200,liboqs,validator
Dilithium3,verify,65043,0.065043,7.42,256,1952,3309,201,liboqs,validator
Dilithium3,verify,954379,0.954379,7.42,256,1952,3309,202,liboqs,validator
Dilithium3,verify,185404,0.185404,7.42,256,1952,3309,203,liboqs,validator
Dilithium3,verify,422738,0.422738,7.42,256,1952,3309,204,liboqs,validator
Dilithium3,verify,358813,0.358813,7.42,256,1952,3309,205,liboqs,validator
Dilithium3,verify,309650,0.30965,7.42,256,1952,3309,206,liboqs,validator
Dilithium3,verify,365439,0.365439,7.42,256,1952,3309,207,liboqs,validator
Dilithium3,verify,216515,0.216515,7.42,256,1952,3309,208,liboqs,validator
Dilithium3,verify,262995,0.262995,7.42,256,1952,3309,209,liboqs,validator
Dilithium3,verify,156496,0.156496,7.42,256,1952,3309,210,liboqs,validator
Dilithium3,verify,97509,0.097509,7.42,256,1952,3309,211,liboqs,validator
Dilithium3,verify,134159,0.134159,7.42,256,1952,3309,212,liboqs,validator
Dilithium3,verify,355334,0.355334,7.42,256,1952,3309,213,liboqs,validator
Dilithium3,verify,238437,0.238437,7.42,256,1952,3309,214,liboqs,validator
Dilithium3,verify,662711,0.662711,7.42,256,1952,3309,215,liboqs,validator
Dilithium3,verify,350227,0.350227,7.42,256,1952,3309,216,liboqs,validator
Dilithium3,verify,91694,0.091694,7.42,256,1952,3309,217,liboqs,validator
Dilithium3,verify,454508,0.454508,7.42,256,1952,3309,218,liboqs,validator
Dilithium3,verify,183172,0.183172,7.42,256,1952,3309,219,liboqs,validator
Dilithium3,verify,76430,0.07643,7.42,256,1952,3309,220,liboqs,validator
Dilithium3,verify,43040,0.04304,7.42,256,1952,3309,221,liboqs,validator
Dilithium3,verify,69332,0.069332,7.42,256,1952,3309,222,liboqs,validator
Dilithium3,verify,286534,0.286534,7.42,256,1952,3309,223,liboqs,validator
Dilithium3,verify,156004,0.156004,7.42,256,1952,3309,224,liboqs,validator
Dilithium3,verify,277189,0.277189,7.42,256,1952,3309,225,liboqs,validator
Dilithium3,verify,113914,0.113914,7.42,256,1952,3309,226,liboqs,validator
Dilithium3,verify,48069,0.048069,7.42,256,1952,3309,227,liboqs,validator
Dilithium3,verify,96622,0.096622,7.42,256,1952,3309,228,liboqs,validator
Dilithium3,verify,279561,0.279561,7.42,256,1952,3309,229,liboqs,validator
Dilithium3,verify,178861,0.178861,7.42,256,1952,3309,230,liboqs,validator
Dilithium3,verify,204422,0.204422,7.42,256,1952,3309,231,liboqs,validator
Dilithium3,verify,132707,0.132707,7.42,256,1952,3309,232,liboqs,validator
Dilithium3,verify,126101,0.126101,7.42,256,1952,3309,233,liboqs,validator
Dilithium3,verify,254288,0.254288,7.42,256,1952,3309,234,liboqs,validator
Dilithium3,verify,296947,0.296947,7.42,256,1952,3309,235,liboqs,validator
Dilithium3,verify,48230,0.04823,7.42,256,1952,3309,236,liboqs,validator
Dilithium3,verify,72288,0.072288,7.42,256,1952,3309,237,liboqs,validator
Dilithium3,verify,55583,0.055583,7.42,256,1952,3309,238,liboqs,validator
Dilithium3,verify,46590,0.04659,7.42,256,1952,3309,239,liboqs,validator
Dilithium3,verify,93269,0.093269,7.42,256,1952,3309,240,liboqs,validator
Dilithium3,verify,69734,0.069734,7.42,256,1952,3309,241,liboqs,validator
Dilithium3,verify,179690,0.17969,7.42,256,1952,3309,242,liboqs,validator
Dilithium3,verify,434270,0.43427,7.42,256,1952,3309,243,liboqs,validator
Dilithium3,verify,196613,0.196613,7.42,256,1952,3309,244,liboqs,validator
Dilithium3,verify,93203,0.093203,7.42,256,1952,3309,245,liboqs,validator
Dilithium3,verify,154997,0.154997,7.42,256,1952,3309,246,liboqs,validator
Dilithium3,verify,47154,0.047154,7.42,256,1952,3309,247,liboqs,validator
Dilithium3,verify,47157,0.047157,7.42,256,1952,3309,248,liboqs,validator
Dilithium3,verify,40977,0.040977,7.42,256,1952,3309,249,liboqs,validator
Dilithium3,verify,135043,0.135043,7.42,256,1952,3309,250,liboqs,validator
Dilithium3,verify,186336,0.186336,7.42,256,1952,3309,251,liboqs,validator
Dilithium3,verify,131528,0.131528,7.42,256,1952,3309,252,liboqs,validator
Dilithium3,verify,211663,0.211663,7.42,256,1952,3309,253,liboqs,validator
Dilithium3,verify,44834,0.044834,7.42,256,1952,3309,254,liboqs,validator
Dilithium3,verify,41291,0.041291,7.42,256,1952,3309,255,liboqs,validator
Dilithium3,verify,69363,0.069363,7.42,256,1952,3309,256,liboqs,validator
Dilithium3,verify,46448,0.046448,7.42,256,1952,3309,257,liboqs,validator
Dilithium3,verify,41625,0.041625,7.42,256,1952,3309,258,liboqs,validator
Dilithium3,verify,129831,0.129831,7.42,256,1952,3309,259,liboqs,validator
Dilithium3,verify,539858,0.539858,7.42,256,1952,3309,260,liboqs,validator
Dilithium3,verify,74445,0.074445,7.42,256,1952,3309,261,liboqs,validator
Dilithium3,verify,142486,0.142486,7.42,256,1952,3309,262,liboqs,validator
Dilithium3,verify,244872,0.244872,7.42,256,1952,3309,263,liboqs,validator
Dilithium3,verify,54814,0.054814,7.42,256,1952,3309,264,liboqs,validator
Dilithium3,verify,276234,0.276234,7.42,256,1952,3309,265,liboqs,validator
Dilithium3,verify,173764,0.173764,7.42,256,1952,3309,266,liboqs,validator
Dilithium3,verify,427390,0.42739,7.42,256,1952,3309,267,liboqs,validator
Dilithium3,verify,502800,0.5028,7.42,256,1952,3309,268,liboqs,validator
Dilithium3,verify,174456,0.174456,7.42,256,1952,3309,269,liboqs,validator
Dilithium3,verify,49029,0.049029,7.42,256,1952,3309,270,liboqs,validator
Dilithium3,verify,159990,0.15999,7.42,256,1952,3309,271,liboqs,validator
Dilithium3,verify,223162,0.223162,7.42,256,1952,3309,272,liboqs,validator
Dilithium3,verify,73109,0.073109,7.42,256,1952,3309,273,liboqs,validator
Dilithium3,verify,249105,0.249105,7.42,256,1952,3309,274,liboqs,validator
Dilithium3,verify,161808,0.161808,7.42,256,1952,3309,275,liboqs,validator
Dilithium3,verify,234271,0.234271,7.42,256,1952,3309,276,liboqs,validator
Dilithium3,verify,289279,0.289279,7.42,256,1952,3309,277,liboqs,validator
Dilithium3,verify,668746,0.668746,7.42,256,1952,3309,278,liboqs,validator
Dilithium3,verify,230923,0.230923,7.42,256,1952,3309,279,liboqs,validator
Dilithium3,verify,273863,0.273863,7.42,256,1952,3309,280,liboqs,validator
Dilithium3,verify,170316,0.170316,7.42,256,1952,3309,281,liboqs,validator
Dilithium3,verify,174760,0.17476,7.42,256,1952,3309,282,liboqs,validator
Dilithium3,verify,212165,0.212165,7.42,256,1952,3309,283,liboqs,validator
Dilithium3,verify,159269,0.159269,7.42,256,1952,3309,284,liboqs,validator
Dilithium3,verify,150442,0.150442,7.42,256,1952,3309,285,liboqs,validator
Dilithium3,verify,326501,0.326501,7.42,256,1952,3309,286,liboqs,validator
Dilithium3,verify,461855,0.461855,7.42,256,1952,3309,287,liboqs,validator
Dilithium3,verify,208016,0.208016,7.42,256,1952,3309,288,liboqs,validator
Dilithium3,verify,449081,0.449081,7.42,256,1952,3309,289,liboqs,validator
Dilithium3,verify,325528,0.325528,7.42,256,1952,3309,290,liboqs,validator
Dilithium3,verify,90510,0.09051,7.42,256,1952,3309,291,liboqs,validator
Dilithium3,verify,223344,0.223344,7.42,256,1952,3309,292,liboqs,validator
Dilithium3,verify,222818,0.222818,7.42,256,1952,3309,293,liboqs,validator
Dilithium3,verify,158729,0.158729,7.42,256,1952,3309,294,liboqs,validator
Dilithium3,verify,238066,0.238066,7.42,256,1952,3309,295,liboqs,validator
Dilithium3,verify,46899,0.046899,7.42,256,1952,3309,296,liboqs,validator
Dilithium3,verify,46087,0.046087,7.42,256,1952,3309,297,liboqs,validator
Dilithium3,verify,302867,0.302867,7.42,256,1952,3309,298,liboqs,validator
Dilithium3,verify,90702,0.090702,7.42,256,1952,3309,299,liboqs,validator
Dilithium3,verify,74040,0.07404,7.42,256,1952,3309,300,liboqs,validator
Dilithium3,verify,331020,0.33102,7.42,256,1952,3309,301,liboqs,validator
Dilithium3,verify,182897,0.182897,7.42,256,1952,3309,302,liboqs,validator
Dilithium3,verify,369818,0.369818,7.42,256,1952,3309,303,liboqs,validator
Dilithium3,verify,315521,0.315521,7.42,256,1952,3309,304,liboqs,validator
Dilithium3,verify,196388,0.196388,7.42,256,1952,3309,305,liboqs,validator
Dilithium3,verify,86837,0.086837,7.42,256,1952,3309,306,liboqs,validator
Dilithium3,verify,48032,0.048032,7.42,256,1952,3309,307,liboqs,validator
Dilithium3,verify,230567,0.230567,7.42,256,1952,3309,308,liboqs,validator
Dilithium3,verify,132367,0.132367,7.42,256,1952,3309,309,liboqs,validator
Dilithium3,verify,195088,0.195088,7.42,256,1952,3309,310,liboqs,validator
Dilithium3,verify,252865,0.252865,7.42,256,1952,3309,311,liboqs,validator
Dilithium3,verify,237805,0.237805,7.42,256,1952,3309,312,liboqs,validator
Dilithium3,verify,325055,0.325055,7.42,256,1952,3309,313,liboqs,validator
Dilithium3,verify,267669,0.267669,7.42,256,1952,3309,314,liboqs,validator
Dilithium3,verify,277696,0.277696,7.42,256,1952,3309,315,liboqs,validator
Dilithium3,verify,93332,0.093332,7.42,256,1952,3309,316,liboqs,validator
Dilithium3,verify,93283,0.093283,7.42,256,1952,3309,317,liboqs,validator
Dilithium3,verify,155742,0.155742,7.42,256,1952,3309,318,liboqs,validator
Dilithium3,verify,172841,0.172841,7.42,256,1952,3309,319,liboqs,validator
Dilithium3,verify,390689,0.390689,7.42,256,1952,3309,320,liboqs,validator
Dilithium3,verify,212117,0.212117,7.42,256,1952,3309,321,liboqs,validator
Dilithium3,verify,517302,0.517302,7.42,256,1952,3309,322,liboqs,validator
Dilithium3,verify,251513,0.251513,7.42,256,1952,3309,323,liboqs,validator
Dilithium3,verify,151017,0.151017,7.42,256,1952,3309,324,liboqs,validator
Dilithium3,verify,578935,0.578935,7.42,256,1952,3309,325,liboqs,validator
Dilithium3,verify,309062,0.309062,7.42,256,1952,3309,326,liboqs,validator
Dilithium3,verify,614084,0.614084,7.42,256,1952,3309,327,liboqs,validator
Dilithium3,verify,49680,0.04968,7.42,256,1952,3309,328,liboqs,validator
Dilithium3,verify,71536,0.071536,7.42,256,1952,3309,329,liboqs,validator
Dilithium3,verify,95513,0.095513,7.42,256,1952,3309,330,liboqs,validator
Dilithium3,verify,48116,0.048116,7.42,256,1952,3309,331,liboqs,validator
Dilithium3,verify,74398,0.074398,7.42,256,1952,3309,332,liboqs,validator
Dilithium3,verify,42120,0.04212,7.42,256,1952,3309,333,liboqs,validator
Dilithium3,verify,67553,0.067553,7.42,256,1952,3309,334,liboqs,validator
Dilithium3,verify,409870,0.40987,7.42,256,1952,3309,335,liboqs,validator
Dilithium3,verify,46162,0.046162,7.42,256,1952,3309,336,liboqs,validator
Dilithium3,verify,113838,0.113838,7.42,256,1952,3309,337,liboqs,validator
Dilithium3,verify,48753,0.048753,7.42,256,1952,3309,338,liboqs,validator
Dilithium3,verify,47528,0.047528,7.42,256,1952,3309,339,liboqs,validator
Dilithium3,verify,366239,0.366239,7.42,256,1952,3309,340,liboqs,validator
Dilithium3,verify,95933,0.095933,7.42,256,1952,3309,341,liboqs,validator
Dilithium3,verify,240723,0.240723,7.42,256,1952,3309,342,liboqs,validator
Dilithium3,verify,272464,0.272464,7.42,256,1952,3309,343,liboqs,validator
Dilithium3,verify,95083,0.095083,7.42,256,1952,3309,344,liboqs,validator
Dilithium3,verify,275574,0.275574,7.42,256,1952,3309,345,liboqs,validator
Dilithium3,verify,350393,0.350393,7.42,256,1952,3309,346,liboqs,validator
Dilithium3,verify,177484,0.177484,7.42,256,1952,3309,347,liboqs,validator
Dilithium3,verify,44690,0.04469,7.42,256,1952,3309,348,liboqs,validator
Dilithium3,verify,49592,0.049592,7.42,256,1952,3309,349,liboqs,validator
Dilithium3,verify,116904,0.116904,7.42,256,1952,3309,350,liboqs,validator
Dilithium3,verify,135012,0.135012,7.42,256,1952,3309,351,liboqs,validator
Dilithium3,verify,114605,0.114605,7.42,256,1952,3309,352,liboqs,validator
Dilithium3,verify,173616,0.173616,7.42,256,1952,3309,353,liboqs,validator
Dilithium3,verify,389686,0.389686,7.42,256,1952,3309,354,liboqs,validator
Dilithium3,verify,296224,0.296224,7.42,256,1952,3309,355,liboqs,validator
Dilithium3,verify,100745,0.100745,7.42,256,1952,3309,356,liboqs,validator
Dilithium3,verify,273401,0.273401,7.42,256,1952,3309,357,liboqs,validator
Dilithium3,verify,202420,0.20242,7.42,256,1952,3309,358,liboqs,validator
Dilithium3,verify,452978,0.452978,7.42,256,1952,3309,359,liboqs,validator
Dilithium3,verify,253948,0.253948,7.42,256,1952,3309,360,liboqs,validator
Dilithium3,verify,195842,0.195842,7.42,256,1952,3309,361,liboqs,validator
Dilithium3,verify,314519,0.314519,7.42,256,1952,3309,362,liboqs,validator
Dilithium3,verify,203968,0.203968,7.42,256,1952,3309,363,liboqs,validator
Dilithium3,verify,176904,0.176904,7.42,256,1952,3309,364,liboqs,validator
Dilithium3,verify,397202,0.397202,7.42,256,1952,3309,365,liboqs,validator
Dilithium3,verify,197942,0.197942,7.42,256,1952,3309,366,liboqs,validator
Dilithium3,verify,125016,0.125016,7.42,256,1952,3309,367,liboqs,validator
Dilithium3,verify,84705,0.084705,7.42,256,1952,3309,368,liboqs,validator
Dilithium3,verify,72244,0.072244,7.42,256,1952,3309,369,liboqs,validator
Dilithium3,verify,91598,0.091598,7.42,256,1952,3309,370,liboqs,validator
Dilithium3,verify,728083,0.728083,7.42,256,1952,3309,371,liboqs,validator
Dilithium3,verify,238454,0.238454,7.42,256,1952,3309,372,liboqs,validator
Dilithium3,verify,176050,0.17605,7.42,256,1952,3309,373,liboqs,validator
Dilithium3,verify,74018,0.074018,7.42,256,1952,3309,374,liboqs,validator
Dilithium3,verify,398514,0.398514,7.42,256,1952,3309,375,liboqs,validator
Dilithium3,verify,254169,0.254169,7.42,256,1952,3309,376,liboqs,validator
Dilithium3,verify,220476,0.220476,7.42,256,1952,3309,377,liboqs,validator
Dilithium3,verify,428232,0.428232,7.42,256,1952,3309,378,liboqs,validator
Dilithium3,verify,94322,0.094322,7.42,256,1952,3309,379,liboqs,validator
Dilithium3,verify,269056,0.269056,7.42,256,1952,3309,380,liboqs,validator
Dilithium3,verify,306319,0.306319,7.42,256,1952,3309,381,liboqs,validator
Dilithium3,verify,176969,0.176969,7.42,256,1952,3309,382,liboqs,validator
Dilithium3,verify,382449,0.382449,7.42,256,1952,3309,383,liboqs,validator
Dilithium3,verify,371657,0.371657,7.42,256,1952,3309,384,liboqs,validator
Dilithium3,verify,435979,0.435979,7.42,256,1952,3309,385,liboqs,validator
Dilithium3,verify,42865,0.042865,7.42,256,1952,3309,386,liboqs,validator
Dilithium3,verify,207989,0.207989,7.42,256,1952,3309,387,liboqs,validator
Dilithium3,verify,215518,0.215518,7.42,256,1952,3309,388,liboqs,validator
Dilithium3,verify,108003,0.108003,7.42,256,1952,3309,389,liboqs,validator
Dilithium3,verify,185517,0.185517,7.42,256,1952,3309,390,liboqs,validator
Dilithium3,verify,279358,0.279358,7.42,256,1952,3309,391,liboqs,validator
Dilithium3,verify,347793,0.347793,7.42,256,1952,3309,392,liboqs,validator
Dilithium3,verify,72267,0.072267,7.42,256,1952,3309,393,liboqs,validator
Dilithium3,verify,110689,0.110689,7.42,256,1952,3309,394,liboqs,validator
Dilithium3,verify,135667,0.135667,7.42,256,1952,3309,395,liboqs,validator
Dilithium3,verify,46198,0.046198,7.42,256,1952,3309,396,liboqs,validator
Dilithium3,verify,41851,0.041851,7.42,256,1952,3309,397,liboqs,validator
Dilithium3,verify,154545,0.154545,7.42,256,1952,3309,398,liboqs,validator
Dilithium3,verify,92350,0.09235,7.42,256,1952,3309,399,liboqs,validator
Dilithium3,verify,100060,0.10006,7.42,256,1952,3309,400,liboqs,validator
Dilithium3,verify,69302,0.069302,7.42,256,1952,3309,401,liboqs,validator
Dilithium3,verify,89085,0.089085,7.42,256,1952,3309,402,liboqs,validator
Dilithium3,verify,231543,0.231543,7.42,256,1952,3309,403,liboqs,validator
Dilithium3,verify,222684,0.222684,7.42,256,1952,3309,404,liboqs,validator
Dilithium3,verify,84581,0.084581,7.42,256,1952,3309,405,liboqs,validator
Dilithium3,verify,296944,0.296944,7.42,256,1952,3309,406,liboqs,validator
Dilithium3,verify,341901,0.341901,7.42,256,1952,3309,407,liboqs,validator
Dilithium3,verify,454373,0.454373,7.42,256,1952,3309,408,liboqs,validator
Dilithium3,verify,196148,0.196148,7.42,256,1952,3309,409,liboqs,validator
Dilithium3,verify,498061,0.498061,7.42,256,1952,3309,410,liboqs,validator
Dilithium3,verify,140636,0.140636,7.42,256,1952,3309,411,liboqs,validator
Dilithium3,verify,47591,0.047591,7.42,256,1952,3309,412,liboqs,validator
Dilithium3,verify,333141,0.333141,7.42,256,1952,3309,413,liboqs,validator
Dilithium3,verify,170653,0.170653,7.42,256,1952,3309,414,liboqs,validator
Dilithium3,verify,483681,0.483681,7.42,256,1952,3309,415,liboqs,validator
Dilithium3,verify,225016,0.225016,7.42,256,1952,3309,416,liboqs,validator
Dilithium3,verify,146902,0.146902,7.42,256,1952,3309,417,liboqs,validator
Dilithium3,verify,244926,0.244926,7.42,256,1952,3309,418,liboqs,validator
Dilithium3,verify,45591,0.045591,7.42,256,1952,3309,419,liboqs,validator
Dilithium3,verify,328992,0.328992,7.42,256,1952,3309,420,liboqs,validator
Dilithium3,verify,394159,0.394159,7.42,256,1952,3309,421,liboqs,validator
Dilithium3,verify,487269,0.487269,7.42,256,1952,3309,422,liboqs,validator
Dilithium3,verify,157397,0.157397,7.42,256,1952,3309,423,liboqs,validator
Dilithium3,verify,293191,0.293191,7.42,256,1952,3309,424,liboqs,validator
Dilithium3,verify,236015,0.236015,7.42,256,1952,3309,425,liboqs,validator
Dilithium3,verify,45329,0.045329,7.42,256,1952,3309,426,liboqs,validator
Dilithium3,verify,307605,0.307605,7.42,256,1952,3309,427,liboqs,validator
Dilithium3,verify,221416,0.221416,7.42,256,1952,3309,428,liboqs,validator
Dilithium3,verify,421796,0.421796,7.42,256,1952,3309,429,liboqs,validator
Dilithium3,verify,287492,0.287492,7.42,256,1952,3309,430,liboqs,validator
Dilithium3,verify,152477,0.152477,7.42,256,1952,3309,431,liboqs,validator
Dilithium3,verify,481043,0.481043,7.42,256,1952,3309,432,liboqs,validator
Dilithium3,verify,265541,0.265541,7.42,256,1952,3309,433,liboqs,validator
Dilithium3,verify,178816,0.178816,7.42,256,1952,3309,434,liboqs,validator
Dilithium3,verify,134376,0.134376,7.42,256,1952,3309,435,liboqs,validator
Dilithium3,verify,47221,0.047221,7.42,256,1952,3309,436,liboqs,validator
Dilithium3,verify,218356,0.218356,7.42,256,1952,3309,437,liboqs,validator
Dilithium3,verify,97522,0.097522,7.42,256,1952,3309,438,liboqs,validator
Dilithium3,verify,165599,0.165599,7.42,256,1952,3309,439,liboqs,validator
Dilithium3,verify,44777,0.044777,7.42,256,1952,3309,440,liboqs,validator
Dilithium3,verify,41485,0.041485,7.42,256,1952,3309,441,liboqs,validator
Dilithium3,verify,74157,0.074157,7.42,256,1952,3309,442,liboqs,validator
Dilithium3,verify,48721,0.048721,7.42,256,1952,3309,443,liboqs,validator
Dilithium3,verify,89474,0.089474,7.42,256,1952,3309,444,liboqs,validator
Dilithium3,verify,116813,0.116813,7.42,256,1952,3309,445,liboqs,validator
Dilithium3,verify,46743,0.046743,7.42,256,1952,3309,446,liboqs,validator
Dilithium3,verify,174843,0.174843,7.42,256,1952,3309,447,liboqs,validator
Dilithium3,verify,47447,0.047447,7.42,256,1952,3309,448,liboqs,validator
Dilithium3,verify,229021,0.229021,7.42,256,1952,3309,449,liboqs,validator
Dilithium3,verify,160622,0.160622,7.42,256,1952,3309,450,liboqs,validator
Dilithium3,verify,116535,0.116535,7.42,256,1952,3309,451,liboqs,validator
Dilithium3,verify,288328,0.288328,7.42,256,1952,3309,452,liboqs,validator
Dilithium3,verify,362311,0.362311,7.42,256,1952,3309,453,liboqs,validator
Dilithium3,verify,93590,0.09359,7.42,256,1952,3309,454,liboqs,validator
Dilithium3,verify,91780,0.09178,7.42,256,1952,3309,455,liboqs,validator
Dilithium3,verify,156584,0.156584,7.42,256,1952,3309,456,liboqs,validator
Dilithium3,verify,605133,0.605133,7.42,256,1952,3309,457,liboqs,validator
Dilithium3,verify,410384,0.410384,7.42,256,1952,3309,458,liboqs,validator
Dilithium3,verify,417228,0.417228,7.42,256,1952,3309,459,liboqs,validator
Dilithium3,verify,575521,0.575521,7.42,256,1952,3309,460,liboqs,validator
Dilithium3,verify,216617,0.216617,7.42,256,1952,3309,461,liboqs,validator
Dilithium3,verify,179399,0.179399,7.42,256,1952,3309,462,liboqs,validator
Dilithium3,verify,242758,0.242758,7.42,256,1952,3309,463,liboqs,validator
Dilithium3,verify,72398,0.072398,7.42,256,1952,3309,464,liboqs,validator
Dilithium3,verify,179766,0.179766,7.42,256,1952,3309,465,liboqs,validator
Dilithium3,verify,314474,0.314474,7.42,256,1952,3309,466,liboqs,validator
Dilithium3,verify,349390,0.34939,7.42,256,1952,3309,467,liboqs,validator
Dilithium3,verify,176619,0.176619,7.42,256,1952,3309,468,liboqs,validator
Dilithium3,verify,455856,0.455856,7.42,256,1952,3309,469,liboqs,validator
Dilithium3,verify,400917,0.400917,7.42,256,1952,3309,470,liboqs,validator
Dilithium3,verify,619543,0.619543,7.42,256,1952,3309,471,liboqs,validator
Dilithium3,verify,247669,0.247669,7.42,256,1952,3309,472,liboqs,validator
Dilithium3,verify,94729,0.094729,7.42,256,1952,3309,473,liboqs,validator
Dilithium3,verify,200649,0.200649,7.42,256,1952,3309,474,liboqs,validator
Dilithium3,verify,149469,0.149469,7.42,256,1952,3309,475,liboqs,validator
Dilithium3,verify,671126,0.671126,7.42,256,1952,3309,476,liboqs,validator
Dilithium3,verify,186126,0.186126,7.42,256,1952,3309,477,liboqs,validator
Dilithium3,verify,182015,0.182015,7.42,256,1952,3309,478,liboqs,validator
Dilithium3,verify,200721,0.200721,7.42,256,1952,3309,479,liboqs,validator
Dilithium3,verify,148706,0.148706,7.42,256,1952,3309,480,liboqs,validator
Dilithium3,verify,236014,0.236014,7.42,256,1952,3309,481,liboqs,validator
Dilithium3,verify,412881,0.412881,7.42,256,1952,3309,482,liboqs,validator
Dilithium3,verify,299391,0.299391,7.42,256,1952,3309,483,liboqs,validator
Dilithium3,verify,176148,0.176148,7.42,256,1952,3309,484,liboqs,validator
Dilithium3,verify,42728,0.042728,7.42,256,1952,3309,485,liboqs,validator
Dilithium3,verify,40771,0.040771,7.42,256,1952,3309,486,liboqs,validator
Dilithium3,verify,170361,0.170361,7.42,256,1952,3309,487,liboqs,validator
Dilithium3,verify,112254,0.112254,7.42,256,1952,3309,488,liboqs,validator
Dilithium3,verify,129210,0.12921,7.42,256,1952,3309,489,liboqs,validator
Dilithium3,verify,299764,0.299764,7.42,256,1952,3309,490,liboqs,validator
Dilithium3,verify,239773,0.239773,7.42,256,1952,3309,491,liboqs,validator
Dilithium3,verify,208577,0.208577,7.42,256,1952,3309,492,liboqs,validator
Dilithium3,verify,459275,0.459275,7.42,256,1952,3309,493,liboqs,validator
Dilithium3,verify,224641,0.224641,7.42,256,1952,3309,494,liboqs,validator
Dilithium3,verify,91551,0.091551,7.42,256,1952,3309,495,liboqs,validator
Dilithium3,verify,186698,0.186698,7.42,256,1952,3309,496,liboqs,validator
Dilithium3,verify,278137,0.278137,7.42,256,1952,3309,497,liboqs,validator
Dilithium3,verify,177495,0.177495,7.42,256,1952,3309,498,liboqs,validator
Dilithium3,verify,215511,0.215511,7.42,256,1952,3309,499,liboqs,validator
Dilithium3,verify,204865,0.204865,7.42,256,1952,3309,500,liboqs,validator
Dilithium3,verify,278123,0.278123,7.42,256,1952,3309,501,liboqs,validator
Dilithium3,verify,157199,0.157199,7.42,256,1952,3309,502,liboqs,validator
Dilithium3,verify,331227,0.331227,7.42,256,1952,3309,503,liboqs,validator
Dilithium3,verify,265400,0.2654,7.42,256,1952,3309,504,liboqs,validator
Dilithium3,verify,395966,0.395966,7.42,256,1952,3309,505,liboqs,validator
Dilithium3,verify,469220,0.46922,7.42,256,1952,3309,506,liboqs,validator
Dilithium3,verify,93849,0.093849,7.42,256,1952,3309,507,liboqs,validator
Dilithium3,verify,185093,0.185093,7.42,256,1952,3309,508,liboqs,validator
Dilithium3,verify,457104,0.457104,7.42,256,1952,3309,509,liboqs,validator
Dilithium3,verify,490264,0.490264,7.42,256,1952,3309,510,liboqs,validator
Dilithium3,verify,161710,0.16171,7.42,256,1952,3309,511,liboqs,validator
Dilithium3,verify,132004,0.132004,7.42,256,1952,3309,512,liboqs,validator
Dilithium3,verify,71258,0.071258,7.42,256,1952,3309,513,liboqs,validator
Dilithium3,verify,115234,0.115234,7.42,256,1952,3309,514,liboqs,validator
Dilithium3,verify,45249,0.045249,7.42,256,1952,3309,515,liboqs,validator
Dilithium3,verify,157928,0.157928,7.42,256,1952,3309,516,liboqs,validator
Dilithium3,verify,201165,0.201165,7.42,256,1952,3309,517,liboqs,validator
Dilithium3,verify,271321,0.271321,7.42,256,1952,3309,518,liboqs,validator
Dilithium3,verify,255775,0.255775,7.42,256,1952,3309,519,liboqs,validator
Dilithium3,verify,469324,0.469324,7.42,256,1952,3309,520,liboqs,validator
Dilithium3,verify,135338,0.135338,7.42,256,1952,3309,521,liboqs,validator
Dilithium3,verify,77386,0.077386,7.42,256,1952,3309,522,liboqs,validator
Dilithium3,verify,374660,0.37466,7.42,256,1952,3309,523,liboqs,validator
Dilithium3,verify,91188,0.091188,7.42,256,1952,3309,524,liboqs,validator
Dilithium3,verify,158002,0.158002,7.42,256,1952,3309,525,liboqs,validator
Dilithium3,verify,459257,0.459257,7.42,256,1952,3309,526,liboqs,validator
Dilithium3,verify,313801,0.313801,7.42,256,1952,3309,527,liboqs,validator
Dilithium3,verify,296574,0.296574,7.42,256,1952,3309,528,liboqs,validator
Dilithium3,verify,46063,0.046063,7.42,256,1952,3309,529,liboqs,validator
Dilithium3,verify,40714,0.040714,7.42,256,1952,3309,530,liboqs,validator
Dilithium3,verify,40150,0.04015,7.42,256,1952,3309,531,liboqs,validator
Dilithium3,verify,169075,0.169075,7.42,256,1952,3309,532,liboqs,validator
Dilithium3,verify,71482,0.071482,7.42,256,1952,3309,533,liboqs,validator
Dilithium3,verify,242446,0.242446,7.42,256,1952,3309,534,liboqs,validator
Dilithium3,verify,167701,0.167701,7.42,256,1952,3309,535,liboqs,validator
Dilithium3,verify,93569,0.093569,7.42,256,1952,3309,536,liboqs,validator
Dilithium3,verify,244532,0.244532,7.42,256,1952,3309,537,liboqs,validator
Dilithium3,verify,131349,0.131349,7.42,256,1952,3309,538,liboqs,validator
Dilithium3,verify,147127,0.147127,7.42,256,1952,3309,539,liboqs,validator
Dilithium3,verify,282702,0.282702,7.42,256,1952,3309,540,liboqs,validator
Dilithium3,verify,456379,0.456379,7.42,256,1952,3309,541,liboqs,validator
Dilithium3,verify,248085,0.248085,7.42,256,1952,3309,542,liboqs,validator
Dilithium3,verify,97950,0.09795,7.42,256,1952,3309,543,liboqs,validator
Dilithium3,verify,177348,0.177348,7.42,256,1952,3309,544,liboqs,validator
Dilithium3,verify,283775,0.283775,7.42,256,1952,3309,545,liboqs,validator
Dilithium3,verify,44510,0.04451,7.42,256,1952,3309,546,liboqs,validator
Dilithium3,verify,47883,0.047883,7.42,256,1952,3309,547,liboqs,validator
Dilithium3,verify,48207,0.048207,7.42,256,1952,3309,548,liboqs,validator
Dilithium3,verify,41429,0.041429,7.42,256,1952,3309,549,liboqs,validator
Dilithium3,verify,240972,0.240972,7.42,256,1952,3309,550,liboqs,validator
Dilithium3,verify,208926,0.208926,7.42,256,1952,3309,551,liboqs,validator
Dilithium3,verify,172284,0.172284,7.42,256,1952,3309,552,liboqs,validator
Dilithium3,verify,364641,0.364641,7.42,256,1952,3309,553,liboqs,validator
Dilithium3,verify,196793,0.196793,7.42,256,1952,3309,554,liboqs,validator
Dilithium3,verify,253366,0.253366,7.42,256,1952,3309,555,liboqs,validator
Dilithium3,verify,177731,0.177731,7.42,256,1952,3309,556,liboqs,validator
Dilithium3,verify,360994,0.360994,7.42,256,1952,3309,557,liboqs,validator
Dilithium3,verify,176687,0.176687,7.42,256,1952,3309,558,liboqs,validator
Dilithium3,verify,235914,0.235914,7.42,256,1952,3309,559,liboqs,validator
Dilithium3,verify,93384,0.093384,7.42,256,1952,3309,560,liboqs,validator
Dilithium3,verify,148200,0.1482,7.42,256,1952,3309,561,liboqs,validator
Dilithium3,verify,46272,0.046272,7.42,256,1952,3309,562,liboqs,validator
Dilithium3,verify,288887,0.288887,7.42,256,1952,3309,563,liboqs,validator
Dilithium3,verify,202264,0.202264,7.42,256,1952,3309,564,liboqs,validator
Dilithium3,verify,418001,0.418001,7.42,256,1952,3309,565,liboqs,validator
Dilithium3,verify,93131,0.093131,7.42,256,1952,3309,566,liboqs,validator
Dilithium3,verify,173491,0.173491,7.42,256,1952,3309,567,liboqs,validator
Dilithium3,verify,243383,0.243383,7.42,256,1952,3309,568,liboqs,validator
Dilithium3,verify,148501,0.148501,7.42,256,1952,3309,569,liboqs,validator
Dilithium3,verify,92042,0.092042,7.42,256,1952,3309,570,liboqs,validator
Dilithium3,verify,49612,0.049612,7.42,256,1952,3309,571,liboqs,validator
Dilithium3,verify,144560,0.14456,7.42,256,1952,3309,572,liboqs,validator
Dilithium3,verify,466554,0.466554,7.42,256,1952,3309,573,liboqs,validator
Dilithium3,verify,180118,0.180118,7.42,256,1952,3309,574,liboqs,validator
Dilithium3,verify,91331,0.091331,7.42,256,1952,3309,575,liboqs,validator
Dilithium3,verify,567214,0.567214,7.42,256,1952,3309,576,liboqs,validator
Dilithium3,verify,248086,0.248086,7.42,256,1952,3309,577,liboqs,validator
Dilithium3,verify,260324,0.260324,7.42,256,1952,3309,578,liboqs,validator
Dilithium3,verify,179117,0.179117,7.42,256,1952,3309,579,liboqs,validator
Dilithium3,verify,47839,0.047839,7.42,256,1952,3309,580,liboqs,validator
Dilithium3,verify,46854,0.046854,7.42,256,1952,3309,581,liboqs,validator
Dilithium3,verify,103518,0.103518,7.42,256,1952,3309,582,liboqs,validator
Dilithium3,verify,73451,0.073451,7.42,256,1952,3309,583,liboqs,validator
Dilithium3,verify,72233,0.072233,7.42,256,1952,3309,584,liboqs,validator
Dilithium3,verify,132013,0.132013,7.42,256,1952,3309,585,liboqs,validator
Dilithium3,verify,153582,0.153582,7.42,256,1952,3309,586,liboqs,validator
Dilithium3,verify,325074,0.325074,7.42,256,1952,3309,587,liboqs,validator
Dilithium3,verify,151090,0.15109,7.42,256,1952,3309,588,liboqs,validator
Dilithium3,verify,168240,0.16824,7.42,256,1952,3309,589,liboqs,validator
Dilithium3,verify,457210,0.45721,7.42,256,1952,3309,590,liboqs,validator
Dilithium3,verify,586506,0.586506,7.42,256,1952,3309,591,liboqs,validator
Dilithium3,verify,215551,0.215551,7.42,256,1952,3309,592,liboqs,validator
Dilithium3,verify,48189,0.048189,7.42,256,1952,3309,593,liboqs,validator
Dilithium3,verify,44874,0.044874,7.42,256,1952,3309,594,liboqs,validator
Dilithium3,verify,43078,0.043078,7.42,256,1952,3309,595,liboqs,validator
Dilithium3,verify,49471,0.049471,7.42,256,1952,3309,596,liboqs,validator
Dilithium3,verify,41973,0.041973,7.42,256,1952,3309,597,liboqs,validator
Dilithium3,verify,41743,0.041743,7.42,256,1952,3309,598,liboqs,validator
Dilithium3,verify,41399,0.041399,7.42,256,1952,3309,599,liboqs,validator
Dilithium3,verify,40742,0.040742,7.42,256,1952,3309,600,liboqs,validator
Dilithium3,verify,41299,0.041299,7.42,256,1952,3309,601,liboqs,validator
Dilithium3,verify,40828,0.040828,7.42,256,1952,3309,602,liboqs,validator
Dilithium3,verify,40944,0.040944,7.42,256,1952,3309,603,liboqs,validator
Dilithium3,verify,40175,0.040175,7.42,256,1952,3309,604,liboqs,validator
Dilithium3,verify,41237,0.041237,7.42,256,1952,3309,605,liboqs,validator
Dilithium3,verify,41420,0.04142,7.42,256,1952,3309,606,liboqs,validator
Dilithium3,verify,47261,0.047261,7.42,256,1952,3309,607,liboqs,validator
Dilithium3,verify,41811,0.041811,7.42,256,1952,3309,608,liboqs,validator
Dilithium3,verify,41985,0.041985,7.42,256,1952,3309,609,liboqs,validator
Dilithium3,verify,41567,0.041567,7.42,256,1952,3309,610,liboqs,validator
Dilithium3,verify,41653,0.041653,7.42,256,1952,3309,611,liboqs,validator
Dilithium3,verify,40488,0.040488,7.42,256,1952,3309,612,liboqs,validator
Dilithium3,verify,41705,0.041705,7.42,256,1952,3309,613,liboqs,validator
Dilithium3,verify,40871,0.040871,7.42,256,1952,3309,614,liboqs,validator
Dilithium3,verify,40590,0.04059,7.42,256,1952,3309,615,liboqs,validator
Dilithium3,verify,39606,0.039606,7.42,256,1952,3309,616,liboqs,validator
Dilithium3,verify,39928,0.039928,7.42,256,1952,3309,617,liboqs,validator
Dilithium3,verify,40776,0.040776,7.42,256,1952,3309,618,liboqs,validator
Dilithium3,verify,40470,0.04047,7.42,256,1952,3309,619,liboqs,validator
Dilithium3,verify,40800,0.0408,7.42,256,1952,3309,620,liboqs,validator
Dilithium3,verify,52509,0.052509,7.42,256,1952,3309,621,liboqs,validator
Dilithium3,verify,41630,0.04163,7.42,256,1952,3309,622,liboqs,validator
Dilithium3,verify,41680,0.04168,7.42,256,1952,3309,623,liboqs,validator
Dilithium3,verify,41049,0.041049,7.42,256,1952,3309,624,liboqs,validator
Dilithium3,verify,47864,0.047864,7.42,256,1952,3309,625,liboqs,validator
Dilithium3,verify,42361,0.042361,7.42,256,1952,3309,626,liboqs,validator
Dilithium3,verify,43303,0.043303,7.42,256,1952,3309,627,liboqs,validator
Dilithium3,verify,48307,0.048307,7.42,256,1952,3309,628,liboqs,validator
Dilithium3,verify,44381,0.044381,7.42,256,1952,3309,629,liboqs,validator
Dilithium3,verify,44841,0.044841,7.42,256,1952,3309,630,liboqs,validator
Dilithium3,verify,42177,0.042177,7.42,256,1952,3309,631,liboqs,validator
Dilithium3,verify,40477,0.040477,7.42,256,1952,3309,632,liboqs,validator
Dilithium3,verify,40441,0.040441,7.42,256,1952,3309,633,liboqs,validator
Dilithium3,verify,39989,0.039989,7.42,256,1952,3309,634,liboqs,validator
Dilithium3,verify,40599,0.040599,7.42,256,1952,3309,635,liboqs,validator
Dilithium3,verify,40592,0.040592,7.42,256,1952,3309,636,liboqs,validator
Dilithium3,verify,40975,0.040975,7.42,256,1952,3309,637,liboqs,validator
Dilithium3,verify,40212,0.040212,7.42,256,1952,3309,638,liboqs,validator
Dilithium3,verify,49062,0.049062,7.42,256,1952,3309,639,liboqs,validator
Dilithium3,verify,42948,0.042948,7.42,256,1952,3309,640,liboqs,validator
Dilithium3,verify,43021,0.043021,7.42,256,1952,3309,641,liboqs,validator
Dilithium3,verify,41692,0.041692,7.42,256,1952,3309,642,liboqs,validator
Dilithium3,verify,41112,0.041112,7.42,256,1952,3309,643,liboqs,validator
Dilithium3,verify,41012,0.041012,7.42,256,1952,3309,644,liboqs,validator
Dilithium3,verify,41276,0.041276,7.42,256,1952,3309,645,liboqs,validator
Dilithium3,verify,43324,0.043324,7.42,256,1952,3309,646,liboqs,validator
Dilithium3,verify,40952,0.040952,7.42,256,1952,3309,647,liboqs,validator
Dilithium3,verify,40535,0.040535,7.42,256,1952,3309,648,liboqs,validator
Dilithium3,verify,58840,0.05884,7.42,256,1952,3309,649,liboqs,validator
Dilithium3,verify,41668,0.041668,7.42,256,1952,3309,650,liboqs,validator
Dilithium3,verify,40811,0.040811,7.42,256,1952,3309,651,liboqs,validator
Dilithium3,verify,52361,0.052361,7.42,256,1952,3309,652,liboqs,validator
Dilithium3,verify,41539,0.041539,7.42,256,1952,3309,653,liboqs,validator
Dilithium3,verify,44115,0.044115,7.42,256,1952,3309,654,liboqs,validator
Dilithium3,verify,136941,0.136941,7.42,256,1952,3309,655,liboqs,validator
Dilithium3,verify,56809,0.056809,7.42,256,1952,3309,656,liboqs,validator
Dilithium3,verify,51361,0.051361,7.42,256,1952,3309,657,liboqs,validator
Dilithium3,verify,64894,0.064894,7.42,256,1952,3309,658,liboqs,validator
Dilithium3,verify,52255,0.052255,7.42,256,1952,3309,659,liboqs,validator
Dilithium3,verify,45518,0.045518,7.42,256,1952,3309,660,liboqs,validator
Dilithium3,verify,42425,0.042425,7.42,256,1952,3309,661,liboqs,validator
Dilithium3,verify,41800,0.0418,7.42,256,1952,3309,662,liboqs,validator
Dilithium3,verify,41744,0.041744,7.42,256,1952,3309,663,liboqs,validator
Dilithium3,verify,41043,0.041043,7.42,256,1952,3309,664,liboqs,validator
Dilithium3,verify,40546,0.040546,7.42,256,1952,3309,665,liboqs,validator
Dilithium3,verify,40316,0.040316,7.42,256,1952,3309,666,liboqs,validator
Dilithium3,verify,40341,0.040341,7.42,256,1952,3309,667,liboqs,validator
Dilithium3,verify,40247,0.040247,7.42,256,1952,3309,668,liboqs,validator
Dilithium3,verify,66306,0.066306,7.42,256,1952,3309,669,liboqs,validator
Dilithium3,verify,52612,0.052612,7.42,256,1952,3309,670,liboqs,validator
Dilithium3,verify,44002,0.044002,7.42,256,1952,3309,671,liboqs,validator
Dilithium3,verify,42394,0.042394,7.42,256,1952,3309,672,liboqs,validator
Dilithium3,verify,42010,0.04201,7.42,256,1952,3309,673,liboqs,validator
Dilithium3,verify,40822,0.040822,7.42,256,1952,3309,674,liboqs,validator
Dilithium3,verify,41135,0.041135,7.42,256,1952,3309,675,liboqs,validator
Dilithium3,verify,40414,0.040414,7.42,256,1952,3309,676,liboqs,validator
Dilithium3,verify,40290,0.04029,7.42,256,1952,3309,677,liboqs,validator
Dilithium3,verify,40229,0.040229,7.42,256,1952,3309,678,liboqs,validator
Dilithium3,verify,40670,0.04067,7.42,256,1952,3309,679,liboqs,validator
Dilithium3,verify,40221,0.040221,7.42,256,1952,3309,680,liboqs,validator
Dilithium3,verify,46464,0.046464,7.42,256,1952,3309,681,liboqs,validator
Dilithium3,verify,41958,0.041958,7.42,256,1952,3309,682,liboqs,validator
Dilithium3,verify,40676,0.040676,7.42,256,1952,3309,683,liboqs,validator
Dilithium3,verify,73705,0.073705,7.42,256,1952,3309,684,liboqs,validator
Dilithium3,verify,57447,0.057447,7.42,256,1952,3309,685,liboqs,validator
Dilithium3,verify,44764,0.044764,7.42,256,1952,3309,686,liboqs,validator
Dilithium3,verify,42818,0.042818,7.42,256,1952,3309,687,liboqs,validator
Dilithium3,verify,42181,0.042181,7.42,256,1952,3309,688,liboqs,validator
Dilithium3,verify,41459,0.041459,7.42,256,1952,3309,689,liboqs,validator
Dilithium3,verify,46356,0.046356,7.42,256,1952,3309,690,liboqs,validator
Dilithium3,verify,46489,0.046489,7.42,256,1952,3309,691,liboqs,validator
Dilithium3,verify,40612,0.040612,7.42,256,1952,3309,692,liboqs,validator
Dilithium3,verify,41068,0.041068,7.42,256,1952,3309,693,liboqs,validator
Dilithium3,verify,40953,0.040953,7.42,256,1952,3309,694,liboqs,validator
Dilithium3,verify,40584,0.040584,7.42,256,1952,3309,695,liboqs,validator
Dilithium3,verify,40402,0.040402,7.42,256,1952,3309,696,liboqs,validator
Dilithium3,verify,46142,0.046142,7.42,256,1952,3309,697,liboqs,validator
Dilithium3,verify,41379,0.041379,7.42,256,1952,3309,698,liboqs,validator
Dilithium3,verify,41509,0.041509,7.42,256,1952,3309,699,liboqs,validator
Dilithium3,verify,40947,0.040947,7.42,256,1952,3309,700,liboqs,validator
Dilithium3,verify,40719,0.040719,7.42,256,1952,3309,701,liboqs,validator
Dilithium3,verify,40969,0.040969,7.42,256,1952,3309,702,liboqs,validator
Dilithium3,verify,40732,0.040732,7.42,256,1952,3309,703,liboqs,validator
Dilithium3,verify,40687,0.040687,7.42,256,1952,3309,704,liboqs,validator
Dilithium3,verify,40972,0.040972,7.42,256,1952,3309,705,liboqs,validator
Dilithium3,verify,46500,0.0465,7.42,256,1952,3309,706,liboqs,validator
Dilithium3,verify,42453,0.042453,7.42,256,1952,3309,707,liboqs,validator
Dilithium3,verify,47223,0.047223,7.42,256,1952,3309,708,liboqs,validator
Dilithium3,verify,41744,0.041744,7.42,256,1952,3309,709,liboqs,validator
Dilithium3,verify,41626,0.041626,7.42,256,1952,3309,710,liboqs,validator
Dilithium3,verify,48966,0.048966,7.42,256,1952,3309,711,liboqs,validator
Dilithium3,verify,90170,0.09017,7.42,256,1952,3309,712,liboqs,validator
Dilithium3,verify,63262,0.063262,7.42,256,1952,3309,713,liboqs,validator
Dilithium3,verify,45002,0.045002,7.42,256,1952,3309,714,liboqs,validator
Dilithium3,verify,121711,0.121711,7.42,256,1952,3309,715,liboqs,validator
Dilithium3,verify,48864,0.048864,7.42,256,1952,3309,716,liboqs,validator
Dilithium3,verify,42470,0.04247,7.42,256,1952,3309,717,liboqs,validator
Dilithium3,verify,41179,0.041179,7.42,256,1952,3309,718,liboqs,validator
Dilithium3,verify,41603,0.041603,7.42,256,1952,3309,719,liboqs,validator
Dilithium3,verify,41037,0.041037,7.42,256,1952,3309,720,liboqs,validator
Dilithium3,verify,40783,0.040783,7.42,256,1952,3309,721,liboqs,validator
Dilithium3,verify,39967,0.039967,7.42,256,1952,3309,722,liboqs,validator
Dilithium3,verify,40619,0.040619,7.42,256,1952,3309,723,liboqs,validator
Dilithium3,verify,42927,0.042927,7.42,256,1952,3309,724,liboqs,validator
Dilithium3,verify,40249,0.040249,7.42,256,1952,3309,725,liboqs,validator
Dilithium3,verify,40261,0.040261,7.42,256,1952,3309,726,liboqs,validator
Dilithium3,verify,44982,0.044982,7.42,256,1952,3309,727,liboqs,validator
Dilithium3,verify,41751,0.041751,7.42,256,1952,3309,728,liboqs,validator
Dilithium3,verify,42011,0.042011,7.42,256,1952,3309,729,liboqs,validator
Dilithium3,verify,40517,0.040517,7.42,256,1952,3309,730,liboqs,validator
Dilithium3,verify,41086,0.041086,7.42,256,1952,3309,731,liboqs,validator
Dilithium3,verify,40547,0.040547,7.42,256,1952,3309,732,liboqs,validator
Dilithium3,verify,40555,0.040555,7.42,256,1952,3309,733,liboqs,validator
Dilithium3,verify,40516,0.040516,7.42,256,1952,3309,734,liboqs,validator
Dilithium3,verify,40041,0.040041,7.42,256,1952,3309,735,liboqs,validator
Dilithium3,verify,39949,0.039949,7.42,256,1952,3309,736,liboqs,validator
Dilithium3,verify,40463,0.040463,7.42,256,1952,3309,737,liboqs,validator
Dilithium3,verify,39546,0.039546,7.42,256,1952,3309,738,liboqs,validator
Dilithium3,verify,39627,0.039627,7.42,256,1952,3309,739,liboqs,validator
Dilithium3,verify,39871,0.039871,7.42,256,1952,3309,740,liboqs,validator
Dilithium3,verify,40055,0.040055,7.42,256,1952,3309,741,liboqs,validator
Dilithium3,verify,39835,0.039835,7.42,256,1952,3309,742,liboqs,validator
Dilithium3,verify,40955,0.040955,7.42,256,1952,3309,743,liboqs,validator
Dilithium3,verify,40177,0.040177,7.42,256,1952,3309,744,liboqs,validator
Dilithium3,verify,70394,0.070394,7.42,256,1952,3309,745,liboqs,validator
Dilithium3,verify,48000,0.048,7.42,256,1952,3309,746,liboqs,validator
Dilithium3,verify,42521,0.042521,7.42,256,1952,3309,747,liboqs,validator
Dilithium3,verify,41636,0.041636,7.42,256,1952,3309,748,liboqs,validator
Dilithium3,verify,40689,0.040689,7.42,256,1952,3309,749,liboqs,validator
Dilithium3,verify,40432,0.040432,7.42,256,1952,3309,750,liboqs,validator
Dilithium3,verify,40142,0.040142,7.42,256,1952,3309,751,liboqs,validator
Dilithium3,verify,39876,0.039876,7.42,256,1952,3309,752,liboqs,validator
Dilithium3,verify,40547,0.040547,7.42,256,1952,3309,753,liboqs,validator
Dilithium3,verify,39804,0.039804,7.42,256,1952,3309,754,liboqs,validator
Dilithium3,verify,40455,0.040455,7.42,256,1952,3309,755,liboqs,validator
Dilithium3,verify,39915,0.039915,7.42,256,1952,3309,756,liboqs,validator
Dilithium3,verify,39390,0.03939,7.42,256,1952,3309,757,liboqs,validator
Dilithium3,verify,46851,0.046851,7.42,256,1952,3309,758,liboqs,validator
Dilithium3,verify,41570,0.04157,7.42,256,1952,3309,759,liboqs,validator
Dilithium3,verify,40661,0.040661,7.42,256,1952,3309,760,liboqs,validator
Dilithium3,verify,40627,0.040627,7.42,256,1952,3309,761,liboqs,validator
Dilithium3,verify,40095,0.040095,7.42,256,1952,3309,762,liboqs,validator
Dilithium3,verify,40423,0.040423,7.42,256,1952,3309,763,liboqs,validator
Dilithium3,verify,39950,0.03995,7.42,256,1952,3309,764,liboqs,validator
Dilithium3,verify,40324,0.040324,7.42,256,1952,3309,765,liboqs,validator
Dilithium3,verify,45591,0.045591,7.42,256,1952,3309,766,liboqs,validator
Dilithium3,verify,40926,0.040926,7.42,256,1952,3309,767,liboqs,validator
Dilithium3,verify,40787,0.040787,7.42,256,1952,3309,768,liboqs,validator
Dilithium3,verify,40021,0.040021,7.42,256,1952,3309,769,liboqs,validator
Dilithium3,verify,39920,0.03992,7.42,256,1952,3309,770,liboqs,validator
Dilithium3,verify,39640,0.03964,7.42,256,1952,3309,771,liboqs,validator
Dilithium3,verify,39825,0.039825,7.42,256,1952,3309,772,liboqs,validator
Dilithium3,verify,40107,0.040107,7.42,256,1952,3309,773,liboqs,validator
Dilithium3,verify,45315,0.045315,7.42,256,1952,3309,774,liboqs,validator
Dilithium3,verify,49236,0.049236,7.42,256,1952,3309,775,liboqs,validator
Dilithium3,verify,42120,0.04212,7.42,256,1952,3309,776,liboqs,validator
Dilithium3,verify,40574,0.040574,7.42,256,1952,3309,777,liboqs,validator
Dilithium3,verify,40132,0.040132,7.42,256,1952,3309,778,liboqs,validator
Dilithium3,verify,39979,0.039979,7.42,256,1952,3309,779,liboqs,validator
Dilithium3,verify,39932,0.039932,7.42,256,1952,3309,780,liboqs,validator
Dilithium3,verify,42041,0.042041,7.42,256,1952,3309,781,liboqs,validator
Dilithium3,verify,43698,0.043698,7.42,256,1952,3309,782,liboqs,validator
Dilithium3,verify,39555,0.039555,7.42,256,1952,3309,783,liboqs,validator
Dilithium3,verify,39643,0.039643,7.42,256,1952,3309,784,liboqs,validator
Dilithium3,verify,40328,0.040328,7.42,256,1952,3309,785,liboqs,validator
Dilithium3,verify,39268,0.039268,7.42,256,1952,3309,786,liboqs,validator
Dilithium3,verify,45838,0.045838,7.42,256,1952,3309,787,liboqs,validator
Dilithium3,verify,40247,0.040247,7.42,256,1952,3309,788,liboqs,validator
Dilithium3,verify,40249,0.040249,7.42,256,1952,3309,789,liboqs,validator
Dilithium3,verify,40049,0.040049,7.42,256,1952,3309,790,liboqs,validator
Dilithium3,verify,40338,0.040338,7.42,256,1952,3309,791,liboqs,validator
Dilithium3,verify,39499,0.039499,7.42,256,1952,3309,792,liboqs,validator
Dilithium3,verify,39831,0.039831,7.42,256,1952,3309,793,liboqs,validator
Dilithium3,verify,39317,0.039317,7.42,256,1952,3309,794,liboqs,validator
Dilithium3,verify,39613,0.039613,7.42,256,1952,3309,795,liboqs,validator
Dilithium3,verify,39240,0.03924,7.42,256,1952,3309,796,liboqs,validator
Dilithium3,verify,39453,0.039453,7.42,256,1952,3309,797,liboqs,validator
Dilithium3,verify,39436,0.039436,7.42,256,1952,3309,798,liboqs,validator
Dilithium3,verify,39933,0.039933,7.42,256,1952,3309,799,liboqs,validator
Dilithium3,verify,48389,0.048389,7.42,256,1952,3309,800,liboqs,validator
Dilithium3,verify,44817,0.044817,7.42,256,1952,3309,801,liboqs,validator
Dilithium3,verify,41880,0.04188,7.42,256,1952,3309,802,liboqs,validator
Dilithium3,verify,40882,0.040882,7.42,256,1952,3309,803,liboqs,validator
Dilithium3,verify,39873,0.039873,7.42,256,1952,3309,804,liboqs,validator
Dilithium3,verify,40585,0.040585,7.42,256,1952,3309,805,liboqs,validator
Dilithium3,verify,40163,0.040163,7.42,256,1952,3309,806,liboqs,validator
Dilithium3,verify,41814,0.041814,7.42,256,1952,3309,807,liboqs,validator
Dilithium3,verify,40401,0.040401,7.42,256,1952,3309,808,liboqs,validator
Dilithium3,verify,40259,0.040259,7.42,256,1952,3309,809,liboqs,validator
Dilithium3,verify,40253,0.040253,7.42,256,1952,3309,810,liboqs,validator
Dilithium3,verify,39833,0.039833,7.42,256,1952,3309,811,liboqs,validator
Dilithium3,verify,39747,0.039747,7.42,256,1952,3309,812,liboqs,validator
Dilithium3,verify,40053,0.040053,7.42,256,1952,3309,813,liboqs,validator
Dilithium3,verify,39490,0.03949,7.42,256,1952,3309,814,liboqs,validator
Dilithium3,verify,39665,0.039665,7.42,256,1952,3309,815,liboqs,validator
Dilithium3,verify,45769,0.045769,7.42,256,1952,3309,816,liboqs,validator
Dilithium3,verify,40945,0.040945,7.42,256,1952,3309,817,liboqs,validator
Dilithium3,verify,40264,0.040264,7.42,256,1952,3309,818,liboqs,validator
Dilithium3,verify,40025,0.040025,7.42,256,1952,3309,819,liboqs,validator
Dilithium3,verify,39712,0.039712,7.42,256,1952,3309,820,liboqs,validator
Dilithium3,verify,39661,0.039661,7.42,256,1952,3309,821,liboqs,validator
Dilithium3,verify,39917,0.039917,7.42,256,1952,3309,822,liboqs,validator
Dilithium3,verify,52495,0.052495,7.42,256,1952,3309,823,liboqs,validator
Dilithium3,verify,42726,0.042726,7.42,256,1952,3309,824,liboqs,validator
Dilithium3,verify,40653,0.040653,7.42,256,1952,3309,825,liboqs,validator
Dilithium3,verify,40132,0.040132,7.42,256,1952,3309,826,liboqs,validator
Dilithium3,verify,39641,0.039641,7.42,256,1952,3309,827,liboqs,validator
Dilithium3,verify,39477,0.039477,7.42,256,1952,3309,828,liboqs,validator
Dilithium3,verify,39914,0.039914,7.42,256,1952,3309,829,liboqs,validator
Dilithium3,verify,39826,0.039826,7.42,256,1952,3309,830,liboqs,validator
Dilithium3,verify,45958,0.045958,7.42,256,1952,3309,831,liboqs,validator
Dilithium3,verify,43672,0.043672,7.42,256,1952,3309,832,liboqs,validator
Dilithium3,verify,83740,0.08374,7.42,256,1952,3309,833,liboqs,validator
Dilithium3,verify,50242,0.050242,7.42,256,1952,3309,834,liboqs,validator
Dilithium3,verify,45569,0.045569,7.42,256,1952,3309,835,liboqs,validator
Dilithium3,verify,51965,0.051965,7.42,256,1952,3309,836,liboqs,validator
Dilithium3,verify,49944,0.049944,7.42,256,1952,3309,837,liboqs,validator
Dilithium3,verify,42504,0.042504,7.42,256,1952,3309,838,liboqs,validator
Dilithium3,verify,42376,0.042376,7.42,256,1952,3309,839,liboqs,validator
Dilithium3,verify,42053,0.042053,7.42,256,1952,3309,840,liboqs,validator
Dilithium3,verify,40611,0.040611,7.42,256,1952,3309,841,liboqs,validator
Dilithium3,verify,49844,0.049844,7.42,256,1952,3309,842,liboqs,validator
Dilithium3,verify,41843,0.041843,7.42,256,1952,3309,843,liboqs,validator
Dilithium3,verify,41033,0.041033,7.42,256,1952,3309,844,liboqs,validator
Dilithium3,verify,40907,0.040907,7.42,256,1952,3309,845,liboqs,validator
Dilithium3,verify,41646,0.041646,7.42,256,1952,3309,846,liboqs,validator
Dilithium3,verify,108804,0.108804,7.42,256,1952,3309,847,liboqs,validator
Dilithium3,verify,43916,0.043916,7.42,256,1952,3309,848,liboqs,validator
Dilithium3,verify,41387,0.041387,7.42,256,1952,3309,849,liboqs,validator
Dilithium3,verify,40277,0.040277,7.42,256,1952,3309,850,liboqs,validator
Dilithium3,verify,43699,0.043699,7.42,256,1952,3309,851,liboqs,validator
Dilithium3,verify,39780,0.03978,7.42,256,1952,3309,852,liboqs,validator
Dilithium3,verify,40155,0.040155,7.42,256,1952,3309,853,liboqs,validator
Dilithium3,verify,40272,0.040272,7.42,256,1952,3309,854,liboqs,validator
Dilithium3,verify,39667,0.039667,7.42,256,1952,3309,855,liboqs,validator
Dilithium3,verify,39705,0.039705,7.42,256,1952,3309,856,liboqs,validator
Dilithium3,verify,40435,0.040435,7.42,256,1952,3309,857,liboqs,validator
Dilithium3,verify,512748,0.512748,7.42,256,1952,3309,858,liboqs,validator
Dilithium3,verify,147201,0.147201,7.42,256,1952,3309,859,liboqs,validator
Dilithium3,verify,52360,0.05236,7.42,256,1952,3309,860,liboqs,validator
Dilithium3,verify,71031,0.071031,7.42,256,1952,3309,861,liboqs,validator
Dilithium3,verify,220013,0.220013,7.42,256,1952,3309,862,liboqs,validator
Dilithium3,verify,158807,0.158807,7.42,256,1952,3309,863,liboqs,validator
Dilithium3,verify,218235,0.218235,7.42,256,1952,3309,864,liboqs,validator
Dilithium3,verify,153448,0.153448,7.42,256,1952,3309,865,liboqs,validator
Dilithium3,verify,154684,0.154684,7.42,256,1952,3309,866,liboqs,validator
Dilithium3,verify,209414,0.209414,7.42,256,1952,3309,867,liboqs,validator
Dilithium3,verify,192735,0.192735,7.42,256,1952,3309,868,liboqs,validator
Dilithium3,verify,242193,0.242193,7.42,256,1952,3309,869,liboqs,validator
Dilithium3,verify,514380,0.51438,7.42,256,1952,3309,870,liboqs,validator
Dilithium3,verify,679381,0.679381,7.42,256,1952,3309,871,liboqs,validator
Dilithium3,verify,189969,0.189969,7.42,256,1952,3309,872,liboqs,validator
Dilithium3,verify,211813,0.211813,7.42,256,1952,3309,873,liboqs,validator
Dilithium3,verify,177027,0.177027,7.42,256,1952,3309,874,liboqs,validator
Dilithium3,verify,284481,0.284481,7.42,256,1952,3309,875,liboqs,validator
Dilithium3,verify,294315,0.294315,7.42,256,1952,3309,876,liboqs,validator
Dilithium3,verify,189612,0.189612,7.42,256,1952,3309,877,liboqs,validator
Dilithium3,verify,234969,0.234969,7.42,256,1952,3309,878,liboqs,validator
Dilithium3,verify,188934,0.188934,7.42,256,1952,3309,879,liboqs,validator
Dilithium3,verify,93831,0.093831,7.42,256,1952,3309,880,liboqs,validator
Dilithium3,verify,95162,0.095162,7.42,256,1952,3309,881,liboqs,validator
Dilithium3,verify,241720,0.24172,7.42,256,1952,3309,882,liboqs,validator
Dilithium3,verify,201463,0.201463,7.42,256,1952,3309,883,liboqs,validator
Dilithium3,verify,354453,0.354453,7.42,256,1952,3309,884,liboqs,validator
Dilithium3,verify,259388,0.259388,7.42,256,1952,3309,885,liboqs,validator
Dilithium3,verify,204873,0.204873,7.42,256,1952,3309,886,liboqs,validator
Dilithium3,verify,318959,0.318959,7.42,256,1952,3309,887,liboqs,validator
Dilithium3,verify,365842,0.365842,7.42,256,1952,3309,888,liboqs,validator
Dilithium3,verify,113686,0.113686,7.42,256,1952,3309,889,liboqs,validator
Dilithium3,verify,665778,0.665778,7.42,256,1952,3309,890,liboqs,validator
Dilithium3,verify,423744,0.423744,7.42,256,1952,3309,891,liboqs,validator
Dilithium3,verify,210036,0.210036,7.42,256,1952,3309,892,liboqs,validator
Dilithium3,verify,535275,0.535275,7.42,256,1952,3309,893,liboqs,validator
Dilithium3,verify,47853,0.047853,7.42,256,1952,3309,894,liboqs,validator
Dilithium3,verify,41310,0.04131,7.42,256,1952,3309,895,liboqs,validator
Dilithium3,verify,42056,0.042056,7.42,256,1952,3309,896,liboqs,validator
Dilithium3,verify,48424,0.048424,7.42,256,1952,3309,897,liboqs,validator
Dilithium3,verify,43664,0.043664,7.42,256,1952,3309,898,liboqs,validator
Dilithium3,verify,298761,0.298761,7.42,256,1952,3309,899,liboqs,validator
Dilithium3,verify,144223,0.144223,7.42,256,1952,3309,900,liboqs,validator
Dilithium3,verify,57596,0.057596,7.42,256,1952,3309,901,liboqs,validator
Dilithium3,verify,209725,0.209725,7.42,256,1952,3309,902,liboqs,validator
Dilithium3,verify,421873,0.421873,7.42,256,1952,3309,903,liboqs,validator
Dilithium3,verify,268567,0.268567,7.42,256,1952,3309,904,liboqs,validator
Dilithium3,verify,213560,0.21356,7.42,256,1952,3309,905,liboqs,validator
Dilithium3,verify,205352,0.205352,7.42,256,1952,3309,906,liboqs,validator
Dilithium3,verify,76735,0.076735,7.42,256,1952,3309,907,liboqs,validator
Dilithium3,verify,79607,0.079607,7.42,256,1952,3309,908,liboqs,validator
Dilithium3,verify,48728,0.048728,7.42,256,1952,3309,909,liboqs,validator
Dilithium3,verify,79054,0.079054,7.42,256,1952,3309,910,liboqs,validator
Dilithium3,verify,678473,0.678473,7.42,256,1952,3309,911,liboqs,validator
Dilithium3,verify,96923,0.096923,7.42,256,1952,3309,912,liboqs,validator
Dilithium3,verify,97798,0.097798,7.42,256,1952,3309,913,liboqs,validator
Dilithium3,verify,233556,0.233556,7.42,256,1952,3309,914,liboqs,validator
Dilithium3,verify,344726,0.344726,7.42,256,1952,3309,915,liboqs,validator
Dilithium3,verify,74343,0.074343,7.42,256,1952,3309,916,liboqs,validator
Dilithium3,verify,71973,0.071973,7.42,256,1952,3309,917,liboqs,validator
Dilithium3,verify,412564,0.412564,7.42,256,1952,3309,918,liboqs,validator
Dilithium3,verify,498323,0.498323,7.42,256,1952,3309,919,liboqs,validator
Dilithium3,verify,285588,0.285588,7.42,256,1952,3309,920,liboqs,validator
Dilithium3,verify,203778,0.203778,7.42,256,1952,3309,921,liboqs,validator
Dilithium3,verify,481407,0.481407,7.42,256,1952,3309,922,liboqs,validator
Dilithium3,verify,260522,0.260522,7.42,256,1952,3309,923,liboqs,validator
Dilithium3,verify,203830,0.20383,7.42,256,1952,3309,924,liboqs,validator
Dilithium3,verify,132718,0.132718,7.42,256,1952,3309,925,liboqs,validator
Dilithium3,verify,46424,0.046424,7.42,256,1952,3309,926,liboqs,validator
Dilithium3,verify,42303,0.042303,7.42,256,1952,3309,927,liboqs,validator
Dilithium3,verify,150867,0.150867,7.42,256,1952,3309,928,liboqs,validator
Dilithium3,verify,399899,0.399899,7.42,256,1952,3309,929,liboqs,validator
Dilithium3,verify,241489,0.241489,7.42,256,1952,3309,930,liboqs,validator
Dilithium3,verify,253304,0.253304,7.42,256,1952,3309,931,liboqs,validator
Dilithium3,verify,157024,0.157024,7.42,256,1952,3309,932,liboqs,validator
Dilithium3,verify,280240,0.28024,7.42,256,1952,3309,933,liboqs,validator
Dilithium3,verify,156678,0.156678,7.42,256,1952,3309,934,liboqs,validator
Dilithium3,verify,606847,0.606847,7.42,256,1952,3309,935,liboqs,validator
Dilithium3,verify,530368,0.530368,7.42,256,1952,3309,936,liboqs,validator
Dilithium3,verify,157170,0.15717,7.42,256,1952,3309,937,liboqs,validator
Dilithium3,verify,171937,0.171937,7.42,256,1952,3309,938,liboqs,validator
Dilithium3,verify,328917,0.328917,7.42,256,1952,3309,939,liboqs,validator
Dilithium3,verify,47966,0.047966,7.42,256,1952,3309,940,liboqs,validator
Dilithium3,verify,410836,0.410836,7.42,256,1952,3309,941,liboqs,validator
Dilithium3,verify,88326,0.088326,7.42,256,1952,3309,942,liboqs,validator
Dilithium3,verify,114352,0.114352,7.42,256,1952,3309,943,liboqs,validator
Dilithium3,verify,205503,0.205503,7.42,256,1952,3309,944,liboqs,validator
Dilithium3,verify,89235,0.089235,7.42,256,1952,3309,945,liboqs,validator
Dilithium3,verify,262695,0.262695,7.42,256,1952,3309,946,liboqs,validator
Dilithium3,verify,189481,0.189481,7.42,256,1952,3309,947,liboqs,validator
Dilithium3,verify,195598,0.195598,7.42,256,1952,3309,948,liboqs,validator
Dilithium3,verify,280614,0.280614,7.42,256,1952,3309,949,liboqs,validator
Dilithium3,verify,174366,0.174366,7.42,256,1952,3309,950,liboqs,validator
Dilithium3,verify,92932,0.092932,7.42,256,1952,3309,951,liboqs,validator
Dilithium3,verify,181653,0.181653,7.42,256,1952,3309,952,liboqs,validator
Dilithium3,verify,171191,0.171191,7.42,256,1952,3309,953,liboqs,validator
Dilithium3,verify,384997,0.384997,7.42,256,1952,3309,954,liboqs,validator
Dilithium3,verify,215993,0.215993,7.42,256,1952,3309,955,liboqs,validator
Dilithium3,verify,459791,0.459791,7.42,256,1952,3309,956,liboqs,validator
Dilithium3,verify,408134,0.408134,7.42,256,1952,3309,957,liboqs,validator
Dilithium3,verify,431542,0.431542,7.42,256,1952,3309,958,liboqs,validator
Dilithium3,verify,94456,0.094456,7.42,256,1952,3309,959,liboqs,validator
Dilithium3,verify,506916,0.506916,7.42,256,1952,3309,960,liboqs,validator
Dilithium3,verify,453758,0.453758,7.42,256,1952,3309,961,liboqs,validator
Dilithium3,verify,357973,0.357973,7.42,256,1952,3309,962,liboqs,validator
Dilithium3,verify,131413,0.131413,7.42,256,1952,3309,963,liboqs,validator
Dilithium3,verify,374381,0.374381,7.42,256,1952,3309,964,liboqs,validator
Dilithium3,verify,191801,0.191801,7.42,256,1952,3309,965,liboqs,validator
Dilithium3,verify,91248,0.091248,7.42,256,1952,3309,966,liboqs,validator
Dilithium3,verify,374416,0.374416,7.42,256,1952,3309,967,liboqs,validator
Dilithium3,verify,90554,0.090554,7.42,256,1952,3309,968,liboqs,validator
Dilithium3,verify,156705,0.156705,7.42,256,1952,3309,969,liboqs,validator
Dilithium3,verify,47798,0.047798,7.42,256,1952,3309,970,liboqs,validator
Dilithium3,verify,77412,0.077412,7.42,256,1952,3309,971,liboqs,validator
Dilithium3,verify,172154,0.172154,7.42,256,1952,3309,972,liboqs,validator
Dilithium3,verify,195872,0.195872,7.42,256,1952,3309,973,liboqs,validator
Dilithium3,verify,213304,0.213304,7.42,256,1952,3309,974,liboqs,validator
Dilithium3,verify,272671,0.272671,7.42,256,1952,3309,975,liboqs,validator
Dilithium3,verify,621287,0.621287,7.42,256,1952,3309,976,liboqs,validator
Dilithium3,verify,172152,0.172152,7.42,256,1952,3309,977,liboqs,validator
Dilithium3,verify,277123,0.277123,7.42,256,1952,3309,978,liboqs,validator
Dilithium3,verify,602950,0.60295,7.42,256,1952,3309,979,liboqs,validator
Dilithium3,verify,339013,0.339013,7.42,256,1952,3309,980,liboqs,validator
Dilithium3,verify,237011,0.237011,7.42,256,1952,3309,981,liboqs,validator
Dilithium3,verify,165983,0.165983,7.42,256,1952,3309,982,liboqs,validator
Dilithium3,verify,43311,0.043311,7.42,256,1952,3309,983,liboqs,validator
Dilithium3,verify,41733,0.041733,7.42,256,1952,3309,984,liboqs,validator
Dilithium3,verify,200850,0.20085,7.42,256,1952,3309,985,liboqs,validator
Dilithium3,verify,92909,0.092909,7.42,256,1952,3309,986,liboqs,validator
Dilithium3,verify,671046,0.671046,7.42,256,1952,3309,987,liboqs,validator
Dilithium3,verify,233687,0.233687,7.42,256,1952,3309,988,liboqs,validator
Dilithium3,verify,226802,0.226802,7.42,256,1952,3309,989,liboqs,validator
Dilithium3,verify,156512,0.156512,7.42,256,1952,3309,990,liboqs,validator
Dilithium3,verify,92756,0.092756,7.42,256,1952,3309,991,liboqs,validator
Dilithium3,verify,46177,0.046177,7.42,256,1952,3309,992,liboqs,validator
Dilithium3,verify,158127,0.158127,7.42,256,1952,3309,993,liboqs,validator
Dilithium3,verify,70491,0.070491,7.42,256,1952,3309,994,liboqs,validator
Dilithium3,verify,95878,0.095878,7.42,256,1952,3309,995,liboqs,validator
Dilithium3,verify,49734,0.049734,7.42,256,1952,3309,996,liboqs,validator
Dilithium3,verify,134367,0.134367,7.42,256,1952,3309,997,liboqs,validator
Dilithium3,verify,278919,0.278919,7.42,256,1952,3309,998,liboqs,validator
Dilithium3,verify,118510,0.11851,7.42,256,1952,3309,999,liboqs,validator
