scheme,operation,time_ns,time_ms,memory_kb,cpu_percent,message_size,key_size,signature_size,iteration,backend,environment
Falcon-512,keygen,4475784,4.475784,4.86,0.0,256,897,0,0,liboqs,iot
Falcon-512,keygen,3586373,3.586373,4.86,0.0,256,897,0,1,liboqs,iot
Falcon-512,keygen,4688727,4.688727,4.86,0.0,256,897,0,2,liboqs,iot
Falcon-512,keygen,4301869,4.301869,4.86,0.0,256,897,0,3,liboqs,iot
Falcon-512,keygen,3179634,3.179634,4.86,0.0,256,897,0,4,liboqs,iot
Falcon-512,keygen,3668785,3.668785,4.86,0.0,256,897,0,5,liboqs,iot
Falcon-512,keygen,3293321,3.293321,4.86,0.0,256,897,0,6,liboqs,iot
Falcon-512,keygen,3827084,3.827084,4.86,0.0,256,897,0,7,liboqs,iot
Falcon-512,keygen,4006605,4.006605,4.86,0.0,256,897,0,8,liboqs,iot
Falcon-512,keygen,3019769,3.019769,4.86,0.0,256,897,0,9,liboqs,iot
Falcon-512,keygen,3679015,3.679015,4.86,0.0,256,897,0,10,liboqs,iot
Falcon-512,keygen,3533254,3.533254,4.86,0.0,256,897,0,11,liboqs,iot
Falcon-512,keygen,3574230,3.57423,4.86,0.0,256,897,0,12,liboqs,iot
Falcon-512,keygen,3946489,3.946489,4.86,0.0,256,897,0,13,liboqs,iot
Falcon-512,keygen,3657953,3.657953,4.86,0.0,256,897,0,14,liboqs,iot
Falcon-512,keygen,3809943,3.809943,4.86,0.0,256,897,0,15,liboqs,iot
Falcon-512,keygen,3617765,3.617765,4.86,0.0,256,897,0,16,liboqs,iot
Falcon-512,keygen,3440981,3.440981,4.86,0.0,256,897,0,17,liboqs,iot
Falcon-512,keygen,4628202,4.628202,4.86,0.0,256,897,0,18,liboqs,iot
Falcon-512,keygen,4316993,4.316993,4.86,0.0,256,897,0,19,liboqs,iot
Falcon-512,keygen,3440265,3.440265,4.86,0.0,256,897,0,20,liboqs,iot
Falcon-512,keygen,3524476,3.524476,4.86,0.0,256,897,0,21,liboqs,iot
Falcon-512,keygen,3104323,3.104323,4.86,0.0,256,897,0,22,liboqs,iot
Falcon-512,keygen,5874327,5.874327,4.86,0.0,256,897,0,23,liboqs,iot
Falcon-512,keygen,3577090,3.57709,4.86,0.0,256,897,0,24,liboqs,iot
Falcon-512,keygen,3431808,3.431808,4.86,0.0,256,897,0,25,liboqs,iot
Falcon-512,keygen,3687827,3.687827,4.86,0.0,256,897,0,26,liboqs,iot
Falcon-512,keygen,4062383,4.062383,4.86,0.0,256,897,0,27,liboqs,iot
Falcon-512,keygen,3420438,3.420438,4.86,0.0,256,897,0,28,liboqs,iot
Falcon-512,keygen,5938116,5.938116,4.86,0.0,256,897,0,29,liboqs,iot
Falcon-512,keygen,3314203,3.314203,4.86,0.0,256,897,0,30,liboqs,iot
Falcon-512,keygen,3231936,3.231936,4.86,0.0,256,897,0,31,liboqs,iot
Falcon-512,keygen,3052753,3.052753,4.86,0.0,256,897,0,32,liboqs,iot
Falcon-512,keygen,5807912,5.807912,4.86,0.0,256,897,0,33,liboqs,iot
Falcon-512,keygen,4855730,4.85573,4.86,0.0,256,897,0,34,liboqs,iot
Falcon-512,keygen,3623054,3.623054,4.86,0.0,256,897,0,35,liboqs,iot
Falcon-512,keygen,3687059,3.687059,4.86,0.0,256,897,0,36,liboqs,iot
Falcon-512,keygen,3207955,3.207955,4.86,0.0,256,897,0,37,liboqs,iot
Falcon-512,keygen,6228380,6.22838,4.86,0.0,256,897,0,38,liboqs,iot
Falcon-512,keygen,4144451,4.144451,4.86,0.0,256,897,0,39,liboqs,iot
Falcon-512,keygen,3813605,3.813605,4.86,0.0,256,897,0,40,liboqs,iot
Falcon-512,keygen,6477770,6.47777,4.86,0.0,256,897,0,41,liboqs,iot
Falcon-512,keygen,5293633,5.293633,4.86,0.0,256,897,0,42,liboqs,iot
Falcon-512,keygen,4098526,4.098526,4.86,0.0,256,897,0,43,liboqs,iot
Falcon-512,keygen,3398933,3.398933,4.86,0.0,256,897,0,44,liboqs,iot
Falcon-512,keygen,3885462,3.885462,4.86,0.0,256,897,0,45,liboqs,iot
Falcon-512,keygen,4939520,4.93952,4.86,0.0,256,897,0,46,liboqs,iot
Falcon-512,keygen,4260534,4.260534,4.86,0.0,256,897,0,47,liboqs,iot
Falcon-512,keygen,3617129,3.617129,4.86,0.0,256,897,0,48,liboqs,iot
Falcon-512,keygen,4188797,4.188797,4.86,0.0,256,897,0,49,liboqs,iot
Falcon-512,keygen,5113660,5.11366,4.86,0.0,256,897,0,50,liboqs,iot
Falcon-512,keygen,3284403,3.284403,4.86,0.0,256,897,0,51,liboqs,iot
Falcon-512,keygen,3980071,3.980071,4.86,0.0,256,897,0,52,liboqs,iot
Falcon-512,keygen,5095079,5.095079,4.86,0.0,256,897,0,53,liboqs,iot
Falcon-512,keygen,3630422,3.630422,4.86,0.0,256,897,0,54,liboqs,iot
Falcon-512,keygen,5539651,5.539651,4.86,0.0,256,897,0,55,liboqs,iot
Falcon-512,keygen,6080690,6.08069,4.86,0.0,256,897,0,56,liboqs,iot
Falcon-512,keygen,3915202,3.915202,4.86,0.0,256,897,0,57,liboqs,iot
Falcon-512,keygen,3073762,3.073762,4.86,0.0,256,897,0,58,liboqs,iot
Falcon-512,keygen,3895279,3.895279,4.86,0.0,256,897,0,59,liboqs,iot
Falcon-512,keygen,3916569,3.916569,4.86,0.0,256,897,0,60,liboqs,iot
Falcon-512,keygen,4569621,4.569621,4.86,0.0,256,897,0,61,liboqs,iot
Falcon-512,keygen,3649435,3.649435,4.86,0.0,256,897,0,62,liboqs,iot
Falcon-512,keygen,3653079,3.653079,4.86,0.0,256,897,0,63,liboqs,iot
Falcon-512,keygen,3297120,3.29712,4.86,0.0,256,897,0,64,liboqs,iot
Falcon-512,keygen,5436090,5.43609,4.86,0.0,256,897,0,65,liboqs,iot
Falcon-512,keygen,3029459,3.029459,4.86,0.0,256,897,0,66,liboqs,iot
Falcon-512,keygen,5216336,5.216336,4.86,0.0,256,897,0,67,liboqs,iot
Falcon-512,keygen,3711916,3.711916,4.86,0.0,256,897,0,68,liboqs,iot
Falcon-512,keygen,3863747,3.863747,4.86,0.0,256,897,0,69,liboqs,iot
Falcon-512,keygen,3120662,3.120662,4.86,0.0,256,897,0,70,liboqs,iot
Falcon-512,keygen,3413038,3.413038,4.86,0.0,256,897,0,71,liboqs,iot
Falcon-512,keygen,3918329,3.918329,4.86,0.0,256,897,0,72,liboqs,iot
Falcon-512,keygen,3997625,3.997625,4.86,0.0,256,897,0,73,liboqs,iot
Falcon-512,keygen,3684937,3.684937,4.86,0.0,256,897,0,74,liboqs,iot
Falcon-512,keygen,3930653,3.930653,4.86,0.0,256,897,0,75,liboqs,iot
Falcon-512,keygen,3461419,3.461419,4.86,0.0,256,897,0,76,liboqs,iot
Falcon-512,keygen,3091069,3.091069,4.86,0.0,256,897,0,77,liboqs,iot
Falcon-512,keygen,3358026,3.358026,4.86,0.0,256,897,0,78,liboqs,iot
Falcon-512,keygen,3635555,3.635555,4.86,0.0,256,897,0,79,liboqs,iot
Falcon-512,keygen,4354477,4.354477,4.86,0.0,256,897,0,80,liboqs,iot
Falcon-512,keygen,3284763,3.284763,4.86,0.0,256,897,0,81,liboqs,iot
Falcon-512,keygen,3380993,3.380993,4.86,0.0,256,897,0,82,liboqs,iot
Falcon-512,keygen,3012781,3.012781,4.86,0.0,256,897,0,83,liboqs,iot
Falcon-512,keygen,3719926,3.719926,4.86,0.0,256,897,0,84,liboqs,iot
Falcon-512,keygen,4574675,4.574675,4.86,0.0,256,897,0,85,liboqs,iot
Falcon-512,keygen,3204167,3.204167,4.86,0.0,256,897,0,86,liboqs,iot
Falcon-512,keygen,3343171,3.343171,4.86,0.0,256,897,0,87,liboqs,iot
Falcon-512,keygen,3075750,3.07575,4.86,0.0,256,897,0,88,liboqs,iot
Falcon-512,keygen,3617576,3.617576,4.86,0.0,256,897,0,89,liboqs,iot
Falcon-512,keygen,3901048,3.901048,4.86,0.0,256,897,0,90,liboqs,iot
Falcon-512,keygen,5588829,5.588829,4.86,0.0,256,897,0,91,liboqs,iot
Falcon-512,keygen,3985232,3.985232,4.86,0.0,256,897,0,92,liboqs,iot
Falcon-512,keygen,4031759,4.031759,4.86,0.0,256,897,0,93,liboqs,iot
Falcon-512,keygen,3974944,3.974944,4.86,0.0,256,897,0,94,liboqs,iot
Falcon-512,keygen,4100398,4.100398,4.86,0.0,256,897,0,95,liboqs,iot
Falcon-512,keygen,3201763,3.201763,4.86,0.0,256,897,0,96,liboqs,iot
Falcon-512,keygen,3448117,3.448117,4.86,0.0,256,897,0,97,liboqs,iot
Falcon-512,keygen,4020867,4.020867,4.86,0.0,256,897,0,98,liboqs,iot
Falcon-512,keygen,3229952,3.229952,4.86,0.0,256,897,0,99,liboqs,iot
Falcon-512,keygen,5376166,5.376166,4.86,0.0,256,897,0,100,liboqs,iot
Falcon-512,keygen,3732977,3.732977,4.86,0.0,256,897,0,101,liboqs,iot
Falcon-512,keygen,3096197,3.096197,4.86,0.0,256,897,0,102,liboqs,iot
Falcon-512,keygen,5929396,5.929396,4.86,0.0,256,897,0,103,liboqs,iot
Falcon-512,keygen,3724748,3.724748,4.86,0.0,256,897,0,104,liboqs,iot
Falcon-512,keygen,4116996,4.116996,4.86,0.0,256,897,0,105,liboqs,iot
Falcon-512,keygen,3153789,3.153789,4.86,0.0,256,897,0,106,liboqs,iot
Falcon-512,keygen,3636139,3.636139,4.86,0.0,256,897,0,107,liboqs,iot
Falcon-512,keygen,3195657,3.195657,4.86,0.0,256,897,0,108,liboqs,iot
Falcon-512,keygen,3683626,3.683626,4.86,0.0,256,897,0,109,liboqs,iot
Falcon-512,keygen,3861763,3.861763,4.86,0.0,256,897,0,110,liboqs,iot
Falcon-512,keygen,3366886,3.366886,4.86,0.0,256,897,0,111,liboqs,iot
Falcon-512,keygen,4856621,4.856621,4.86,0.0,256,897,0,112,liboqs,iot
Falcon-512,keygen,4747331,4.747331,4.86,0.0,256,897,0,113,liboqs,iot
Falcon-512,keygen,3192015,3.192015,4.86,0.0,256,897,0,114,liboqs,iot
Falcon-512,keygen,3993273,3.993273,4.86,0.0,256,897,0,115,liboqs,iot
Falcon-512,keygen,4842399,4.842399,4.86,0.0,256,897,0,116,liboqs,iot
Falcon-512,keygen,7006103,7.006103,4.86,0.0,256,897,0,117,liboqs,iot
Falcon-512,keygen,3588776,3.588776,4.86,0.0,256,897,0,118,liboqs,iot
Falcon-512,keygen,5647343,5.647343,4.86,0.0,256,897,0,119,liboqs,iot
Falcon-512,keygen,4693736,4.693736,4.86,0.0,256,897,0,120,liboqs,iot
Falcon-512,keygen,3308749,3.308749,4.86,0.0,256,897,0,121,liboqs,iot
Falcon-512,keygen,3159691,3.159691,4.86,0.0,256,897,0,122,liboqs,iot
Falcon-512,keygen,4378457,4.378457,4.86,0.0,256,897,0,123,liboqs,iot
Falcon-512,keygen,3254861,3.254861,4.86,0.0,256,897,0,124,liboqs,iot
Falcon-512,keygen,3617421,3.617421,4.86,0.0,256,897,0,125,liboqs,iot
Falcon-512,keygen,6373225,6.373225,4.86,0.0,256,897,0,126,liboqs,iot
Falcon-512,keygen,4086708,4.086708,4.86,0.0,256,897,0,127,liboqs,iot
Falcon-512,keygen,4014453,4.014453,4.86,0.0,256,897,0,128,liboqs,iot
Falcon-512,keygen,3010763,3.010763,4.86,0.0,256,897,0,129,liboqs,iot
Falcon-512,keygen,3747543,3.747543,4.86,0.0,256,897,0,130,liboqs,iot
Falcon-512,keygen,4889351,4.889351,4.86,0.0,256,897,0,131,liboqs,iot
Falcon-512,keygen,4861408,4.861408,4.86,0.0,256,897,0,132,liboqs,iot
Falcon-512,keygen,3409289,3.409289,4.86,0.0,256,897,0,133,liboqs,iot
Falcon-512,keygen,3437635,3.437635,4.86,0.0,256,897,0,134,liboqs,iot
Falcon-512,keygen,3320664,3.320664,4.86,0.0,256,897,0,135,liboqs,iot
Falcon-512,keygen,3462195,3.462195,4.86,0.0,256,897,0,136,liboqs,iot
Falcon-512,keygen,3194871,3.194871,4.86,0.0,256,897,0,137,liboqs,iot
Falcon-512,keygen,3662516,3.662516,4.86,0.0,256,897,0,138,liboqs,iot
Falcon-512,keygen,3705778,3.705778,4.86,0.0,256,897,0,139,liboqs,iot
Falcon-512,keygen,4019591,4.019591,4.86,0.0,256,897,0,140,liboqs,iot
Falcon-512,keygen,3544712,3.544712,4.86,0.0,256,897,0,141,liboqs,iot
Falcon-512,keygen,3593970,3.59397,4.86,0.0,256,897,0,142,liboqs,iot
Falcon-512,keygen,9571560,9.57156,4.86,0.0,256,897,0,143,liboqs,iot
Falcon-512,keygen,4341325,4.341325,4.86,0.0,256,897,0,144,liboqs,iot
Falcon-512,keygen,3230714,3.230714,4.86,0.0,256,897,0,145,liboqs,iot
Falcon-512,keygen,3025629,3.025629,4.86,0.0,256,897,0,146,liboqs,iot
Falcon-512,keygen,4848128,4.848128,4.86,0.0,256,897,0,147,liboqs,iot
Falcon-512,keygen,3180258,3.180258,4.86,0.0,256,897,0,148,liboqs,iot
Falcon-512,keygen,3111355,3.111355,4.86,0.0,256,897,0,149,liboqs,iot
Falcon-512,keygen,3417716,3.417716,4.86,0.0,256,897,0,150,liboqs,iot
Falcon-512,keygen,5134037,5.134037,4.86,0.0,256,897,0,151,liboqs,iot
Falcon-512,keygen,3930557,3.930557,4.86,0.0,256,897,0,152,liboqs,iot
Falcon-512,keygen,3471007,3.471007,4.86,0.0,256,897,0,153,liboqs,iot
Falcon-512,keygen,5274298,5.274298,4.86,0.0,256,897,0,154,liboqs,iot
Falcon-512,keygen,3288093,3.288093,4.86,0.0,256,897,0,155,liboqs,iot
Falcon-512,keygen,5445436,5.445436,4.86,0.0,256,897,0,156,liboqs,iot
Falcon-512,keygen,3456410,3.45641,4.86,0.0,256,897,0,157,liboqs,iot
Falcon-512,keygen,3397064,3.397064,4.86,0.0,256,897,0,158,liboqs,iot
Falcon-512,keygen,3635998,3.635998,4.86,0.0,256,897,0,159,liboqs,iot
Falcon-512,keygen,4475717,4.475717,4.86,0.0,256,897,0,160,liboqs,iot
Falcon-512,keygen,3844383,3.844383,4.86,0.0,256,897,0,161,liboqs,iot
Falcon-512,keygen,3536179,3.536179,4.86,0.0,256,897,0,162,liboqs,iot
Falcon-512,keygen,3403952,3.403952,4.86,0.0,256,897,0,163,liboqs,iot
Falcon-512,keygen,4616883,4.616883,4.86,0.0,256,897,0,164,liboqs,iot
Falcon-512,keygen,4603462,4.603462,4.86,0.0,256,897,0,165,liboqs,iot
Falcon-512,keygen,5873210,5.87321,4.86,0.0,256,897,0,166,liboqs,iot
Falcon-512,keygen,5013371,5.013371,4.86,0.0,256,897,0,167,liboqs,iot
Falcon-512,keygen,3362234,3.362234,4.86,0.0,256,897,0,168,liboqs,iot
Falcon-512,keygen,5557322,5.557322,4.86,0.0,256,897,0,169,liboqs,iot
Falcon-512,keygen,4875914,4.875914,4.86,0.0,256,897,0,170,liboqs,iot
Falcon-512,keygen,4748491,4.748491,4.86,0.0,256,897,0,171,liboqs,iot
Falcon-512,keygen,4495188,4.495188,4.86,0.0,256,897,0,172,liboqs,iot
Falcon-512,keygen,5241998,5.241998,4.86,0.0,256,897,0,173,liboqs,iot
Falcon-512,keygen,3750747,3.750747,4.86,0.0,256,897,0,174,liboqs,iot
Falcon-512,keygen,5356633,5.356633,4.86,0.0,256,897,0,175,liboqs,iot
Falcon-512,keygen,3526127,3.526127,4.86,0.0,256,897,0,176,liboqs,iot
Falcon-512,keygen,3026149,3.026149,4.86,0.0,256,897,0,177,liboqs,iot
Falcon-512,keygen,3175857,3.175857,4.86,0.0,256,897,0,178,liboqs,iot
Falcon-512,keygen,3175132,3.175132,4.86,0.0,256,897,0,179,liboqs,iot
Falcon-512,keygen,3614233,3.614233,4.86,0.0,256,897,0,180,liboqs,iot
Falcon-512,keygen,5332940,5.33294,4.86,0.0,256,897,0,181,liboqs,iot
Falcon-512,keygen,3020199,3.020199,4.86,0.0,256,897,0,182,liboqs,iot
Falcon-512,keygen,3743085,3.743085,4.86,0.0,256,897,0,183,liboqs,iot
Falcon-512,keygen,3281279,3.281279,4.86,0.0,256,897,0,184,liboqs,iot
Falcon-512,keygen,5459897,5.459897,4.86,0.0,256,897,0,185,liboqs,iot
Falcon-512,keygen,3071164,3.071164,4.86,0.0,256,897,0,186,liboqs,iot
Falcon-512,keygen,4266356,4.266356,4.86,0.0,256,897,0,187,liboqs,iot
Falcon-512,keygen,6219833,6.219833,4.86,0.0,256,897,0,188,liboqs,iot
Falcon-512,keygen,3204313,3.204313,4.86,0.0,256,897,0,189,liboqs,iot
Falcon-512,keygen,4081805,4.081805,4.86,0.0,256,897,0,190,liboqs,iot
Falcon-512,keygen,3853463,3.853463,4.86,0.0,256,897,0,191,liboqs,iot
Falcon-512,keygen,3547561,3.547561,4.86,0.0,256,897,0,192,liboqs,iot
Falcon-512,keygen,3673739,3.673739,4.86,0.0,256,897,0,193,liboqs,iot
Falcon-512,keygen,4809836,4.809836,4.86,0.0,256,897,0,194,liboqs,iot
Falcon-512,keygen,5206376,5.206376,5.23,0.0,256,897,0,195,liboqs,iot
Falcon-512,keygen,8012266,8.012266,4.86,0.0,256,897,0,196,liboqs,iot
Falcon-512,keygen,4253221,4.253221,4.86,0.0,256,897,0,197,liboqs,iot
Falcon-512,keygen,6475786,6.475786,4.86,0.0,256,897,0,198,liboqs,iot
Falcon-512,keygen,3503245,3.503245,4.86,0.0,256,897,0,199,liboqs,iot
Falcon-512,keygen,4079066,4.079066,4.86,0.0,256,897,0,200,liboqs,iot
Falcon-512,keygen,3867598,3.867598,4.86,0.0,256,897,0,201,liboqs,iot
Falcon-512,keygen,4513417,4.513417,4.86,0.0,256,897,0,202,liboqs,iot
Falcon-512,keygen,3721927,3.721927,4.86,0.0,256,897,0,203,liboqs,iot
Falcon-512,keygen,5224698,5.224698,4.86,0.0,256,897,0,204,liboqs,iot
Falcon-512,keygen,3780484,3.780484,4.86,0.0,256,897,0,205,liboqs,iot
Falcon-512,keygen,4991839,4.991839,4.86,0.0,256,897,0,206,liboqs,iot
Falcon-512,keygen,4444583,4.444583,4.86,0.0,256,897,0,207,liboqs,iot
Falcon-512,keygen,3302313,3.302313,4.86,0.0,256,897,0,208,liboqs,iot
Falcon-512,keygen,3518967,3.518967,4.86,0.0,256,897,0,209,liboqs,iot
Falcon-512,keygen,3715671,3.715671,4.86,0.0,256,897,0,210,liboqs,iot
Falcon-512,keygen,3202282,3.202282,4.86,0.0,256,897,0,211,liboqs,iot
Falcon-512,keygen,3042906,3.042906,4.86,0.0,256,897,0,212,liboqs,iot
Falcon-512,keygen,3216833,3.216833,4.86,0.0,256,897,0,213,liboqs,iot
Falcon-512,keygen,3805700,3.8057,4.86,0.0,256,897,0,214,liboqs,iot
Falcon-512,keygen,3774491,3.774491,4.86,0.0,256,897,0,215,liboqs,iot
Falcon-512,keygen,3753411,3.753411,4.86,0.0,256,897,0,216,liboqs,iot
Falcon-512,keygen,3639117,3.639117,4.86,0.0,256,897,0,217,liboqs,iot
Falcon-512,keygen,3380281,3.380281,4.86,0.0,256,897,0,218,liboqs,iot
Falcon-512,keygen,3049977,3.049977,4.86,0.0,256,897,0,219,liboqs,iot
Falcon-512,keygen,3385766,3.385766,4.86,0.0,256,897,0,220,liboqs,iot
Falcon-512,keygen,8487929,8.487929,4.86,0.0,256,897,0,221,liboqs,iot
Falcon-512,keygen,4086962,4.086962,4.86,0.0,256,897,0,222,liboqs,iot
Falcon-512,keygen,3937660,3.93766,4.86,0.0,256,897,0,223,liboqs,iot
Falcon-512,keygen,3099786,3.099786,4.86,0.0,256,897,0,224,liboqs,iot
Falcon-512,keygen,4360493,4.360493,4.86,0.0,256,897,0,225,liboqs,iot
Falcon-512,keygen,5578183,5.578183,4.86,0.0,256,897,0,226,liboqs,iot
Falcon-512,keygen,3279318,3.279318,4.86,0.0,256,897,0,227,liboqs,iot
Falcon-512,keygen,3461569,3.461569,4.86,0.0,256,897,0,228,liboqs,iot
Falcon-512,keygen,3444389,3.444389,4.86,0.0,256,897,0,229,liboqs,iot
Falcon-512,keygen,4383569,4.383569,4.86,0.0,256,897,0,230,liboqs,iot
Falcon-512,keygen,4233836,4.233836,4.86,0.0,256,897,0,231,liboqs,iot
Falcon-512,keygen,3475652,3.475652,4.86,0.0,256,897,0,232,liboqs,iot
Falcon-512,keygen,3827298,3.827298,4.86,0.0,256,897,0,233,liboqs,iot
Falcon-512,keygen,3902382,3.902382,4.86,0.0,256,897,0,234,liboqs,iot
Falcon-512,keygen,3142879,3.142879,4.86,0.0,256,897,0,235,liboqs,iot
Falcon-512,keygen,3660722,3.660722,4.86,0.0,256,897,0,236,liboqs,iot
Falcon-512,keygen,3750050,3.75005,4.86,0.0,256,897,0,237,liboqs,iot
Falcon-512,keygen,3951323,3.951323,4.86,0.0,256,897,0,238,liboqs,iot
Falcon-512,keygen,4014122,4.014122,4.86,0.0,256,897,0,239,liboqs,iot
Falcon-512,keygen,6120379,6.120379,4.86,0.0,256,897,0,240,liboqs,iot
Falcon-512,keygen,4603905,4.603905,4.86,0.0,256,897,0,241,liboqs,iot
Falcon-512,keygen,3698127,3.698127,4.86,0.0,256,897,0,242,liboqs,iot
Falcon-512,keygen,4807596,4.807596,4.86,0.0,256,897,0,243,liboqs,iot
Falcon-512,keygen,3297254,3.297254,4.86,0.0,256,897,0,244,liboqs,iot
Falcon-512,keygen,3819087,3.819087,4.86,0.0,256,897,0,245,liboqs,iot
Falcon-512,keygen,4086487,4.086487,4.86,0.0,256,897,0,246,liboqs,iot
Falcon-512,keygen,4202682,4.202682,4.86,0.0,256,897,0,247,liboqs,iot
Falcon-512,keygen,3540828,3.540828,4.86,0.0,256,897,0,248,liboqs,iot
Falcon-512,keygen,3518107,3.518107,4.86,0.0,256,897,0,249,liboqs,iot
Falcon-512,keygen,4466675,4.466675,4.86,0.0,256,897,0,250,liboqs,iot
Falcon-512,keygen,6612187,6.612187,4.86,0.0,256,897,0,251,liboqs,iot
Falcon-512,keygen,4034098,4.034098,4.86,0.0,256,897,0,252,liboqs,iot
Falcon-512,keygen,5943347,5.943347,4.86,0.0,256,897,0,253,liboqs,iot
Falcon-512,keygen,3653411,3.653411,9.52,0.0,256,897,0,254,liboqs,iot
Falcon-512,keygen,3053040,3.05304,7.07,0.0,256,897,0,255,liboqs,iot
Falcon-512,keygen,3825234,3.825234,4.86,0.0,256,897,0,256,liboqs,iot
Falcon-512,keygen,5597241,5.597241,4.86,0.0,256,897,0,257,liboqs,iot
Falcon-512,keygen,3374365,3.374365,4.86,0.0,256,897,0,258,liboqs,iot
Falcon-512,keygen,4010465,4.010465,4.86,0.0,256,897,0,259,liboqs,iot
Falcon-512,keygen,3428493,3.428493,4.86,0.0,256,897,0,260,liboqs,iot
Falcon-512,keygen,3739737,3.739737,4.86,0.0,256,897,0,261,liboqs,iot
Falcon-512,keygen,3389661,3.389661,4.86,0.0,256,897,0,262,liboqs,iot
Falcon-512,keygen,3352462,3.352462,4.86,0.0,256,897,0,263,liboqs,iot
Falcon-512,keygen,5498450,5.49845,4.86,0.0,256,897,0,264,liboqs,iot
Falcon-512,keygen,3438706,3.438706,4.86,0.0,256,897,0,265,liboqs,iot
Falcon-512,keygen,3896065,3.896065,4.86,0.0,256,897,0,266,liboqs,iot
Falcon-512,keygen,3299017,3.299017,4.86,0.0,256,897,0,267,liboqs,iot
Falcon-512,keygen,4326383,4.326383,4.86,0.0,256,897,0,268,liboqs,iot
Falcon-512,keygen,3117592,3.117592,4.86,0.0,256,897,0,269,liboqs,iot
Falcon-512,keygen,5134535,5.134535,4.86,0.0,256,897,0,270,liboqs,iot
Falcon-512,keygen,4857476,4.857476,4.86,0.0,256,897,0,271,liboqs,iot
Falcon-512,keygen,4516237,4.516237,4.86,0.0,256,897,0,272,liboqs,iot
Falcon-512,keygen,3024259,3.024259,4.86,0.0,256,897,0,273,liboqs,iot
Falcon-512,keygen,3116411,3.116411,4.86,0.0,256,897,0,274,liboqs,iot
Falcon-512,keygen,3045193,3.045193,4.86,0.0,256,897,0,275,liboqs,iot
Falcon-512,keygen,3051859,3.051859,4.86,0.0,256,897,0,276,liboqs,iot
Falcon-512,keygen,4259351,4.259351,4.86,0.0,256,897,0,277,liboqs,iot
Falcon-512,keygen,5593235,5.593235,4.86,0.0,256,897,0,278,liboqs,iot
Falcon-512,keygen,3205212,3.205212,4.86,0.0,256,897,0,279,liboqs,iot
Falcon-512,keygen,4568109,4.568109,4.86,0.0,256,897,0,280,liboqs,iot
Falcon-512,keygen,4979746,4.979746,4.86,0.0,256,897,0,281,liboqs,iot
Falcon-512,keygen,3135156,3.135156,4.86,0.0,256,897,0,282,liboqs,iot
Falcon-512,keygen,3047264,3.047264,4.86,0.0,256,897,0,283,liboqs,iot
Falcon-512,keygen,5178646,5.178646,4.86,0.0,256,897,0,284,liboqs,iot
Falcon-512,keygen,3297852,3.297852,4.86,0.0,256,897,0,285,liboqs,iot
Falcon-512,keygen,3223117,3.223117,4.86,0.0,256,897,0,286,liboqs,iot
Falcon-512,keygen,3517101,3.517101,4.86,0.0,256,897,0,287,liboqs,iot
Falcon-512,keygen,5796952,5.796952,4.86,0.0,256,897,0,288,liboqs,iot
Falcon-512,keygen,4118191,4.118191,4.86,0.0,256,897,0,289,liboqs,iot
Falcon-512,keygen,3013958,3.013958,4.86,0.0,256,897,0,290,liboqs,iot
Falcon-512,keygen,4262289,4.262289,4.86,0.0,256,897,0,291,liboqs,iot
Falcon-512,keygen,8590153,8.590153,4.86,0.0,256,897,0,292,liboqs,iot
Falcon-512,keygen,5500811,5.500811,4.86,0.0,256,897,0,293,liboqs,iot
Falcon-512,keygen,3028325,3.028325,4.86,0.0,256,897,0,294,liboqs,iot
Falcon-512,keygen,3469862,3.469862,4.86,0.0,256,897,0,295,liboqs,iot
Falcon-512,keygen,3663703,3.663703,4.86,0.0,256,897,0,296,liboqs,iot
Falcon-512,keygen,4491996,4.491996,4.86,0.0,256,897,0,297,liboqs,iot
Falcon-512,keygen,3007654,3.007654,4.86,0.0,256,897,0,298,liboqs,iot
Falcon-512,keygen,3987874,3.987874,4.86,0.0,256,897,0,299,liboqs,iot
Falcon-512,keygen,3228182,3.228182,4.86,0.0,256,897,0,300,liboqs,iot
Falcon-512,keygen,3181438,3.181438,4.86,0.0,256,897,0,301,liboqs,iot
Falcon-512,keygen,2990004,2.990004,4.86,0.0,256,897,0,302,liboqs,iot
Falcon-512,keygen,3180965,3.180965,4.86,0.0,256,897,0,303,liboqs,iot
Falcon-512,keygen,3258686,3.258686,4.86,0.0,256,897,0,304,liboqs,iot
Falcon-512,keygen,4102615,4.102615,4.86,0.0,256,897,0,305,liboqs,iot
Falcon-512,keygen,3244106,3.244106,4.86,0.0,256,897,0,306,liboqs,iot
Falcon-512,keygen,6284065,6.284065,4.86,0.0,256,897,0,307,liboqs,iot
Falcon-512,keygen,3289364,3.289364,4.86,0.0,256,897,0,308,liboqs,iot
Falcon-512,keygen,3240247,3.240247,4.86,0.0,256,897,0,309,liboqs,iot
Falcon-512,keygen,4283986,4.283986,4.86,0.0,256,897,0,310,liboqs,iot
Falcon-512,keygen,3091235,3.091235,4.86,0.0,256,897,0,311,liboqs,iot
Falcon-512,keygen,3409744,3.409744,4.86,0.0,256,897,0,312,liboqs,iot
Falcon-512,keygen,3415598,3.415598,4.86,0.0,256,897,0,313,liboqs,iot
Falcon-512,keygen,3430500,3.4305,4.86,0.0,256,897,0,314,liboqs,iot
Falcon-512,keygen,5115242,5.115242,4.86,0.0,256,897,0,315,liboqs,iot
Falcon-512,keygen,3032422,3.032422,4.86,0.0,256,897,0,316,liboqs,iot
Falcon-512,keygen,3194520,3.19452,4.86,0.0,256,897,0,317,liboqs,iot
Falcon-512,keygen,3451592,3.451592,4.86,0.0,256,897,0,318,liboqs,iot
Falcon-512,keygen,3865826,3.865826,4.86,0.0,256,897,0,319,liboqs,iot
Falcon-512,keygen,3015091,3.015091,4.86,0.0,256,897,0,320,liboqs,iot
Falcon-512,keygen,3672183,3.672183,4.86,0.0,256,897,0,321,liboqs,iot
Falcon-512,keygen,3044169,3.044169,4.86,0.0,256,897,0,322,liboqs,iot
Falcon-512,keygen,8581666,8.581666,4.86,0.0,256,897,0,323,liboqs,iot
Falcon-512,keygen,3206666,3.206666,4.86,0.0,256,897,0,324,liboqs,iot
Falcon-512,keygen,3620033,3.620033,4.86,0.0,256,897,0,325,liboqs,iot
Falcon-512,keygen,4121123,4.121123,4.86,0.0,256,897,0,326,liboqs,iot
Falcon-512,keygen,5012956,5.012956,4.86,0.0,256,897,0,327,liboqs,iot
Falcon-512,keygen,4455216,4.455216,4.86,0.0,256,897,0,328,liboqs,iot
Falcon-512,keygen,3839066,3.839066,4.86,0.0,256,897,0,329,liboqs,iot
Falcon-512,keygen,3754975,3.754975,4.86,0.0,256,897,0,330,liboqs,iot
Falcon-512,keygen,3354216,3.354216,4.86,0.0,256,897,0,331,liboqs,iot
Falcon-512,keygen,7078155,7.078155,4.86,0.0,256,897,0,332,liboqs,iot
Falcon-512,keygen,4783520,4.78352,4.86,0.0,256,897,0,333,liboqs,iot
Falcon-512,keygen,3752413,3.752413,4.86,0.0,256,897,0,334,liboqs,iot
Falcon-512,keygen,3374168,3.374168,4.86,0.0,256,897,0,335,liboqs,iot
Falcon-512,keygen,3628582,3.628582,4.86,0.0,256,897,0,336,liboqs,iot
Falcon-512,keygen,3204151,3.204151,4.86,0.0,256,897,0,337,liboqs,iot
Falcon-512,keygen,3883784,3.883784,4.86,0.0,256,897,0,338,liboqs,iot
Falcon-512,keygen,4598613,4.598613,4.86,0.0,256,897,0,339,liboqs,iot
Falcon-512,keygen,3323002,3.323002,4.86,0.0,256,897,0,340,liboqs,iot
Falcon-512,keygen,4447296,4.447296,4.86,0.0,256,897,0,341,liboqs,iot
Falcon-512,keygen,4378330,4.37833,4.86,0.0,256,897,0,342,liboqs,iot
Falcon-512,keygen,3092779,3.092779,4.86,0.0,256,897,0,343,liboqs,iot
Falcon-512,keygen,4030917,4.030917,4.86,0.0,256,897,0,344,liboqs,iot
Falcon-512,keygen,3037375,3.037375,4.86,0.0,256,897,0,345,liboqs,iot
Falcon-512,keygen,3692438,3.692438,4.86,0.0,256,897,0,346,liboqs,iot
Falcon-512,keygen,3630387,3.630387,4.86,0.0,256,897,0,347,liboqs,iot
Falcon-512,keygen,4726372,4.726372,4.86,0.0,256,897,0,348,liboqs,iot
Falcon-512,keygen,4078878,4.078878,4.86,0.0,256,897,0,349,liboqs,iot
Falcon-512,keygen,5056027,5.056027,4.86,0.0,256,897,0,350,liboqs,iot
Falcon-512,keygen,3278611,3.278611,4.86,0.0,256,897,0,351,liboqs,iot
Falcon-512,keygen,4619665,4.619665,4.86,0.0,256,897,0,352,liboqs,iot
Falcon-512,keygen,4682747,4.682747,4.86,0.0,256,897,0,353,liboqs,iot
Falcon-512,keygen,3542224,3.542224,4.86,0.0,256,897,0,354,liboqs,iot
Falcon-512,keygen,4541177,4.541177,4.86,0.0,256,897,0,355,liboqs,iot
Falcon-512,keygen,4252938,4.252938,4.86,0.0,256,897,0,356,liboqs,iot
Falcon-512,keygen,3281656,3.281656,4.86,0.0,256,897,0,357,liboqs,iot
Falcon-512,keygen,4284439,4.284439,4.86,0.0,256,897,0,358,liboqs,iot
Falcon-512,keygen,3488240,3.48824,4.86,0.0,256,897,0,359,liboqs,iot
Falcon-512,keygen,2976944,2.976944,4.86,0.0,256,897,0,360,liboqs,iot
Falcon-512,keygen,3323653,3.323653,4.86,0.0,256,897,0,361,liboqs,iot
Falcon-512,keygen,4966989,4.966989,4.86,0.0,256,897,0,362,liboqs,iot
Falcon-512,keygen,3424852,3.424852,4.86,0.0,256,897,0,363,liboqs,iot
Falcon-512,keygen,3141757,3.141757,4.86,0.0,256,897,0,364,liboqs,iot
Falcon-512,keygen,3383893,3.383893,4.86,0.0,256,897,0,365,liboqs,iot
Falcon-512,keygen,7412797,7.412797,4.86,0.0,256,897,0,366,liboqs,iot
Falcon-512,keygen,3026681,3.026681,4.86,0.0,256,897,0,367,liboqs,iot
Falcon-512,keygen,3817917,3.817917,4.86,0.0,256,897,0,368,liboqs,iot
Falcon-512,keygen,2988615,2.988615,4.86,0.0,256,897,0,369,liboqs,iot
Falcon-512,keygen,5261119,5.261119,4.86,0.0,256,897,0,370,liboqs,iot
Falcon-512,keygen,4560690,4.56069,4.86,0.0,256,897,0,371,liboqs,iot
Falcon-512,keygen,3342633,3.342633,4.86,0.0,256,897,0,372,liboqs,iot
Falcon-512,keygen,3358255,3.358255,4.86,0.0,256,897,0,373,liboqs,iot
Falcon-512,keygen,3981796,3.981796,4.86,0.0,256,897,0,374,liboqs,iot
Falcon-512,keygen,6605600,6.6056,4.86,0.0,256,897,0,375,liboqs,iot
Falcon-512,keygen,4551731,4.551731,4.86,0.0,256,897,0,376,liboqs,iot
Falcon-512,keygen,4890234,4.890234,4.86,0.0,256,897,0,377,liboqs,iot
Falcon-512,keygen,3882923,3.882923,4.86,0.0,256,897,0,378,liboqs,iot
Falcon-512,keygen,4204159,4.204159,4.86,0.0,256,897,0,379,liboqs,iot
Falcon-512,keygen,3364224,3.364224,4.86,0.0,256,897,0,380,liboqs,iot
Falcon-512,keygen,4411046,4.411046,4.86,0.0,256,897,0,381,liboqs,iot
Falcon-512,keygen,4066361,4.066361,4.86,0.0,256,897,0,382,liboqs,iot
Falcon-512,keygen,4123529,4.123529,4.86,0.0,256,897,0,383,liboqs,iot
Falcon-512,keygen,3005849,3.005849,4.86,0.0,256,897,0,384,liboqs,iot
Falcon-512,keygen,3023544,3.023544,4.86,0.0,256,897,0,385,liboqs,iot
Falcon-512,keygen,3932191,3.932191,4.86,0.0,256,897,0,386,liboqs,iot
Falcon-512,keygen,3181402,3.181402,4.86,0.0,256,897,0,387,liboqs,iot
Falcon-512,keygen,4336340,4.33634,4.86,0.0,256,897,0,388,liboqs,iot
Falcon-512,keygen,3752678,3.752678,4.86,0.0,256,897,0,389,liboqs,iot
Falcon-512,keygen,3266003,3.266003,4.86,0.0,256,897,0,390,liboqs,iot
Falcon-512,keygen,4815687,4.815687,4.86,0.0,256,897,0,391,liboqs,iot
Falcon-512,keygen,3282360,3.28236,4.86,0.0,256,897,0,392,liboqs,iot
Falcon-512,keygen,7135499,7.135499,4.86,0.0,256,897,0,393,liboqs,iot
Falcon-512,keygen,3044407,3.044407,4.86,0.0,256,897,0,394,liboqs,iot
Falcon-512,keygen,4027418,4.027418,4.86,0.0,256,897,0,395,liboqs,iot
Falcon-512,keygen,4750556,4.750556,4.86,0.0,256,897,0,396,liboqs,iot
Falcon-512,keygen,4819596,4.819596,4.86,0.0,256,897,0,397,liboqs,iot
Falcon-512,keygen,3291332,3.291332,4.86,0.0,256,897,0,398,liboqs,iot
Falcon-512,keygen,4861618,4.861618,4.86,0.0,256,897,0,399,liboqs,iot
Falcon-512,keygen,5464192,5.464192,4.86,0.0,256,897,0,400,liboqs,iot
Falcon-512,keygen,4273451,4.273451,4.86,0.0,256,897,0,401,liboqs,iot
Falcon-512,keygen,3074496,3.074496,4.86,0.0,256,897,0,402,liboqs,iot
Falcon-512,keygen,3938152,3.938152,4.86,0.0,256,897,0,403,liboqs,iot
Falcon-512,keygen,3721056,3.721056,4.86,0.0,256,897,0,404,liboqs,iot
Falcon-512,keygen,8122370,8.12237,4.86,0.0,256,897,0,405,liboqs,iot
Falcon-512,keygen,3946611,3.946611,4.86,0.0,256,897,0,406,liboqs,iot
Falcon-512,keygen,3834508,3.834508,4.86,0.0,256,897,0,407,liboqs,iot
Falcon-512,keygen,3633502,3.633502,4.86,0.0,256,897,0,408,liboqs,iot
Falcon-512,keygen,3081033,3.081033,4.86,0.0,256,897,0,409,liboqs,iot
Falcon-512,keygen,3071507,3.071507,4.86,0.0,256,897,0,410,liboqs,iot
Falcon-512,keygen,3038872,3.038872,4.86,0.0,256,897,0,411,liboqs,iot
Falcon-512,keygen,3586473,3.586473,4.86,0.0,256,897,0,412,liboqs,iot
Falcon-512,keygen,6151366,6.151366,4.86,0.0,256,897,0,413,liboqs,iot
Falcon-512,keygen,3475381,3.475381,4.86,0.0,256,897,0,414,liboqs,iot
Falcon-512,keygen,4167784,4.167784,4.86,0.0,256,897,0,415,liboqs,iot
Falcon-512,keygen,4014302,4.014302,4.86,0.0,256,897,0,416,liboqs,iot
Falcon-512,keygen,3730021,3.730021,4.86,0.0,256,897,0,417,liboqs,iot
Falcon-512,keygen,4832843,4.832843,4.86,0.0,256,897,0,418,liboqs,iot
Falcon-512,keygen,3272794,3.272794,4.86,0.0,256,897,0,419,liboqs,iot
Falcon-512,keygen,3319589,3.319589,4.86,0.0,256,897,0,420,liboqs,iot
Falcon-512,keygen,3336217,3.336217,4.86,0.0,256,897,0,421,liboqs,iot
Falcon-512,keygen,3844083,3.844083,4.86,0.0,256,897,0,422,liboqs,iot
Falcon-512,keygen,3038233,3.038233,4.86,0.0,256,897,0,423,liboqs,iot
Falcon-512,keygen,4096320,4.09632,4.86,0.0,256,897,0,424,liboqs,iot
Falcon-512,keygen,3738895,3.738895,4.86,0.0,256,897,0,425,liboqs,iot
Falcon-512,keygen,3264371,3.264371,4.86,0.0,256,897,0,426,liboqs,iot
Falcon-512,keygen,3550878,3.550878,4.86,0.0,256,897,0,427,liboqs,iot
Falcon-512,keygen,3893831,3.893831,4.86,0.0,256,897,0,428,liboqs,iot
Falcon-512,keygen,3161142,3.161142,4.86,0.0,256,897,0,429,liboqs,iot
Falcon-512,keygen,3136229,3.136229,4.86,0.0,256,897,0,430,liboqs,iot
Falcon-512,keygen,5143399,5.143399,4.86,0.0,256,897,0,431,liboqs,iot
Falcon-512,keygen,3291964,3.291964,4.86,0.0,256,897,0,432,liboqs,iot
Falcon-512,keygen,3955771,3.955771,4.86,0.0,256,897,0,433,liboqs,iot
Falcon-512,keygen,3622521,3.622521,4.86,0.0,256,897,0,434,liboqs,iot
Falcon-512,keygen,3181306,3.181306,4.86,0.0,256,897,0,435,liboqs,iot
Falcon-512,keygen,8533596,8.533596,4.86,0.0,256,897,0,436,liboqs,iot
Falcon-512,keygen,4420021,4.420021,4.86,0.0,256,897,0,437,liboqs,iot
Falcon-512,keygen,3396005,3.396005,4.86,0.0,256,897,0,438,liboqs,iot
Falcon-512,keygen,4932534,4.932534,4.86,0.0,256,897,0,439,liboqs,iot
Falcon-512,keygen,4392534,4.392534,4.86,0.0,256,897,0,440,liboqs,iot
Falcon-512,keygen,3583108,3.583108,4.86,0.0,256,897,0,441,liboqs,iot
Falcon-512,keygen,4078000,4.078,4.86,0.0,256,897,0,442,liboqs,iot
Falcon-512,keygen,4505361,4.505361,4.86,0.0,256,897,0,443,liboqs,iot
Falcon-512,keygen,3715524,3.715524,4.86,0.0,256,897,0,444,liboqs,iot
Falcon-512,keygen,3132830,3.13283,4.86,0.0,256,897,0,445,liboqs,iot
Falcon-512,keygen,3103378,3.103378,4.86,0.0,256,897,0,446,liboqs,iot
Falcon-512,keygen,3452464,3.452464,4.86,0.0,256,897,0,447,liboqs,iot
Falcon-512,keygen,3621713,3.621713,4.86,0.0,256,897,0,448,liboqs,iot
Falcon-512,keygen,7108704,7.108704,4.86,0.0,256,897,0,449,liboqs,iot
Falcon-512,keygen,3730731,3.730731,4.86,0.0,256,897,0,450,liboqs,iot
Falcon-512,keygen,3772763,3.772763,4.86,0.0,256,897,0,451,liboqs,iot
Falcon-512,keygen,4931695,4.931695,4.86,0.0,256,897,0,452,liboqs,iot
Falcon-512,keygen,5150118,5.150118,4.86,0.0,256,897,0,453,liboqs,iot
Falcon-512,keygen,3574420,3.57442,4.86,0.0,256,897,0,454,liboqs,iot
Falcon-512,keygen,3355867,3.355867,4.86,0.0,256,897,0,455,liboqs,iot
Falcon-512,keygen,5115935,5.115935,4.86,0.0,256,897,0,456,liboqs,iot
Falcon-512,keygen,3791486,3.791486,4.86,0.0,256,897,0,457,liboqs,iot
Falcon-512,keygen,4755621,4.755621,4.86,0.0,256,897,0,458,liboqs,iot
Falcon-512,keygen,3492008,3.492008,4.86,0.0,256,897,0,459,liboqs,iot
Falcon-512,keygen,4078542,4.078542,4.86,0.0,256,897,0,460,liboqs,iot
Falcon-512,keygen,5063660,5.06366,4.86,0.0,256,897,0,461,liboqs,iot
Falcon-512,keygen,5508219,5.508219,4.86,0.0,256,897,0,462,liboqs,iot
Falcon-512,keygen,3181163,3.181163,4.86,0.0,256,897,0,463,liboqs,iot
Falcon-512,keygen,3484048,3.484048,4.86,0.0,256,897,0,464,liboqs,iot
Falcon-512,keygen,3663976,3.663976,4.86,0.0,256,897,0,465,liboqs,iot
Falcon-512,keygen,3959542,3.959542,4.86,0.0,256,897,0,466,liboqs,iot
Falcon-512,keygen,4420222,4.420222,4.86,0.0,256,897,0,467,liboqs,iot
Falcon-512,keygen,3117924,3.117924,4.86,0.0,256,897,0,468,liboqs,iot
Falcon-512,keygen,4510092,4.510092,4.86,0.0,256,897,0,469,liboqs,iot
Falcon-512,keygen,4261966,4.261966,4.86,0.0,256,897,0,470,liboqs,iot
Falcon-512,keygen,4551018,4.551018,4.86,0.0,256,897,0,471,liboqs,iot
Falcon-512,keygen,4660003,4.660003,4.86,0.0,256,897,0,472,liboqs,iot
Falcon-512,keygen,5585050,5.58505,4.86,0.0,256,897,0,473,liboqs,iot
Falcon-512,keygen,3481963,3.481963,4.86,0.0,256,897,0,474,liboqs,iot
Falcon-512,keygen,3267752,3.267752,4.86,0.0,256,897,0,475,liboqs,iot
Falcon-512,keygen,5803040,5.80304,4.86,0.0,256,897,0,476,liboqs,iot
Falcon-512,keygen,3268300,3.2683,4.86,0.0,256,897,0,477,liboqs,iot
Falcon-512,keygen,3286408,3.286408,4.86,0.0,256,897,0,478,liboqs,iot
Falcon-512,keygen,3111827,3.111827,4.86,0.0,256,897,0,479,liboqs,iot
Falcon-512,keygen,4203788,4.203788,4.86,0.0,256,897,0,480,liboqs,iot
Falcon-512,keygen,3542178,3.542178,4.86,0.0,256,897,0,481,liboqs,iot
Falcon-512,keygen,3208009,3.208009,4.86,0.0,256,897,0,482,liboqs,iot
Falcon-512,keygen,3658911,3.658911,4.86,0.0,256,897,0,483,liboqs,iot
Falcon-512,keygen,4470040,4.47004,4.86,0.0,256,897,0,484,liboqs,iot
Falcon-512,keygen,4750660,4.75066,4.86,0.0,256,897,0,485,liboqs,iot
Falcon-512,keygen,3489474,3.489474,4.86,0.0,256,897,0,486,liboqs,iot
Falcon-512,keygen,4619659,4.619659,4.86,0.0,256,897,0,487,liboqs,iot
Falcon-512,keygen,5170443,5.170443,4.86,0.0,256,897,0,488,liboqs,iot
Falcon-512,keygen,4227039,4.227039,4.86,0.0,256,897,0,489,liboqs,iot
Falcon-512,keygen,3955632,3.955632,4.86,0.0,256,897,0,490,liboqs,iot
Falcon-512,keygen,4743759,4.743759,4.86,0.0,256,897,0,491,liboqs,iot
Falcon-512,keygen,3635842,3.635842,4.86,0.0,256,897,0,492,liboqs,iot
Falcon-512,keygen,4386928,4.386928,4.86,0.0,256,897,0,493,liboqs,iot
Falcon-512,keygen,4582042,4.582042,4.86,0.0,256,897,0,494,liboqs,iot
Falcon-512,keygen,3374328,3.374328,4.86,0.0,256,897,0,495,liboqs,iot
Falcon-512,keygen,3853501,3.853501,4.86,0.0,256,897,0,496,liboqs,iot
Falcon-512,keygen,3017516,3.017516,4.86,0.0,256,897,0,497,liboqs,iot
Falcon-512,keygen,3209257,3.209257,4.86,0.0,256,897,0,498,liboqs,iot
Falcon-512,keygen,4287150,4.28715,4.86,0.0,256,897,0,499,liboqs,iot
Falcon-512,keygen,3045399,3.045399,4.86,0.0,256,897,0,500,liboqs,iot
Falcon-512,keygen,3043530,3.04353,4.86,0.0,256,897,0,501,liboqs,iot
Falcon-512,keygen,3753020,3.75302,4.86,0.0,256,897,0,502,liboqs,iot
Falcon-512,keygen,5835543,5.835543,4.86,0.0,256,897,0,503,liboqs,iot
Falcon-512,keygen,3178576,3.178576,4.86,0.0,256,897,0,504,liboqs,iot
Falcon-512,keygen,4070132,4.070132,4.86,0.0,256,897,0,505,liboqs,iot
Falcon-512,keygen,3582662,3.582662,4.86,0.0,256,897,0,506,liboqs,iot
Falcon-512,keygen,3384666,3.384666,4.86,0.0,256,897,0,507,liboqs,iot
Falcon-512,keygen,4494627,4.494627,4.86,0.0,256,897,0,508,liboqs,iot
Falcon-512,keygen,3367336,3.367336,4.86,0.0,256,897,0,509,liboqs,iot
Falcon-512,keygen,3614488,3.614488,4.86,0.0,256,897,0,510,liboqs,iot
Falcon-512,keygen,3845265,3.845265,4.86,0.0,256,897,0,511,liboqs,iot
Falcon-512,keygen,3831432,3.831432,4.86,0.0,256,897,0,512,liboqs,iot
Falcon-512,keygen,3778594,3.778594,4.86,0.0,256,897,0,513,liboqs,iot
Falcon-512,keygen,3168684,3.168684,4.86,0.0,256,897,0,514,liboqs,iot
Falcon-512,keygen,3565094,3.565094,4.86,0.0,256,897,0,515,liboqs,iot
Falcon-512,keygen,3236220,3.23622,4.86,0.0,256,897,0,516,liboqs,iot
Falcon-512,keygen,4993173,4.993173,4.86,0.0,256,897,0,517,liboqs,iot
Falcon-512,keygen,4780437,4.780437,4.86,0.0,256,897,0,518,liboqs,iot
Falcon-512,keygen,3911667,3.911667,4.86,0.0,256,897,0,519,liboqs,iot
Falcon-512,keygen,3893107,3.893107,4.86,0.0,256,897,0,520,liboqs,iot
Falcon-512,keygen,3275064,3.275064,4.86,0.0,256,897,0,521,liboqs,iot
Falcon-512,keygen,3869949,3.869949,4.86,0.0,256,897,0,522,liboqs,iot
Falcon-512,keygen,3675459,3.675459,4.86,0.0,256,897,0,523,liboqs,iot
Falcon-512,keygen,3277044,3.277044,4.86,0.0,256,897,0,524,liboqs,iot
Falcon-512,keygen,4047572,4.047572,4.86,0.0,256,897,0,525,liboqs,iot
Falcon-512,keygen,3729848,3.729848,4.86,0.0,256,897,0,526,liboqs,iot
Falcon-512,keygen,5979963,5.979963,4.86,0.0,256,897,0,527,liboqs,iot
Falcon-512,keygen,3409656,3.409656,4.86,0.0,256,897,0,528,liboqs,iot
Falcon-512,keygen,4589931,4.589931,4.86,0.0,256,897,0,529,liboqs,iot
Falcon-512,keygen,4042277,4.042277,4.86,0.0,256,897,0,530,liboqs,iot
Falcon-512,keygen,3679432,3.679432,4.86,0.0,256,897,0,531,liboqs,iot
Falcon-512,keygen,3943860,3.94386,4.86,0.0,256,897,0,532,liboqs,iot
Falcon-512,keygen,3104539,3.104539,4.86,0.0,256,897,0,533,liboqs,iot
Falcon-512,keygen,4840149,4.840149,4.86,0.0,256,897,0,534,liboqs,iot
Falcon-512,keygen,3445425,3.445425,4.86,0.0,256,897,0,535,liboqs,iot
Falcon-512,keygen,4293568,4.293568,4.86,0.0,256,897,0,536,liboqs,iot
Falcon-512,keygen,3054314,3.054314,4.86,0.0,256,897,0,537,liboqs,iot
Falcon-512,keygen,4761581,4.761581,4.86,0.0,256,897,0,538,liboqs,iot
Falcon-512,keygen,5630064,5.630064,4.86,0.0,256,897,0,539,liboqs,iot
Falcon-512,keygen,4295281,4.295281,4.86,0.0,256,897,0,540,liboqs,iot
Falcon-512,keygen,3288216,3.288216,4.86,0.0,256,897,0,541,liboqs,iot
Falcon-512,keygen,3078981,3.078981,4.86,0.0,256,897,0,542,liboqs,iot
Falcon-512,keygen,3196288,3.196288,4.86,0.0,256,897,0,543,liboqs,iot
Falcon-512,keygen,3191093,3.191093,4.86,0.0,256,897,0,544,liboqs,iot
Falcon-512,keygen,4913481,4.913481,4.86,0.0,256,897,0,545,liboqs,iot
Falcon-512,keygen,3353074,3.353074,4.86,0.0,256,897,0,546,liboqs,iot
Falcon-512,keygen,3597325,3.597325,4.86,0.0,256,897,0,547,liboqs,iot
Falcon-512,keygen,7949608,7.949608,4.86,0.0,256,897,0,548,liboqs,iot
Falcon-512,keygen,3243462,3.243462,4.86,0.0,256,897,0,549,liboqs,iot
Falcon-512,keygen,6127996,6.127996,4.86,0.0,256,897,0,550,liboqs,iot
Falcon-512,keygen,3081558,3.081558,4.86,0.0,256,897,0,551,liboqs,iot
Falcon-512,keygen,3835205,3.835205,4.86,0.0,256,897,0,552,liboqs,iot
Falcon-512,keygen,4109453,4.109453,4.86,0.0,256,897,0,553,liboqs,iot
Falcon-512,keygen,5560047,5.560047,4.86,0.0,256,897,0,554,liboqs,iot
Falcon-512,keygen,3408415,3.408415,4.86,0.0,256,897,0,555,liboqs,iot
Falcon-512,keygen,3104598,3.104598,4.86,0.0,256,897,0,556,liboqs,iot
Falcon-512,keygen,3754511,3.754511,4.86,0.0,256,897,0,557,liboqs,iot
Falcon-512,keygen,3638636,3.638636,4.86,0.0,256,897,0,558,liboqs,iot
Falcon-512,keygen,3772331,3.772331,4.86,0.0,256,897,0,559,liboqs,iot
Falcon-512,keygen,3497782,3.497782,4.86,0.0,256,897,0,560,liboqs,iot
Falcon-512,keygen,3358577,3.358577,4.86,0.0,256,897,0,561,liboqs,iot
Falcon-512,keygen,6109572,6.109572,4.86,0.0,256,897,0,562,liboqs,iot
Falcon-512,keygen,4374464,4.374464,4.86,0.0,256,897,0,563,liboqs,iot
Falcon-512,keygen,5524208,5.524208,4.86,0.0,256,897,0,564,liboqs,iot
Falcon-512,keygen,3474425,3.474425,4.86,0.0,256,897,0,565,liboqs,iot
Falcon-512,keygen,3178392,3.178392,4.86,0.0,256,897,0,566,liboqs,iot
Falcon-512,keygen,3453502,3.453502,4.86,0.0,256,897,0,567,liboqs,iot
Falcon-512,keygen,3205817,3.205817,4.86,0.0,256,897,0,568,liboqs,iot
Falcon-512,keygen,3404694,3.404694,4.86,0.0,256,897,0,569,liboqs,iot
Falcon-512,keygen,3365919,3.365919,4.86,0.0,256,897,0,570,liboqs,iot
Falcon-512,keygen,3534250,3.53425,4.86,0.0,256,897,0,571,liboqs,iot
Falcon-512,keygen,3832837,3.832837,4.86,0.0,256,897,0,572,liboqs,iot
Falcon-512,keygen,3206509,3.206509,4.86,0.0,256,897,0,573,liboqs,iot
Falcon-512,keygen,4596523,4.596523,4.86,0.0,256,897,0,574,liboqs,iot
Falcon-512,keygen,3507987,3.507987,4.86,0.0,256,897,0,575,liboqs,iot
Falcon-512,keygen,3441471,3.441471,4.86,0.0,256,897,0,576,liboqs,iot
Falcon-512,keygen,3502312,3.502312,4.86,0.0,256,897,0,577,liboqs,iot
Falcon-512,keygen,4678677,4.678677,4.86,0.0,256,897,0,578,liboqs,iot
Falcon-512,keygen,4326595,4.326595,4.86,0.0,256,897,0,579,liboqs,iot
Falcon-512,keygen,3098328,3.098328,4.86,0.0,256,897,0,580,liboqs,iot
Falcon-512,keygen,3112023,3.112023,4.86,0.0,256,897,0,581,liboqs,iot
Falcon-512,keygen,3017120,3.01712,4.86,0.0,256,897,0,582,liboqs,iot
Falcon-512,keygen,3339125,3.339125,4.86,0.0,256,897,0,583,liboqs,iot
Falcon-512,keygen,3632447,3.632447,4.86,0.0,256,897,0,584,liboqs,iot
Falcon-512,keygen,3190831,3.190831,4.86,0.0,256,897,0,585,liboqs,iot
Falcon-512,keygen,3038510,3.03851,4.86,0.0,256,897,0,586,liboqs,iot
Falcon-512,keygen,3469611,3.469611,4.86,0.0,256,897,0,587,liboqs,iot
Falcon-512,keygen,4732789,4.732789,4.86,0.0,256,897,0,588,liboqs,iot
Falcon-512,keygen,6236849,6.236849,4.86,0.0,256,897,0,589,liboqs,iot
Falcon-512,keygen,3179228,3.179228,4.86,0.0,256,897,0,590,liboqs,iot
Falcon-512,keygen,4516817,4.516817,4.86,0.0,256,897,0,591,liboqs,iot
Falcon-512,keygen,3252981,3.252981,9.52,0.0,256,897,0,592,liboqs,iot
Falcon-512,keygen,5853769,5.853769,7.07,0.0,256,897,0,593,liboqs,iot
Falcon-512,keygen,3356916,3.356916,4.86,0.0,256,897,0,594,liboqs,iot
Falcon-512,keygen,3680322,3.680322,4.86,0.0,256,897,0,595,liboqs,iot
Falcon-512,keygen,3490922,3.490922,4.86,0.0,256,897,0,596,liboqs,iot
Falcon-512,keygen,3440826,3.440826,4.86,0.0,256,897,0,597,liboqs,iot
Falcon-512,keygen,3010430,3.01043,4.86,0.0,256,897,0,598,liboqs,iot
Falcon-512,keygen,3781282,3.781282,4.86,0.0,256,897,0,599,liboqs,iot
Falcon-512,keygen,4254948,4.254948,4.86,0.0,256,897,0,600,liboqs,iot
Falcon-512,keygen,3225534,3.225534,4.86,0.0,256,897,0,601,liboqs,iot
Falcon-512,keygen,3213657,3.213657,4.86,0.0,256,897,0,602,liboqs,iot
Falcon-512,keygen,4372207,4.372207,4.86,0.0,256,897,0,603,liboqs,iot
Falcon-512,keygen,3722430,3.72243,4.86,0.0,256,897,0,604,liboqs,iot
Falcon-512,keygen,3958417,3.958417,4.86,0.0,256,897,0,605,liboqs,iot
Falcon-512,keygen,3434615,3.434615,4.86,0.0,256,897,0,606,liboqs,iot
Falcon-512,keygen,5040206,5.040206,4.86,0.0,256,897,0,607,liboqs,iot
Falcon-512,keygen,3408795,3.408795,4.86,0.0,256,897,0,608,liboqs,iot
Falcon-512,keygen,4497771,4.497771,4.86,0.0,256,897,0,609,liboqs,iot
Falcon-512,keygen,3042653,3.042653,4.86,0.0,256,897,0,610,liboqs,iot
Falcon-512,keygen,6259041,6.259041,4.86,0.0,256,897,0,611,liboqs,iot
Falcon-512,keygen,4376481,4.376481,4.86,0.0,256,897,0,612,liboqs,iot
Falcon-512,keygen,3458853,3.458853,4.86,0.0,256,897,0,613,liboqs,iot
Falcon-512,keygen,3407148,3.407148,4.86,0.0,256,897,0,614,liboqs,iot
Falcon-512,keygen,3056614,3.056614,4.86,0.0,256,897,0,615,liboqs,iot
Falcon-512,keygen,3357447,3.357447,4.86,0.0,256,897,0,616,liboqs,iot
Falcon-512,keygen,3456937,3.456937,4.86,0.0,256,897,0,617,liboqs,iot
Falcon-512,keygen,3497841,3.497841,4.86,0.0,256,897,0,618,liboqs,iot
Falcon-512,keygen,5572029,5.572029,4.86,0.0,256,897,0,619,liboqs,iot
Falcon-512,keygen,3663067,3.663067,4.86,0.0,256,897,0,620,liboqs,iot
Falcon-512,keygen,3532639,3.532639,4.86,0.0,256,897,0,621,liboqs,iot
Falcon-512,keygen,3351588,3.351588,4.86,0.0,256,897,0,622,liboqs,iot
Falcon-512,keygen,3205199,3.205199,4.86,0.0,256,897,0,623,liboqs,iot
Falcon-512,keygen,4107677,4.107677,4.86,0.0,256,897,0,624,liboqs,iot
Falcon-512,keygen,3278656,3.278656,4.86,0.0,256,897,0,625,liboqs,iot
Falcon-512,keygen,4932006,4.932006,4.86,0.0,256,897,0,626,liboqs,iot
Falcon-512,keygen,3258532,3.258532,4.86,0.0,256,897,0,627,liboqs,iot
Falcon-512,keygen,3183657,3.183657,4.86,0.0,256,897,0,628,liboqs,iot
Falcon-512,keygen,3564630,3.56463,4.86,0.0,256,897,0,629,liboqs,iot
Falcon-512,keygen,4922561,4.922561,4.86,0.0,256,897,0,630,liboqs,iot
Falcon-512,keygen,3730052,3.730052,4.86,0.0,256,897,0,631,liboqs,iot
Falcon-512,keygen,4437213,4.437213,4.86,0.0,256,897,0,632,liboqs,iot
Falcon-512,keygen,3416584,3.416584,4.86,0.0,256,897,0,633,liboqs,iot
Falcon-512,keygen,3765030,3.76503,4.86,0.0,256,897,0,634,liboqs,iot
Falcon-512,keygen,3107703,3.107703,4.86,0.0,256,897,0,635,liboqs,iot
Falcon-512,keygen,4398204,4.398204,4.86,0.0,256,897,0,636,liboqs,iot
Falcon-512,keygen,4012373,4.012373,4.86,0.0,256,897,0,637,liboqs,iot
Falcon-512,keygen,3821571,3.821571,4.86,0.0,256,897,0,638,liboqs,iot
Falcon-512,keygen,3970406,3.970406,4.86,0.0,256,897,0,639,liboqs,iot
Falcon-512,keygen,3236834,3.236834,4.86,0.0,256,897,0,640,liboqs,iot
Falcon-512,keygen,3326917,3.326917,4.86,0.0,256,897,0,641,liboqs,iot
Falcon-512,keygen,3773387,3.773387,4.86,0.0,256,897,0,642,liboqs,iot
Falcon-512,keygen,3181999,3.181999,4.86,0.0,256,897,0,643,liboqs,iot
Falcon-512,keygen,5617741,5.617741,4.86,0.0,256,897,0,644,liboqs,iot
Falcon-512,keygen,5035651,5.035651,4.86,0.0,256,897,0,645,liboqs,iot
Falcon-512,keygen,3703264,3.703264,4.86,0.0,256,897,0,646,liboqs,iot
Falcon-512,keygen,3023170,3.02317,4.86,0.0,256,897,0,647,liboqs,iot
Falcon-512,keygen,3294694,3.294694,4.86,0.0,256,897,0,648,liboqs,iot
Falcon-512,keygen,4579845,4.579845,4.86,0.0,256,897,0,649,liboqs,iot
Falcon-512,keygen,3365167,3.365167,4.86,0.0,256,897,0,650,liboqs,iot
Falcon-512,keygen,3670570,3.67057,4.86,0.0,256,897,0,651,liboqs,iot
Falcon-512,keygen,3559534,3.559534,4.86,0.0,256,897,0,652,liboqs,iot
Falcon-512,keygen,3409534,3.409534,4.86,0.0,256,897,0,653,liboqs,iot
Falcon-512,keygen,4008521,4.008521,4.86,0.0,256,897,0,654,liboqs,iot
Falcon-512,keygen,3637795,3.637795,4.86,0.0,256,897,0,655,liboqs,iot
Falcon-512,keygen,5349004,5.349004,4.86,0.0,256,897,0,656,liboqs,iot
Falcon-512,keygen,7344669,7.344669,4.86,0.0,256,897,0,657,liboqs,iot
Falcon-512,keygen,3612222,3.612222,4.86,0.0,256,897,0,658,liboqs,iot
Falcon-512,keygen,3203501,3.203501,4.86,0.0,256,897,0,659,liboqs,iot
Falcon-512,keygen,3703054,3.703054,4.86,0.0,256,897,0,660,liboqs,iot
Falcon-512,keygen,3127659,3.127659,4.86,0.0,256,897,0,661,liboqs,iot
Falcon-512,keygen,3950291,3.950291,4.86,0.0,256,897,0,662,liboqs,iot
Falcon-512,keygen,4064255,4.064255,4.86,0.0,256,897,0,663,liboqs,iot
Falcon-512,keygen,3456015,3.456015,4.86,0.0,256,897,0,664,liboqs,iot
Falcon-512,keygen,4343464,4.343464,4.86,0.0,256,897,0,665,liboqs,iot
Falcon-512,keygen,4009590,4.00959,4.86,0.0,256,897,0,666,liboqs,iot
Falcon-512,keygen,3389330,3.38933,4.86,0.0,256,897,0,667,liboqs,iot
Falcon-512,keygen,4686639,4.686639,4.86,0.0,256,897,0,668,liboqs,iot
Falcon-512,keygen,3332033,3.332033,4.86,0.0,256,897,0,669,liboqs,iot
Falcon-512,keygen,5880802,5.880802,4.86,0.0,256,897,0,670,liboqs,iot
Falcon-512,keygen,5293623,5.293623,4.86,0.0,256,897,0,671,liboqs,iot
Falcon-512,keygen,3809288,3.809288,4.86,0.0,256,897,0,672,liboqs,iot
Falcon-512,keygen,4500828,4.500828,4.86,0.0,256,897,0,673,liboqs,iot
Falcon-512,keygen,3513855,3.513855,4.86,0.0,256,897,0,674,liboqs,iot
Falcon-512,keygen,3749878,3.749878,4.86,0.0,256,897,0,675,liboqs,iot
Falcon-512,keygen,4035862,4.035862,4.86,0.0,256,897,0,676,liboqs,iot
Falcon-512,keygen,5638335,5.638335,4.86,0.0,256,897,0,677,liboqs,iot
Falcon-512,keygen,5012354,5.012354,4.86,0.0,256,897,0,678,liboqs,iot
Falcon-512,keygen,4735981,4.735981,4.86,0.0,256,897,0,679,liboqs,iot
Falcon-512,keygen,3649257,3.649257,4.86,0.0,256,897,0,680,liboqs,iot
Falcon-512,keygen,3093956,3.093956,4.86,0.0,256,897,0,681,liboqs,iot
Falcon-512,keygen,3328359,3.328359,4.86,0.0,256,897,0,682,liboqs,iot
Falcon-512,keygen,3937764,3.937764,4.86,0.0,256,897,0,683,liboqs,iot
Falcon-512,keygen,4227925,4.227925,4.86,0.0,256,897,0,684,liboqs,iot
Falcon-512,keygen,4800558,4.800558,4.86,0.0,256,897,0,685,liboqs,iot
Falcon-512,keygen,4104314,4.104314,4.86,0.0,256,897,0,686,liboqs,iot
Falcon-512,keygen,3479460,3.47946,4.86,0.0,256,897,0,687,liboqs,iot
Falcon-512,keygen,3167953,3.167953,4.86,0.0,256,897,0,688,liboqs,iot
Falcon-512,keygen,4106410,4.10641,4.86,0.0,256,897,0,689,liboqs,iot
Falcon-512,keygen,2999305,2.999305,4.86,0.0,256,897,0,690,liboqs,iot
Falcon-512,keygen,3368920,3.36892,4.86,0.0,256,897,0,691,liboqs,iot
Falcon-512,keygen,4623956,4.623956,4.86,0.0,256,897,0,692,liboqs,iot
Falcon-512,keygen,3916646,3.916646,4.86,0.0,256,897,0,693,liboqs,iot
Falcon-512,keygen,3738086,3.738086,4.86,0.0,256,897,0,694,liboqs,iot
Falcon-512,keygen,4210429,4.210429,4.86,0.0,256,897,0,695,liboqs,iot
Falcon-512,keygen,3188785,3.188785,4.86,0.0,256,897,0,696,liboqs,iot
Falcon-512,keygen,3090192,3.090192,4.86,0.0,256,897,0,697,liboqs,iot
Falcon-512,keygen,4080235,4.080235,4.86,0.0,256,897,0,698,liboqs,iot
Falcon-512,keygen,4158722,4.158722,4.86,0.0,256,897,0,699,liboqs,iot
Falcon-512,keygen,4999868,4.999868,4.86,0.0,256,897,0,700,liboqs,iot
Falcon-512,keygen,8279751,8.279751,4.86,0.0,256,897,0,701,liboqs,iot
Falcon-512,keygen,3851974,3.851974,4.86,0.0,256,897,0,702,liboqs,iot
Falcon-512,keygen,4942125,4.942125,4.86,0.0,256,897,0,703,liboqs,iot
Falcon-512,keygen,3118973,3.118973,4.86,0.0,256,897,0,704,liboqs,iot
Falcon-512,keygen,4262212,4.262212,4.86,0.0,256,897,0,705,liboqs,iot
Falcon-512,keygen,4690380,4.69038,4.86,0.0,256,897,0,706,liboqs,iot
Falcon-512,keygen,3439993,3.439993,4.86,0.0,256,897,0,707,liboqs,iot
Falcon-512,keygen,3968478,3.968478,4.86,0.0,256,897,0,708,liboqs,iot
Falcon-512,keygen,3457558,3.457558,4.86,0.0,256,897,0,709,liboqs,iot
Falcon-512,keygen,3215875,3.215875,4.86,0.0,256,897,0,710,liboqs,iot
Falcon-512,keygen,4147465,4.147465,4.86,0.0,256,897,0,711,liboqs,iot
Falcon-512,keygen,5020572,5.020572,4.86,0.0,256,897,0,712,liboqs,iot
Falcon-512,keygen,3835222,3.835222,4.86,0.0,256,897,0,713,liboqs,iot
Falcon-512,keygen,3957163,3.957163,4.86,0.0,256,897,0,714,liboqs,iot
Falcon-512,keygen,3042156,3.042156,4.86,0.0,256,897,0,715,liboqs,iot
Falcon-512,keygen,3235532,3.235532,4.86,0.0,256,897,0,716,liboqs,iot
Falcon-512,keygen,3318194,3.318194,4.86,0.0,256,897,0,717,liboqs,iot
Falcon-512,keygen,4271877,4.271877,4.86,0.0,256,897,0,718,liboqs,iot
Falcon-512,keygen,4139783,4.139783,4.86,0.0,256,897,0,719,liboqs,iot
Falcon-512,keygen,4468647,4.468647,4.86,0.0,256,897,0,720,liboqs,iot
Falcon-512,keygen,3845157,3.845157,4.86,0.0,256,897,0,721,liboqs,iot
Falcon-512,keygen,3646088,3.646088,4.86,0.0,256,897,0,722,liboqs,iot
Falcon-512,keygen,4695664,4.695664,4.86,0.0,256,897,0,723,liboqs,iot
Falcon-512,keygen,3762299,3.762299,4.86,0.0,256,897,0,724,liboqs,iot
Falcon-512,keygen,5154157,5.154157,4.86,0.0,256,897,0,725,liboqs,iot
Falcon-512,keygen,3365884,3.365884,4.86,0.0,256,897,0,726,liboqs,iot
Falcon-512,keygen,3034948,3.034948,4.86,0.0,256,897,0,727,liboqs,iot
Falcon-512,keygen,7618716,7.618716,4.86,0.0,256,897,0,728,liboqs,iot
Falcon-512,keygen,3595210,3.59521,4.86,0.0,256,897,0,729,liboqs,iot
Falcon-512,keygen,3887001,3.887001,4.86,0.0,256,897,0,730,liboqs,iot
Falcon-512,keygen,4101100,4.1011,4.86,0.0,256,897,0,731,liboqs,iot
Falcon-512,keygen,4574242,4.574242,4.86,0.0,256,897,0,732,liboqs,iot
Falcon-512,keygen,3639523,3.639523,4.86,0.0,256,897,0,733,liboqs,iot
Falcon-512,keygen,3343704,3.343704,4.86,0.0,256,897,0,734,liboqs,iot
Falcon-512,keygen,3095328,3.095328,4.86,0.0,256,897,0,735,liboqs,iot
Falcon-512,keygen,3407099,3.407099,4.86,0.0,256,897,0,736,liboqs,iot
Falcon-512,keygen,4732803,4.732803,4.86,0.0,256,897,0,737,liboqs,iot
Falcon-512,keygen,4378746,4.378746,4.86,0.0,256,897,0,738,liboqs,iot
Falcon-512,keygen,3753292,3.753292,4.86,0.0,256,897,0,739,liboqs,iot
Falcon-512,keygen,3468914,3.468914,4.86,0.0,256,897,0,740,liboqs,iot
Falcon-512,keygen,5171465,5.171465,4.86,0.0,256,897,0,741,liboqs,iot
Falcon-512,keygen,4087568,4.087568,4.86,0.0,256,897,0,742,liboqs,iot
Falcon-512,keygen,4096452,4.096452,4.86,0.0,256,897,0,743,liboqs,iot
Falcon-512,keygen,3620859,3.620859,4.86,0.0,256,897,0,744,liboqs,iot
Falcon-512,keygen,4460933,4.460933,4.86,0.0,256,897,0,745,liboqs,iot
Falcon-512,keygen,3064991,3.064991,4.86,0.0,256,897,0,746,liboqs,iot
Falcon-512,keygen,6450516,6.450516,4.86,0.0,256,897,0,747,liboqs,iot
Falcon-512,keygen,4092179,4.092179,4.86,0.0,256,897,0,748,liboqs,iot
Falcon-512,keygen,3975238,3.975238,4.86,0.0,256,897,0,749,liboqs,iot
Falcon-512,keygen,3600247,3.600247,4.86,0.0,256,897,0,750,liboqs,iot
Falcon-512,keygen,3660740,3.66074,4.86,0.0,256,897,0,751,liboqs,iot
Falcon-512,keygen,4171961,4.171961,4.86,0.0,256,897,0,752,liboqs,iot
Falcon-512,keygen,4200285,4.200285,4.86,0.0,256,897,0,753,liboqs,iot
Falcon-512,keygen,4600665,4.600665,4.86,0.0,256,897,0,754,liboqs,iot
Falcon-512,keygen,3247999,3.247999,4.86,0.0,256,897,0,755,liboqs,iot
Falcon-512,keygen,3548211,3.548211,4.86,0.0,256,897,0,756,liboqs,iot
Falcon-512,keygen,3809451,3.809451,4.86,0.0,256,897,0,757,liboqs,iot
Falcon-512,keygen,3929654,3.929654,4.86,0.0,256,897,0,758,liboqs,iot
Falcon-512,keygen,3921483,3.921483,4.86,0.0,256,897,0,759,liboqs,iot
Falcon-512,keygen,3282414,3.282414,4.86,0.0,256,897,0,760,liboqs,iot
Falcon-512,keygen,3407175,3.407175,4.86,0.0,256,897,0,761,liboqs,iot
Falcon-512,keygen,4413629,4.413629,4.86,0.0,256,897,0,762,liboqs,iot
Falcon-512,keygen,3664991,3.664991,4.86,0.0,256,897,0,763,liboqs,iot
Falcon-512,keygen,3373740,3.37374,4.86,0.0,256,897,0,764,liboqs,iot
Falcon-512,keygen,4882011,4.882011,4.86,0.0,256,897,0,765,liboqs,iot
Falcon-512,keygen,3388429,3.388429,4.86,0.0,256,897,0,766,liboqs,iot
Falcon-512,keygen,5876925,5.876925,4.86,0.0,256,897,0,767,liboqs,iot
Falcon-512,keygen,4257908,4.257908,4.86,0.0,256,897,0,768,liboqs,iot
Falcon-512,keygen,4368362,4.368362,4.86,0.0,256,897,0,769,liboqs,iot
Falcon-512,keygen,6002693,6.002693,4.86,0.0,256,897,0,770,liboqs,iot
Falcon-512,keygen,3108128,3.108128,4.86,0.0,256,897,0,771,liboqs,iot
Falcon-512,keygen,3364543,3.364543,4.86,0.0,256,897,0,772,liboqs,iot
Falcon-512,keygen,4443469,4.443469,4.86,0.0,256,897,0,773,liboqs,iot
Falcon-512,keygen,7368167,7.368167,4.86,0.0,256,897,0,774,liboqs,iot
Falcon-512,keygen,3638739,3.638739,4.86,0.0,256,897,0,775,liboqs,iot
Falcon-512,keygen,3189147,3.189147,4.86,0.0,256,897,0,776,liboqs,iot
Falcon-512,keygen,3802194,3.802194,4.86,0.0,256,897,0,777,liboqs,iot
Falcon-512,keygen,4095741,4.095741,4.86,0.0,256,897,0,778,liboqs,iot
Falcon-512,keygen,4408455,4.408455,4.86,0.0,256,897,0,779,liboqs,iot
Falcon-512,keygen,3101659,3.101659,4.86,0.0,256,897,0,780,liboqs,iot
Falcon-512,keygen,3132728,3.132728,4.86,0.0,256,897,0,781,liboqs,iot
Falcon-512,keygen,3148598,3.148598,4.86,0.0,256,897,0,782,liboqs,iot
Falcon-512,keygen,3664985,3.664985,4.86,0.0,256,897,0,783,liboqs,iot
Falcon-512,keygen,4082904,4.082904,4.86,0.0,256,897,0,784,liboqs,iot
Falcon-512,keygen,6992238,6.992238,4.86,0.0,256,897,0,785,liboqs,iot
Falcon-512,keygen,3417139,3.417139,4.86,0.0,256,897,0,786,liboqs,iot
Falcon-512,keygen,3272024,3.272024,4.86,0.0,256,897,0,787,liboqs,iot
Falcon-512,keygen,3196816,3.196816,4.86,0.0,256,897,0,788,liboqs,iot
Falcon-512,keygen,3728091,3.728091,4.86,0.0,256,897,0,789,liboqs,iot
Falcon-512,keygen,3116172,3.116172,4.86,0.0,256,897,0,790,liboqs,iot
Falcon-512,keygen,3418542,3.418542,4.86,0.0,256,897,0,791,liboqs,iot
Falcon-512,keygen,3257898,3.257898,4.86,0.0,256,897,0,792,liboqs,iot
Falcon-512,keygen,7009319,7.009319,4.86,0.0,256,897,0,793,liboqs,iot
Falcon-512,keygen,4323202,4.323202,4.86,0.0,256,897,0,794,liboqs,iot
Falcon-512,keygen,3179241,3.179241,4.86,0.0,256,897,0,795,liboqs,iot
Falcon-512,keygen,3126560,3.12656,4.86,0.0,256,897,0,796,liboqs,iot
Falcon-512,keygen,5686172,5.686172,4.86,0.0,256,897,0,797,liboqs,iot
Falcon-512,keygen,3202743,3.202743,4.86,0.0,256,897,0,798,liboqs,iot
Falcon-512,keygen,4530728,4.530728,4.86,0.0,256,897,0,799,liboqs,iot
Falcon-512,keygen,5714686,5.714686,4.86,0.0,256,897,0,800,liboqs,iot
Falcon-512,keygen,3069817,3.069817,4.86,0.0,256,897,0,801,liboqs,iot
Falcon-512,keygen,3820103,3.820103,4.86,0.0,256,897,0,802,liboqs,iot
Falcon-512,keygen,3344551,3.344551,4.86,0.0,256,897,0,803,liboqs,iot
Falcon-512,keygen,3542951,3.542951,4.86,0.0,256,897,0,804,liboqs,iot
Falcon-512,keygen,3095998,3.095998,4.86,0.0,256,897,0,805,liboqs,iot
Falcon-512,keygen,3909681,3.909681,4.86,0.0,256,897,0,806,liboqs,iot
Falcon-512,keygen,3494118,3.494118,4.86,0.0,256,897,0,807,liboqs,iot
Falcon-512,keygen,3648821,3.648821,4.86,0.0,256,897,0,808,liboqs,iot
Falcon-512,keygen,3668748,3.668748,4.86,0.0,256,897,0,809,liboqs,iot
Falcon-512,keygen,3411734,3.411734,4.86,0.0,256,897,0,810,liboqs,iot
Falcon-512,keygen,3532236,3.532236,4.86,0.0,256,897,0,811,liboqs,iot
Falcon-512,keygen,3151324,3.151324,4.86,0.0,256,897,0,812,liboqs,iot
Falcon-512,keygen,3456561,3.456561,4.86,0.0,256,897,0,813,liboqs,iot
Falcon-512,keygen,3572960,3.57296,4.86,0.0,256,897,0,814,liboqs,iot
Falcon-512,keygen,3695722,3.695722,4.86,0.0,256,897,0,815,liboqs,iot
Falcon-512,keygen,3055739,3.055739,4.86,0.0,256,897,0,816,liboqs,iot
Falcon-512,keygen,4432746,4.432746,4.86,0.0,256,897,0,817,liboqs,iot
Falcon-512,keygen,3220514,3.220514,4.86,0.0,256,897,0,818,liboqs,iot
Falcon-512,keygen,3016812,3.016812,4.86,0.0,256,897,0,819,liboqs,iot
Falcon-512,keygen,3909167,3.909167,4.86,0.0,256,897,0,820,liboqs,iot
Falcon-512,keygen,3936101,3.936101,4.86,0.0,256,897,0,821,liboqs,iot
Falcon-512,keygen,4176310,4.17631,4.86,0.0,256,897,0,822,liboqs,iot
Falcon-512,keygen,5562762,5.562762,4.86,0.0,256,897,0,823,liboqs,iot
Falcon-512,keygen,3743364,3.743364,4.86,0.0,256,897,0,824,liboqs,iot
Falcon-512,keygen,4748987,4.748987,4.86,0.0,256,897,0,825,liboqs,iot
Falcon-512,keygen,4662387,4.662387,4.86,0.0,256,897,0,826,liboqs,iot
Falcon-512,keygen,3473098,3.473098,4.86,0.0,256,897,0,827,liboqs,iot
Falcon-512,keygen,3857335,3.857335,4.86,0.0,256,897,0,828,liboqs,iot
Falcon-512,keygen,4292257,4.292257,4.86,0.0,256,897,0,829,liboqs,iot
Falcon-512,keygen,7278808,7.278808,4.86,0.0,256,897,0,830,liboqs,iot
Falcon-512,keygen,5460899,5.460899,4.86,0.0,256,897,0,831,liboqs,iot
Falcon-512,keygen,3841212,3.841212,4.86,0.0,256,897,0,832,liboqs,iot
Falcon-512,keygen,4067518,4.067518,4.86,0.0,256,897,0,833,liboqs,iot
Falcon-512,keygen,3993687,3.993687,4.86,0.0,256,897,0,834,liboqs,iot
Falcon-512,keygen,3419407,3.419407,4.86,0.0,256,897,0,835,liboqs,iot
Falcon-512,keygen,3307404,3.307404,4.86,0.0,256,897,0,836,liboqs,iot
Falcon-512,keygen,3375628,3.375628,4.86,0.0,256,897,0,837,liboqs,iot
Falcon-512,keygen,3093585,3.093585,4.86,0.0,256,897,0,838,liboqs,iot
Falcon-512,keygen,3381646,3.381646,4.86,0.0,256,897,0,839,liboqs,iot
Falcon-512,keygen,3160049,3.160049,4.86,0.0,256,897,0,840,liboqs,iot
Falcon-512,keygen,8304292,8.304292,4.86,0.0,256,897,0,841,liboqs,iot
Falcon-512,keygen,3018879,3.018879,4.86,0.0,256,897,0,842,liboqs,iot
Falcon-512,keygen,3275743,3.275743,4.86,0.0,256,897,0,843,liboqs,iot
Falcon-512,keygen,4147569,4.147569,4.86,0.0,256,897,0,844,liboqs,iot
Falcon-512,keygen,3775713,3.775713,4.86,0.0,256,897,0,845,liboqs,iot
Falcon-512,keygen,3249861,3.249861,4.86,0.0,256,897,0,846,liboqs,iot
Falcon-512,keygen,3382268,3.382268,4.86,0.0,256,897,0,847,liboqs,iot
Falcon-512,keygen,3554691,3.554691,4.86,0.0,256,897,0,848,liboqs,iot
Falcon-512,keygen,3843389,3.843389,4.86,0.0,256,897,0,849,liboqs,iot
Falcon-512,keygen,3758655,3.758655,4.86,0.0,256,897,0,850,liboqs,iot
Falcon-512,keygen,4038661,4.038661,4.86,0.0,256,897,0,851,liboqs,iot
Falcon-512,keygen,3080129,3.080129,4.86,0.0,256,897,0,852,liboqs,iot
Falcon-512,keygen,3607830,3.60783,4.86,0.0,256,897,0,853,liboqs,iot
Falcon-512,keygen,3198939,3.198939,4.86,0.0,256,897,0,854,liboqs,iot
Falcon-512,keygen,4705170,4.70517,4.86,0.0,256,897,0,855,liboqs,iot
Falcon-512,keygen,4243731,4.243731,4.86,0.0,256,897,0,856,liboqs,iot
Falcon-512,keygen,3597890,3.59789,4.86,0.0,256,897,0,857,liboqs,iot
Falcon-512,keygen,3743889,3.743889,4.86,0.0,256,897,0,858,liboqs,iot
Falcon-512,keygen,3104003,3.104003,4.86,0.0,256,897,0,859,liboqs,iot
Falcon-512,keygen,4764661,4.764661,4.86,0.0,256,897,0,860,liboqs,iot
Falcon-512,keygen,6105869,6.105869,4.86,0.0,256,897,0,861,liboqs,iot
Falcon-512,keygen,3837439,3.837439,4.86,0.0,256,897,0,862,liboqs,iot
Falcon-512,keygen,4203469,4.203469,4.86,0.0,256,897,0,863,liboqs,iot
Falcon-512,keygen,3412252,3.412252,4.86,0.0,256,897,0,864,liboqs,iot
Falcon-512,keygen,3897647,3.897647,4.86,0.0,256,897,0,865,liboqs,iot
Falcon-512,keygen,4619658,4.619658,4.86,0.0,256,897,0,866,liboqs,iot
Falcon-512,keygen,3394420,3.39442,4.86,0.0,256,897,0,867,liboqs,iot
Falcon-512,keygen,3133748,3.133748,4.86,0.0,256,897,0,868,liboqs,iot
Falcon-512,keygen,5129577,5.129577,4.86,0.0,256,897,0,869,liboqs,iot
Falcon-512,keygen,3119393,3.119393,4.86,0.0,256,897,0,870,liboqs,iot
Falcon-512,keygen,3001534,3.001534,4.86,0.0,256,897,0,871,liboqs,iot
Falcon-512,keygen,3688040,3.68804,4.86,0.0,256,897,0,872,liboqs,iot
Falcon-512,keygen,5365192,5.365192,4.86,0.0,256,897,0,873,liboqs,iot
Falcon-512,keygen,4103488,4.103488,4.86,0.0,256,897,0,874,liboqs,iot
Falcon-512,keygen,3809892,3.809892,4.86,0.0,256,897,0,875,liboqs,iot
Falcon-512,keygen,3424103,3.424103,4.86,0.0,256,897,0,876,liboqs,iot
Falcon-512,keygen,3463391,3.463391,4.86,0.0,256,897,0,877,liboqs,iot
Falcon-512,keygen,3642846,3.642846,4.86,0.0,256,897,0,878,liboqs,iot
Falcon-512,keygen,4018388,4.018388,4.86,0.0,256,897,0,879,liboqs,iot
Falcon-512,keygen,10089329,10.089329,4.86,0.0,256,897,0,880,liboqs,iot
Falcon-512,keygen,3599064,3.599064,4.86,0.0,256,897,0,881,liboqs,iot
Falcon-512,keygen,3678954,3.678954,4.86,0.0,256,897,0,882,liboqs,iot
Falcon-512,keygen,5332161,5.332161,4.86,0.0,256,897,0,883,liboqs,iot
Falcon-512,keygen,3571918,3.571918,4.86,0.0,256,897,0,884,liboqs,iot
Falcon-512,keygen,3357083,3.357083,4.86,0.0,256,897,0,885,liboqs,iot
Falcon-512,keygen,3640574,3.640574,4.86,0.0,256,897,0,886,liboqs,iot
Falcon-512,keygen,3278652,3.278652,4.86,0.0,256,897,0,887,liboqs,iot
Falcon-512,keygen,3025365,3.025365,4.86,0.0,256,897,0,888,liboqs,iot
Falcon-512,keygen,3181103,3.181103,4.86,0.0,256,897,0,889,liboqs,iot
Falcon-512,keygen,3160227,3.160227,4.86,0.0,256,897,0,890,liboqs,iot
Falcon-512,keygen,3269051,3.269051,4.86,0.0,256,897,0,891,liboqs,iot
Falcon-512,keygen,2990995,2.990995,4.86,0.0,256,897,0,892,liboqs,iot
Falcon-512,keygen,6370690,6.37069,4.86,0.0,256,897,0,893,liboqs,iot
Falcon-512,keygen,3331579,3.331579,4.86,0.0,256,897,0,894,liboqs,iot
Falcon-512,keygen,3185123,3.185123,4.86,0.0,256,897,0,895,liboqs,iot
Falcon-512,keygen,3690173,3.690173,4.86,0.0,256,897,0,896,liboqs,iot
Falcon-512,keygen,3304470,3.30447,4.86,0.0,256,897,0,897,liboqs,iot
Falcon-512,keygen,3276421,3.276421,4.86,0.0,256,897,0,898,liboqs,iot
Falcon-512,keygen,3012977,3.012977,4.86,0.0,256,897,0,899,liboqs,iot
Falcon-512,keygen,3441178,3.441178,4.86,0.0,256,897,0,900,liboqs,iot
Falcon-512,keygen,3169233,3.169233,4.86,0.0,256,897,0,901,liboqs,iot
Falcon-512,keygen,4726432,4.726432,4.86,0.0,256,897,0,902,liboqs,iot
Falcon-512,keygen,3021134,3.021134,4.86,0.0,256,897,0,903,liboqs,iot
Falcon-512,keygen,9836130,9.83613,4.86,0.0,256,897,0,904,liboqs,iot
Falcon-512,keygen,3861798,3.861798,4.86,0.0,256,897,0,905,liboqs,iot
Falcon-512,keygen,4502959,4.502959,4.86,0.0,256,897,0,906,liboqs,iot
Falcon-512,keygen,5402920,5.40292,4.86,0.0,256,897,0,907,liboqs,iot
Falcon-512,keygen,3476404,3.476404,4.86,0.0,256,897,0,908,liboqs,iot
Falcon-512,keygen,4119032,4.119032,4.86,0.0,256,897,0,909,liboqs,iot
Falcon-512,keygen,4161970,4.16197,4.86,0.0,256,897,0,910,liboqs,iot
Falcon-512,keygen,3595107,3.595107,4.86,0.0,256,897,0,911,liboqs,iot
Falcon-512,keygen,3218948,3.218948,4.86,0.0,256,897,0,912,liboqs,iot
Falcon-512,keygen,3393836,3.393836,4.86,0.0,256,897,0,913,liboqs,iot
Falcon-512,keygen,4074836,4.074836,4.86,0.0,256,897,0,914,liboqs,iot
Falcon-512,keygen,4087735,4.087735,4.86,0.0,256,897,0,915,liboqs,iot
Falcon-512,keygen,3402934,3.402934,4.86,0.0,256,897,0,916,liboqs,iot
Falcon-512,keygen,4199748,4.199748,4.86,0.0,256,897,0,917,liboqs,iot
Falcon-512,keygen,3915240,3.91524,4.86,0.0,256,897,0,918,liboqs,iot
Falcon-512,keygen,4801271,4.801271,4.86,0.0,256,897,0,919,liboqs,iot
Falcon-512,keygen,4062802,4.062802,4.86,0.0,256,897,0,920,liboqs,iot
Falcon-512,keygen,3063982,3.063982,4.86,0.0,256,897,0,921,liboqs,iot
Falcon-512,keygen,3944971,3.944971,4.86,0.0,256,897,0,922,liboqs,iot
Falcon-512,keygen,3278178,3.278178,4.86,0.0,256,897,0,923,liboqs,iot
Falcon-512,keygen,3922284,3.922284,4.86,0.0,256,897,0,924,liboqs,iot
Falcon-512,keygen,5603789,5.603789,4.86,0.0,256,897,0,925,liboqs,iot
Falcon-512,keygen,3271172,3.271172,4.86,0.0,256,897,0,926,liboqs,iot
Falcon-512,keygen,3202376,3.202376,4.86,0.0,256,897,0,927,liboqs,iot
Falcon-512,keygen,3078473,3.078473,4.86,0.0,256,897,0,928,liboqs,iot
Falcon-512,keygen,3385149,3.385149,4.86,0.0,256,897,0,929,liboqs,iot
Falcon-512,keygen,3572008,3.572008,9.52,0.0,256,897,0,930,liboqs,iot
Falcon-512,keygen,3298933,3.298933,7.65,0.0,256,897,0,931,liboqs,iot
Falcon-512,keygen,6330172,6.330172,4.86,0.0,256,897,0,932,liboqs,iot
Falcon-512,keygen,4820426,4.820426,4.86,0.0,256,897,0,933,liboqs,iot
Falcon-512,keygen,4341799,4.341799,4.86,0.0,256,897,0,934,liboqs,iot
Falcon-512,keygen,3700221,3.700221,4.86,0.0,256,897,0,935,liboqs,iot
Falcon-512,keygen,3385805,3.385805,4.86,0.0,256,897,0,936,liboqs,iot
Falcon-512,keygen,3945966,3.945966,4.86,0.0,256,897,0,937,liboqs,iot
Falcon-512,keygen,3123232,3.123232,4.86,0.0,256,897,0,938,liboqs,iot
Falcon-512,keygen,4120286,4.120286,4.86,0.0,256,897,0,939,liboqs,iot
Falcon-512,keygen,4440234,4.440234,4.86,0.0,256,897,0,940,liboqs,iot
Falcon-512,keygen,5831991,5.831991,4.86,0.0,256,897,0,941,liboqs,iot
Falcon-512,keygen,3191719,3.191719,4.86,0.0,256,897,0,942,liboqs,iot
Falcon-512,keygen,3076188,3.076188,4.86,0.0,256,897,0,943,liboqs,iot
Falcon-512,keygen,6633877,6.633877,4.86,0.0,256,897,0,944,liboqs,iot
Falcon-512,keygen,5361211,5.361211,4.86,0.0,256,897,0,945,liboqs,iot
Falcon-512,keygen,4819382,4.819382,4.86,0.0,256,897,0,946,liboqs,iot
Falcon-512,keygen,3209981,3.209981,4.86,0.0,256,897,0,947,liboqs,iot
Falcon-512,keygen,4175023,4.175023,4.86,0.0,256,897,0,948,liboqs,iot
Falcon-512,keygen,3729362,3.729362,4.86,0.0,256,897,0,949,liboqs,iot
Falcon-512,keygen,3281139,3.281139,4.86,0.0,256,897,0,950,liboqs,iot
Falcon-512,keygen,3772758,3.772758,4.86,0.0,256,897,0,951,liboqs,iot
Falcon-512,keygen,3317718,3.317718,4.86,0.0,256,897,0,952,liboqs,iot
Falcon-512,keygen,4875049,4.875049,4.86,0.0,256,897,0,953,liboqs,iot
Falcon-512,keygen,4234204,4.234204,4.86,0.0,256,897,0,954,liboqs,iot
Falcon-512,keygen,5018131,5.018131,4.86,0.0,256,897,0,955,liboqs,iot
Falcon-512,keygen,3500944,3.500944,4.86,0.0,256,897,0,956,liboqs,iot
Falcon-512,keygen,3213064,3.213064,4.86,0.0,256,897,0,957,liboqs,iot
Falcon-512,keygen,3368582,3.368582,4.86,0.0,256,897,0,958,liboqs,iot
Falcon-512,keygen,5434512,5.434512,4.86,0.0,256,897,0,959,liboqs,iot
Falcon-512,keygen,3794882,3.794882,4.86,0.0,256,897,0,960,liboqs,iot
Falcon-512,keygen,3502371,3.502371,4.86,0.0,256,897,0,961,liboqs,iot
Falcon-512,keygen,4052346,4.052346,4.86,0.0,256,897,0,962,liboqs,iot
Falcon-512,keygen,5756247,5.756247,4.86,0.0,256,897,0,963,liboqs,iot
Falcon-512,keygen,8316919,8.316919,4.86,0.0,256,897,0,964,liboqs,iot
Falcon-512,keygen,4546622,4.546622,4.86,0.0,256,897,0,965,liboqs,iot
Falcon-512,keygen,3951618,3.951618,4.86,0.0,256,897,0,966,liboqs,iot
Falcon-512,keygen,3228297,3.228297,4.86,0.0,256,897,0,967,liboqs,iot
Falcon-512,keygen,4733234,4.733234,4.86,0.0,256,897,0,968,liboqs,iot
Falcon-512,keygen,3628178,3.628178,4.86,0.0,256,897,0,969,liboqs,iot
Falcon-512,keygen,3003643,3.003643,4.86,0.0,256,897,0,970,liboqs,iot
Falcon-512,keygen,3585564,3.585564,4.86,0.0,256,897,0,971,liboqs,iot
Falcon-512,keygen,5849483,5.849483,4.86,0.0,256,897,0,972,liboqs,iot
Falcon-512,keygen,3111959,3.111959,4.86,0.0,256,897,0,973,liboqs,iot
Falcon-512,keygen,3225323,3.225323,4.86,0.0,256,897,0,974,liboqs,iot
Falcon-512,keygen,3054974,3.054974,4.86,0.0,256,897,0,975,liboqs,iot
Falcon-512,keygen,3444970,3.44497,4.86,0.0,256,897,0,976,liboqs,iot
Falcon-512,keygen,3883894,3.883894,4.86,0.0,256,897,0,977,liboqs,iot
Falcon-512,keygen,3378999,3.378999,4.86,0.0,256,897,0,978,liboqs,iot
Falcon-512,keygen,6822309,6.822309,4.86,0.0,256,897,0,979,liboqs,iot
Falcon-512,keygen,3416813,3.416813,4.86,0.0,256,897,0,980,liboqs,iot
Falcon-512,keygen,3634746,3.634746,4.86,0.0,256,897,0,981,liboqs,iot
Falcon-512,keygen,5264974,5.264974,4.86,0.0,256,897,0,982,liboqs,iot
Falcon-512,keygen,3770862,3.770862,4.86,0.0,256,897,0,983,liboqs,iot
Falcon-512,keygen,6729883,6.729883,4.86,0.0,256,897,0,984,liboqs,iot
Falcon-512,keygen,3512397,3.512397,4.86,0.0,256,897,0,985,liboqs,iot
Falcon-512,keygen,3904639,3.904639,4.86,0.0,256,897,0,986,liboqs,iot
Falcon-512,keygen,4601988,4.601988,4.86,0.0,256,897,0,987,liboqs,iot
Falcon-512,keygen,3904172,3.904172,4.86,0.0,256,897,0,988,liboqs,iot
Falcon-512,keygen,3571265,3.571265,4.86,0.0,256,897,0,989,liboqs,iot
Falcon-512,keygen,3220532,3.220532,4.86,0.0,256,897,0,990,liboqs,iot
Falcon-512,keygen,4446824,4.446824,4.86,0.0,256,897,0,991,liboqs,iot
Falcon-512,keygen,5717346,5.717346,6.69,0.0,256,897,0,992,liboqs,iot
Falcon-512,keygen,3765614,3.765614,5.17,0.0,256,897,0,993,liboqs,iot
Falcon-512,keygen,4662912,4.662912,4.86,0.0,256,897,0,994,liboqs,iot
Falcon-512,keygen,5562778,5.562778,4.86,0.0,256,897,0,995,liboqs,iot
Falcon-512,keygen,3920950,3.92095,4.86,0.0,256,897,0,996,liboqs,iot
Falcon-512,keygen,5671141,5.671141,4.86,0.0,256,897,0,997,liboqs,iot
Falcon-512,keygen,3725787,3.725787,4.86,0.0,256,897,0,998,liboqs,iot
Falcon-512,keygen,3436512,3.436512,4.86,0.0,256,897,0,999,liboqs,iot
Falcon-512,sign,221550,0.22155,9.25,0.0,256,897,752,0,liboqs,iot
Falcon-512,sign,159058,0.159058,4.63,0.0,256,897,752,1,liboqs,iot
Falcon-512,sign,173141,0.173141,4.63,0.0,256,897,752,2,liboqs,iot
Falcon-512,sign,184399,0.184399,4.69,0.0,256,897,752,3,liboqs,iot
Falcon-512,sign,168987,0.168987,4.7,0.0,256,897,752,4,liboqs,iot
Falcon-512,sign,155289,0.155289,4.7,0.0,256,897,752,5,liboqs,iot
Falcon-512,sign,152648,0.152648,4.7,0.0,256,897,752,6,liboqs,iot
Falcon-512,sign,184450,0.18445,4.7,0.0,256,897,752,7,liboqs,iot
Falcon-512,sign,172508,0.172508,4.7,0.0,256,897,752,8,liboqs,iot
Falcon-512,sign,183965,0.183965,4.7,0.0,256,897,752,9,liboqs,iot
Falcon-512,sign,155160,0.15516,4.7,0.0,256,897,752,10,liboqs,iot
Falcon-512,sign,182676,0.182676,4.7,0.0,256,897,752,11,liboqs,iot
Falcon-512,sign,169645,0.169645,4.7,0.0,256,897,752,12,liboqs,iot
Falcon-512,sign,170598,0.170598,4.7,0.0,256,897,752,13,liboqs,iot
Falcon-512,sign,181822,0.181822,4.69,0.0,256,897,752,14,liboqs,iot
Falcon-512,sign,214076,0.214076,4.7,0.0,256,897,752,15,liboqs,iot
Falcon-512,sign,166460,0.16646,4.7,0.0,256,897,752,16,liboqs,iot
Falcon-512,sign,169881,0.169881,4.7,0.0,256,897,752,17,liboqs,iot
Falcon-512,sign,152147,0.152147,4.69,0.0,256,897,752,18,liboqs,iot
Falcon-512,sign,167442,0.167442,4.7,0.0,256,897,752,19,liboqs,iot
Falcon-512,sign,189230,0.18923,4.7,0.0,256,897,752,20,liboqs,iot
Falcon-512,sign,203049,0.203049,4.7,0.0,256,897,752,21,liboqs,iot
Falcon-512,sign,151184,0.151184,4.7,0.0,256,897,752,22,liboqs,iot
Falcon-512,sign,146553,0.146553,4.7,0.0,256,897,752,23,liboqs,iot
Falcon-512,sign,169060,0.16906,4.7,0.0,256,897,752,24,liboqs,iot
Falcon-512,sign,171221,0.171221,4.7,0.0,256,897,752,25,liboqs,iot
Falcon-512,sign,183401,0.183401,4.7,0.0,256,897,752,26,liboqs,iot
Falcon-512,sign,172454,0.172454,4.7,0.0,256,897,752,27,liboqs,iot
Falcon-512,sign,197796,0.197796,4.7,0.0,256,897,752,28,liboqs,iot
Falcon-512,sign,190823,0.190823,4.7,0.0,256,897,752,29,liboqs,iot
Falcon-512,sign,163252,0.163252,4.7,0.0,256,897,752,30,liboqs,iot
Falcon-512,sign,164447,0.164447,4.7,0.0,256,897,752,31,liboqs,iot
Falcon-512,sign,167664,0.167664,4.7,0.0,256,897,752,32,liboqs,iot
Falcon-512,sign,150690,0.15069,4.7,0.0,256,897,752,33,liboqs,iot
Falcon-512,sign,165029,0.165029,4.7,0.0,256,897,752,34,liboqs,iot
Falcon-512,sign,195301,0.195301,4.7,0.0,256,897,752,35,liboqs,iot
Falcon-512,sign,166453,0.166453,4.7,0.0,256,897,752,36,liboqs,iot
Falcon-512,sign,199350,0.19935,4.7,0.0,256,897,752,37,liboqs,iot
Falcon-512,sign,182120,0.18212,4.7,0.0,256,897,752,38,liboqs,iot
Falcon-512,sign,156138,0.156138,4.7,0.0,256,897,752,39,liboqs,iot
Falcon-512,sign,147684,0.147684,4.7,0.0,256,897,752,40,liboqs,iot
Falcon-512,sign,147295,0.147295,4.7,0.0,256,897,752,41,liboqs,iot
Falcon-512,sign,173455,0.173455,4.7,0.0,256,897,752,42,liboqs,iot
Falcon-512,sign,163361,0.163361,4.7,0.0,256,897,752,43,liboqs,iot
Falcon-512,sign,210017,0.210017,4.7,0.0,256,897,752,44,liboqs,iot
Falcon-512,sign,165247,0.165247,4.7,0.0,256,897,752,45,liboqs,iot
Falcon-512,sign,191718,0.191718,4.7,0.0,256,897,752,46,liboqs,iot
Falcon-512,sign,180541,0.180541,4.7,0.0,256,897,752,47,liboqs,iot
Falcon-512,sign,170168,0.170168,4.7,0.0,256,897,752,48,liboqs,iot
Falcon-512,sign,160003,0.160003,4.7,0.0,256,897,752,49,liboqs,iot
Falcon-512,sign,172292,0.172292,4.7,0.0,256,897,752,50,liboqs,iot
Falcon-512,sign,155715,0.155715,4.7,0.0,256,897,752,51,liboqs,iot
Falcon-512,sign,147224,0.147224,4.7,0.0,256,897,752,52,liboqs,iot
Falcon-512,sign,145729,0.145729,4.7,0.0,256,897,752,53,liboqs,iot
Falcon-512,sign,143786,0.143786,4.7,0.0,256,897,752,54,liboqs,iot
Falcon-512,sign,209715,0.209715,4.7,0.0,256,897,752,55,liboqs,iot
Falcon-512,sign,229355,0.229355,4.7,0.0,256,897,752,56,liboqs,iot
Falcon-512,sign,157262,0.157262,4.69,0.0,256,897,752,57,liboqs,iot
Falcon-512,sign,151408,0.151408,4.7,0.0,256,897,752,58,liboqs,iot
Falcon-512,sign,159576,0.159576,4.7,0.0,256,897,752,59,liboqs,iot
Falcon-512,sign,162430,0.16243,4.7,0.0,256,897,752,60,liboqs,iot
Falcon-512,sign,153793,0.153793,4.7,0.0,256,897,752,61,liboqs,iot
Falcon-512,sign,149538,0.149538,4.7,0.0,256,897,752,62,liboqs,iot
Falcon-512,sign,147064,0.147064,4.7,0.0,256,897,752,63,liboqs,iot
Falcon-512,sign,145724,0.145724,4.7,0.0,256,897,752,64,liboqs,iot
Falcon-512,sign,156624,0.156624,4.7,0.0,256,897,752,65,liboqs,iot
Falcon-512,sign,154196,0.154196,4.7,0.0,256,897,752,66,liboqs,iot
Falcon-512,sign,215402,0.215402,4.7,0.0,256,897,752,67,liboqs,iot
Falcon-512,sign,151549,0.151549,4.7,0.0,256,897,752,68,liboqs,iot
Falcon-512,sign,149388,0.149388,4.7,0.0,256,897,752,69,liboqs,iot
Falcon-512,sign,144576,0.144576,4.7,0.0,256,897,752,70,liboqs,iot
Falcon-512,sign,145802,0.145802,4.7,0.0,256,897,752,71,liboqs,iot
Falcon-512,sign,145625,0.145625,4.69,0.0,256,897,752,72,liboqs,iot
Falcon-512,sign,145550,0.14555,4.7,0.0,256,897,752,73,liboqs,iot
Falcon-512,sign,145363,0.145363,4.7,0.0,256,897,752,74,liboqs,iot
Falcon-512,sign,141548,0.141548,4.7,0.0,256,897,752,75,liboqs,iot
Falcon-512,sign,148635,0.148635,4.69,0.0,256,897,752,76,liboqs,iot
Falcon-512,sign,147706,0.147706,4.7,0.0,256,897,752,77,liboqs,iot
Falcon-512,sign,155366,0.155366,4.7,0.0,256,897,752,78,liboqs,iot
Falcon-512,sign,152584,0.152584,4.7,0.0,256,897,752,79,liboqs,iot
Falcon-512,sign,145553,0.145553,4.7,0.0,256,897,752,80,liboqs,iot
Falcon-512,sign,147143,0.147143,4.7,0.0,256,897,752,81,liboqs,iot
Falcon-512,sign,146481,0.146481,4.7,0.0,256,897,752,82,liboqs,iot
Falcon-512,sign,146795,0.146795,4.7,0.0,256,897,752,83,liboqs,iot
Falcon-512,sign,144664,0.144664,4.7,0.0,256,897,752,84,liboqs,iot
Falcon-512,sign,146734,0.146734,4.7,0.0,256,897,752,85,liboqs,iot
Falcon-512,sign,143014,0.143014,4.7,0.0,256,897,752,86,liboqs,iot
Falcon-512,sign,153229,0.153229,4.69,0.0,256,897,752,87,liboqs,iot
Falcon-512,sign,143551,0.143551,4.7,0.0,256,897,752,88,liboqs,iot
Falcon-512,sign,144502,0.144502,4.69,0.0,256,897,752,89,liboqs,iot
Falcon-512,sign,145112,0.145112,4.7,0.0,256,897,752,90,liboqs,iot
Falcon-512,sign,152671,0.152671,4.7,0.0,256,897,752,91,liboqs,iot
Falcon-512,sign,150292,0.150292,4.7,0.0,256,897,752,92,liboqs,iot
Falcon-512,sign,147395,0.147395,4.7,0.0,256,897,752,93,liboqs,iot
Falcon-512,sign,146051,0.146051,4.7,0.0,256,897,752,94,liboqs,iot
Falcon-512,sign,145776,0.145776,4.7,0.0,256,897,752,95,liboqs,iot
Falcon-512,sign,142854,0.142854,4.7,0.0,256,897,752,96,liboqs,iot
Falcon-512,sign,145193,0.145193,4.7,0.0,256,897,752,97,liboqs,iot
Falcon-512,sign,142028,0.142028,4.7,0.0,256,897,752,98,liboqs,iot
Falcon-512,sign,144729,0.144729,4.7,0.0,256,897,752,99,liboqs,iot
Falcon-512,sign,142548,0.142548,4.7,0.0,256,897,752,100,liboqs,iot
Falcon-512,sign,146329,0.146329,4.7,0.0,256,897,752,101,liboqs,iot
Falcon-512,sign,155528,0.155528,4.7,0.0,256,897,752,102,liboqs,iot
Falcon-512,sign,153614,0.153614,4.7,0.0,256,897,752,103,liboqs,iot
Falcon-512,sign,143716,0.143716,4.7,0.0,256,897,752,104,liboqs,iot
Falcon-512,sign,154757,0.154757,4.7,0.0,256,897,752,105,liboqs,iot
Falcon-512,sign,151659,0.151659,4.7,0.0,256,897,752,106,liboqs,iot
Falcon-512,sign,148264,0.148264,4.7,0.0,256,897,752,107,liboqs,iot
Falcon-512,sign,146696,0.146696,4.7,0.0,256,897,752,108,liboqs,iot
Falcon-512,sign,144101,0.144101,4.7,0.0,256,897,752,109,liboqs,iot
Falcon-512,sign,143676,0.143676,4.7,0.0,256,897,752,110,liboqs,iot
Falcon-512,sign,160646,0.160646,4.7,0.0,256,897,752,111,liboqs,iot
Falcon-512,sign,145826,0.145826,4.7,0.0,256,897,752,112,liboqs,iot
Falcon-512,sign,152356,0.152356,4.7,0.0,256,897,752,113,liboqs,iot
Falcon-512,sign,148419,0.148419,4.7,0.0,256,897,752,114,liboqs,iot
Falcon-512,sign,144252,0.144252,4.7,0.0,256,897,752,115,liboqs,iot
Falcon-512,sign,153665,0.153665,4.7,0.0,256,897,752,116,liboqs,iot
Falcon-512,sign,153864,0.153864,4.7,0.0,256,897,752,117,liboqs,iot
Falcon-512,sign,148394,0.148394,4.7,0.0,256,897,752,118,liboqs,iot
Falcon-512,sign,148685,0.148685,4.7,0.0,256,897,752,119,liboqs,iot
Falcon-512,sign,142390,0.14239,4.7,0.0,256,897,752,120,liboqs,iot
Falcon-512,sign,146433,0.146433,4.7,0.0,256,897,752,121,liboqs,iot
Falcon-512,sign,146569,0.146569,4.7,0.0,256,897,752,122,liboqs,iot
Falcon-512,sign,143550,0.14355,4.7,0.0,256,897,752,123,liboqs,iot
Falcon-512,sign,149563,0.149563,4.7,0.0,256,897,752,124,liboqs,iot
Falcon-512,sign,143969,0.143969,4.7,0.0,256,897,752,125,liboqs,iot
Falcon-512,sign,144112,0.144112,4.7,0.0,256,897,752,126,liboqs,iot
Falcon-512,sign,144612,0.144612,4.7,0.0,256,897,752,127,liboqs,iot
Falcon-512,sign,152406,0.152406,4.7,0.0,256,897,752,128,liboqs,iot
Falcon-512,sign,151060,0.15106,4.7,0.0,256,897,752,129,liboqs,iot
Falcon-512,sign,144987,0.144987,4.7,0.0,256,897,752,130,liboqs,iot
Falcon-512,sign,145713,0.145713,4.7,0.0,256,897,752,131,liboqs,iot
Falcon-512,sign,144634,0.144634,4.7,0.0,256,897,752,132,liboqs,iot
Falcon-512,sign,143587,0.143587,4.7,0.0,256,897,752,133,liboqs,iot
Falcon-512,sign,145817,0.145817,4.7,0.0,256,897,752,134,liboqs,iot
Falcon-512,sign,143739,0.143739,4.7,0.0,256,897,752,135,liboqs,iot
Falcon-512,sign,145779,0.145779,4.7,0.0,256,897,752,136,liboqs,iot
Falcon-512,sign,142846,0.142846,4.7,0.0,256,897,752,137,liboqs,iot
Falcon-512,sign,141839,0.141839,4.69,0.0,256,897,752,138,liboqs,iot
Falcon-512,sign,144704,0.144704,4.7,0.0,256,897,752,139,liboqs,iot
Falcon-512,sign,158909,0.158909,4.7,0.0,256,897,752,140,liboqs,iot
Falcon-512,sign,149762,0.149762,4.7,0.0,256,897,752,141,liboqs,iot
Falcon-512,sign,146926,0.146926,4.7,0.0,256,897,752,142,liboqs,iot
Falcon-512,sign,144034,0.144034,4.7,0.0,256,897,752,143,liboqs,iot
Falcon-512,sign,144763,0.144763,4.7,0.0,256,897,752,144,liboqs,iot
Falcon-512,sign,144816,0.144816,4.7,0.0,256,897,752,145,liboqs,iot
Falcon-512,sign,162248,0.162248,4.7,0.0,256,897,752,146,liboqs,iot
Falcon-512,sign,153728,0.153728,4.7,0.0,256,897,752,147,liboqs,iot
Falcon-512,sign,143617,0.143617,4.7,0.0,256,897,752,148,liboqs,iot
Falcon-512,sign,143662,0.143662,4.7,0.0,256,897,752,149,liboqs,iot
Falcon-512,sign,144496,0.144496,4.7,0.0,256,897,752,150,liboqs,iot
Falcon-512,sign,154367,0.154367,4.7,0.0,256,897,752,151,liboqs,iot
Falcon-512,sign,149674,0.149674,4.7,0.0,256,897,752,152,liboqs,iot
Falcon-512,sign,144595,0.144595,4.7,0.0,256,897,752,153,liboqs,iot
Falcon-512,sign,147325,0.147325,4.7,0.0,256,897,752,154,liboqs,iot
Falcon-512,sign,142993,0.142993,4.7,0.0,256,897,752,155,liboqs,iot
Falcon-512,sign,144925,0.144925,4.7,0.0,256,897,752,156,liboqs,iot
Falcon-512,sign,146128,0.146128,4.7,0.0,256,897,752,157,liboqs,iot
Falcon-512,sign,146747,0.146747,4.7,0.0,256,897,752,158,liboqs,iot
Falcon-512,sign,146048,0.146048,4.7,0.0,256,897,752,159,liboqs,iot
Falcon-512,sign,144603,0.144603,4.7,0.0,256,897,752,160,liboqs,iot
Falcon-512,sign,146216,0.146216,4.7,0.0,256,897,752,161,liboqs,iot
Falcon-512,sign,146173,0.146173,4.7,0.0,256,897,752,162,liboqs,iot
Falcon-512,sign,144035,0.144035,4.7,0.0,256,897,752,163,liboqs,iot
Falcon-512,sign,144911,0.144911,4.7,0.0,256,897,752,164,liboqs,iot
Falcon-512,sign,153015,0.153015,4.7,0.0,256,897,752,165,liboqs,iot
Falcon-512,sign,149293,0.149293,4.7,0.0,256,897,752,166,liboqs,iot
Falcon-512,sign,160029,0.160029,4.7,0.0,256,897,752,167,liboqs,iot
Falcon-512,sign,145558,0.145558,4.7,0.0,256,897,752,168,liboqs,iot
Falcon-512,sign,146949,0.146949,4.7,0.0,256,897,752,169,liboqs,iot
Falcon-512,sign,144656,0.144656,4.7,0.0,256,897,752,170,liboqs,iot
Falcon-512,sign,147450,0.14745,4.7,0.0,256,897,752,171,liboqs,iot
Falcon-512,sign,143571,0.143571,4.7,0.0,256,897,752,172,liboqs,iot
Falcon-512,sign,145818,0.145818,4.7,0.0,256,897,752,173,liboqs,iot
Falcon-512,sign,144738,0.144738,4.7,0.0,256,897,752,174,liboqs,iot
Falcon-512,sign,143390,0.14339,4.7,0.0,256,897,752,175,liboqs,iot
Falcon-512,sign,152807,0.152807,4.7,0.0,256,897,752,176,liboqs,iot
Falcon-512,sign,150376,0.150376,4.7,0.0,256,897,752,177,liboqs,iot
Falcon-512,sign,144244,0.144244,4.7,0.0,256,897,752,178,liboqs,iot
Falcon-512,sign,145167,0.145167,4.7,0.0,256,897,752,179,liboqs,iot
Falcon-512,sign,143239,0.143239,4.7,0.0,256,897,752,180,liboqs,iot
Falcon-512,sign,144766,0.144766,4.7,0.0,256,897,752,181,liboqs,iot
Falcon-512,sign,144749,0.144749,4.7,0.0,256,897,752,182,liboqs,iot
Falcon-512,sign,145528,0.145528,4.7,0.0,256,897,752,183,liboqs,iot
Falcon-512,sign,145804,0.145804,4.7,0.0,256,897,752,184,liboqs,iot
Falcon-512,sign,149702,0.149702,4.7,0.0,256,897,752,185,liboqs,iot
Falcon-512,sign,145586,0.145586,4.7,0.0,256,897,752,186,liboqs,iot
Falcon-512,sign,147866,0.147866,4.7,0.0,256,897,752,187,liboqs,iot
Falcon-512,sign,160109,0.160109,4.7,0.0,256,897,752,188,liboqs,iot
Falcon-512,sign,154088,0.154088,4.7,0.0,256,897,752,189,liboqs,iot
Falcon-512,sign,149905,0.149905,4.7,0.0,256,897,752,190,liboqs,iot
Falcon-512,sign,144802,0.144802,4.7,0.0,256,897,752,191,liboqs,iot
Falcon-512,sign,145972,0.145972,4.7,0.0,256,897,752,192,liboqs,iot
Falcon-512,sign,147530,0.14753,4.7,0.0,256,897,752,193,liboqs,iot
Falcon-512,sign,154110,0.15411,4.69,0.0,256,897,752,194,liboqs,iot
Falcon-512,sign,147986,0.147986,4.7,0.0,256,897,752,195,liboqs,iot
Falcon-512,sign,162150,0.16215,4.7,0.0,256,897,752,196,liboqs,iot
Falcon-512,sign,149765,0.149765,4.7,0.0,256,897,752,197,liboqs,iot
Falcon-512,sign,146701,0.146701,4.7,0.0,256,897,752,198,liboqs,iot
Falcon-512,sign,143295,0.143295,4.7,0.0,256,897,752,199,liboqs,iot
Falcon-512,sign,161572,0.161572,4.7,0.0,256,897,752,200,liboqs,iot
Falcon-512,sign,158559,0.158559,4.69,0.0,256,897,752,201,liboqs,iot
Falcon-512,sign,149821,0.149821,4.7,0.0,256,897,752,202,liboqs,iot
Falcon-512,sign,145704,0.145704,4.7,0.0,256,897,752,203,liboqs,iot
Falcon-512,sign,149273,0.149273,4.7,0.0,256,897,752,204,liboqs,iot
Falcon-512,sign,143393,0.143393,4.7,0.0,256,897,752,205,liboqs,iot
Falcon-512,sign,143414,0.143414,4.7,0.0,256,897,752,206,liboqs,iot
Falcon-512,sign,143853,0.143853,4.7,0.0,256,897,752,207,liboqs,iot
Falcon-512,sign,144569,0.144569,4.7,0.0,256,897,752,208,liboqs,iot
Falcon-512,sign,144166,0.144166,4.7,0.0,256,897,752,209,liboqs,iot
Falcon-512,sign,144861,0.144861,4.7,0.0,256,897,752,210,liboqs,iot
Falcon-512,sign,143073,0.143073,4.7,0.0,256,897,752,211,liboqs,iot
Falcon-512,sign,144910,0.14491,4.7,0.0,256,897,752,212,liboqs,iot
Falcon-512,sign,155645,0.155645,4.7,0.0,256,897,752,213,liboqs,iot
Falcon-512,sign,154588,0.154588,4.7,0.0,256,897,752,214,liboqs,iot
Falcon-512,sign,149463,0.149463,4.7,0.0,256,897,752,215,liboqs,iot
Falcon-512,sign,145772,0.145772,4.7,0.0,256,897,752,216,liboqs,iot
Falcon-512,sign,148117,0.148117,4.69,0.0,256,897,752,217,liboqs,iot
Falcon-512,sign,146955,0.146955,4.7,0.0,256,897,752,218,liboqs,iot
Falcon-512,sign,144964,0.144964,4.7,0.0,256,897,752,219,liboqs,iot
Falcon-512,sign,156479,0.156479,4.7,0.0,256,897,752,220,liboqs,iot
Falcon-512,sign,290656,0.290656,4.7,0.0,256,897,752,221,liboqs,iot
Falcon-512,sign,228404,0.228404,4.7,0.0,256,897,752,222,liboqs,iot
Falcon-512,sign,156947,0.156947,4.69,0.0,256,897,752,223,liboqs,iot
Falcon-512,sign,158068,0.158068,4.7,0.0,256,897,752,224,liboqs,iot
Falcon-512,sign,147985,0.147985,4.7,0.0,256,897,752,225,liboqs,iot
Falcon-512,sign,147500,0.1475,4.7,0.0,256,897,752,226,liboqs,iot
Falcon-512,sign,148113,0.148113,4.7,0.0,256,897,752,227,liboqs,iot
Falcon-512,sign,146181,0.146181,4.7,0.0,256,897,752,228,liboqs,iot
Falcon-512,sign,146824,0.146824,4.7,0.0,256,897,752,229,liboqs,iot
Falcon-512,sign,145576,0.145576,4.7,0.0,256,897,752,230,liboqs,iot
Falcon-512,sign,140836,0.140836,4.7,0.0,256,897,752,231,liboqs,iot
Falcon-512,sign,159306,0.159306,4.7,0.0,256,897,752,232,liboqs,iot
Falcon-512,sign,151986,0.151986,4.7,0.0,256,897,752,233,liboqs,iot
Falcon-512,sign,144521,0.144521,4.7,0.0,256,897,752,234,liboqs,iot
Falcon-512,sign,147439,0.147439,4.7,0.0,256,897,752,235,liboqs,iot
Falcon-512,sign,147208,0.147208,4.7,0.0,256,897,752,236,liboqs,iot
Falcon-512,sign,144934,0.144934,4.7,0.0,256,897,752,237,liboqs,iot
Falcon-512,sign,144993,0.144993,4.7,0.0,256,897,752,238,liboqs,iot
Falcon-512,sign,145404,0.145404,4.7,0.0,256,897,752,239,liboqs,iot
Falcon-512,sign,146901,0.146901,4.7,0.0,256,897,752,240,liboqs,iot
Falcon-512,sign,151642,0.151642,4.7,0.0,256,897,752,241,liboqs,iot
Falcon-512,sign,149079,0.149079,4.7,0.0,256,897,752,242,liboqs,iot
Falcon-512,sign,147556,0.147556,4.7,0.0,256,897,752,243,liboqs,iot
Falcon-512,sign,143653,0.143653,4.7,0.0,256,897,752,244,liboqs,iot
Falcon-512,sign,164890,0.16489,4.7,0.0,256,897,752,245,liboqs,iot
Falcon-512,sign,152490,0.15249,4.7,0.0,256,897,752,246,liboqs,iot
Falcon-512,sign,146984,0.146984,4.7,0.0,256,897,752,247,liboqs,iot
Falcon-512,sign,146454,0.146454,4.7,0.0,256,897,752,248,liboqs,iot
Falcon-512,sign,148978,0.148978,4.7,0.0,256,897,752,249,liboqs,iot
Falcon-512,sign,146607,0.146607,4.7,0.0,256,897,752,250,liboqs,iot
Falcon-512,sign,145694,0.145694,4.7,0.0,256,897,752,251,liboqs,iot
Falcon-512,sign,146368,0.146368,4.7,0.0,256,897,752,252,liboqs,iot
Falcon-512,sign,145464,0.145464,4.7,0.0,256,897,752,253,liboqs,iot
Falcon-512,sign,144768,0.144768,4.7,0.0,256,897,752,254,liboqs,iot
Falcon-512,sign,145934,0.145934,4.7,0.0,256,897,752,255,liboqs,iot
Falcon-512,sign,147307,0.147307,4.7,0.0,256,897,752,256,liboqs,iot
Falcon-512,sign,411604,0.411604,4.7,0.0,256,897,752,257,liboqs,iot
Falcon-512,sign,196072,0.196072,4.69,0.0,256,897,752,258,liboqs,iot
Falcon-512,sign,186575,0.186575,6.92,0.0,256,897,752,259,liboqs,iot
Falcon-512,sign,156209,0.156209,4.7,0.0,256,897,752,260,liboqs,iot
Falcon-512,sign,166146,0.166146,4.69,0.0,256,897,752,261,liboqs,iot
Falcon-512,sign,159737,0.159737,4.7,0.0,256,897,752,262,liboqs,iot
Falcon-512,sign,150872,0.150872,4.7,0.0,256,897,752,263,liboqs,iot
Falcon-512,sign,148449,0.148449,4.7,0.0,256,897,752,264,liboqs,iot
Falcon-512,sign,148423,0.148423,4.7,0.0,256,897,752,265,liboqs,iot
Falcon-512,sign,161461,0.161461,4.7,0.0,256,897,752,266,liboqs,iot
Falcon-512,sign,153713,0.153713,4.7,0.0,256,897,752,267,liboqs,iot
Falcon-512,sign,148435,0.148435,4.7,0.0,256,897,752,268,liboqs,iot
Falcon-512,sign,156695,0.156695,4.7,0.0,256,897,752,269,liboqs,iot
Falcon-512,sign,144825,0.144825,4.7,0.0,256,897,752,270,liboqs,iot
Falcon-512,sign,147111,0.147111,4.7,0.0,256,897,752,271,liboqs,iot
Falcon-512,sign,146946,0.146946,4.7,0.0,256,897,752,272,liboqs,iot
Falcon-512,sign,145778,0.145778,4.7,0.0,256,897,752,273,liboqs,iot
Falcon-512,sign,146012,0.146012,4.69,0.0,256,897,752,274,liboqs,iot
Falcon-512,sign,152277,0.152277,4.7,0.0,256,897,752,275,liboqs,iot
Falcon-512,sign,145682,0.145682,4.7,0.0,256,897,752,276,liboqs,iot
Falcon-512,sign,145773,0.145773,4.7,0.0,256,897,752,277,liboqs,iot
Falcon-512,sign,145621,0.145621,4.7,0.0,256,897,752,278,liboqs,iot
Falcon-512,sign,146987,0.146987,4.7,0.0,256,897,752,279,liboqs,iot
Falcon-512,sign,159345,0.159345,4.7,0.0,256,897,752,280,liboqs,iot
Falcon-512,sign,151692,0.151692,4.7,0.0,256,897,752,281,liboqs,iot
Falcon-512,sign,148528,0.148528,4.7,0.0,256,897,752,282,liboqs,iot
Falcon-512,sign,146425,0.146425,4.7,0.0,256,897,752,283,liboqs,iot
Falcon-512,sign,146732,0.146732,4.7,0.0,256,897,752,284,liboqs,iot
Falcon-512,sign,146805,0.146805,4.7,0.0,256,897,752,285,liboqs,iot
Falcon-512,sign,142149,0.142149,4.7,0.0,256,897,752,286,liboqs,iot
Falcon-512,sign,144476,0.144476,4.7,0.0,256,897,752,287,liboqs,iot
Falcon-512,sign,153627,0.153627,4.7,0.0,256,897,752,288,liboqs,iot
Falcon-512,sign,155689,0.155689,4.7,0.0,256,897,752,289,liboqs,iot
Falcon-512,sign,147497,0.147497,4.7,0.0,256,897,752,290,liboqs,iot
Falcon-512,sign,145848,0.145848,4.7,0.0,256,897,752,291,liboqs,iot
Falcon-512,sign,146805,0.146805,4.7,0.0,256,897,752,292,liboqs,iot
Falcon-512,sign,152984,0.152984,4.7,0.0,256,897,752,293,liboqs,iot
Falcon-512,sign,149313,0.149313,4.7,0.0,256,897,752,294,liboqs,iot
Falcon-512,sign,156887,0.156887,4.7,0.0,256,897,752,295,liboqs,iot
Falcon-512,sign,149021,0.149021,4.7,0.0,256,897,752,296,liboqs,iot
Falcon-512,sign,145699,0.145699,4.7,0.0,256,897,752,297,liboqs,iot
Falcon-512,sign,144623,0.144623,4.7,0.0,256,897,752,298,liboqs,iot
Falcon-512,sign,149348,0.149348,4.7,0.0,256,897,752,299,liboqs,iot
Falcon-512,sign,146126,0.146126,4.7,0.0,256,897,752,300,liboqs,iot
Falcon-512,sign,143300,0.1433,4.69,0.0,256,897,752,301,liboqs,iot
Falcon-512,sign,147214,0.147214,4.7,0.0,256,897,752,302,liboqs,iot
Falcon-512,sign,144710,0.14471,4.7,0.0,256,897,752,303,liboqs,iot
Falcon-512,sign,142385,0.142385,4.7,0.0,256,897,752,304,liboqs,iot
Falcon-512,sign,145430,0.14543,4.7,0.0,256,897,752,305,liboqs,iot
Falcon-512,sign,154214,0.154214,4.7,0.0,256,897,752,306,liboqs,iot
Falcon-512,sign,149524,0.149524,4.7,0.0,256,897,752,307,liboqs,iot
Falcon-512,sign,148751,0.148751,4.7,0.0,256,897,752,308,liboqs,iot
Falcon-512,sign,146937,0.146937,4.69,0.0,256,897,752,309,liboqs,iot
Falcon-512,sign,145446,0.145446,4.7,0.0,256,897,752,310,liboqs,iot
Falcon-512,sign,147422,0.147422,4.7,0.0,256,897,752,311,liboqs,iot
Falcon-512,sign,145686,0.145686,4.7,0.0,256,897,752,312,liboqs,iot
Falcon-512,sign,140889,0.140889,4.7,0.0,256,897,752,313,liboqs,iot
Falcon-512,sign,142430,0.14243,4.7,0.0,256,897,752,314,liboqs,iot
Falcon-512,sign,144432,0.144432,4.7,0.0,256,897,752,315,liboqs,iot
Falcon-512,sign,145149,0.145149,4.7,0.0,256,897,752,316,liboqs,iot
Falcon-512,sign,144301,0.144301,4.7,0.0,256,897,752,317,liboqs,iot
Falcon-512,sign,159219,0.159219,4.7,0.0,256,897,752,318,liboqs,iot
Falcon-512,sign,154368,0.154368,4.7,0.0,256,897,752,319,liboqs,iot
Falcon-512,sign,146874,0.146874,4.7,0.0,256,897,752,320,liboqs,iot
Falcon-512,sign,148113,0.148113,4.7,0.0,256,897,752,321,liboqs,iot
Falcon-512,sign,152206,0.152206,4.7,0.0,256,897,752,322,liboqs,iot
Falcon-512,sign,149213,0.149213,4.69,0.0,256,897,752,323,liboqs,iot
Falcon-512,sign,145391,0.145391,4.7,0.0,256,897,752,324,liboqs,iot
Falcon-512,sign,146135,0.146135,4.7,0.0,256,897,752,325,liboqs,iot
Falcon-512,sign,145895,0.145895,4.7,0.0,256,897,752,326,liboqs,iot
Falcon-512,sign,145872,0.145872,4.69,0.0,256,897,752,327,liboqs,iot
Falcon-512,sign,144997,0.144997,4.7,0.0,256,897,752,328,liboqs,iot
Falcon-512,sign,161638,0.161638,4.7,0.0,256,897,752,329,liboqs,iot
Falcon-512,sign,150961,0.150961,4.7,0.0,256,897,752,330,liboqs,iot
Falcon-512,sign,154175,0.154175,4.7,0.0,256,897,752,331,liboqs,iot
Falcon-512,sign,156193,0.156193,4.7,0.0,256,897,752,332,liboqs,iot
Falcon-512,sign,148767,0.148767,4.7,0.0,256,897,752,333,liboqs,iot
Falcon-512,sign,142971,0.142971,4.7,0.0,256,897,752,334,liboqs,iot
Falcon-512,sign,143392,0.143392,4.7,0.0,256,897,752,335,liboqs,iot
Falcon-512,sign,144573,0.144573,4.7,0.0,256,897,752,336,liboqs,iot
Falcon-512,sign,147448,0.147448,4.7,0.0,256,897,752,337,liboqs,iot
Falcon-512,sign,146388,0.146388,4.7,0.0,256,897,752,338,liboqs,iot
Falcon-512,sign,157060,0.15706,4.7,0.0,256,897,752,339,liboqs,iot
Falcon-512,sign,149902,0.149902,4.7,0.0,256,897,752,340,liboqs,iot
Falcon-512,sign,147423,0.147423,4.7,0.0,256,897,752,341,liboqs,iot
Falcon-512,sign,145855,0.145855,4.7,0.0,256,897,752,342,liboqs,iot
Falcon-512,sign,144848,0.144848,4.69,0.0,256,897,752,343,liboqs,iot
Falcon-512,sign,153237,0.153237,4.7,0.0,256,897,752,344,liboqs,iot
Falcon-512,sign,153732,0.153732,4.7,0.0,256,897,752,345,liboqs,iot
Falcon-512,sign,147543,0.147543,4.7,0.0,256,897,752,346,liboqs,iot
Falcon-512,sign,143821,0.143821,4.69,0.0,256,897,752,347,liboqs,iot
Falcon-512,sign,152775,0.152775,4.7,0.0,256,897,752,348,liboqs,iot
Falcon-512,sign,145627,0.145627,4.7,0.0,256,897,752,349,liboqs,iot
Falcon-512,sign,145442,0.145442,4.7,0.0,256,897,752,350,liboqs,iot
Falcon-512,sign,144840,0.14484,4.7,0.0,256,897,752,351,liboqs,iot
Falcon-512,sign,148083,0.148083,4.7,0.0,256,897,752,352,liboqs,iot
Falcon-512,sign,142535,0.142535,4.7,0.0,256,897,752,353,liboqs,iot
Falcon-512,sign,141190,0.14119,4.7,0.0,256,897,752,354,liboqs,iot
Falcon-512,sign,141633,0.141633,4.7,0.0,256,897,752,355,liboqs,iot
Falcon-512,sign,155172,0.155172,4.7,0.0,256,897,752,356,liboqs,iot
Falcon-512,sign,182440,0.18244,4.7,0.0,256,897,752,357,liboqs,iot
Falcon-512,sign,159828,0.159828,4.7,0.0,256,897,752,358,liboqs,iot
Falcon-512,sign,150122,0.150122,4.7,0.0,256,897,752,359,liboqs,iot
Falcon-512,sign,145203,0.145203,4.7,0.0,256,897,752,360,liboqs,iot
Falcon-512,sign,143278,0.143278,4.7,0.0,256,897,752,361,liboqs,iot
Falcon-512,sign,145723,0.145723,4.7,0.0,256,897,752,362,liboqs,iot
Falcon-512,sign,151351,0.151351,4.7,0.0,256,897,752,363,liboqs,iot
Falcon-512,sign,147121,0.147121,4.7,0.0,256,897,752,364,liboqs,iot
Falcon-512,sign,149508,0.149508,4.7,0.0,256,897,752,365,liboqs,iot
Falcon-512,sign,146615,0.146615,4.7,0.0,256,897,752,366,liboqs,iot
Falcon-512,sign,153214,0.153214,4.7,0.0,256,897,752,367,liboqs,iot
Falcon-512,sign,153171,0.153171,4.7,0.0,256,897,752,368,liboqs,iot
Falcon-512,sign,146667,0.146667,4.7,0.0,256,897,752,369,liboqs,iot
Falcon-512,sign,146521,0.146521,4.7,0.0,256,897,752,370,liboqs,iot
Falcon-512,sign,144712,0.144712,4.7,0.0,256,897,752,371,liboqs,iot
Falcon-512,sign,148852,0.148852,4.7,0.0,256,897,752,372,liboqs,iot
Falcon-512,sign,143670,0.14367,4.7,0.0,256,897,752,373,liboqs,iot
Falcon-512,sign,144807,0.144807,4.7,0.0,256,897,752,374,liboqs,iot
Falcon-512,sign,152145,0.152145,4.7,0.0,256,897,752,375,liboqs,iot
Falcon-512,sign,146545,0.146545,4.7,0.0,256,897,752,376,liboqs,iot
Falcon-512,sign,144680,0.14468,4.7,0.0,256,897,752,377,liboqs,iot
Falcon-512,sign,147163,0.147163,4.7,0.0,256,897,752,378,liboqs,iot
Falcon-512,sign,152047,0.152047,4.7,0.0,256,897,752,379,liboqs,iot
Falcon-512,sign,149475,0.149475,4.7,0.0,256,897,752,380,liboqs,iot
Falcon-512,sign,145774,0.145774,4.7,0.0,256,897,752,381,liboqs,iot
Falcon-512,sign,143776,0.143776,4.7,0.0,256,897,752,382,liboqs,iot
Falcon-512,sign,143217,0.143217,4.7,0.0,256,897,752,383,liboqs,iot
Falcon-512,sign,148074,0.148074,4.69,0.0,256,897,752,384,liboqs,iot
Falcon-512,sign,149448,0.149448,4.7,0.0,256,897,752,385,liboqs,iot
Falcon-512,sign,144022,0.144022,4.69,0.0,256,897,752,386,liboqs,iot
Falcon-512,sign,148839,0.148839,4.69,0.0,256,897,752,387,liboqs,iot
Falcon-512,sign,146187,0.146187,4.7,0.0,256,897,752,388,liboqs,iot
Falcon-512,sign,145737,0.145737,4.7,0.0,256,897,752,389,liboqs,iot
Falcon-512,sign,149656,0.149656,4.7,0.0,256,897,752,390,liboqs,iot
Falcon-512,sign,161445,0.161445,4.7,0.0,256,897,752,391,liboqs,iot
Falcon-512,sign,150647,0.150647,4.7,0.0,256,897,752,392,liboqs,iot
Falcon-512,sign,150979,0.150979,4.7,0.0,256,897,752,393,liboqs,iot
Falcon-512,sign,148379,0.148379,4.7,0.0,256,897,752,394,liboqs,iot
Falcon-512,sign,148129,0.148129,4.7,0.0,256,897,752,395,liboqs,iot
Falcon-512,sign,161092,0.161092,4.7,0.0,256,897,752,396,liboqs,iot
Falcon-512,sign,152678,0.152678,4.7,0.0,256,897,752,397,liboqs,iot
Falcon-512,sign,152096,0.152096,4.7,0.0,256,897,752,398,liboqs,iot
Falcon-512,sign,144666,0.144666,4.7,0.0,256,897,752,399,liboqs,iot
Falcon-512,sign,146566,0.146566,4.7,0.0,256,897,752,400,liboqs,iot
Falcon-512,sign,154211,0.154211,4.7,0.0,256,897,752,401,liboqs,iot
Falcon-512,sign,146082,0.146082,4.7,0.0,256,897,752,402,liboqs,iot
Falcon-512,sign,146711,0.146711,4.7,0.0,256,897,752,403,liboqs,iot
Falcon-512,sign,158294,0.158294,4.7,0.0,256,897,752,404,liboqs,iot
Falcon-512,sign,152669,0.152669,4.7,0.0,256,897,752,405,liboqs,iot
Falcon-512,sign,146359,0.146359,4.7,0.0,256,897,752,406,liboqs,iot
Falcon-512,sign,147402,0.147402,4.7,0.0,256,897,752,407,liboqs,iot
Falcon-512,sign,144441,0.144441,4.7,0.0,256,897,752,408,liboqs,iot
Falcon-512,sign,143984,0.143984,4.7,0.0,256,897,752,409,liboqs,iot
Falcon-512,sign,143164,0.143164,4.7,0.0,256,897,752,410,liboqs,iot
Falcon-512,sign,146777,0.146777,4.7,0.0,256,897,752,411,liboqs,iot
Falcon-512,sign,146176,0.146176,4.7,0.0,256,897,752,412,liboqs,iot
Falcon-512,sign,146620,0.14662,4.7,0.0,256,897,752,413,liboqs,iot
Falcon-512,sign,144762,0.144762,4.7,0.0,256,897,752,414,liboqs,iot
Falcon-512,sign,151176,0.151176,4.7,0.0,256,897,752,415,liboqs,iot
Falcon-512,sign,151296,0.151296,4.7,0.0,256,897,752,416,liboqs,iot
Falcon-512,sign,148501,0.148501,4.7,0.0,256,897,752,417,liboqs,iot
Falcon-512,sign,145809,0.145809,4.7,0.0,256,897,752,418,liboqs,iot
Falcon-512,sign,143116,0.143116,4.7,0.0,256,897,752,419,liboqs,iot
Falcon-512,sign,145108,0.145108,4.7,0.0,256,897,752,420,liboqs,iot
Falcon-512,sign,143333,0.143333,4.7,0.0,256,897,752,421,liboqs,iot
Falcon-512,sign,143478,0.143478,4.7,0.0,256,897,752,422,liboqs,iot
Falcon-512,sign,143894,0.143894,4.7,0.0,256,897,752,423,liboqs,iot
Falcon-512,sign,142637,0.142637,4.7,0.0,256,897,752,424,liboqs,iot
Falcon-512,sign,142251,0.142251,4.7,0.0,256,897,752,425,liboqs,iot
Falcon-512,sign,144360,0.14436,4.7,0.0,256,897,752,426,liboqs,iot
Falcon-512,sign,154609,0.154609,4.7,0.0,256,897,752,427,liboqs,iot
Falcon-512,sign,159555,0.159555,4.7,0.0,256,897,752,428,liboqs,iot
Falcon-512,sign,157605,0.157605,4.7,0.0,256,897,752,429,liboqs,iot
Falcon-512,sign,161597,0.161597,4.7,0.0,256,897,752,430,liboqs,iot
Falcon-512,sign,152464,0.152464,4.7,0.0,256,897,752,431,liboqs,iot
Falcon-512,sign,146827,0.146827,4.7,0.0,256,897,752,432,liboqs,iot
Falcon-512,sign,152980,0.15298,4.7,0.0,256,897,752,433,liboqs,iot
Falcon-512,sign,152079,0.152079,4.7,0.0,256,897,752,434,liboqs,iot
Falcon-512,sign,151098,0.151098,4.7,0.0,256,897,752,435,liboqs,iot
Falcon-512,sign,153570,0.15357,4.7,0.0,256,897,752,436,liboqs,iot
Falcon-512,sign,148780,0.14878,4.7,0.0,256,897,752,437,liboqs,iot
Falcon-512,sign,162343,0.162343,4.7,0.0,256,897,752,438,liboqs,iot
Falcon-512,sign,153533,0.153533,4.7,0.0,256,897,752,439,liboqs,iot
Falcon-512,sign,148702,0.148702,4.7,0.0,256,897,752,440,liboqs,iot
Falcon-512,sign,144661,0.144661,4.7,0.0,256,897,752,441,liboqs,iot
Falcon-512,sign,144546,0.144546,4.7,0.0,256,897,752,442,liboqs,iot
Falcon-512,sign,144933,0.144933,4.7,0.0,256,897,752,443,liboqs,iot
Falcon-512,sign,145267,0.145267,4.7,0.0,256,897,752,444,liboqs,iot
Falcon-512,sign,143863,0.143863,4.7,0.0,256,897,752,445,liboqs,iot
Falcon-512,sign,148081,0.148081,4.69,0.0,256,897,752,446,liboqs,iot
Falcon-512,sign,143350,0.14335,4.7,0.0,256,897,752,447,liboqs,iot
Falcon-512,sign,145123,0.145123,4.7,0.0,256,897,752,448,liboqs,iot
Falcon-512,sign,145186,0.145186,4.7,0.0,256,897,752,449,liboqs,iot
Falcon-512,sign,145689,0.145689,4.7,0.0,256,897,752,450,liboqs,iot
Falcon-512,sign,143070,0.14307,4.7,0.0,256,897,752,451,liboqs,iot
Falcon-512,sign,169648,0.169648,4.7,0.0,256,897,752,452,liboqs,iot
Falcon-512,sign,152344,0.152344,4.7,0.0,256,897,752,453,liboqs,iot
Falcon-512,sign,150171,0.150171,4.7,0.0,256,897,752,454,liboqs,iot
Falcon-512,sign,145691,0.145691,4.7,0.0,256,897,752,455,liboqs,iot
Falcon-512,sign,144306,0.144306,4.7,0.0,256,897,752,456,liboqs,iot
Falcon-512,sign,143684,0.143684,4.7,0.0,256,897,752,457,liboqs,iot
Falcon-512,sign,145412,0.145412,4.7,0.0,256,897,752,458,liboqs,iot
Falcon-512,sign,143365,0.143365,4.7,0.0,256,897,752,459,liboqs,iot
Falcon-512,sign,165949,0.165949,4.7,0.0,256,897,752,460,liboqs,iot
Falcon-512,sign,155680,0.15568,4.7,0.0,256,897,752,461,liboqs,iot
Falcon-512,sign,150884,0.150884,4.7,0.0,256,897,752,462,liboqs,iot
Falcon-512,sign,155948,0.155948,4.7,0.0,256,897,752,463,liboqs,iot
Falcon-512,sign,151389,0.151389,4.7,0.0,256,897,752,464,liboqs,iot
Falcon-512,sign,149950,0.14995,4.7,0.0,256,897,752,465,liboqs,iot
Falcon-512,sign,147902,0.147902,4.7,0.0,256,897,752,466,liboqs,iot
Falcon-512,sign,145665,0.145665,4.7,0.0,256,897,752,467,liboqs,iot
Falcon-512,sign,156812,0.156812,4.7,0.0,256,897,752,468,liboqs,iot
Falcon-512,sign,152464,0.152464,4.7,0.0,256,897,752,469,liboqs,iot
Falcon-512,sign,147345,0.147345,4.7,0.0,256,897,752,470,liboqs,iot
Falcon-512,sign,144249,0.144249,4.7,0.0,256,897,752,471,liboqs,iot
Falcon-512,sign,144310,0.14431,4.69,0.0,256,897,752,472,liboqs,iot
Falcon-512,sign,145128,0.145128,4.7,0.0,256,897,752,473,liboqs,iot
Falcon-512,sign,144449,0.144449,4.7,0.0,256,897,752,474,liboqs,iot
Falcon-512,sign,142915,0.142915,4.7,0.0,256,897,752,475,liboqs,iot
Falcon-512,sign,154821,0.154821,4.7,0.0,256,897,752,476,liboqs,iot
Falcon-512,sign,151364,0.151364,4.7,0.0,256,897,752,477,liboqs,iot
Falcon-512,sign,146385,0.146385,4.7,0.0,256,897,752,478,liboqs,iot
Falcon-512,sign,143083,0.143083,4.7,0.0,256,897,752,479,liboqs,iot
Falcon-512,sign,144658,0.144658,4.7,0.0,256,897,752,480,liboqs,iot
Falcon-512,sign,150497,0.150497,4.7,0.0,256,897,752,481,liboqs,iot
Falcon-512,sign,144282,0.144282,4.7,0.0,256,897,752,482,liboqs,iot
Falcon-512,sign,190557,0.190557,4.7,0.0,256,897,752,483,liboqs,iot
Falcon-512,sign,152270,0.15227,4.7,0.0,256,897,752,484,liboqs,iot
Falcon-512,sign,144281,0.144281,4.7,0.0,256,897,752,485,liboqs,iot
Falcon-512,sign,149253,0.149253,4.7,0.0,256,897,752,486,liboqs,iot
Falcon-512,sign,143770,0.14377,4.7,0.0,256,897,752,487,liboqs,iot
Falcon-512,sign,159310,0.15931,4.7,0.0,256,897,752,488,liboqs,iot
Falcon-512,sign,147542,0.147542,4.7,0.0,256,897,752,489,liboqs,iot
Falcon-512,sign,147979,0.147979,4.7,0.0,256,897,752,490,liboqs,iot
Falcon-512,sign,145146,0.145146,4.7,0.0,256,897,752,491,liboqs,iot
Falcon-512,sign,336057,0.336057,4.7,0.0,256,897,752,492,liboqs,iot
Falcon-512,sign,221578,0.221578,4.7,0.0,256,897,752,493,liboqs,iot
Falcon-512,sign,154134,0.154134,4.7,0.0,256,897,752,494,liboqs,iot
Falcon-512,sign,150820,0.15082,4.7,0.0,256,897,752,495,liboqs,iot
Falcon-512,sign,152777,0.152777,4.7,0.0,256,897,752,496,liboqs,iot
Falcon-512,sign,150211,0.150211,4.69,0.0,256,897,752,497,liboqs,iot
Falcon-512,sign,149471,0.149471,4.7,0.0,256,897,752,498,liboqs,iot
Falcon-512,sign,148658,0.148658,4.7,0.0,256,897,752,499,liboqs,iot
Falcon-512,sign,143484,0.143484,4.7,0.0,256,897,752,500,liboqs,iot
Falcon-512,sign,146996,0.146996,4.7,0.0,256,897,752,501,liboqs,iot
Falcon-512,sign,144927,0.144927,4.7,0.0,256,897,752,502,liboqs,iot
Falcon-512,sign,162112,0.162112,4.69,0.0,256,897,752,503,liboqs,iot
Falcon-512,sign,149581,0.149581,4.69,0.0,256,897,752,504,liboqs,iot
Falcon-512,sign,155420,0.15542,4.7,0.0,256,897,752,505,liboqs,iot
Falcon-512,sign,157114,0.157114,4.7,0.0,256,897,752,506,liboqs,iot
Falcon-512,sign,152473,0.152473,4.7,0.0,256,897,752,507,liboqs,iot
Falcon-512,sign,146752,0.146752,4.7,0.0,256,897,752,508,liboqs,iot
Falcon-512,sign,145637,0.145637,4.7,0.0,256,897,752,509,liboqs,iot
Falcon-512,sign,144941,0.144941,4.7,0.0,256,897,752,510,liboqs,iot
Falcon-512,sign,374614,0.374614,4.7,0.0,256,897,752,511,liboqs,iot
Falcon-512,sign,261919,0.261919,4.7,0.0,256,897,752,512,liboqs,iot
Falcon-512,sign,170483,0.170483,4.7,0.0,256,897,752,513,liboqs,iot
Falcon-512,sign,218165,0.218165,4.7,0.0,256,897,752,514,liboqs,iot
Falcon-512,sign,184464,0.184464,4.7,0.0,256,897,752,515,liboqs,iot
Falcon-512,sign,161690,0.16169,4.7,0.0,256,897,752,516,liboqs,iot
Falcon-512,sign,154361,0.154361,4.7,0.0,256,897,752,517,liboqs,iot
Falcon-512,sign,147466,0.147466,4.7,0.0,256,897,752,518,liboqs,iot
Falcon-512,sign,150010,0.15001,4.7,0.0,256,897,752,519,liboqs,iot
Falcon-512,sign,147448,0.147448,4.7,0.0,256,897,752,520,liboqs,iot
Falcon-512,sign,148465,0.148465,4.69,0.0,256,897,752,521,liboqs,iot
Falcon-512,sign,147371,0.147371,4.7,0.0,256,897,752,522,liboqs,iot
Falcon-512,sign,149421,0.149421,4.7,0.0,256,897,752,523,liboqs,iot
Falcon-512,sign,146366,0.146366,4.7,0.0,256,897,752,524,liboqs,iot
Falcon-512,sign,159637,0.159637,4.7,0.0,256,897,752,525,liboqs,iot
Falcon-512,sign,151709,0.151709,4.69,0.0,256,897,752,526,liboqs,iot
Falcon-512,sign,147935,0.147935,4.7,0.0,256,897,752,527,liboqs,iot
Falcon-512,sign,160445,0.160445,4.7,0.0,256,897,752,528,liboqs,iot
Falcon-512,sign,149457,0.149457,4.7,0.0,256,897,752,529,liboqs,iot
Falcon-512,sign,146604,0.146604,4.7,0.0,256,897,752,530,liboqs,iot
Falcon-512,sign,143204,0.143204,4.7,0.0,256,897,752,531,liboqs,iot
Falcon-512,sign,146299,0.146299,4.7,0.0,256,897,752,532,liboqs,iot
Falcon-512,sign,148041,0.148041,4.7,0.0,256,897,752,533,liboqs,iot
Falcon-512,sign,146835,0.146835,4.7,0.0,256,897,752,534,liboqs,iot
Falcon-512,sign,145974,0.145974,4.7,0.0,256,897,752,535,liboqs,iot
Falcon-512,sign,157264,0.157264,4.7,0.0,256,897,752,536,liboqs,iot
Falcon-512,sign,156463,0.156463,4.7,0.0,256,897,752,537,liboqs,iot
Falcon-512,sign,148411,0.148411,4.7,0.0,256,897,752,538,liboqs,iot
Falcon-512,sign,150069,0.150069,4.7,0.0,256,897,752,539,liboqs,iot
Falcon-512,sign,146534,0.146534,4.7,0.0,256,897,752,540,liboqs,iot
Falcon-512,sign,145667,0.145667,4.7,0.0,256,897,752,541,liboqs,iot
Falcon-512,sign,146427,0.146427,4.7,0.0,256,897,752,542,liboqs,iot
Falcon-512,sign,146716,0.146716,4.7,0.0,256,897,752,543,liboqs,iot
Falcon-512,sign,146181,0.146181,4.7,0.0,256,897,752,544,liboqs,iot
Falcon-512,sign,146469,0.146469,4.7,0.0,256,897,752,545,liboqs,iot
Falcon-512,sign,145798,0.145798,4.7,0.0,256,897,752,546,liboqs,iot
Falcon-512,sign,146137,0.146137,4.7,0.0,256,897,752,547,liboqs,iot
Falcon-512,sign,154317,0.154317,4.7,0.0,256,897,752,548,liboqs,iot
Falcon-512,sign,153837,0.153837,4.7,0.0,256,897,752,549,liboqs,iot
Falcon-512,sign,146018,0.146018,4.7,0.0,256,897,752,550,liboqs,iot
Falcon-512,sign,145666,0.145666,4.7,0.0,256,897,752,551,liboqs,iot
Falcon-512,sign,146942,0.146942,4.7,0.0,256,897,752,552,liboqs,iot
Falcon-512,sign,147900,0.1479,4.7,0.0,256,897,752,553,liboqs,iot
Falcon-512,sign,145196,0.145196,4.69,0.0,256,897,752,554,liboqs,iot
Falcon-512,sign,151674,0.151674,4.7,0.0,256,897,752,555,liboqs,iot
Falcon-512,sign,149658,0.149658,4.7,0.0,256,897,752,556,liboqs,iot
Falcon-512,sign,144571,0.144571,4.7,0.0,256,897,752,557,liboqs,iot
Falcon-512,sign,145693,0.145693,4.7,0.0,256,897,752,558,liboqs,iot
Falcon-512,sign,148733,0.148733,4.7,0.0,256,897,752,559,liboqs,iot
Falcon-512,sign,147499,0.147499,4.7,0.0,256,897,752,560,liboqs,iot
Falcon-512,sign,157466,0.157466,4.7,0.0,256,897,752,561,liboqs,iot
Falcon-512,sign,155549,0.155549,4.7,0.0,256,897,752,562,liboqs,iot
Falcon-512,sign,150010,0.15001,4.69,0.0,256,897,752,563,liboqs,iot
Falcon-512,sign,147508,0.147508,4.7,0.0,256,897,752,564,liboqs,iot
Falcon-512,sign,146726,0.146726,4.7,0.0,256,897,752,565,liboqs,iot
Falcon-512,sign,152560,0.15256,4.7,0.0,256,897,752,566,liboqs,iot
Falcon-512,sign,145851,0.145851,4.7,0.0,256,897,752,567,liboqs,iot
Falcon-512,sign,147041,0.147041,4.7,0.0,256,897,752,568,liboqs,iot
Falcon-512,sign,147108,0.147108,4.7,0.0,256,897,752,569,liboqs,iot
Falcon-512,sign,148086,0.148086,4.7,0.0,256,897,752,570,liboqs,iot
Falcon-512,sign,147774,0.147774,4.7,0.0,256,897,752,571,liboqs,iot
Falcon-512,sign,146322,0.146322,4.7,0.0,256,897,752,572,liboqs,iot
Falcon-512,sign,158935,0.158935,4.7,0.0,256,897,752,573,liboqs,iot
Falcon-512,sign,151431,0.151431,4.7,0.0,256,897,752,574,liboqs,iot
Falcon-512,sign,149597,0.149597,4.7,0.0,256,897,752,575,liboqs,iot
Falcon-512,sign,154023,0.154023,4.7,0.0,256,897,752,576,liboqs,iot
Falcon-512,sign,151508,0.151508,4.7,0.0,256,897,752,577,liboqs,iot
Falcon-512,sign,148120,0.14812,4.7,0.0,256,897,752,578,liboqs,iot
Falcon-512,sign,150065,0.150065,4.7,0.0,256,897,752,579,liboqs,iot
Falcon-512,sign,150161,0.150161,4.7,0.0,256,897,752,580,liboqs,iot
Falcon-512,sign,155634,0.155634,4.7,0.0,256,897,752,581,liboqs,iot
Falcon-512,sign,152523,0.152523,4.69,0.0,256,897,752,582,liboqs,iot
Falcon-512,sign,151021,0.151021,4.7,0.0,256,897,752,583,liboqs,iot
Falcon-512,sign,171596,0.171596,4.7,0.0,256,897,752,584,liboqs,iot
Falcon-512,sign,159324,0.159324,4.7,0.0,256,897,752,585,liboqs,iot
Falcon-512,sign,170889,0.170889,4.7,0.0,256,897,752,586,liboqs,iot
Falcon-512,sign,157344,0.157344,4.7,0.0,256,897,752,587,liboqs,iot
Falcon-512,sign,152895,0.152895,4.7,0.0,256,897,752,588,liboqs,iot
Falcon-512,sign,152867,0.152867,4.7,0.0,256,897,752,589,liboqs,iot
Falcon-512,sign,150103,0.150103,4.7,0.0,256,897,752,590,liboqs,iot
Falcon-512,sign,153673,0.153673,4.7,0.0,256,897,752,591,liboqs,iot
Falcon-512,sign,147907,0.147907,4.7,0.0,256,897,752,592,liboqs,iot
Falcon-512,sign,147183,0.147183,4.7,0.0,256,897,752,593,liboqs,iot
Falcon-512,sign,146581,0.146581,4.7,0.0,256,897,752,594,liboqs,iot
Falcon-512,sign,148586,0.148586,4.69,0.0,256,897,752,595,liboqs,iot
Falcon-512,sign,149349,0.149349,4.7,0.0,256,897,752,596,liboqs,iot
Falcon-512,sign,166379,0.166379,4.7,0.0,256,897,752,597,liboqs,iot
Falcon-512,sign,150390,0.15039,4.7,0.0,256,897,752,598,liboqs,iot
Falcon-512,sign,144663,0.144663,4.7,0.0,256,897,752,599,liboqs,iot
Falcon-512,sign,161329,0.161329,4.7,0.0,256,897,752,600,liboqs,iot
Falcon-512,sign,187027,0.187027,6.91,0.0,256,897,752,601,liboqs,iot
Falcon-512,sign,145381,0.145381,4.7,0.0,256,897,752,602,liboqs,iot
Falcon-512,sign,145021,0.145021,4.7,0.0,256,897,752,603,liboqs,iot
Falcon-512,sign,146933,0.146933,4.7,0.0,256,897,752,604,liboqs,iot
Falcon-512,sign,145234,0.145234,4.7,0.0,256,897,752,605,liboqs,iot
Falcon-512,sign,174037,0.174037,4.7,0.0,256,897,752,606,liboqs,iot
Falcon-512,sign,164823,0.164823,4.7,0.0,256,897,752,607,liboqs,iot
Falcon-512,sign,155004,0.155004,4.7,0.0,256,897,752,608,liboqs,iot
Falcon-512,sign,145081,0.145081,4.7,0.0,256,897,752,609,liboqs,iot
Falcon-512,sign,147245,0.147245,4.7,0.0,256,897,752,610,liboqs,iot
Falcon-512,sign,147541,0.147541,4.7,0.0,256,897,752,611,liboqs,iot
Falcon-512,sign,149865,0.149865,4.7,0.0,256,897,752,612,liboqs,iot
Falcon-512,sign,150938,0.150938,4.7,0.0,256,897,752,613,liboqs,iot
Falcon-512,sign,149145,0.149145,4.69,0.0,256,897,752,614,liboqs,iot
Falcon-512,sign,148377,0.148377,4.7,0.0,256,897,752,615,liboqs,iot
Falcon-512,sign,147181,0.147181,4.69,0.0,256,897,752,616,liboqs,iot
Falcon-512,sign,148612,0.148612,4.69,0.0,256,897,752,617,liboqs,iot
Falcon-512,sign,143999,0.143999,4.7,0.0,256,897,752,618,liboqs,iot
Falcon-512,sign,155897,0.155897,4.7,0.0,256,897,752,619,liboqs,iot
Falcon-512,sign,150964,0.150964,4.7,0.0,256,897,752,620,liboqs,iot
Falcon-512,sign,146881,0.146881,4.7,0.0,256,897,752,621,liboqs,iot
Falcon-512,sign,146684,0.146684,4.7,0.0,256,897,752,622,liboqs,iot
Falcon-512,sign,147253,0.147253,4.7,0.0,256,897,752,623,liboqs,iot
Falcon-512,sign,146301,0.146301,4.7,0.0,256,897,752,624,liboqs,iot
Falcon-512,sign,144375,0.144375,4.69,0.0,256,897,752,625,liboqs,iot
Falcon-512,sign,145989,0.145989,4.69,0.0,256,897,752,626,liboqs,iot
Falcon-512,sign,144891,0.144891,4.69,0.0,256,897,752,627,liboqs,iot
Falcon-512,sign,168782,0.168782,4.7,0.0,256,897,752,628,liboqs,iot
Falcon-512,sign,154523,0.154523,4.7,0.0,256,897,752,629,liboqs,iot
Falcon-512,sign,148181,0.148181,4.7,0.0,256,897,752,630,liboqs,iot
Falcon-512,sign,144450,0.14445,4.7,0.0,256,897,752,631,liboqs,iot
Falcon-512,sign,160414,0.160414,4.7,0.0,256,897,752,632,liboqs,iot
Falcon-512,sign,155373,0.155373,4.7,0.0,256,897,752,633,liboqs,iot
Falcon-512,sign,149297,0.149297,4.7,0.0,256,897,752,634,liboqs,iot
Falcon-512,sign,152371,0.152371,4.7,0.0,256,897,752,635,liboqs,iot
Falcon-512,sign,153454,0.153454,4.7,0.0,256,897,752,636,liboqs,iot
Falcon-512,sign,152475,0.152475,4.7,0.0,256,897,752,637,liboqs,iot
Falcon-512,sign,145330,0.14533,4.69,0.0,256,897,752,638,liboqs,iot
Falcon-512,sign,147473,0.147473,4.7,0.0,256,897,752,639,liboqs,iot
Falcon-512,sign,146979,0.146979,4.7,0.0,256,897,752,640,liboqs,iot
Falcon-512,sign,146596,0.146596,4.7,0.0,256,897,752,641,liboqs,iot
Falcon-512,sign,144347,0.144347,4.7,0.0,256,897,752,642,liboqs,iot
Falcon-512,sign,149072,0.149072,4.69,0.0,256,897,752,643,liboqs,iot
Falcon-512,sign,165274,0.165274,4.7,0.0,256,897,752,644,liboqs,iot
Falcon-512,sign,162306,0.162306,4.7,0.0,256,897,752,645,liboqs,iot
Falcon-512,sign,158706,0.158706,4.7,0.0,256,897,752,646,liboqs,iot
Falcon-512,sign,153842,0.153842,4.7,0.0,256,897,752,647,liboqs,iot
Falcon-512,sign,146552,0.146552,4.7,0.0,256,897,752,648,liboqs,iot
Falcon-512,sign,145800,0.1458,4.69,0.0,256,897,752,649,liboqs,iot
Falcon-512,sign,148443,0.148443,4.7,0.0,256,897,752,650,liboqs,iot
Falcon-512,sign,167193,0.167193,4.7,0.0,256,897,752,651,liboqs,iot
Falcon-512,sign,156418,0.156418,4.7,0.0,256,897,752,652,liboqs,iot
Falcon-512,sign,150301,0.150301,4.7,0.0,256,897,752,653,liboqs,iot
Falcon-512,sign,150072,0.150072,4.69,0.0,256,897,752,654,liboqs,iot
Falcon-512,sign,145525,0.145525,4.7,0.0,256,897,752,655,liboqs,iot
Falcon-512,sign,145748,0.145748,4.7,0.0,256,897,752,656,liboqs,iot
Falcon-512,sign,146426,0.146426,4.7,0.0,256,897,752,657,liboqs,iot
Falcon-512,sign,164392,0.164392,4.7,0.0,256,897,752,658,liboqs,iot
Falcon-512,sign,152906,0.152906,4.7,0.0,256,897,752,659,liboqs,iot
Falcon-512,sign,148201,0.148201,4.7,0.0,256,897,752,660,liboqs,iot
Falcon-512,sign,145484,0.145484,4.7,0.0,256,897,752,661,liboqs,iot
Falcon-512,sign,145407,0.145407,4.69,0.0,256,897,752,662,liboqs,iot
Falcon-512,sign,145993,0.145993,4.7,0.0,256,897,752,663,liboqs,iot
Falcon-512,sign,146868,0.146868,4.7,0.0,256,897,752,664,liboqs,iot
Falcon-512,sign,144767,0.144767,4.7,0.0,256,897,752,665,liboqs,iot
Falcon-512,sign,144691,0.144691,4.7,0.0,256,897,752,666,liboqs,iot
Falcon-512,sign,146042,0.146042,4.7,0.0,256,897,752,667,liboqs,iot
Falcon-512,sign,143593,0.143593,4.7,0.0,256,897,752,668,liboqs,iot
Falcon-512,sign,147675,0.147675,4.7,0.0,256,897,752,669,liboqs,iot
Falcon-512,sign,155495,0.155495,4.7,0.0,256,897,752,670,liboqs,iot
Falcon-512,sign,153568,0.153568,4.7,0.0,256,897,752,671,liboqs,iot
Falcon-512,sign,146770,0.14677,4.7,0.0,256,897,752,672,liboqs,iot
Falcon-512,sign,145913,0.145913,4.7,0.0,256,897,752,673,liboqs,iot
Falcon-512,sign,145246,0.145246,4.7,0.0,256,897,752,674,liboqs,iot
Falcon-512,sign,144592,0.144592,4.7,0.0,256,897,752,675,liboqs,iot
Falcon-512,sign,144575,0.144575,4.7,0.0,256,897,752,676,liboqs,iot
Falcon-512,sign,145619,0.145619,4.7,0.0,256,897,752,677,liboqs,iot
Falcon-512,sign,153493,0.153493,4.7,0.0,256,897,752,678,liboqs,iot
Falcon-512,sign,149837,0.149837,4.7,0.0,256,897,752,679,liboqs,iot
Falcon-512,sign,148131,0.148131,4.69,0.0,256,897,752,680,liboqs,iot
Falcon-512,sign,144474,0.144474,4.7,0.0,256,897,752,681,liboqs,iot
Falcon-512,sign,144757,0.144757,4.69,0.0,256,897,752,682,liboqs,iot
Falcon-512,sign,156339,0.156339,4.7,0.0,256,897,752,683,liboqs,iot
Falcon-512,sign,151560,0.15156,4.7,0.0,256,897,752,684,liboqs,iot
Falcon-512,sign,156172,0.156172,4.7,0.0,256,897,752,685,liboqs,iot
Falcon-512,sign,147698,0.147698,4.7,0.0,256,897,752,686,liboqs,iot
Falcon-512,sign,148030,0.14803,4.7,0.0,256,897,752,687,liboqs,iot
Falcon-512,sign,145874,0.145874,4.7,0.0,256,897,752,688,liboqs,iot
Falcon-512,sign,145213,0.145213,4.7,0.0,256,897,752,689,liboqs,iot
Falcon-512,sign,148827,0.148827,4.7,0.0,256,897,752,690,liboqs,iot
Falcon-512,sign,144300,0.1443,4.7,0.0,256,897,752,691,liboqs,iot
Falcon-512,sign,147126,0.147126,4.7,0.0,256,897,752,692,liboqs,iot
Falcon-512,sign,142531,0.142531,4.7,0.0,256,897,752,693,liboqs,iot
Falcon-512,sign,143493,0.143493,4.7,0.0,256,897,752,694,liboqs,iot
Falcon-512,sign,155372,0.155372,4.69,0.0,256,897,752,695,liboqs,iot
Falcon-512,sign,150926,0.150926,4.7,0.0,256,897,752,696,liboqs,iot
Falcon-512,sign,149670,0.14967,4.7,0.0,256,897,752,697,liboqs,iot
Falcon-512,sign,145404,0.145404,4.7,0.0,256,897,752,698,liboqs,iot
Falcon-512,sign,144340,0.14434,4.7,0.0,256,897,752,699,liboqs,iot
Falcon-512,sign,146029,0.146029,4.7,0.0,256,897,752,700,liboqs,iot
Falcon-512,sign,145122,0.145122,4.7,0.0,256,897,752,701,liboqs,iot
Falcon-512,sign,141593,0.141593,4.7,0.0,256,897,752,702,liboqs,iot
Falcon-512,sign,147145,0.147145,4.7,0.0,256,897,752,703,liboqs,iot
Falcon-512,sign,148511,0.148511,4.7,0.0,256,897,752,704,liboqs,iot
Falcon-512,sign,147786,0.147786,4.7,0.0,256,897,752,705,liboqs,iot
Falcon-512,sign,145058,0.145058,4.7,0.0,256,897,752,706,liboqs,iot
Falcon-512,sign,149514,0.149514,4.7,0.0,256,897,752,707,liboqs,iot
Falcon-512,sign,154418,0.154418,4.7,0.0,256,897,752,708,liboqs,iot
Falcon-512,sign,149916,0.149916,4.7,0.0,256,897,752,709,liboqs,iot
Falcon-512,sign,151524,0.151524,4.7,0.0,256,897,752,710,liboqs,iot
Falcon-512,sign,146793,0.146793,4.7,0.0,256,897,752,711,liboqs,iot
Falcon-512,sign,159824,0.159824,4.7,0.0,256,897,752,712,liboqs,iot
Falcon-512,sign,145698,0.145698,4.7,0.0,256,897,752,713,liboqs,iot
Falcon-512,sign,144975,0.144975,4.7,0.0,256,897,752,714,liboqs,iot
Falcon-512,sign,144368,0.144368,4.7,0.0,256,897,752,715,liboqs,iot
Falcon-512,sign,143936,0.143936,4.7,0.0,256,897,752,716,liboqs,iot
Falcon-512,sign,144661,0.144661,4.7,0.0,256,897,752,717,liboqs,iot
Falcon-512,sign,143081,0.143081,4.7,0.0,256,897,752,718,liboqs,iot
Falcon-512,sign,143600,0.1436,4.7,0.0,256,897,752,719,liboqs,iot
Falcon-512,sign,157624,0.157624,4.7,0.0,256,897,752,720,liboqs,iot
Falcon-512,sign,162409,0.162409,4.7,0.0,256,897,752,721,liboqs,iot
Falcon-512,sign,153083,0.153083,4.7,0.0,256,897,752,722,liboqs,iot
Falcon-512,sign,147392,0.147392,4.7,0.0,256,897,752,723,liboqs,iot
Falcon-512,sign,146370,0.14637,4.7,0.0,256,897,752,724,liboqs,iot
Falcon-512,sign,144553,0.144553,4.7,0.0,256,897,752,725,liboqs,iot
Falcon-512,sign,146273,0.146273,4.7,0.0,256,897,752,726,liboqs,iot
Falcon-512,sign,145434,0.145434,4.69,0.0,256,897,752,727,liboqs,iot
Falcon-512,sign,141860,0.14186,4.7,0.0,256,897,752,728,liboqs,iot
Falcon-512,sign,143655,0.143655,4.7,0.0,256,897,752,729,liboqs,iot
Falcon-512,sign,144497,0.144497,4.7,0.0,256,897,752,730,liboqs,iot
Falcon-512,sign,141737,0.141737,4.7,0.0,256,897,752,731,liboqs,iot
Falcon-512,sign,140447,0.140447,4.7,0.0,256,897,752,732,liboqs,iot
Falcon-512,sign,154239,0.154239,4.7,0.0,256,897,752,733,liboqs,iot
Falcon-512,sign,152814,0.152814,4.7,0.0,256,897,752,734,liboqs,iot
Falcon-512,sign,149041,0.149041,4.7,0.0,256,897,752,735,liboqs,iot
Falcon-512,sign,148691,0.148691,4.7,0.0,256,897,752,736,liboqs,iot
Falcon-512,sign,160922,0.160922,4.7,0.0,256,897,752,737,liboqs,iot
Falcon-512,sign,161376,0.161376,4.7,0.0,256,897,752,738,liboqs,iot
Falcon-512,sign,147504,0.147504,4.7,0.0,256,897,752,739,liboqs,iot
Falcon-512,sign,146783,0.146783,4.7,0.0,256,897,752,740,liboqs,iot
Falcon-512,sign,144372,0.144372,4.7,0.0,256,897,752,741,liboqs,iot
Falcon-512,sign,144728,0.144728,4.7,0.0,256,897,752,742,liboqs,iot
Falcon-512,sign,146877,0.146877,4.7,0.0,256,897,752,743,liboqs,iot
Falcon-512,sign,155749,0.155749,4.7,0.0,256,897,752,744,liboqs,iot
Falcon-512,sign,154074,0.154074,4.7,0.0,256,897,752,745,liboqs,iot
Falcon-512,sign,149738,0.149738,4.7,0.0,256,897,752,746,liboqs,iot
Falcon-512,sign,145564,0.145564,4.7,0.0,256,897,752,747,liboqs,iot
Falcon-512,sign,144794,0.144794,4.7,0.0,256,897,752,748,liboqs,iot
Falcon-512,sign,145352,0.145352,4.7,0.0,256,897,752,749,liboqs,iot
Falcon-512,sign,149572,0.149572,4.7,0.0,256,897,752,750,liboqs,iot
Falcon-512,sign,145666,0.145666,4.7,0.0,256,897,752,751,liboqs,iot
Falcon-512,sign,142736,0.142736,4.7,0.0,256,897,752,752,liboqs,iot
Falcon-512,sign,230521,0.230521,4.7,0.0,256,897,752,753,liboqs,iot
Falcon-512,sign,216187,0.216187,4.7,0.0,256,897,752,754,liboqs,iot
Falcon-512,sign,259352,0.259352,4.7,0.0,256,897,752,755,liboqs,iot
Falcon-512,sign,188493,0.188493,4.7,0.0,256,897,752,756,liboqs,iot
Falcon-512,sign,155044,0.155044,4.7,0.0,256,897,752,757,liboqs,iot
Falcon-512,sign,148632,0.148632,4.7,0.0,256,897,752,758,liboqs,iot
Falcon-512,sign,147189,0.147189,4.7,0.0,256,897,752,759,liboqs,iot
Falcon-512,sign,150689,0.150689,4.7,0.0,256,897,752,760,liboqs,iot
Falcon-512,sign,344349,0.344349,4.7,0.0,256,897,752,761,liboqs,iot
Falcon-512,sign,201359,0.201359,4.7,0.0,256,897,752,762,liboqs,iot
Falcon-512,sign,181906,0.181906,4.7,0.0,256,897,752,763,liboqs,iot
Falcon-512,sign,157520,0.15752,4.7,0.0,256,897,752,764,liboqs,iot
Falcon-512,sign,154899,0.154899,4.7,0.0,256,897,752,765,liboqs,iot
Falcon-512,sign,167929,0.167929,4.7,0.0,256,897,752,766,liboqs,iot
Falcon-512,sign,155705,0.155705,4.7,0.0,256,897,752,767,liboqs,iot
Falcon-512,sign,147243,0.147243,4.7,0.0,256,897,752,768,liboqs,iot
Falcon-512,sign,147330,0.14733,4.7,0.0,256,897,752,769,liboqs,iot
Falcon-512,sign,145128,0.145128,4.7,0.0,256,897,752,770,liboqs,iot
Falcon-512,sign,145463,0.145463,4.7,0.0,256,897,752,771,liboqs,iot
Falcon-512,sign,145497,0.145497,4.7,0.0,256,897,752,772,liboqs,iot
Falcon-512,sign,148545,0.148545,4.7,0.0,256,897,752,773,liboqs,iot
Falcon-512,sign,144740,0.14474,4.7,0.0,256,897,752,774,liboqs,iot
Falcon-512,sign,195441,0.195441,4.7,0.0,256,897,752,775,liboqs,iot
Falcon-512,sign,190842,0.190842,4.7,0.0,256,897,752,776,liboqs,iot
Falcon-512,sign,155102,0.155102,4.7,0.0,256,897,752,777,liboqs,iot
Falcon-512,sign,152590,0.15259,4.7,0.0,256,897,752,778,liboqs,iot
Falcon-512,sign,150392,0.150392,4.7,0.0,256,897,752,779,liboqs,iot
Falcon-512,sign,147010,0.14701,4.7,0.0,256,897,752,780,liboqs,iot
Falcon-512,sign,149039,0.149039,4.7,0.0,256,897,752,781,liboqs,iot
Falcon-512,sign,148194,0.148194,4.7,0.0,256,897,752,782,liboqs,iot
Falcon-512,sign,145404,0.145404,4.7,0.0,256,897,752,783,liboqs,iot
Falcon-512,sign,146838,0.146838,4.7,0.0,256,897,752,784,liboqs,iot
Falcon-512,sign,158308,0.158308,4.7,0.0,256,897,752,785,liboqs,iot
Falcon-512,sign,154818,0.154818,4.7,0.0,256,897,752,786,liboqs,iot
Falcon-512,sign,157956,0.157956,4.69,0.0,256,897,752,787,liboqs,iot
Falcon-512,sign,146465,0.146465,4.7,0.0,256,897,752,788,liboqs,iot
Falcon-512,sign,147492,0.147492,4.7,0.0,256,897,752,789,liboqs,iot
Falcon-512,sign,145534,0.145534,4.7,0.0,256,897,752,790,liboqs,iot
Falcon-512,sign,146191,0.146191,4.7,0.0,256,897,752,791,liboqs,iot
Falcon-512,sign,146129,0.146129,4.7,0.0,256,897,752,792,liboqs,iot
Falcon-512,sign,144126,0.144126,4.7,0.0,256,897,752,793,liboqs,iot
Falcon-512,sign,144779,0.144779,4.7,0.0,256,897,752,794,liboqs,iot
Falcon-512,sign,162320,0.16232,4.7,0.0,256,897,752,795,liboqs,iot
Falcon-512,sign,151582,0.151582,4.7,0.0,256,897,752,796,liboqs,iot
Falcon-512,sign,149670,0.14967,4.7,0.0,256,897,752,797,liboqs,iot
Falcon-512,sign,154993,0.154993,4.7,0.0,256,897,752,798,liboqs,iot
Falcon-512,sign,151688,0.151688,4.7,0.0,256,897,752,799,liboqs,iot
Falcon-512,sign,147744,0.147744,4.69,0.0,256,897,752,800,liboqs,iot
Falcon-512,sign,147717,0.147717,4.7,0.0,256,897,752,801,liboqs,iot
Falcon-512,sign,145648,0.145648,4.7,0.0,256,897,752,802,liboqs,iot
Falcon-512,sign,150088,0.150088,4.7,0.0,256,897,752,803,liboqs,iot
Falcon-512,sign,148034,0.148034,4.7,0.0,256,897,752,804,liboqs,iot
Falcon-512,sign,144950,0.14495,4.7,0.0,256,897,752,805,liboqs,iot
Falcon-512,sign,145226,0.145226,4.7,0.0,256,897,752,806,liboqs,iot
Falcon-512,sign,146762,0.146762,4.7,0.0,256,897,752,807,liboqs,iot
Falcon-512,sign,146136,0.146136,4.7,0.0,256,897,752,808,liboqs,iot
Falcon-512,sign,146385,0.146385,4.7,0.0,256,897,752,809,liboqs,iot
Falcon-512,sign,154990,0.15499,4.7,0.0,256,897,752,810,liboqs,iot
Falcon-512,sign,151533,0.151533,4.69,0.0,256,897,752,811,liboqs,iot
Falcon-512,sign,160258,0.160258,4.7,0.0,256,897,752,812,liboqs,iot
Falcon-512,sign,154570,0.15457,4.7,0.0,256,897,752,813,liboqs,iot
Falcon-512,sign,151145,0.151145,4.7,0.0,256,897,752,814,liboqs,iot
Falcon-512,sign,145548,0.145548,4.7,0.0,256,897,752,815,liboqs,iot
Falcon-512,sign,142617,0.142617,4.7,0.0,256,897,752,816,liboqs,iot
Falcon-512,sign,142109,0.142109,4.7,0.0,256,897,752,817,liboqs,iot
Falcon-512,sign,153626,0.153626,4.7,0.0,256,897,752,818,liboqs,iot
Falcon-512,sign,148503,0.148503,4.7,0.0,256,897,752,819,liboqs,iot
Falcon-512,sign,147131,0.147131,4.7,0.0,256,897,752,820,liboqs,iot
Falcon-512,sign,147645,0.147645,4.7,0.0,256,897,752,821,liboqs,iot
Falcon-512,sign,146374,0.146374,4.7,0.0,256,897,752,822,liboqs,iot
Falcon-512,sign,157324,0.157324,4.7,0.0,256,897,752,823,liboqs,iot
Falcon-512,sign,159515,0.159515,4.7,0.0,256,897,752,824,liboqs,iot
Falcon-512,sign,148409,0.148409,4.7,0.0,256,897,752,825,liboqs,iot
Falcon-512,sign,147360,0.14736,4.7,0.0,256,897,752,826,liboqs,iot
Falcon-512,sign,147884,0.147884,4.7,0.0,256,897,752,827,liboqs,iot
Falcon-512,sign,150326,0.150326,4.7,0.0,256,897,752,828,liboqs,iot
Falcon-512,sign,145745,0.145745,4.7,0.0,256,897,752,829,liboqs,iot
Falcon-512,sign,148980,0.14898,4.7,0.0,256,897,752,830,liboqs,iot
Falcon-512,sign,163356,0.163356,4.7,0.0,256,897,752,831,liboqs,iot
Falcon-512,sign,153592,0.153592,4.7,0.0,256,897,752,832,liboqs,iot
Falcon-512,sign,147633,0.147633,4.7,0.0,256,897,752,833,liboqs,iot
Falcon-512,sign,152595,0.152595,4.7,0.0,256,897,752,834,liboqs,iot
Falcon-512,sign,167386,0.167386,4.7,0.0,256,897,752,835,liboqs,iot
Falcon-512,sign,160319,0.160319,4.7,0.0,256,897,752,836,liboqs,iot
Falcon-512,sign,156455,0.156455,4.7,0.0,256,897,752,837,liboqs,iot
Falcon-512,sign,176230,0.17623,4.7,0.0,256,897,752,838,liboqs,iot
Falcon-512,sign,156769,0.156769,4.7,0.0,256,897,752,839,liboqs,iot
Falcon-512,sign,174427,0.174427,4.7,0.0,256,897,752,840,liboqs,iot
Falcon-512,sign,165631,0.165631,4.7,0.0,256,897,752,841,liboqs,iot
Falcon-512,sign,153947,0.153947,4.7,0.0,256,897,752,842,liboqs,iot
Falcon-512,sign,148877,0.148877,4.7,0.0,256,897,752,843,liboqs,iot
Falcon-512,sign,149382,0.149382,4.7,0.0,256,897,752,844,liboqs,iot
Falcon-512,sign,147487,0.147487,4.7,0.0,256,897,752,845,liboqs,iot
Falcon-512,sign,145129,0.145129,4.7,0.0,256,897,752,846,liboqs,iot
Falcon-512,sign,164944,0.164944,4.7,0.0,256,897,752,847,liboqs,iot
Falcon-512,sign,152970,0.15297,4.7,0.0,256,897,752,848,liboqs,iot
Falcon-512,sign,146126,0.146126,4.7,0.0,256,897,752,849,liboqs,iot
Falcon-512,sign,146391,0.146391,4.7,0.0,256,897,752,850,liboqs,iot
Falcon-512,sign,146660,0.14666,4.7,0.0,256,897,752,851,liboqs,iot
Falcon-512,sign,145114,0.145114,4.7,0.0,256,897,752,852,liboqs,iot
Falcon-512,sign,145582,0.145582,4.7,0.0,256,897,752,853,liboqs,iot
Falcon-512,sign,146615,0.146615,4.7,0.0,256,897,752,854,liboqs,iot
Falcon-512,sign,160478,0.160478,4.7,0.0,256,897,752,855,liboqs,iot
Falcon-512,sign,149319,0.149319,4.7,0.0,256,897,752,856,liboqs,iot
Falcon-512,sign,617954,0.617954,4.7,0.0,256,897,752,857,liboqs,iot
Falcon-512,sign,239899,0.239899,4.7,0.0,256,897,752,858,liboqs,iot
Falcon-512,sign,169250,0.16925,4.7,0.0,256,897,752,859,liboqs,iot
Falcon-512,sign,171397,0.171397,4.7,0.0,256,897,752,860,liboqs,iot
Falcon-512,sign,156085,0.156085,4.7,0.0,256,897,752,861,liboqs,iot
Falcon-512,sign,148993,0.148993,4.7,0.0,256,897,752,862,liboqs,iot
Falcon-512,sign,147783,0.147783,4.7,0.0,256,897,752,863,liboqs,iot
Falcon-512,sign,149992,0.149992,4.7,0.0,256,897,752,864,liboqs,iot
Falcon-512,sign,147838,0.147838,4.7,0.0,256,897,752,865,liboqs,iot
Falcon-512,sign,147551,0.147551,4.7,0.0,256,897,752,866,liboqs,iot
Falcon-512,sign,147670,0.14767,4.7,0.0,256,897,752,867,liboqs,iot
Falcon-512,sign,161520,0.16152,4.7,0.0,256,897,752,868,liboqs,iot
Falcon-512,sign,150458,0.150458,4.7,0.0,256,897,752,869,liboqs,iot
Falcon-512,sign,145641,0.145641,4.7,0.0,256,897,752,870,liboqs,iot
Falcon-512,sign,146934,0.146934,4.7,0.0,256,897,752,871,liboqs,iot
Falcon-512,sign,146987,0.146987,4.7,0.0,256,897,752,872,liboqs,iot
Falcon-512,sign,144631,0.144631,4.7,0.0,256,897,752,873,liboqs,iot
Falcon-512,sign,144519,0.144519,4.7,0.0,256,897,752,874,liboqs,iot
Falcon-512,sign,143822,0.143822,4.7,0.0,256,897,752,875,liboqs,iot
Falcon-512,sign,145262,0.145262,4.7,0.0,256,897,752,876,liboqs,iot
Falcon-512,sign,146441,0.146441,4.7,0.0,256,897,752,877,liboqs,iot
Falcon-512,sign,145250,0.14525,4.7,0.0,256,897,752,878,liboqs,iot
Falcon-512,sign,146122,0.146122,4.7,0.0,256,897,752,879,liboqs,iot
Falcon-512,sign,146058,0.146058,4.7,0.0,256,897,752,880,liboqs,iot
Falcon-512,sign,156707,0.156707,4.69,0.0,256,897,752,881,liboqs,iot
Falcon-512,sign,149618,0.149618,4.7,0.0,256,897,752,882,liboqs,iot
Falcon-512,sign,145886,0.145886,4.7,0.0,256,897,752,883,liboqs,iot
Falcon-512,sign,147248,0.147248,4.7,0.0,256,897,752,884,liboqs,iot
Falcon-512,sign,143107,0.143107,4.7,0.0,256,897,752,885,liboqs,iot
Falcon-512,sign,144891,0.144891,4.7,0.0,256,897,752,886,liboqs,iot
Falcon-512,sign,150686,0.150686,4.7,0.0,256,897,752,887,liboqs,iot
Falcon-512,sign,144318,0.144318,4.7,0.0,256,897,752,888,liboqs,iot
Falcon-512,sign,147307,0.147307,4.69,0.0,256,897,752,889,liboqs,iot
Falcon-512,sign,145305,0.145305,4.7,0.0,256,897,752,890,liboqs,iot
Falcon-512,sign,147802,0.147802,4.7,0.0,256,897,752,891,liboqs,iot
Falcon-512,sign,146094,0.146094,4.7,0.0,256,897,752,892,liboqs,iot
Falcon-512,sign,144340,0.14434,4.7,0.0,256,897,752,893,liboqs,iot
Falcon-512,sign,145828,0.145828,4.7,0.0,256,897,752,894,liboqs,iot
Falcon-512,sign,220552,0.220552,4.69,0.0,256,897,752,895,liboqs,iot
Falcon-512,sign,159015,0.159015,4.7,0.0,256,897,752,896,liboqs,iot
Falcon-512,sign,149510,0.14951,4.7,0.0,256,897,752,897,liboqs,iot
Falcon-512,sign,146451,0.146451,4.7,0.0,256,897,752,898,liboqs,iot
Falcon-512,sign,198836,0.198836,4.7,0.0,256,897,752,899,liboqs,iot
Falcon-512,sign,232661,0.232661,4.7,0.0,256,897,752,900,liboqs,iot
Falcon-512,sign,154979,0.154979,4.7,0.0,256,897,752,901,liboqs,iot
Falcon-512,sign,148299,0.148299,4.7,0.0,256,897,752,902,liboqs,iot
Falcon-512,sign,147612,0.147612,4.7,0.0,256,897,752,903,liboqs,iot
Falcon-512,sign,146720,0.14672,4.7,0.0,256,897,752,904,liboqs,iot
Falcon-512,sign,145119,0.145119,4.69,0.0,256,897,752,905,liboqs,iot
Falcon-512,sign,144574,0.144574,4.7,0.0,256,897,752,906,liboqs,iot
Falcon-512,sign,144539,0.144539,4.7,0.0,256,897,752,907,liboqs,iot
Falcon-512,sign,145729,0.145729,4.7,0.0,256,897,752,908,liboqs,iot
Falcon-512,sign,143909,0.143909,4.7,0.0,256,897,752,909,liboqs,iot
Falcon-512,sign,160732,0.160732,4.7,0.0,256,897,752,910,liboqs,iot
Falcon-512,sign,151035,0.151035,4.7,0.0,256,897,752,911,liboqs,iot
Falcon-512,sign,156127,0.156127,4.7,0.0,256,897,752,912,liboqs,iot
Falcon-512,sign,147144,0.147144,4.71,0.0,256,897,752,913,liboqs,iot
Falcon-512,sign,149274,0.149274,4.7,0.0,256,897,752,914,liboqs,iot
Falcon-512,sign,144933,0.144933,4.7,0.0,256,897,752,915,liboqs,iot
Falcon-512,sign,146091,0.146091,4.7,0.0,256,897,752,916,liboqs,iot
Falcon-512,sign,145513,0.145513,4.7,0.0,256,897,752,917,liboqs,iot
Falcon-512,sign,143121,0.143121,4.7,0.0,256,897,752,918,liboqs,iot
Falcon-512,sign,142982,0.142982,4.7,0.0,256,897,752,919,liboqs,iot
Falcon-512,sign,144427,0.144427,4.7,0.0,256,897,752,920,liboqs,iot
Falcon-512,sign,145642,0.145642,4.7,0.0,256,897,752,921,liboqs,iot
Falcon-512,sign,145641,0.145641,4.7,0.0,256,897,752,922,liboqs,iot
Falcon-512,sign,154673,0.154673,4.7,0.0,256,897,752,923,liboqs,iot
Falcon-512,sign,152263,0.152263,4.7,0.0,256,897,752,924,liboqs,iot
Falcon-512,sign,146238,0.146238,4.7,0.0,256,897,752,925,liboqs,iot
Falcon-512,sign,146512,0.146512,4.7,0.0,256,897,752,926,liboqs,iot
Falcon-512,sign,153761,0.153761,4.7,0.0,256,897,752,927,liboqs,iot
Falcon-512,sign,146044,0.146044,4.7,0.0,256,897,752,928,liboqs,iot
Falcon-512,sign,146255,0.146255,4.7,0.0,256,897,752,929,liboqs,iot
Falcon-512,sign,147883,0.147883,4.7,0.0,256,897,752,930,liboqs,iot
Falcon-512,sign,145834,0.145834,4.7,0.0,256,897,752,931,liboqs,iot
Falcon-512,sign,143633,0.143633,4.7,0.0,256,897,752,932,liboqs,iot
Falcon-512,sign,144489,0.144489,4.7,0.0,256,897,752,933,liboqs,iot
Falcon-512,sign,146773,0.146773,4.7,0.0,256,897,752,934,liboqs,iot
Falcon-512,sign,144015,0.144015,4.7,0.0,256,897,752,935,liboqs,iot
Falcon-512,sign,144479,0.144479,4.7,0.0,256,897,752,936,liboqs,iot
Falcon-512,sign,155388,0.155388,4.7,0.0,256,897,752,937,liboqs,iot
Falcon-512,sign,151624,0.151624,4.7,0.0,256,897,752,938,liboqs,iot
Falcon-512,sign,152747,0.152747,4.7,0.0,256,897,752,939,liboqs,iot
Falcon-512,sign,150243,0.150243,4.7,0.0,256,897,752,940,liboqs,iot
Falcon-512,sign,143842,0.143842,4.7,0.0,256,897,752,941,liboqs,iot
Falcon-512,sign,537937,0.537937,4.7,0.0,256,897,752,942,liboqs,iot
Falcon-512,sign,191570,0.19157,6.85,0.0,256,897,752,943,liboqs,iot
Falcon-512,sign,154773,0.154773,4.63,0.0,256,897,752,944,liboqs,iot
Falcon-512,sign,163508,0.163508,4.63,0.0,256,897,752,945,liboqs,iot
Falcon-512,sign,159886,0.159886,4.64,0.0,256,897,752,946,liboqs,iot
Falcon-512,sign,152728,0.152728,4.7,0.0,256,897,752,947,liboqs,iot
Falcon-512,sign,148782,0.148782,4.7,0.0,256,897,752,948,liboqs,iot
Falcon-512,sign,149138,0.149138,4.69,0.0,256,897,752,949,liboqs,iot
Falcon-512,sign,150939,0.150939,4.7,0.0,256,897,752,950,liboqs,iot
Falcon-512,sign,148570,0.14857,4.7,0.0,256,897,752,951,liboqs,iot
Falcon-512,sign,154306,0.154306,4.7,0.0,256,897,752,952,liboqs,iot
Falcon-512,sign,158591,0.158591,4.7,0.0,256,897,752,953,liboqs,iot
Falcon-512,sign,147946,0.147946,4.7,0.0,256,897,752,954,liboqs,iot
Falcon-512,sign,147905,0.147905,4.7,0.0,256,897,752,955,liboqs,iot
Falcon-512,sign,148770,0.14877,4.7,0.0,256,897,752,956,liboqs,iot
Falcon-512,sign,163909,0.163909,4.7,0.0,256,897,752,957,liboqs,iot
Falcon-512,sign,152999,0.152999,4.7,0.0,256,897,752,958,liboqs,iot
Falcon-512,sign,153357,0.153357,4.7,0.0,256,897,752,959,liboqs,iot
Falcon-512,sign,155369,0.155369,4.7,0.0,256,897,752,960,liboqs,iot
Falcon-512,sign,152536,0.152536,4.7,0.0,256,897,752,961,liboqs,iot
Falcon-512,sign,149023,0.149023,4.7,0.0,256,897,752,962,liboqs,iot
Falcon-512,sign,152981,0.152981,4.7,0.0,256,897,752,963,liboqs,iot
Falcon-512,sign,146826,0.146826,4.7,0.0,256,897,752,964,liboqs,iot
Falcon-512,sign,145436,0.145436,4.7,0.0,256,897,752,965,liboqs,iot
Falcon-512,sign,147901,0.147901,4.7,0.0,256,897,752,966,liboqs,iot
Falcon-512,sign,148311,0.148311,4.7,0.0,256,897,752,967,liboqs,iot
Falcon-512,sign,146071,0.146071,4.7,0.0,256,897,752,968,liboqs,iot
Falcon-512,sign,143728,0.143728,4.7,0.0,256,897,752,969,liboqs,iot
Falcon-512,sign,158729,0.158729,4.7,0.0,256,897,752,970,liboqs,iot
Falcon-512,sign,152345,0.152345,4.7,0.0,256,897,752,971,liboqs,iot
Falcon-512,sign,148804,0.148804,4.7,0.0,256,897,752,972,liboqs,iot
Falcon-512,sign,148199,0.148199,4.7,0.0,256,897,752,973,liboqs,iot
Falcon-512,sign,147146,0.147146,4.7,0.0,256,897,752,974,liboqs,iot
Falcon-512,sign,145905,0.145905,4.7,0.0,256,897,752,975,liboqs,iot
Falcon-512,sign,146817,0.146817,4.7,0.0,256,897,752,976,liboqs,iot
Falcon-512,sign,147205,0.147205,4.7,0.0,256,897,752,977,liboqs,iot
Falcon-512,sign,158339,0.158339,4.7,0.0,256,897,752,978,liboqs,iot
Falcon-512,sign,152039,0.152039,4.7,0.0,256,897,752,979,liboqs,iot
Falcon-512,sign,150348,0.150348,4.7,0.0,256,897,752,980,liboqs,iot
Falcon-512,sign,147627,0.147627,4.7,0.0,256,897,752,981,liboqs,iot
Falcon-512,sign,145929,0.145929,4.7,0.0,256,897,752,982,liboqs,iot
Falcon-512,sign,157901,0.157901,4.7,0.0,256,897,752,983,liboqs,iot
Falcon-512,sign,153948,0.153948,4.7,0.0,256,897,752,984,liboqs,iot
Falcon-512,sign,148062,0.148062,4.7,0.0,256,897,752,985,liboqs,iot
Falcon-512,sign,149000,0.149,4.7,0.0,256,897,752,986,liboqs,iot
Falcon-512,sign,149485,0.149485,4.7,0.0,256,897,752,987,liboqs,iot
Falcon-512,sign,151081,0.151081,4.7,0.0,256,897,752,988,liboqs,iot
Falcon-512,sign,148418,0.148418,4.7,0.0,256,897,752,989,liboqs,iot
Falcon-512,sign,148120,0.14812,4.7,0.0,256,897,752,990,liboqs,iot
Falcon-512,sign,149473,0.149473,4.7,0.0,256,897,752,991,liboqs,iot
Falcon-512,sign,146878,0.146878,4.7,0.0,256,897,752,992,liboqs,iot
Falcon-512,sign,146786,0.146786,4.7,0.0,256,897,752,993,liboqs,iot
Falcon-512,sign,146677,0.146677,4.7,0.0,256,897,752,994,liboqs,iot
Falcon-512,sign,194260,0.19426,4.69,0.0,256,897,752,995,liboqs,iot
Falcon-512,sign,243113,0.243113,4.7,0.0,256,897,752,996,liboqs,iot
Falcon-512,sign,166847,0.166847,4.7,0.0,256,897,752,997,liboqs,iot
Falcon-512,sign,152350,0.15235,4.7,0.0,256,897,752,998,liboqs,iot
Falcon-512,sign,149036,0.149036,4.7,0.0,256,897,752,999,liboqs,iot
Falcon-512,verify,83499,0.083499,8.57,0.0,256,897,752,0,liboqs,iot
Falcon-512,verify,43055,0.043055,3.84,0.0,256,897,752,1,liboqs,iot
Falcon-512,verify,39275,0.039275,3.84,0.0,256,897,752,2,liboqs,iot
Falcon-512,verify,37389,0.037389,3.84,0.0,256,897,752,3,liboqs,iot
Falcon-512,verify,55544,0.055544,3.9,0.0,256,897,752,4,liboqs,iot
Falcon-512,verify,45117,0.045117,3.9,0.0,256,897,752,5,liboqs,iot
Falcon-512,verify,38740,0.03874,3.9,0.0,256,897,752,6,liboqs,iot
Falcon-512,verify,37704,0.037704,3.9,0.0,256,897,752,7,liboqs,iot
Falcon-512,verify,39474,0.039474,3.9,0.0,256,897,752,8,liboqs,iot
Falcon-512,verify,37189,0.037189,3.9,0.0,256,897,752,9,liboqs,iot
Falcon-512,verify,35996,0.035996,3.9,0.0,256,897,752,10,liboqs,iot
Falcon-512,verify,36050,0.03605,3.9,0.0,256,897,752,11,liboqs,iot
Falcon-512,verify,35758,0.035758,3.9,0.0,256,897,752,12,liboqs,iot
Falcon-512,verify,38958,0.038958,3.9,0.0,256,897,752,13,liboqs,iot
Falcon-512,verify,36094,0.036094,3.9,0.0,256,897,752,14,liboqs,iot
Falcon-512,verify,35731,0.035731,3.9,0.0,256,897,752,15,liboqs,iot
Falcon-512,verify,36226,0.036226,3.9,0.0,256,897,752,16,liboqs,iot
Falcon-512,verify,48901,0.048901,3.9,0.0,256,897,752,17,liboqs,iot
Falcon-512,verify,46037,0.046037,3.9,0.0,256,897,752,18,liboqs,iot
Falcon-512,verify,68539,0.068539,3.9,0.0,256,897,752,19,liboqs,iot
Falcon-512,verify,74132,0.074132,3.9,0.0,256,897,752,20,liboqs,iot
Falcon-512,verify,44480,0.04448,3.9,0.0,256,897,752,21,liboqs,iot
Falcon-512,verify,39395,0.039395,3.9,0.0,256,897,752,22,liboqs,iot
Falcon-512,verify,37918,0.037918,3.9,0.0,256,897,752,23,liboqs,iot
Falcon-512,verify,36608,0.036608,3.9,0.0,256,897,752,24,liboqs,iot
Falcon-512,verify,36468,0.036468,3.9,0.0,256,897,752,25,liboqs,iot
Falcon-512,verify,36005,0.036005,3.9,0.0,256,897,752,26,liboqs,iot
Falcon-512,verify,35764,0.035764,3.9,0.0,256,897,752,27,liboqs,iot
Falcon-512,verify,35669,0.035669,3.9,0.0,256,897,752,28,liboqs,iot
Falcon-512,verify,35761,0.035761,3.9,0.0,256,897,752,29,liboqs,iot
Falcon-512,verify,35556,0.035556,3.9,0.0,256,897,752,30,liboqs,iot
Falcon-512,verify,35950,0.03595,3.9,0.0,256,897,752,31,liboqs,iot
Falcon-512,verify,35813,0.035813,3.9,0.0,256,897,752,32,liboqs,iot
Falcon-512,verify,35836,0.035836,3.9,0.0,256,897,752,33,liboqs,iot
Falcon-512,verify,35975,0.035975,3.9,0.0,256,897,752,34,liboqs,iot
Falcon-512,verify,35804,0.035804,3.9,0.0,256,897,752,35,liboqs,iot
Falcon-512,verify,35577,0.035577,3.9,0.0,256,897,752,36,liboqs,iot
Falcon-512,verify,37932,0.037932,3.9,0.0,256,897,752,37,liboqs,iot
Falcon-512,verify,35321,0.035321,3.9,0.0,256,897,752,38,liboqs,iot
Falcon-512,verify,35332,0.035332,3.9,0.0,256,897,752,39,liboqs,iot
Falcon-512,verify,35080,0.03508,3.9,0.0,256,897,752,40,liboqs,iot
Falcon-512,verify,35308,0.035308,3.9,0.0,256,897,752,41,liboqs,iot
Falcon-512,verify,37976,0.037976,3.9,0.0,256,897,752,42,liboqs,iot
Falcon-512,verify,35507,0.035507,3.9,0.0,256,897,752,43,liboqs,iot
Falcon-512,verify,35173,0.035173,3.9,0.0,256,897,752,44,liboqs,iot
Falcon-512,verify,35433,0.035433,3.9,0.0,256,897,752,45,liboqs,iot
Falcon-512,verify,36431,0.036431,3.9,0.0,256,897,752,46,liboqs,iot
Falcon-512,verify,44631,0.044631,3.9,0.0,256,897,752,47,liboqs,iot
Falcon-512,verify,46436,0.046436,3.9,0.0,256,897,752,48,liboqs,iot
Falcon-512,verify,37084,0.037084,3.9,0.0,256,897,752,49,liboqs,iot
Falcon-512,verify,35690,0.03569,3.9,0.0,256,897,752,50,liboqs,iot
Falcon-512,verify,36713,0.036713,3.9,0.0,256,897,752,51,liboqs,iot
Falcon-512,verify,35551,0.035551,3.9,0.0,256,897,752,52,liboqs,iot
Falcon-512,verify,35141,0.035141,3.9,0.0,256,897,752,53,liboqs,iot
Falcon-512,verify,35345,0.035345,3.9,0.0,256,897,752,54,liboqs,iot
Falcon-512,verify,36646,0.036646,3.9,0.0,256,897,752,55,liboqs,iot
Falcon-512,verify,35808,0.035808,3.9,0.0,256,897,752,56,liboqs,iot
Falcon-512,verify,35499,0.035499,3.9,0.0,256,897,752,57,liboqs,iot
Falcon-512,verify,35165,0.035165,3.9,0.0,256,897,752,58,liboqs,iot
Falcon-512,verify,43715,0.043715,3.9,0.0,256,897,752,59,liboqs,iot
Falcon-512,verify,41929,0.041929,3.9,0.0,256,897,752,60,liboqs,iot
Falcon-512,verify,36391,0.036391,3.9,0.0,256,897,752,61,liboqs,iot
Falcon-512,verify,35575,0.035575,3.9,0.0,256,897,752,62,liboqs,iot
Falcon-512,verify,48771,0.048771,3.9,0.0,256,897,752,63,liboqs,iot
Falcon-512,verify,42228,0.042228,3.9,0.0,256,897,752,64,liboqs,iot
Falcon-512,verify,36972,0.036972,3.9,0.0,256,897,752,65,liboqs,iot
Falcon-512,verify,36642,0.036642,3.9,0.0,256,897,752,66,liboqs,iot
Falcon-512,verify,35870,0.03587,3.9,0.0,256,897,752,67,liboqs,iot
Falcon-512,verify,35362,0.035362,3.9,0.0,256,897,752,68,liboqs,iot
Falcon-512,verify,36709,0.036709,3.9,0.0,256,897,752,69,liboqs,iot
Falcon-512,verify,35433,0.035433,3.9,0.0,256,897,752,70,liboqs,iot
Falcon-512,verify,35774,0.035774,3.9,0.0,256,897,752,71,liboqs,iot
Falcon-512,verify,36540,0.03654,3.9,0.0,256,897,752,72,liboqs,iot
Falcon-512,verify,36498,0.036498,3.9,0.0,256,897,752,73,liboqs,iot
Falcon-512,verify,35004,0.035004,3.9,0.0,256,897,752,74,liboqs,iot
Falcon-512,verify,35064,0.035064,3.9,0.0,256,897,752,75,liboqs,iot
Falcon-512,verify,36057,0.036057,3.9,0.0,256,897,752,76,liboqs,iot
Falcon-512,verify,36116,0.036116,3.9,0.0,256,897,752,77,liboqs,iot
Falcon-512,verify,35410,0.03541,3.9,0.0,256,897,752,78,liboqs,iot
Falcon-512,verify,35495,0.035495,3.9,0.0,256,897,752,79,liboqs,iot
Falcon-512,verify,35491,0.035491,3.9,0.0,256,897,752,80,liboqs,iot
Falcon-512,verify,35703,0.035703,3.9,0.0,256,897,752,81,liboqs,iot
Falcon-512,verify,36660,0.03666,3.9,0.0,256,897,752,82,liboqs,iot
Falcon-512,verify,35562,0.035562,3.9,0.0,256,897,752,83,liboqs,iot
Falcon-512,verify,35376,0.035376,3.9,0.0,256,897,752,84,liboqs,iot
Falcon-512,verify,35092,0.035092,3.9,0.0,256,897,752,85,liboqs,iot
Falcon-512,verify,36275,0.036275,3.9,0.0,256,897,752,86,liboqs,iot
Falcon-512,verify,35152,0.035152,3.9,0.0,256,897,752,87,liboqs,iot
Falcon-512,verify,35144,0.035144,3.9,0.0,256,897,752,88,liboqs,iot
Falcon-512,verify,35220,0.03522,3.9,0.0,256,897,752,89,liboqs,iot
Falcon-512,verify,34954,0.034954,3.9,0.0,256,897,752,90,liboqs,iot
Falcon-512,verify,36698,0.036698,3.9,0.0,256,897,752,91,liboqs,iot
Falcon-512,verify,34989,0.034989,3.9,0.0,256,897,752,92,liboqs,iot
Falcon-512,verify,34929,0.034929,3.9,0.0,256,897,752,93,liboqs,iot
Falcon-512,verify,34979,0.034979,3.9,0.0,256,897,752,94,liboqs,iot
Falcon-512,verify,36410,0.03641,3.9,0.0,256,897,752,95,liboqs,iot
Falcon-512,verify,35194,0.035194,3.9,0.0,256,897,752,96,liboqs,iot
Falcon-512,verify,35633,0.035633,3.9,0.0,256,897,752,97,liboqs,iot
Falcon-512,verify,34808,0.034808,3.9,0.0,256,897,752,98,liboqs,iot
Falcon-512,verify,35353,0.035353,3.9,0.0,256,897,752,99,liboqs,iot
Falcon-512,verify,36417,0.036417,3.9,0.0,256,897,752,100,liboqs,iot
Falcon-512,verify,34944,0.034944,3.9,0.0,256,897,752,101,liboqs,iot
Falcon-512,verify,35003,0.035003,3.9,0.0,256,897,752,102,liboqs,iot
Falcon-512,verify,35268,0.035268,3.9,0.0,256,897,752,103,liboqs,iot
Falcon-512,verify,36391,0.036391,3.9,0.0,256,897,752,104,liboqs,iot
Falcon-512,verify,35014,0.035014,3.9,0.0,256,897,752,105,liboqs,iot
Falcon-512,verify,36589,0.036589,3.9,0.0,256,897,752,106,liboqs,iot
Falcon-512,verify,35442,0.035442,3.9,0.0,256,897,752,107,liboqs,iot
Falcon-512,verify,36105,0.036105,3.9,0.0,256,897,752,108,liboqs,iot
Falcon-512,verify,35364,0.035364,3.9,0.0,256,897,752,109,liboqs,iot
Falcon-512,verify,35270,0.03527,3.9,0.0,256,897,752,110,liboqs,iot
Falcon-512,verify,35195,0.035195,3.9,0.0,256,897,752,111,liboqs,iot
Falcon-512,verify,35523,0.035523,3.9,0.0,256,897,752,112,liboqs,iot
Falcon-512,verify,36314,0.036314,3.9,0.0,256,897,752,113,liboqs,iot
Falcon-512,verify,35699,0.035699,3.9,0.0,256,897,752,114,liboqs,iot
Falcon-512,verify,34971,0.034971,3.9,0.0,256,897,752,115,liboqs,iot
Falcon-512,verify,43687,0.043687,3.9,0.0,256,897,752,116,liboqs,iot
Falcon-512,verify,44547,0.044547,3.9,0.0,256,897,752,117,liboqs,iot
Falcon-512,verify,37920,0.03792,3.9,0.0,256,897,752,118,liboqs,iot
Falcon-512,verify,36646,0.036646,3.9,0.0,256,897,752,119,liboqs,iot
Falcon-512,verify,36028,0.036028,3.9,0.0,256,897,752,120,liboqs,iot
Falcon-512,verify,35541,0.035541,3.9,0.0,256,897,752,121,liboqs,iot
Falcon-512,verify,36709,0.036709,3.9,0.0,256,897,752,122,liboqs,iot
Falcon-512,verify,103130,0.10313,3.9,0.0,256,897,752,123,liboqs,iot
Falcon-512,verify,42486,0.042486,3.9,0.0,256,897,752,124,liboqs,iot
Falcon-512,verify,36588,0.036588,3.9,0.0,256,897,752,125,liboqs,iot
Falcon-512,verify,37354,0.037354,3.9,0.0,256,897,752,126,liboqs,iot
Falcon-512,verify,36075,0.036075,3.9,0.0,256,897,752,127,liboqs,iot
Falcon-512,verify,35655,0.035655,3.9,0.0,256,897,752,128,liboqs,iot
Falcon-512,verify,36109,0.036109,3.9,0.0,256,897,752,129,liboqs,iot
Falcon-512,verify,36795,0.036795,3.9,0.0,256,897,752,130,liboqs,iot
Falcon-512,verify,35382,0.035382,3.9,0.0,256,897,752,131,liboqs,iot
Falcon-512,verify,35519,0.035519,3.9,0.0,256,897,752,132,liboqs,iot
Falcon-512,verify,35070,0.03507,3.9,0.0,256,897,752,133,liboqs,iot
Falcon-512,verify,35614,0.035614,3.9,0.0,256,897,752,134,liboqs,iot
Falcon-512,verify,36253,0.036253,3.9,0.0,256,897,752,135,liboqs,iot
Falcon-512,verify,35382,0.035382,3.9,0.0,256,897,752,136,liboqs,iot
Falcon-512,verify,36361,0.036361,3.9,0.0,256,897,752,137,liboqs,iot
Falcon-512,verify,35504,0.035504,3.9,0.0,256,897,752,138,liboqs,iot
Falcon-512,verify,36727,0.036727,3.9,0.0,256,897,752,139,liboqs,iot
Falcon-512,verify,35982,0.035982,3.9,0.0,256,897,752,140,liboqs,iot
Falcon-512,verify,35220,0.03522,3.9,0.0,256,897,752,141,liboqs,iot
Falcon-512,verify,35064,0.035064,3.9,0.0,256,897,752,142,liboqs,iot
Falcon-512,verify,35174,0.035174,3.9,0.0,256,897,752,143,liboqs,iot
Falcon-512,verify,37017,0.037017,3.9,0.0,256,897,752,144,liboqs,iot
Falcon-512,verify,35742,0.035742,3.9,0.0,256,897,752,145,liboqs,iot
Falcon-512,verify,35628,0.035628,3.9,0.0,256,897,752,146,liboqs,iot
Falcon-512,verify,35149,0.035149,3.9,0.0,256,897,752,147,liboqs,iot
Falcon-512,verify,36618,0.036618,3.9,0.0,256,897,752,148,liboqs,iot
Falcon-512,verify,35714,0.035714,3.9,0.0,256,897,752,149,liboqs,iot
Falcon-512,verify,35619,0.035619,3.9,0.0,256,897,752,150,liboqs,iot
Falcon-512,verify,40731,0.040731,3.9,0.0,256,897,752,151,liboqs,iot
Falcon-512,verify,37729,0.037729,3.9,0.0,256,897,752,152,liboqs,iot
Falcon-512,verify,37145,0.037145,3.9,0.0,256,897,752,153,liboqs,iot
Falcon-512,verify,35379,0.035379,3.9,0.0,256,897,752,154,liboqs,iot
Falcon-512,verify,35167,0.035167,3.9,0.0,256,897,752,155,liboqs,iot
Falcon-512,verify,35256,0.035256,3.9,0.0,256,897,752,156,liboqs,iot
Falcon-512,verify,37761,0.037761,3.9,0.0,256,897,752,157,liboqs,iot
Falcon-512,verify,35109,0.035109,3.9,0.0,256,897,752,158,liboqs,iot
Falcon-512,verify,34736,0.034736,3.9,0.0,256,897,752,159,liboqs,iot
Falcon-512,verify,35344,0.035344,3.9,0.0,256,897,752,160,liboqs,iot
Falcon-512,verify,36093,0.036093,3.9,0.0,256,897,752,161,liboqs,iot
Falcon-512,verify,35259,0.035259,3.9,0.0,256,897,752,162,liboqs,iot
Falcon-512,verify,35312,0.035312,3.9,0.0,256,897,752,163,liboqs,iot
Falcon-512,verify,35354,0.035354,3.9,0.0,256,897,752,164,liboqs,iot
Falcon-512,verify,35417,0.035417,3.9,0.0,256,897,752,165,liboqs,iot
Falcon-512,verify,44274,0.044274,3.9,0.0,256,897,752,166,liboqs,iot
Falcon-512,verify,42643,0.042643,3.9,0.0,256,897,752,167,liboqs,iot
Falcon-512,verify,37475,0.037475,3.9,0.0,256,897,752,168,liboqs,iot
Falcon-512,verify,36060,0.03606,3.9,0.0,256,897,752,169,liboqs,iot
Falcon-512,verify,38496,0.038496,3.9,0.0,256,897,752,170,liboqs,iot
Falcon-512,verify,36165,0.036165,3.9,0.0,256,897,752,171,liboqs,iot
Falcon-512,verify,36036,0.036036,3.9,0.0,256,897,752,172,liboqs,iot
Falcon-512,verify,35888,0.035888,3.9,0.0,256,897,752,173,liboqs,iot
Falcon-512,verify,35796,0.035796,3.9,0.0,256,897,752,174,liboqs,iot
Falcon-512,verify,36653,0.036653,3.9,0.0,256,897,752,175,liboqs,iot
Falcon-512,verify,34955,0.034955,3.9,0.0,256,897,752,176,liboqs,iot
Falcon-512,verify,35363,0.035363,3.9,0.0,256,897,752,177,liboqs,iot
Falcon-512,verify,34866,0.034866,3.9,0.0,256,897,752,178,liboqs,iot
Falcon-512,verify,39689,0.039689,3.9,0.0,256,897,752,179,liboqs,iot
Falcon-512,verify,35272,0.035272,3.9,0.0,256,897,752,180,liboqs,iot
Falcon-512,verify,35752,0.035752,3.9,0.0,256,897,752,181,liboqs,iot
Falcon-512,verify,35466,0.035466,3.9,0.0,256,897,752,182,liboqs,iot
Falcon-512,verify,36717,0.036717,3.9,0.0,256,897,752,183,liboqs,iot
Falcon-512,verify,42295,0.042295,3.9,0.0,256,897,752,184,liboqs,iot
Falcon-512,verify,41144,0.041144,3.9,0.0,256,897,752,185,liboqs,iot
Falcon-512,verify,36491,0.036491,3.9,0.0,256,897,752,186,liboqs,iot
Falcon-512,verify,35673,0.035673,3.9,0.0,256,897,752,187,liboqs,iot
Falcon-512,verify,36380,0.03638,3.9,0.0,256,897,752,188,liboqs,iot
Falcon-512,verify,35278,0.035278,3.9,0.0,256,897,752,189,liboqs,iot
Falcon-512,verify,35135,0.035135,3.9,0.0,256,897,752,190,liboqs,iot
Falcon-512,verify,35212,0.035212,3.9,0.0,256,897,752,191,liboqs,iot
Falcon-512,verify,36353,0.036353,3.9,0.0,256,897,752,192,liboqs,iot
Falcon-512,verify,40670,0.04067,3.9,0.0,256,897,752,193,liboqs,iot
Falcon-512,verify,36096,0.036096,3.9,0.0,256,897,752,194,liboqs,iot
Falcon-512,verify,35371,0.035371,3.9,0.0,256,897,752,195,liboqs,iot
Falcon-512,verify,35332,0.035332,3.9,0.0,256,897,752,196,liboqs,iot
Falcon-512,verify,37245,0.037245,3.9,0.0,256,897,752,197,liboqs,iot
Falcon-512,verify,35453,0.035453,3.9,0.0,256,897,752,198,liboqs,iot
Falcon-512,verify,35137,0.035137,3.9,0.0,256,897,752,199,liboqs,iot
Falcon-512,verify,35378,0.035378,3.9,0.0,256,897,752,200,liboqs,iot
Falcon-512,verify,36621,0.036621,3.9,0.0,256,897,752,201,liboqs,iot
Falcon-512,verify,35276,0.035276,3.9,0.0,256,897,752,202,liboqs,iot
Falcon-512,verify,34848,0.034848,3.9,0.0,256,897,752,203,liboqs,iot
Falcon-512,verify,36301,0.036301,3.9,0.0,256,897,752,204,liboqs,iot
Falcon-512,verify,36959,0.036959,3.9,0.0,256,897,752,205,liboqs,iot
Falcon-512,verify,35063,0.035063,3.9,0.0,256,897,752,206,liboqs,iot
Falcon-512,verify,35388,0.035388,3.9,0.0,256,897,752,207,liboqs,iot
Falcon-512,verify,36076,0.036076,3.9,0.0,256,897,752,208,liboqs,iot
Falcon-512,verify,35275,0.035275,3.9,0.0,256,897,752,209,liboqs,iot
Falcon-512,verify,36635,0.036635,3.9,0.0,256,897,752,210,liboqs,iot
Falcon-512,verify,35218,0.035218,3.9,0.0,256,897,752,211,liboqs,iot
Falcon-512,verify,45042,0.045042,3.9,0.0,256,897,752,212,liboqs,iot
Falcon-512,verify,39580,0.03958,3.9,0.0,256,897,752,213,liboqs,iot
Falcon-512,verify,37832,0.037832,3.9,0.0,256,897,752,214,liboqs,iot
Falcon-512,verify,35892,0.035892,3.9,0.0,256,897,752,215,liboqs,iot
Falcon-512,verify,36015,0.036015,3.9,0.0,256,897,752,216,liboqs,iot
Falcon-512,verify,36464,0.036464,3.9,0.0,256,897,752,217,liboqs,iot
Falcon-512,verify,36712,0.036712,3.9,0.0,256,897,752,218,liboqs,iot
Falcon-512,verify,38593,0.038593,3.9,0.0,256,897,752,219,liboqs,iot
Falcon-512,verify,35838,0.035838,3.9,0.0,256,897,752,220,liboqs,iot
Falcon-512,verify,35942,0.035942,3.9,0.0,256,897,752,221,liboqs,iot
Falcon-512,verify,36115,0.036115,3.9,0.0,256,897,752,222,liboqs,iot
Falcon-512,verify,37263,0.037263,3.9,0.0,256,897,752,223,liboqs,iot
Falcon-512,verify,36240,0.03624,3.9,0.0,256,897,752,224,liboqs,iot
Falcon-512,verify,35659,0.035659,3.9,0.0,256,897,752,225,liboqs,iot
Falcon-512,verify,35481,0.035481,3.9,0.0,256,897,752,226,liboqs,iot
Falcon-512,verify,34964,0.034964,3.9,0.0,256,897,752,227,liboqs,iot
Falcon-512,verify,37125,0.037125,3.9,0.0,256,897,752,228,liboqs,iot
Falcon-512,verify,35255,0.035255,3.9,0.0,256,897,752,229,liboqs,iot
Falcon-512,verify,35021,0.035021,3.9,0.0,256,897,752,230,liboqs,iot
Falcon-512,verify,35695,0.035695,3.9,0.0,256,897,752,231,liboqs,iot
Falcon-512,verify,36342,0.036342,3.9,0.0,256,897,752,232,liboqs,iot
Falcon-512,verify,36536,0.036536,3.9,0.0,256,897,752,233,liboqs,iot
Falcon-512,verify,35494,0.035494,3.9,0.0,256,897,752,234,liboqs,iot
Falcon-512,verify,35234,0.035234,3.9,0.0,256,897,752,235,liboqs,iot
Falcon-512,verify,36391,0.036391,3.9,0.0,256,897,752,236,liboqs,iot
Falcon-512,verify,34933,0.034933,3.9,0.0,256,897,752,237,liboqs,iot
Falcon-512,verify,35265,0.035265,3.9,0.0,256,897,752,238,liboqs,iot
Falcon-512,verify,35411,0.035411,3.9,0.0,256,897,752,239,liboqs,iot
Falcon-512,verify,35783,0.035783,3.9,0.0,256,897,752,240,liboqs,iot
Falcon-512,verify,36718,0.036718,3.9,0.0,256,897,752,241,liboqs,iot
Falcon-512,verify,35644,0.035644,3.9,0.0,256,897,752,242,liboqs,iot
Falcon-512,verify,37670,0.03767,3.9,0.0,256,897,752,243,liboqs,iot
Falcon-512,verify,35440,0.03544,3.9,0.0,256,897,752,244,liboqs,iot
Falcon-512,verify,37197,0.037197,3.9,0.0,256,897,752,245,liboqs,iot
Falcon-512,verify,35206,0.035206,3.9,0.0,256,897,752,246,liboqs,iot
Falcon-512,verify,35185,0.035185,3.9,0.0,256,897,752,247,liboqs,iot
Falcon-512,verify,35136,0.035136,3.9,0.0,256,897,752,248,liboqs,iot
Falcon-512,verify,35179,0.035179,3.9,0.0,256,897,752,249,liboqs,iot
Falcon-512,verify,36116,0.036116,3.9,0.0,256,897,752,250,liboqs,iot
Falcon-512,verify,35016,0.035016,3.9,0.0,256,897,752,251,liboqs,iot
Falcon-512,verify,35161,0.035161,3.9,0.0,256,897,752,252,liboqs,iot
Falcon-512,verify,35163,0.035163,3.9,0.0,256,897,752,253,liboqs,iot
Falcon-512,verify,37076,0.037076,3.9,0.0,256,897,752,254,liboqs,iot
Falcon-512,verify,34833,0.034833,3.9,0.0,256,897,752,255,liboqs,iot
Falcon-512,verify,66883,0.066883,3.9,0.0,256,897,752,256,liboqs,iot
Falcon-512,verify,40155,0.040155,3.9,0.0,256,897,752,257,liboqs,iot
Falcon-512,verify,38031,0.038031,3.9,0.0,256,897,752,258,liboqs,iot
Falcon-512,verify,36451,0.036451,3.9,0.0,256,897,752,259,liboqs,iot
Falcon-512,verify,36143,0.036143,3.9,0.0,256,897,752,260,liboqs,iot
Falcon-512,verify,35849,0.035849,3.9,0.0,256,897,752,261,liboqs,iot
Falcon-512,verify,36044,0.036044,3.9,0.0,256,897,752,262,liboqs,iot
Falcon-512,verify,54892,0.054892,3.9,0.0,256,897,752,263,liboqs,iot
Falcon-512,verify,44669,0.044669,3.9,0.0,256,897,752,264,liboqs,iot
Falcon-512,verify,37728,0.037728,3.9,0.0,256,897,752,265,liboqs,iot
Falcon-512,verify,36652,0.036652,3.9,0.0,256,897,752,266,liboqs,iot
Falcon-512,verify,38572,0.038572,3.9,0.0,256,897,752,267,liboqs,iot
Falcon-512,verify,38810,0.03881,3.9,0.0,256,897,752,268,liboqs,iot
Falcon-512,verify,37724,0.037724,3.9,0.0,256,897,752,269,liboqs,iot
Falcon-512,verify,37344,0.037344,3.9,0.0,256,897,752,270,liboqs,iot
Falcon-512,verify,37858,0.037858,3.9,0.0,256,897,752,271,liboqs,iot
Falcon-512,verify,40065,0.040065,3.9,0.0,256,897,752,272,liboqs,iot
Falcon-512,verify,40635,0.040635,3.9,0.0,256,897,752,273,liboqs,iot
Falcon-512,verify,38592,0.038592,3.9,0.0,256,897,752,274,liboqs,iot
Falcon-512,verify,38464,0.038464,3.9,0.0,256,897,752,275,liboqs,iot
Falcon-512,verify,36353,0.036353,3.9,0.0,256,897,752,276,liboqs,iot
Falcon-512,verify,37060,0.03706,3.9,0.0,256,897,752,277,liboqs,iot
Falcon-512,verify,36578,0.036578,3.9,0.0,256,897,752,278,liboqs,iot
Falcon-512,verify,81537,0.081537,6.94,0.0,256,897,752,279,liboqs,iot
Falcon-512,verify,50916,0.050916,6.05,0.0,256,897,752,280,liboqs,iot
Falcon-512,verify,39134,0.039134,3.84,0.0,256,897,752,281,liboqs,iot
Falcon-512,verify,36495,0.036495,3.84,0.0,256,897,752,282,liboqs,iot
Falcon-512,verify,37450,0.03745,3.9,0.0,256,897,752,283,liboqs,iot
Falcon-512,verify,41143,0.041143,3.9,0.0,256,897,752,284,liboqs,iot
Falcon-512,verify,37730,0.03773,3.9,0.0,256,897,752,285,liboqs,iot
Falcon-512,verify,36236,0.036236,3.9,0.0,256,897,752,286,liboqs,iot
Falcon-512,verify,36543,0.036543,3.9,0.0,256,897,752,287,liboqs,iot
Falcon-512,verify,36984,0.036984,3.9,0.0,256,897,752,288,liboqs,iot
Falcon-512,verify,36356,0.036356,3.9,0.0,256,897,752,289,liboqs,iot
Falcon-512,verify,36379,0.036379,3.9,0.0,256,897,752,290,liboqs,iot
Falcon-512,verify,36642,0.036642,3.9,0.0,256,897,752,291,liboqs,iot
Falcon-512,verify,36765,0.036765,3.9,0.0,256,897,752,292,liboqs,iot
Falcon-512,verify,36284,0.036284,3.9,0.0,256,897,752,293,liboqs,iot
Falcon-512,verify,36521,0.036521,3.9,0.0,256,897,752,294,liboqs,iot
Falcon-512,verify,37610,0.03761,3.9,0.0,256,897,752,295,liboqs,iot
Falcon-512,verify,35974,0.035974,3.9,0.0,256,897,752,296,liboqs,iot
Falcon-512,verify,36628,0.036628,3.9,0.0,256,897,752,297,liboqs,iot
Falcon-512,verify,36204,0.036204,3.9,0.0,256,897,752,298,liboqs,iot
Falcon-512,verify,37843,0.037843,3.9,0.0,256,897,752,299,liboqs,iot
Falcon-512,verify,35162,0.035162,3.9,0.0,256,897,752,300,liboqs,iot
Falcon-512,verify,35498,0.035498,3.9,0.0,256,897,752,301,liboqs,iot
Falcon-512,verify,35555,0.035555,3.9,0.0,256,897,752,302,liboqs,iot
Falcon-512,verify,35413,0.035413,3.9,0.0,256,897,752,303,liboqs,iot
Falcon-512,verify,36639,0.036639,3.9,0.0,256,897,752,304,liboqs,iot
Falcon-512,verify,49342,0.049342,3.9,0.0,256,897,752,305,liboqs,iot
Falcon-512,verify,44263,0.044263,3.9,0.0,256,897,752,306,liboqs,iot
Falcon-512,verify,39256,0.039256,3.9,0.0,256,897,752,307,liboqs,iot
Falcon-512,verify,38296,0.038296,3.9,0.0,256,897,752,308,liboqs,iot
Falcon-512,verify,36698,0.036698,3.9,0.0,256,897,752,309,liboqs,iot
Falcon-512,verify,35560,0.03556,3.9,0.0,256,897,752,310,liboqs,iot
Falcon-512,verify,35494,0.035494,3.9,0.0,256,897,752,311,liboqs,iot
Falcon-512,verify,50033,0.050033,3.9,0.0,256,897,752,312,liboqs,iot
Falcon-512,verify,39431,0.039431,3.9,0.0,256,897,752,313,liboqs,iot
Falcon-512,verify,36091,0.036091,3.9,0.0,256,897,752,314,liboqs,iot
Falcon-512,verify,35935,0.035935,3.9,0.0,256,897,752,315,liboqs,iot
Falcon-512,verify,36356,0.036356,3.9,0.0,256,897,752,316,liboqs,iot
Falcon-512,verify,36925,0.036925,3.9,0.0,256,897,752,317,liboqs,iot
Falcon-512,verify,35379,0.035379,3.9,0.0,256,897,752,318,liboqs,iot
Falcon-512,verify,35555,0.035555,3.9,0.0,256,897,752,319,liboqs,iot
Falcon-512,verify,35047,0.035047,3.9,0.0,256,897,752,320,liboqs,iot
Falcon-512,verify,36647,0.036647,3.9,0.0,256,897,752,321,liboqs,iot
Falcon-512,verify,35286,0.035286,3.9,0.0,256,897,752,322,liboqs,iot
Falcon-512,verify,35397,0.035397,3.9,0.0,256,897,752,323,liboqs,iot
Falcon-512,verify,36101,0.036101,3.9,0.0,256,897,752,324,liboqs,iot
Falcon-512,verify,35220,0.03522,3.9,0.0,256,897,752,325,liboqs,iot
Falcon-512,verify,37918,0.037918,3.9,0.0,256,897,752,326,liboqs,iot
Falcon-512,verify,37124,0.037124,3.9,0.0,256,897,752,327,liboqs,iot
Falcon-512,verify,35534,0.035534,3.9,0.0,256,897,752,328,liboqs,iot
Falcon-512,verify,35759,0.035759,3.9,0.0,256,897,752,329,liboqs,iot
Falcon-512,verify,36605,0.036605,3.9,0.0,256,897,752,330,liboqs,iot
Falcon-512,verify,36485,0.036485,3.9,0.0,256,897,752,331,liboqs,iot
Falcon-512,verify,36020,0.03602,3.9,0.0,256,897,752,332,liboqs,iot
Falcon-512,verify,35231,0.035231,3.9,0.0,256,897,752,333,liboqs,iot
Falcon-512,verify,35433,0.035433,3.9,0.0,256,897,752,334,liboqs,iot
Falcon-512,verify,41252,0.041252,3.9,0.0,256,897,752,335,liboqs,iot
Falcon-512,verify,36253,0.036253,3.9,0.0,256,897,752,336,liboqs,iot
Falcon-512,verify,35373,0.035373,3.9,0.0,256,897,752,337,liboqs,iot
Falcon-512,verify,35598,0.035598,3.9,0.0,256,897,752,338,liboqs,iot
Falcon-512,verify,36932,0.036932,3.9,0.0,256,897,752,339,liboqs,iot
Falcon-512,verify,35723,0.035723,3.9,0.0,256,897,752,340,liboqs,iot
Falcon-512,verify,35082,0.035082,3.9,0.0,256,897,752,341,liboqs,iot
Falcon-512,verify,35319,0.035319,3.9,0.0,256,897,752,342,liboqs,iot
Falcon-512,verify,35088,0.035088,3.9,0.0,256,897,752,343,liboqs,iot
Falcon-512,verify,37380,0.03738,3.9,0.0,256,897,752,344,liboqs,iot
Falcon-512,verify,35200,0.0352,3.9,0.0,256,897,752,345,liboqs,iot
Falcon-512,verify,35241,0.035241,3.9,0.0,256,897,752,346,liboqs,iot
Falcon-512,verify,35488,0.035488,3.9,0.0,256,897,752,347,liboqs,iot
Falcon-512,verify,36848,0.036848,3.9,0.0,256,897,752,348,liboqs,iot
Falcon-512,verify,36483,0.036483,3.9,0.0,256,897,752,349,liboqs,iot
Falcon-512,verify,36838,0.036838,3.9,0.0,256,897,752,350,liboqs,iot
Falcon-512,verify,35776,0.035776,3.9,0.0,256,897,752,351,liboqs,iot
Falcon-512,verify,36960,0.03696,3.9,0.0,256,897,752,352,liboqs,iot
Falcon-512,verify,34972,0.034972,3.9,0.0,256,897,752,353,liboqs,iot
Falcon-512,verify,36243,0.036243,3.9,0.0,256,897,752,354,liboqs,iot
Falcon-512,verify,43015,0.043015,3.9,0.0,256,897,752,355,liboqs,iot
Falcon-512,verify,37960,0.03796,3.9,0.0,256,897,752,356,liboqs,iot
Falcon-512,verify,45351,0.045351,3.9,0.0,256,897,752,357,liboqs,iot
Falcon-512,verify,42316,0.042316,3.9,0.0,256,897,752,358,liboqs,iot
Falcon-512,verify,37421,0.037421,3.9,0.0,256,897,752,359,liboqs,iot
Falcon-512,verify,36804,0.036804,3.9,0.0,256,897,752,360,liboqs,iot
Falcon-512,verify,38063,0.038063,3.9,0.0,256,897,752,361,liboqs,iot
Falcon-512,verify,36242,0.036242,3.9,0.0,256,897,752,362,liboqs,iot
Falcon-512,verify,36143,0.036143,3.9,0.0,256,897,752,363,liboqs,iot
Falcon-512,verify,35805,0.035805,3.9,0.0,256,897,752,364,liboqs,iot
Falcon-512,verify,35446,0.035446,3.9,0.0,256,897,752,365,liboqs,iot
Falcon-512,verify,37292,0.037292,3.9,0.0,256,897,752,366,liboqs,iot
Falcon-512,verify,35668,0.035668,3.9,0.0,256,897,752,367,liboqs,iot
Falcon-512,verify,36026,0.036026,3.9,0.0,256,897,752,368,liboqs,iot
Falcon-512,verify,39382,0.039382,3.9,0.0,256,897,752,369,liboqs,iot
Falcon-512,verify,38270,0.03827,3.9,0.0,256,897,752,370,liboqs,iot
Falcon-512,verify,35907,0.035907,3.9,0.0,256,897,752,371,liboqs,iot
Falcon-512,verify,35682,0.035682,3.9,0.0,256,897,752,372,liboqs,iot
Falcon-512,verify,35494,0.035494,3.9,0.0,256,897,752,373,liboqs,iot
Falcon-512,verify,35965,0.035965,3.9,0.0,256,897,752,374,liboqs,iot
Falcon-512,verify,37326,0.037326,3.9,0.0,256,897,752,375,liboqs,iot
Falcon-512,verify,35161,0.035161,3.9,0.0,256,897,752,376,liboqs,iot
Falcon-512,verify,35294,0.035294,3.9,0.0,256,897,752,377,liboqs,iot
Falcon-512,verify,35674,0.035674,3.9,0.0,256,897,752,378,liboqs,iot
Falcon-512,verify,36168,0.036168,3.9,0.0,256,897,752,379,liboqs,iot
Falcon-512,verify,35689,0.035689,3.9,0.0,256,897,752,380,liboqs,iot
Falcon-512,verify,35469,0.035469,3.9,0.0,256,897,752,381,liboqs,iot
Falcon-512,verify,35654,0.035654,3.9,0.0,256,897,752,382,liboqs,iot
Falcon-512,verify,36658,0.036658,3.9,0.0,256,897,752,383,liboqs,iot
Falcon-512,verify,35597,0.035597,3.9,0.0,256,897,752,384,liboqs,iot
Falcon-512,verify,35211,0.035211,3.9,0.0,256,897,752,385,liboqs,iot
Falcon-512,verify,35258,0.035258,3.9,0.0,256,897,752,386,liboqs,iot
Falcon-512,verify,35359,0.035359,3.9,0.0,256,897,752,387,liboqs,iot
Falcon-512,verify,36715,0.036715,3.9,0.0,256,897,752,388,liboqs,iot
Falcon-512,verify,35101,0.035101,3.9,0.0,256,897,752,389,liboqs,iot
Falcon-512,verify,35618,0.035618,3.9,0.0,256,897,752,390,liboqs,iot
Falcon-512,verify,35463,0.035463,3.9,0.0,256,897,752,391,liboqs,iot
Falcon-512,verify,36725,0.036725,3.9,0.0,256,897,752,392,liboqs,iot
Falcon-512,verify,35566,0.035566,3.9,0.0,256,897,752,393,liboqs,iot
Falcon-512,verify,37336,0.037336,3.9,0.0,256,897,752,394,liboqs,iot
Falcon-512,verify,37991,0.037991,3.9,0.0,256,897,752,395,liboqs,iot
Falcon-512,verify,35481,0.035481,3.9,0.0,256,897,752,396,liboqs,iot
Falcon-512,verify,38880,0.03888,3.9,0.0,256,897,752,397,liboqs,iot
Falcon-512,verify,35013,0.035013,3.9,0.0,256,897,752,398,liboqs,iot
Falcon-512,verify,35211,0.035211,3.9,0.0,256,897,752,399,liboqs,iot
Falcon-512,verify,35495,0.035495,3.9,0.0,256,897,752,400,liboqs,iot
Falcon-512,verify,36941,0.036941,3.9,0.0,256,897,752,401,liboqs,iot
Falcon-512,verify,35472,0.035472,3.9,0.0,256,897,752,402,liboqs,iot
Falcon-512,verify,35351,0.035351,3.9,0.0,256,897,752,403,liboqs,iot
Falcon-512,verify,34910,0.03491,3.9,0.0,256,897,752,404,liboqs,iot
Falcon-512,verify,36744,0.036744,3.9,0.0,256,897,752,405,liboqs,iot
Falcon-512,verify,35795,0.035795,3.9,0.0,256,897,752,406,liboqs,iot
Falcon-512,verify,35165,0.035165,3.9,0.0,256,897,752,407,liboqs,iot
Falcon-512,verify,35926,0.035926,3.9,0.0,256,897,752,408,liboqs,iot
Falcon-512,verify,44588,0.044588,3.9,0.0,256,897,752,409,liboqs,iot
Falcon-512,verify,47513,0.047513,3.9,0.0,256,897,752,410,liboqs,iot
Falcon-512,verify,41006,0.041006,3.9,0.0,256,897,752,411,liboqs,iot
Falcon-512,verify,38906,0.038906,3.9,0.0,256,897,752,412,liboqs,iot
Falcon-512,verify,36551,0.036551,3.9,0.0,256,897,752,413,liboqs,iot
Falcon-512,verify,38071,0.038071,3.9,0.0,256,897,752,414,liboqs,iot
Falcon-512,verify,36105,0.036105,3.9,0.0,256,897,752,415,liboqs,iot
Falcon-512,verify,35065,0.035065,3.9,0.0,256,897,752,416,liboqs,iot
Falcon-512,verify,35418,0.035418,3.9,0.0,256,897,752,417,liboqs,iot
Falcon-512,verify,35307,0.035307,3.9,0.0,256,897,752,418,liboqs,iot
Falcon-512,verify,36834,0.036834,3.9,0.0,256,897,752,419,liboqs,iot
Falcon-512,verify,35568,0.035568,3.9,0.0,256,897,752,420,liboqs,iot
Falcon-512,verify,36030,0.03603,3.9,0.0,256,897,752,421,liboqs,iot
Falcon-512,verify,35813,0.035813,3.9,0.0,256,897,752,422,liboqs,iot
Falcon-512,verify,37224,0.037224,3.9,0.0,256,897,752,423,liboqs,iot
Falcon-512,verify,35127,0.035127,3.9,0.0,256,897,752,424,liboqs,iot
Falcon-512,verify,35364,0.035364,3.9,0.0,256,897,752,425,liboqs,iot
Falcon-512,verify,35677,0.035677,3.9,0.0,256,897,752,426,liboqs,iot
Falcon-512,verify,36500,0.0365,3.9,0.0,256,897,752,427,liboqs,iot
Falcon-512,verify,43636,0.043636,3.9,0.0,256,897,752,428,liboqs,iot
Falcon-512,verify,102019,0.102019,3.9,0.0,256,897,752,429,liboqs,iot
Falcon-512,verify,75359,0.075359,3.9,0.0,256,897,752,430,liboqs,iot
Falcon-512,verify,48529,0.048529,3.9,0.0,256,897,752,431,liboqs,iot
Falcon-512,verify,42323,0.042323,3.9,0.0,256,897,752,432,liboqs,iot
Falcon-512,verify,37798,0.037798,3.9,0.0,256,897,752,433,liboqs,iot
Falcon-512,verify,36726,0.036726,3.9,0.0,256,897,752,434,liboqs,iot
Falcon-512,verify,36492,0.036492,3.9,0.0,256,897,752,435,liboqs,iot
Falcon-512,verify,37245,0.037245,3.9,0.0,256,897,752,436,liboqs,iot
Falcon-512,verify,36059,0.036059,3.9,0.0,256,897,752,437,liboqs,iot
Falcon-512,verify,36068,0.036068,3.9,0.0,256,897,752,438,liboqs,iot
Falcon-512,verify,35436,0.035436,3.9,0.0,256,897,752,439,liboqs,iot
Falcon-512,verify,35662,0.035662,3.9,0.0,256,897,752,440,liboqs,iot
Falcon-512,verify,39152,0.039152,3.9,0.0,256,897,752,441,liboqs,iot
Falcon-512,verify,35999,0.035999,3.9,0.0,256,897,752,442,liboqs,iot
Falcon-512,verify,35863,0.035863,3.9,0.0,256,897,752,443,liboqs,iot
Falcon-512,verify,35998,0.035998,3.9,0.0,256,897,752,444,liboqs,iot
Falcon-512,verify,36989,0.036989,3.9,0.0,256,897,752,445,liboqs,iot
Falcon-512,verify,36002,0.036002,3.9,0.0,256,897,752,446,liboqs,iot
Falcon-512,verify,35634,0.035634,3.9,0.0,256,897,752,447,liboqs,iot
Falcon-512,verify,35394,0.035394,3.9,0.0,256,897,752,448,liboqs,iot
Falcon-512,verify,35465,0.035465,3.9,0.0,256,897,752,449,liboqs,iot
Falcon-512,verify,36979,0.036979,3.9,0.0,256,897,752,450,liboqs,iot
Falcon-512,verify,35398,0.035398,3.9,0.0,256,897,752,451,liboqs,iot
Falcon-512,verify,35015,0.035015,3.9,0.0,256,897,752,452,liboqs,iot
Falcon-512,verify,35494,0.035494,3.9,0.0,256,897,752,453,liboqs,iot
Falcon-512,verify,38194,0.038194,3.9,0.0,256,897,752,454,liboqs,iot
Falcon-512,verify,46927,0.046927,3.9,0.0,256,897,752,455,liboqs,iot
Falcon-512,verify,37582,0.037582,3.9,0.0,256,897,752,456,liboqs,iot
Falcon-512,verify,35302,0.035302,3.9,0.0,256,897,752,457,liboqs,iot
Falcon-512,verify,36901,0.036901,3.9,0.0,256,897,752,458,liboqs,iot
Falcon-512,verify,36599,0.036599,3.9,0.0,256,897,752,459,liboqs,iot
Falcon-512,verify,35423,0.035423,3.9,0.0,256,897,752,460,liboqs,iot
Falcon-512,verify,35196,0.035196,3.9,0.0,256,897,752,461,liboqs,iot
Falcon-512,verify,34969,0.034969,3.9,0.0,256,897,752,462,liboqs,iot
Falcon-512,verify,36459,0.036459,3.9,0.0,256,897,752,463,liboqs,iot
Falcon-512,verify,35191,0.035191,3.9,0.0,256,897,752,464,liboqs,iot
Falcon-512,verify,35362,0.035362,3.9,0.0,256,897,752,465,liboqs,iot
Falcon-512,verify,34994,0.034994,3.9,0.0,256,897,752,466,liboqs,iot
Falcon-512,verify,36408,0.036408,3.9,0.0,256,897,752,467,liboqs,iot
Falcon-512,verify,35257,0.035257,3.9,0.0,256,897,752,468,liboqs,iot
Falcon-512,verify,35452,0.035452,3.9,0.0,256,897,752,469,liboqs,iot
Falcon-512,verify,35384,0.035384,3.9,0.0,256,897,752,470,liboqs,iot
Falcon-512,verify,46368,0.046368,3.9,0.0,256,897,752,471,liboqs,iot
Falcon-512,verify,41706,0.041706,3.9,0.0,256,897,752,472,liboqs,iot
Falcon-512,verify,36245,0.036245,3.9,0.0,256,897,752,473,liboqs,iot
Falcon-512,verify,35706,0.035706,3.9,0.0,256,897,752,474,liboqs,iot
Falcon-512,verify,35396,0.035396,3.9,0.0,256,897,752,475,liboqs,iot
Falcon-512,verify,36907,0.036907,3.9,0.0,256,897,752,476,liboqs,iot
Falcon-512,verify,35258,0.035258,3.9,0.0,256,897,752,477,liboqs,iot
Falcon-512,verify,35561,0.035561,3.9,0.0,256,897,752,478,liboqs,iot
Falcon-512,verify,35159,0.035159,3.9,0.0,256,897,752,479,liboqs,iot
Falcon-512,verify,36434,0.036434,3.9,0.0,256,897,752,480,liboqs,iot
Falcon-512,verify,42838,0.042838,3.9,0.0,256,897,752,481,liboqs,iot
Falcon-512,verify,35908,0.035908,3.9,0.0,256,897,752,482,liboqs,iot
Falcon-512,verify,35432,0.035432,3.9,0.0,256,897,752,483,liboqs,iot
Falcon-512,verify,35034,0.035034,3.9,0.0,256,897,752,484,liboqs,iot
Falcon-512,verify,36540,0.03654,3.9,0.0,256,897,752,485,liboqs,iot
Falcon-512,verify,35446,0.035446,3.9,0.0,256,897,752,486,liboqs,iot
Falcon-512,verify,35375,0.035375,3.9,0.0,256,897,752,487,liboqs,iot
Falcon-512,verify,35218,0.035218,3.9,0.0,256,897,752,488,liboqs,iot
Falcon-512,verify,37204,0.037204,3.9,0.0,256,897,752,489,liboqs,iot
Falcon-512,verify,35160,0.03516,3.9,0.0,256,897,752,490,liboqs,iot
Falcon-512,verify,35046,0.035046,3.9,0.0,256,897,752,491,liboqs,iot
Falcon-512,verify,35091,0.035091,3.9,0.0,256,897,752,492,liboqs,iot
Falcon-512,verify,34917,0.034917,3.9,0.0,256,897,752,493,liboqs,iot
Falcon-512,verify,36346,0.036346,3.9,0.0,256,897,752,494,liboqs,iot
Falcon-512,verify,35131,0.035131,3.9,0.0,256,897,752,495,liboqs,iot
Falcon-512,verify,36632,0.036632,3.9,0.0,256,897,752,496,liboqs,iot
Falcon-512,verify,36333,0.036333,3.9,0.0,256,897,752,497,liboqs,iot
Falcon-512,verify,36500,0.0365,3.9,0.0,256,897,752,498,liboqs,iot
Falcon-512,verify,35352,0.035352,3.9,0.0,256,897,752,499,liboqs,iot
Falcon-512,verify,35428,0.035428,3.9,0.0,256,897,752,500,liboqs,iot
Falcon-512,verify,35307,0.035307,3.9,0.0,256,897,752,501,liboqs,iot
Falcon-512,verify,35312,0.035312,3.9,0.0,256,897,752,502,liboqs,iot
Falcon-512,verify,36566,0.036566,3.9,0.0,256,897,752,503,liboqs,iot
Falcon-512,verify,35201,0.035201,3.9,0.0,256,897,752,504,liboqs,iot
Falcon-512,verify,34888,0.034888,3.9,0.0,256,897,752,505,liboqs,iot
Falcon-512,verify,35098,0.035098,3.9,0.0,256,897,752,506,liboqs,iot
Falcon-512,verify,37016,0.037016,3.9,0.0,256,897,752,507,liboqs,iot
Falcon-512,verify,35261,0.035261,3.9,0.0,256,897,752,508,liboqs,iot
Falcon-512,verify,35153,0.035153,3.9,0.0,256,897,752,509,liboqs,iot
Falcon-512,verify,35230,0.03523,3.9,0.0,256,897,752,510,liboqs,iot
Falcon-512,verify,36311,0.036311,3.9,0.0,256,897,752,511,liboqs,iot
Falcon-512,verify,35107,0.035107,3.9,0.0,256,897,752,512,liboqs,iot
Falcon-512,verify,35267,0.035267,3.9,0.0,256,897,752,513,liboqs,iot
Falcon-512,verify,35001,0.035001,3.9,0.0,256,897,752,514,liboqs,iot
Falcon-512,verify,35253,0.035253,3.9,0.0,256,897,752,515,liboqs,iot
Falcon-512,verify,36379,0.036379,3.9,0.0,256,897,752,516,liboqs,iot
Falcon-512,verify,35094,0.035094,3.9,0.0,256,897,752,517,liboqs,iot
Falcon-512,verify,35162,0.035162,3.9,0.0,256,897,752,518,liboqs,iot
Falcon-512,verify,35086,0.035086,3.9,0.0,256,897,752,519,liboqs,iot
Falcon-512,verify,36175,0.036175,3.9,0.0,256,897,752,520,liboqs,iot
Falcon-512,verify,35206,0.035206,3.9,0.0,256,897,752,521,liboqs,iot
Falcon-512,verify,35130,0.03513,3.9,0.0,256,897,752,522,liboqs,iot
Falcon-512,verify,36539,0.036539,3.9,0.0,256,897,752,523,liboqs,iot
Falcon-512,verify,44549,0.044549,3.9,0.0,256,897,752,524,liboqs,iot
Falcon-512,verify,41570,0.04157,3.9,0.0,256,897,752,525,liboqs,iot
Falcon-512,verify,36662,0.036662,3.9,0.0,256,897,752,526,liboqs,iot
Falcon-512,verify,36003,0.036003,3.9,0.0,256,897,752,527,liboqs,iot
Falcon-512,verify,35841,0.035841,3.9,0.0,256,897,752,528,liboqs,iot
Falcon-512,verify,36811,0.036811,3.9,0.0,256,897,752,529,liboqs,iot
Falcon-512,verify,35566,0.035566,3.9,0.0,256,897,752,530,liboqs,iot
Falcon-512,verify,35375,0.035375,3.9,0.0,256,897,752,531,liboqs,iot
Falcon-512,verify,35316,0.035316,3.9,0.0,256,897,752,532,liboqs,iot
Falcon-512,verify,35466,0.035466,3.9,0.0,256,897,752,533,liboqs,iot
Falcon-512,verify,37141,0.037141,3.9,0.0,256,897,752,534,liboqs,iot
Falcon-512,verify,34989,0.034989,3.9,0.0,256,897,752,535,liboqs,iot
Falcon-512,verify,35180,0.03518,3.9,0.0,256,897,752,536,liboqs,iot
Falcon-512,verify,35165,0.035165,3.9,0.0,256,897,752,537,liboqs,iot
Falcon-512,verify,36219,0.036219,3.9,0.0,256,897,752,538,liboqs,iot
Falcon-512,verify,36627,0.036627,3.9,0.0,256,897,752,539,liboqs,iot
Falcon-512,verify,36043,0.036043,3.9,0.0,256,897,752,540,liboqs,iot
Falcon-512,verify,35307,0.035307,3.9,0.0,256,897,752,541,liboqs,iot
Falcon-512,verify,36115,0.036115,3.9,0.0,256,897,752,542,liboqs,iot
Falcon-512,verify,35317,0.035317,3.9,0.0,256,897,752,543,liboqs,iot
Falcon-512,verify,35321,0.035321,3.9,0.0,256,897,752,544,liboqs,iot
Falcon-512,verify,34901,0.034901,3.9,0.0,256,897,752,545,liboqs,iot
Falcon-512,verify,35095,0.035095,3.9,0.0,256,897,752,546,liboqs,iot
Falcon-512,verify,44029,0.044029,3.9,0.0,256,897,752,547,liboqs,iot
Falcon-512,verify,40979,0.040979,3.9,0.0,256,897,752,548,liboqs,iot
Falcon-512,verify,36729,0.036729,3.9,0.0,256,897,752,549,liboqs,iot
Falcon-512,verify,35843,0.035843,3.9,0.0,256,897,752,550,liboqs,iot
Falcon-512,verify,37011,0.037011,3.9,0.0,256,897,752,551,liboqs,iot
Falcon-512,verify,35588,0.035588,3.9,0.0,256,897,752,552,liboqs,iot
Falcon-512,verify,35157,0.035157,3.9,0.0,256,897,752,553,liboqs,iot
Falcon-512,verify,35133,0.035133,3.9,0.0,256,897,752,554,liboqs,iot
Falcon-512,verify,35510,0.03551,3.9,0.0,256,897,752,555,liboqs,iot
Falcon-512,verify,37153,0.037153,3.9,0.0,256,897,752,556,liboqs,iot
Falcon-512,verify,35291,0.035291,3.9,0.0,256,897,752,557,liboqs,iot
Falcon-512,verify,35485,0.035485,3.9,0.0,256,897,752,558,liboqs,iot
Falcon-512,verify,35143,0.035143,3.9,0.0,256,897,752,559,liboqs,iot
Falcon-512,verify,41704,0.041704,3.9,0.0,256,897,752,560,liboqs,iot
Falcon-512,verify,39968,0.039968,3.9,0.0,256,897,752,561,liboqs,iot
Falcon-512,verify,36047,0.036047,3.9,0.0,256,897,752,562,liboqs,iot
Falcon-512,verify,35471,0.035471,3.9,0.0,256,897,752,563,liboqs,iot
Falcon-512,verify,35634,0.035634,3.9,0.0,256,897,752,564,liboqs,iot
Falcon-512,verify,35260,0.03526,3.9,0.0,256,897,752,565,liboqs,iot
Falcon-512,verify,35135,0.035135,3.9,0.0,256,897,752,566,liboqs,iot
Falcon-512,verify,35450,0.03545,3.9,0.0,256,897,752,567,liboqs,iot
Falcon-512,verify,35482,0.035482,3.9,0.0,256,897,752,568,liboqs,iot
Falcon-512,verify,34941,0.034941,3.9,0.0,256,897,752,569,liboqs,iot
Falcon-512,verify,35429,0.035429,3.9,0.0,256,897,752,570,liboqs,iot
Falcon-512,verify,35133,0.035133,3.9,0.0,256,897,752,571,liboqs,iot
Falcon-512,verify,35862,0.035862,3.9,0.0,256,897,752,572,liboqs,iot
Falcon-512,verify,35387,0.035387,3.9,0.0,256,897,752,573,liboqs,iot
Falcon-512,verify,35262,0.035262,3.9,0.0,256,897,752,574,liboqs,iot
Falcon-512,verify,35321,0.035321,3.9,0.0,256,897,752,575,liboqs,iot
Falcon-512,verify,43273,0.043273,3.9,0.0,256,897,752,576,liboqs,iot
Falcon-512,verify,40816,0.040816,3.9,0.0,256,897,752,577,liboqs,iot
Falcon-512,verify,36256,0.036256,3.9,0.0,256,897,752,578,liboqs,iot
Falcon-512,verify,35893,0.035893,3.9,0.0,256,897,752,579,liboqs,iot
Falcon-512,verify,35697,0.035697,3.9,0.0,256,897,752,580,liboqs,iot
Falcon-512,verify,37666,0.037666,3.9,0.0,256,897,752,581,liboqs,iot
Falcon-512,verify,36406,0.036406,3.9,0.0,256,897,752,582,liboqs,iot
Falcon-512,verify,38174,0.038174,3.9,0.0,256,897,752,583,liboqs,iot
Falcon-512,verify,35778,0.035778,3.9,0.0,256,897,752,584,liboqs,iot
Falcon-512,verify,35486,0.035486,3.9,0.0,256,897,752,585,liboqs,iot
Falcon-512,verify,36170,0.03617,3.9,0.0,256,897,752,586,liboqs,iot
Falcon-512,verify,35058,0.035058,3.9,0.0,256,897,752,587,liboqs,iot
Falcon-512,verify,39298,0.039298,3.9,0.0,256,897,752,588,liboqs,iot
Falcon-512,verify,35206,0.035206,3.9,0.0,256,897,752,589,liboqs,iot
Falcon-512,verify,35231,0.035231,3.9,0.0,256,897,752,590,liboqs,iot
Falcon-512,verify,35201,0.035201,3.9,0.0,256,897,752,591,liboqs,iot
Falcon-512,verify,36416,0.036416,3.9,0.0,256,897,752,592,liboqs,iot
Falcon-512,verify,35208,0.035208,3.9,0.0,256,897,752,593,liboqs,iot
Falcon-512,verify,35260,0.03526,3.9,0.0,256,897,752,594,liboqs,iot
Falcon-512,verify,35166,0.035166,3.9,0.0,256,897,752,595,liboqs,iot
Falcon-512,verify,35114,0.035114,3.9,0.0,256,897,752,596,liboqs,iot
Falcon-512,verify,36227,0.036227,3.9,0.0,256,897,752,597,liboqs,iot
Falcon-512,verify,34989,0.034989,3.9,0.0,256,897,752,598,liboqs,iot
Falcon-512,verify,35111,0.035111,3.9,0.0,256,897,752,599,liboqs,iot
Falcon-512,verify,35408,0.035408,3.9,0.0,256,897,752,600,liboqs,iot
Falcon-512,verify,35931,0.035931,3.9,0.0,256,897,752,601,liboqs,iot
Falcon-512,verify,35103,0.035103,3.9,0.0,256,897,752,602,liboqs,iot
Falcon-512,verify,35163,0.035163,3.9,0.0,256,897,752,603,liboqs,iot
Falcon-512,verify,35425,0.035425,3.9,0.0,256,897,752,604,liboqs,iot
Falcon-512,verify,35090,0.03509,3.9,0.0,256,897,752,605,liboqs,iot
Falcon-512,verify,36487,0.036487,3.9,0.0,256,897,752,606,liboqs,iot
Falcon-512,verify,35225,0.035225,3.9,0.0,256,897,752,607,liboqs,iot
Falcon-512,verify,35609,0.035609,3.9,0.0,256,897,752,608,liboqs,iot
Falcon-512,verify,35130,0.03513,3.9,0.0,256,897,752,609,liboqs,iot
Falcon-512,verify,36296,0.036296,3.9,0.0,256,897,752,610,liboqs,iot
Falcon-512,verify,35253,0.035253,3.9,0.0,256,897,752,611,liboqs,iot
Falcon-512,verify,35035,0.035035,3.9,0.0,256,897,752,612,liboqs,iot
Falcon-512,verify,35183,0.035183,3.9,0.0,256,897,752,613,liboqs,iot
Falcon-512,verify,36151,0.036151,3.9,0.0,256,897,752,614,liboqs,iot
Falcon-512,verify,35116,0.035116,3.9,0.0,256,897,752,615,liboqs,iot
Falcon-512,verify,34899,0.034899,3.9,0.0,256,897,752,616,liboqs,iot
Falcon-512,verify,35480,0.03548,3.9,0.0,256,897,752,617,liboqs,iot
Falcon-512,verify,35239,0.035239,3.9,0.0,256,897,752,618,liboqs,iot
Falcon-512,verify,35791,0.035791,3.9,0.0,256,897,752,619,liboqs,iot
Falcon-512,verify,35314,0.035314,3.9,0.0,256,897,752,620,liboqs,iot
Falcon-512,verify,81984,0.081984,6.36,0.0,256,897,752,621,liboqs,iot
Falcon-512,verify,61232,0.061232,6.05,0.0,256,897,752,622,liboqs,iot
Falcon-512,verify,39332,0.039332,3.84,0.0,256,897,752,623,liboqs,iot
Falcon-512,verify,39379,0.039379,3.84,0.0,256,897,752,624,liboqs,iot
Falcon-512,verify,37108,0.037108,3.9,0.0,256,897,752,625,liboqs,iot
Falcon-512,verify,36127,0.036127,3.9,0.0,256,897,752,626,liboqs,iot
Falcon-512,verify,36942,0.036942,3.9,0.0,256,897,752,627,liboqs,iot
Falcon-512,verify,35629,0.035629,3.9,0.0,256,897,752,628,liboqs,iot
Falcon-512,verify,35941,0.035941,3.9,0.0,256,897,752,629,liboqs,iot
Falcon-512,verify,35423,0.035423,3.9,0.0,256,897,752,630,liboqs,iot
Falcon-512,verify,37333,0.037333,3.9,0.0,256,897,752,631,liboqs,iot
Falcon-512,verify,36507,0.036507,3.9,0.0,256,897,752,632,liboqs,iot
Falcon-512,verify,35526,0.035526,3.9,0.0,256,897,752,633,liboqs,iot
Falcon-512,verify,35731,0.035731,3.9,0.0,256,897,752,634,liboqs,iot
Falcon-512,verify,35523,0.035523,3.9,0.0,256,897,752,635,liboqs,iot
Falcon-512,verify,36933,0.036933,3.9,0.0,256,897,752,636,liboqs,iot
Falcon-512,verify,35683,0.035683,3.9,0.0,256,897,752,637,liboqs,iot
Falcon-512,verify,35622,0.035622,3.9,0.0,256,897,752,638,liboqs,iot
Falcon-512,verify,35609,0.035609,3.9,0.0,256,897,752,639,liboqs,iot
Falcon-512,verify,36114,0.036114,3.9,0.0,256,897,752,640,liboqs,iot
Falcon-512,verify,35623,0.035623,3.9,0.0,256,897,752,641,liboqs,iot
Falcon-512,verify,35490,0.03549,3.9,0.0,256,897,752,642,liboqs,iot
Falcon-512,verify,35304,0.035304,3.9,0.0,256,897,752,643,liboqs,iot
Falcon-512,verify,35332,0.035332,3.9,0.0,256,897,752,644,liboqs,iot
Falcon-512,verify,36577,0.036577,3.9,0.0,256,897,752,645,liboqs,iot
Falcon-512,verify,34878,0.034878,3.9,0.0,256,897,752,646,liboqs,iot
Falcon-512,verify,35186,0.035186,3.9,0.0,256,897,752,647,liboqs,iot
Falcon-512,verify,34992,0.034992,3.9,0.0,256,897,752,648,liboqs,iot
Falcon-512,verify,36036,0.036036,3.9,0.0,256,897,752,649,liboqs,iot
Falcon-512,verify,36008,0.036008,3.9,0.0,256,897,752,650,liboqs,iot
Falcon-512,verify,35150,0.03515,3.9,0.0,256,897,752,651,liboqs,iot
Falcon-512,verify,34916,0.034916,3.9,0.0,256,897,752,652,liboqs,iot
Falcon-512,verify,34935,0.034935,3.9,0.0,256,897,752,653,liboqs,iot
Falcon-512,verify,36617,0.036617,3.9,0.0,256,897,752,654,liboqs,iot
Falcon-512,verify,35309,0.035309,3.9,0.0,256,897,752,655,liboqs,iot
Falcon-512,verify,35553,0.035553,3.9,0.0,256,897,752,656,liboqs,iot
Falcon-512,verify,35044,0.035044,3.9,0.0,256,897,752,657,liboqs,iot
Falcon-512,verify,36507,0.036507,3.9,0.0,256,897,752,658,liboqs,iot
Falcon-512,verify,35227,0.035227,3.9,0.0,256,897,752,659,liboqs,iot
Falcon-512,verify,35580,0.03558,3.9,0.0,256,897,752,660,liboqs,iot
Falcon-512,verify,34947,0.034947,3.9,0.0,256,897,752,661,liboqs,iot
Falcon-512,verify,36001,0.036001,3.9,0.0,256,897,752,662,liboqs,iot
Falcon-512,verify,35329,0.035329,3.9,0.0,256,897,752,663,liboqs,iot
Falcon-512,verify,35287,0.035287,3.9,0.0,256,897,752,664,liboqs,iot
Falcon-512,verify,44008,0.044008,3.9,0.0,256,897,752,665,liboqs,iot
Falcon-512,verify,37361,0.037361,3.9,0.0,256,897,752,666,liboqs,iot
Falcon-512,verify,53151,0.053151,3.9,0.0,256,897,752,667,liboqs,iot
Falcon-512,verify,38789,0.038789,3.9,0.0,256,897,752,668,liboqs,iot
Falcon-512,verify,36825,0.036825,3.9,0.0,256,897,752,669,liboqs,iot
Falcon-512,verify,36200,0.0362,3.9,0.0,256,897,752,670,liboqs,iot
Falcon-512,verify,36867,0.036867,3.9,0.0,256,897,752,671,liboqs,iot
Falcon-512,verify,35707,0.035707,3.9,0.0,256,897,752,672,liboqs,iot
Falcon-512,verify,35113,0.035113,3.9,0.0,256,897,752,673,liboqs,iot
Falcon-512,verify,35158,0.035158,3.9,0.0,256,897,752,674,liboqs,iot
Falcon-512,verify,35545,0.035545,3.9,0.0,256,897,752,675,liboqs,iot
Falcon-512,verify,36226,0.036226,3.9,0.0,256,897,752,676,liboqs,iot
Falcon-512,verify,35490,0.03549,3.9,0.0,256,897,752,677,liboqs,iot
Falcon-512,verify,35332,0.035332,3.9,0.0,256,897,752,678,liboqs,iot
Falcon-512,verify,35174,0.035174,3.9,0.0,256,897,752,679,liboqs,iot
Falcon-512,verify,36385,0.036385,3.9,0.0,256,897,752,680,liboqs,iot
Falcon-512,verify,35191,0.035191,3.9,0.0,256,897,752,681,liboqs,iot
Falcon-512,verify,35253,0.035253,3.9,0.0,256,897,752,682,liboqs,iot
Falcon-512,verify,34990,0.03499,3.9,0.0,256,897,752,683,liboqs,iot
Falcon-512,verify,36165,0.036165,3.9,0.0,256,897,752,684,liboqs,iot
Falcon-512,verify,35458,0.035458,3.9,0.0,256,897,752,685,liboqs,iot
Falcon-512,verify,35109,0.035109,3.9,0.0,256,897,752,686,liboqs,iot
Falcon-512,verify,35046,0.035046,3.9,0.0,256,897,752,687,liboqs,iot
Falcon-512,verify,35104,0.035104,3.9,0.0,256,897,752,688,liboqs,iot
Falcon-512,verify,36686,0.036686,3.9,0.0,256,897,752,689,liboqs,iot
Falcon-512,verify,35304,0.035304,3.9,0.0,256,897,752,690,liboqs,iot
Falcon-512,verify,35361,0.035361,3.9,0.0,256,897,752,691,liboqs,iot
Falcon-512,verify,36197,0.036197,3.9,0.0,256,897,752,692,liboqs,iot
Falcon-512,verify,36751,0.036751,3.9,0.0,256,897,752,693,liboqs,iot
Falcon-512,verify,35237,0.035237,3.9,0.0,256,897,752,694,liboqs,iot
Falcon-512,verify,35066,0.035066,3.9,0.0,256,897,752,695,liboqs,iot
Falcon-512,verify,35177,0.035177,3.9,0.0,256,897,752,696,liboqs,iot
Falcon-512,verify,35064,0.035064,3.9,0.0,256,897,752,697,liboqs,iot
Falcon-512,verify,36365,0.036365,3.9,0.0,256,897,752,698,liboqs,iot
Falcon-512,verify,35189,0.035189,3.9,0.0,256,897,752,699,liboqs,iot
Falcon-512,verify,35179,0.035179,3.9,0.0,256,897,752,700,liboqs,iot
Falcon-512,verify,35215,0.035215,3.9,0.0,256,897,752,701,liboqs,iot
Falcon-512,verify,36595,0.036595,3.9,0.0,256,897,752,702,liboqs,iot
Falcon-512,verify,35715,0.035715,3.9,0.0,256,897,752,703,liboqs,iot
Falcon-512,verify,35693,0.035693,3.9,0.0,256,897,752,704,liboqs,iot
Falcon-512,verify,35674,0.035674,3.9,0.0,256,897,752,705,liboqs,iot
Falcon-512,verify,36107,0.036107,3.9,0.0,256,897,752,706,liboqs,iot
Falcon-512,verify,36851,0.036851,3.9,0.0,256,897,752,707,liboqs,iot
Falcon-512,verify,35159,0.035159,3.9,0.0,256,897,752,708,liboqs,iot
Falcon-512,verify,36863,0.036863,3.9,0.0,256,897,752,709,liboqs,iot
Falcon-512,verify,35731,0.035731,3.9,0.0,256,897,752,710,liboqs,iot
Falcon-512,verify,37057,0.037057,3.9,0.0,256,897,752,711,liboqs,iot
Falcon-512,verify,35237,0.035237,3.9,0.0,256,897,752,712,liboqs,iot
Falcon-512,verify,42526,0.042526,3.9,0.0,256,897,752,713,liboqs,iot
Falcon-512,verify,37835,0.037835,3.9,0.0,256,897,752,714,liboqs,iot
Falcon-512,verify,37696,0.037696,3.9,0.0,256,897,752,715,liboqs,iot
Falcon-512,verify,36041,0.036041,3.9,0.0,256,897,752,716,liboqs,iot
Falcon-512,verify,35921,0.035921,3.9,0.0,256,897,752,717,liboqs,iot
Falcon-512,verify,35294,0.035294,3.9,0.0,256,897,752,718,liboqs,iot
Falcon-512,verify,35166,0.035166,3.9,0.0,256,897,752,719,liboqs,iot
Falcon-512,verify,36265,0.036265,3.9,0.0,256,897,752,720,liboqs,iot
Falcon-512,verify,35232,0.035232,3.9,0.0,256,897,752,721,liboqs,iot
Falcon-512,verify,35428,0.035428,3.9,0.0,256,897,752,722,liboqs,iot
Falcon-512,verify,35333,0.035333,3.9,0.0,256,897,752,723,liboqs,iot
Falcon-512,verify,36386,0.036386,3.9,0.0,256,897,752,724,liboqs,iot
Falcon-512,verify,35387,0.035387,3.9,0.0,256,897,752,725,liboqs,iot
Falcon-512,verify,35302,0.035302,3.9,0.0,256,897,752,726,liboqs,iot
Falcon-512,verify,35033,0.035033,3.9,0.0,256,897,752,727,liboqs,iot
Falcon-512,verify,35088,0.035088,3.9,0.0,256,897,752,728,liboqs,iot
Falcon-512,verify,36288,0.036288,3.9,0.0,256,897,752,729,liboqs,iot
Falcon-512,verify,35238,0.035238,3.9,0.0,256,897,752,730,liboqs,iot
Falcon-512,verify,35419,0.035419,3.9,0.0,256,897,752,731,liboqs,iot
Falcon-512,verify,35320,0.03532,3.9,0.0,256,897,752,732,liboqs,iot
Falcon-512,verify,36267,0.036267,3.9,0.0,256,897,752,733,liboqs,iot
Falcon-512,verify,35309,0.035309,3.9,0.0,256,897,752,734,liboqs,iot
Falcon-512,verify,35584,0.035584,3.9,0.0,256,897,752,735,liboqs,iot
Falcon-512,verify,35262,0.035262,3.9,0.0,256,897,752,736,liboqs,iot
Falcon-512,verify,36184,0.036184,3.9,0.0,256,897,752,737,liboqs,iot
Falcon-512,verify,34835,0.034835,3.9,0.0,256,897,752,738,liboqs,iot
Falcon-512,verify,35106,0.035106,3.9,0.0,256,897,752,739,liboqs,iot
Falcon-512,verify,35148,0.035148,3.9,0.0,256,897,752,740,liboqs,iot
Falcon-512,verify,35083,0.035083,3.9,0.0,256,897,752,741,liboqs,iot
Falcon-512,verify,36265,0.036265,3.9,0.0,256,897,752,742,liboqs,iot
Falcon-512,verify,35421,0.035421,3.9,0.0,256,897,752,743,liboqs,iot
Falcon-512,verify,35049,0.035049,3.9,0.0,256,897,752,744,liboqs,iot
Falcon-512,verify,34893,0.034893,3.9,0.0,256,897,752,745,liboqs,iot
Falcon-512,verify,36302,0.036302,3.9,0.0,256,897,752,746,liboqs,iot
Falcon-512,verify,41868,0.041868,3.9,0.0,256,897,752,747,liboqs,iot
Falcon-512,verify,40863,0.040863,3.9,0.0,256,897,752,748,liboqs,iot
Falcon-512,verify,36167,0.036167,3.9,0.0,256,897,752,749,liboqs,iot
Falcon-512,verify,35703,0.035703,3.9,0.0,256,897,752,750,liboqs,iot
Falcon-512,verify,37844,0.037844,3.9,0.0,256,897,752,751,liboqs,iot
Falcon-512,verify,37118,0.037118,3.9,0.0,256,897,752,752,liboqs,iot
Falcon-512,verify,35757,0.035757,3.9,0.0,256,897,752,753,liboqs,iot
Falcon-512,verify,35490,0.03549,3.9,0.0,256,897,752,754,liboqs,iot
Falcon-512,verify,36485,0.036485,3.9,0.0,256,897,752,755,liboqs,iot
Falcon-512,verify,35210,0.03521,3.9,0.0,256,897,752,756,liboqs,iot
Falcon-512,verify,35157,0.035157,3.9,0.0,256,897,752,757,liboqs,iot
Falcon-512,verify,43936,0.043936,3.9,0.0,256,897,752,758,liboqs,iot
Falcon-512,verify,45874,0.045874,3.9,0.0,256,897,752,759,liboqs,iot
Falcon-512,verify,38772,0.038772,3.9,0.0,256,897,752,760,liboqs,iot
Falcon-512,verify,36844,0.036844,3.9,0.0,256,897,752,761,liboqs,iot
Falcon-512,verify,36435,0.036435,3.9,0.0,256,897,752,762,liboqs,iot
Falcon-512,verify,35651,0.035651,3.9,0.0,256,897,752,763,liboqs,iot
Falcon-512,verify,37695,0.037695,3.9,0.0,256,897,752,764,liboqs,iot
Falcon-512,verify,35429,0.035429,3.9,0.0,256,897,752,765,liboqs,iot
Falcon-512,verify,35703,0.035703,3.9,0.0,256,897,752,766,liboqs,iot
Falcon-512,verify,35254,0.035254,3.9,0.0,256,897,752,767,liboqs,iot
Falcon-512,verify,35887,0.035887,3.9,0.0,256,897,752,768,liboqs,iot
Falcon-512,verify,46149,0.046149,3.9,0.0,256,897,752,769,liboqs,iot
Falcon-512,verify,38640,0.03864,3.9,0.0,256,897,752,770,liboqs,iot
Falcon-512,verify,35504,0.035504,3.9,0.0,256,897,752,771,liboqs,iot
Falcon-512,verify,35171,0.035171,3.9,0.0,256,897,752,772,liboqs,iot
Falcon-512,verify,36877,0.036877,3.9,0.0,256,897,752,773,liboqs,iot
Falcon-512,verify,35142,0.035142,3.9,0.0,256,897,752,774,liboqs,iot
Falcon-512,verify,34820,0.03482,3.9,0.0,256,897,752,775,liboqs,iot
Falcon-512,verify,35209,0.035209,3.9,0.0,256,897,752,776,liboqs,iot
Falcon-512,verify,36467,0.036467,3.9,0.0,256,897,752,777,liboqs,iot
Falcon-512,verify,36590,0.03659,3.9,0.0,256,897,752,778,liboqs,iot
Falcon-512,verify,35800,0.0358,3.9,0.0,256,897,752,779,liboqs,iot
Falcon-512,verify,35840,0.03584,3.9,0.0,256,897,752,780,liboqs,iot
Falcon-512,verify,35253,0.035253,3.9,0.0,256,897,752,781,liboqs,iot
Falcon-512,verify,36374,0.036374,3.9,0.0,256,897,752,782,liboqs,iot
Falcon-512,verify,35452,0.035452,3.9,0.0,256,897,752,783,liboqs,iot
Falcon-512,verify,35670,0.03567,3.9,0.0,256,897,752,784,liboqs,iot
Falcon-512,verify,35347,0.035347,3.9,0.0,256,897,752,785,liboqs,iot
Falcon-512,verify,38064,0.038064,3.9,0.0,256,897,752,786,liboqs,iot
Falcon-512,verify,35333,0.035333,3.9,0.0,256,897,752,787,liboqs,iot
Falcon-512,verify,35182,0.035182,3.9,0.0,256,897,752,788,liboqs,iot
Falcon-512,verify,34863,0.034863,3.9,0.0,256,897,752,789,liboqs,iot
Falcon-512,verify,35012,0.035012,3.9,0.0,256,897,752,790,liboqs,iot
Falcon-512,verify,36453,0.036453,3.9,0.0,256,897,752,791,liboqs,iot
Falcon-512,verify,35090,0.03509,3.9,0.0,256,897,752,792,liboqs,iot
Falcon-512,verify,35095,0.035095,3.9,0.0,256,897,752,793,liboqs,iot
Falcon-512,verify,36177,0.036177,3.9,0.0,256,897,752,794,liboqs,iot
Falcon-512,verify,36441,0.036441,3.9,0.0,256,897,752,795,liboqs,iot
Falcon-512,verify,35212,0.035212,3.9,0.0,256,897,752,796,liboqs,iot
Falcon-512,verify,35185,0.035185,3.9,0.0,256,897,752,797,liboqs,iot
Falcon-512,verify,35171,0.035171,3.9,0.0,256,897,752,798,liboqs,iot
Falcon-512,verify,36314,0.036314,3.9,0.0,256,897,752,799,liboqs,iot
Falcon-512,verify,35721,0.035721,3.9,0.0,256,897,752,800,liboqs,iot
Falcon-512,verify,35254,0.035254,3.9,0.0,256,897,752,801,liboqs,iot
Falcon-512,verify,34979,0.034979,3.9,0.0,256,897,752,802,liboqs,iot
Falcon-512,verify,35066,0.035066,3.9,0.0,256,897,752,803,liboqs,iot
Falcon-512,verify,36345,0.036345,3.9,0.0,256,897,752,804,liboqs,iot
Falcon-512,verify,35161,0.035161,3.9,0.0,256,897,752,805,liboqs,iot
Falcon-512,verify,35206,0.035206,3.9,0.0,256,897,752,806,liboqs,iot
Falcon-512,verify,35044,0.035044,3.9,0.0,256,897,752,807,liboqs,iot
Falcon-512,verify,36348,0.036348,3.9,0.0,256,897,752,808,liboqs,iot
Falcon-512,verify,34905,0.034905,3.9,0.0,256,897,752,809,liboqs,iot
Falcon-512,verify,35057,0.035057,3.9,0.0,256,897,752,810,liboqs,iot
Falcon-512,verify,43094,0.043094,3.9,0.0,256,897,752,811,liboqs,iot
Falcon-512,verify,40923,0.040923,3.9,0.0,256,897,752,812,liboqs,iot
Falcon-512,verify,39572,0.039572,3.9,0.0,256,897,752,813,liboqs,iot
Falcon-512,verify,36049,0.036049,3.9,0.0,256,897,752,814,liboqs,iot
Falcon-512,verify,35555,0.035555,3.9,0.0,256,897,752,815,liboqs,iot
Falcon-512,verify,35351,0.035351,3.9,0.0,256,897,752,816,liboqs,iot
Falcon-512,verify,36594,0.036594,3.9,0.0,256,897,752,817,liboqs,iot
Falcon-512,verify,35211,0.035211,3.9,0.0,256,897,752,818,liboqs,iot
Falcon-512,verify,35400,0.0354,3.9,0.0,256,897,752,819,liboqs,iot
Falcon-512,verify,35193,0.035193,3.9,0.0,256,897,752,820,liboqs,iot
Falcon-512,verify,36477,0.036477,3.9,0.0,256,897,752,821,liboqs,iot
Falcon-512,verify,35048,0.035048,3.9,0.0,256,897,752,822,liboqs,iot
Falcon-512,verify,35001,0.035001,3.9,0.0,256,897,752,823,liboqs,iot
Falcon-512,verify,35202,0.035202,3.9,0.0,256,897,752,824,liboqs,iot
Falcon-512,verify,34959,0.034959,3.9,0.0,256,897,752,825,liboqs,iot
Falcon-512,verify,36475,0.036475,3.9,0.0,256,897,752,826,liboqs,iot
Falcon-512,verify,35541,0.035541,3.9,0.0,256,897,752,827,liboqs,iot
Falcon-512,verify,35408,0.035408,3.9,0.0,256,897,752,828,liboqs,iot
Falcon-512,verify,35042,0.035042,3.9,0.0,256,897,752,829,liboqs,iot
Falcon-512,verify,36440,0.03644,3.9,0.0,256,897,752,830,liboqs,iot
Falcon-512,verify,35300,0.0353,3.9,0.0,256,897,752,831,liboqs,iot
Falcon-512,verify,35229,0.035229,3.9,0.0,256,897,752,832,liboqs,iot
Falcon-512,verify,34921,0.034921,3.9,0.0,256,897,752,833,liboqs,iot
Falcon-512,verify,35326,0.035326,3.9,0.0,256,897,752,834,liboqs,iot
Falcon-512,verify,36170,0.03617,3.9,0.0,256,897,752,835,liboqs,iot
Falcon-512,verify,36460,0.03646,3.9,0.0,256,897,752,836,liboqs,iot
Falcon-512,verify,36397,0.036397,3.9,0.0,256,897,752,837,liboqs,iot
Falcon-512,verify,35032,0.035032,3.9,0.0,256,897,752,838,liboqs,iot
Falcon-512,verify,36326,0.036326,3.9,0.0,256,897,752,839,liboqs,iot
Falcon-512,verify,35512,0.035512,3.9,0.0,256,897,752,840,liboqs,iot
Falcon-512,verify,36040,0.03604,3.9,0.0,256,897,752,841,liboqs,iot
Falcon-512,verify,35106,0.035106,3.9,0.0,256,897,752,842,liboqs,iot
Falcon-512,verify,35305,0.035305,3.9,0.0,256,897,752,843,liboqs,iot
Falcon-512,verify,36398,0.036398,3.9,0.0,256,897,752,844,liboqs,iot
Falcon-512,verify,35379,0.035379,3.9,0.0,256,897,752,845,liboqs,iot
Falcon-512,verify,34941,0.034941,3.9,0.0,256,897,752,846,liboqs,iot
Falcon-512,verify,35071,0.035071,3.9,0.0,256,897,752,847,liboqs,iot
Falcon-512,verify,36735,0.036735,3.9,0.0,256,897,752,848,liboqs,iot
Falcon-512,verify,35277,0.035277,3.9,0.0,256,897,752,849,liboqs,iot
Falcon-512,verify,35118,0.035118,3.9,0.0,256,897,752,850,liboqs,iot
Falcon-512,verify,35097,0.035097,3.9,0.0,256,897,752,851,liboqs,iot
Falcon-512,verify,36468,0.036468,3.9,0.0,256,897,752,852,liboqs,iot
Falcon-512,verify,34690,0.03469,3.9,0.0,256,897,752,853,liboqs,iot
Falcon-512,verify,35093,0.035093,3.9,0.0,256,897,752,854,liboqs,iot
Falcon-512,verify,34784,0.034784,3.9,0.0,256,897,752,855,liboqs,iot
Falcon-512,verify,34944,0.034944,3.9,0.0,256,897,752,856,liboqs,iot
Falcon-512,verify,43893,0.043893,3.9,0.0,256,897,752,857,liboqs,iot
Falcon-512,verify,41381,0.041381,3.9,0.0,256,897,752,858,liboqs,iot
Falcon-512,verify,36645,0.036645,3.9,0.0,256,897,752,859,liboqs,iot
Falcon-512,verify,35753,0.035753,3.9,0.0,256,897,752,860,liboqs,iot
Falcon-512,verify,36951,0.036951,3.9,0.0,256,897,752,861,liboqs,iot
Falcon-512,verify,35397,0.035397,3.9,0.0,256,897,752,862,liboqs,iot
Falcon-512,verify,35210,0.03521,3.9,0.0,256,897,752,863,liboqs,iot
Falcon-512,verify,35127,0.035127,3.9,0.0,256,897,752,864,liboqs,iot
Falcon-512,verify,35064,0.035064,3.9,0.0,256,897,752,865,liboqs,iot
Falcon-512,verify,36815,0.036815,3.9,0.0,256,897,752,866,liboqs,iot
Falcon-512,verify,35186,0.035186,3.9,0.0,256,897,752,867,liboqs,iot
Falcon-512,verify,35169,0.035169,3.9,0.0,256,897,752,868,liboqs,iot
Falcon-512,verify,35443,0.035443,3.9,0.0,256,897,752,869,liboqs,iot
Falcon-512,verify,36168,0.036168,3.9,0.0,256,897,752,870,liboqs,iot
Falcon-512,verify,35411,0.035411,3.9,0.0,256,897,752,871,liboqs,iot
Falcon-512,verify,35100,0.0351,3.9,0.0,256,897,752,872,liboqs,iot
Falcon-512,verify,35203,0.035203,3.9,0.0,256,897,752,873,liboqs,iot
Falcon-512,verify,36259,0.036259,3.9,0.0,256,897,752,874,liboqs,iot
Falcon-512,verify,40582,0.040582,3.9,0.0,256,897,752,875,liboqs,iot
Falcon-512,verify,36904,0.036904,3.9,0.0,256,897,752,876,liboqs,iot
Falcon-512,verify,35639,0.035639,3.9,0.0,256,897,752,877,liboqs,iot
Falcon-512,verify,35273,0.035273,3.9,0.0,256,897,752,878,liboqs,iot
Falcon-512,verify,37963,0.037963,3.9,0.0,256,897,752,879,liboqs,iot
Falcon-512,verify,35958,0.035958,3.9,0.0,256,897,752,880,liboqs,iot
Falcon-512,verify,35507,0.035507,3.9,0.0,256,897,752,881,liboqs,iot
Falcon-512,verify,35213,0.035213,3.9,0.0,256,897,752,882,liboqs,iot
Falcon-512,verify,36721,0.036721,3.9,0.0,256,897,752,883,liboqs,iot
Falcon-512,verify,35112,0.035112,3.9,0.0,256,897,752,884,liboqs,iot
Falcon-512,verify,37678,0.037678,3.9,0.0,256,897,752,885,liboqs,iot
Falcon-512,verify,35600,0.0356,3.9,0.0,256,897,752,886,liboqs,iot
Falcon-512,verify,35367,0.035367,3.9,0.0,256,897,752,887,liboqs,iot
Falcon-512,verify,35168,0.035168,3.9,0.0,256,897,752,888,liboqs,iot
Falcon-512,verify,35006,0.035006,3.9,0.0,256,897,752,889,liboqs,iot
Falcon-512,verify,35325,0.035325,3.9,0.0,256,897,752,890,liboqs,iot
Falcon-512,verify,35329,0.035329,3.9,0.0,256,897,752,891,liboqs,iot
Falcon-512,verify,35443,0.035443,3.9,0.0,256,897,752,892,liboqs,iot
Falcon-512,verify,35235,0.035235,3.9,0.0,256,897,752,893,liboqs,iot
Falcon-512,verify,34836,0.034836,3.9,0.0,256,897,752,894,liboqs,iot
Falcon-512,verify,34970,0.03497,3.9,0.0,256,897,752,895,liboqs,iot
Falcon-512,verify,35724,0.035724,3.9,0.0,256,897,752,896,liboqs,iot
Falcon-512,verify,48901,0.048901,3.9,0.0,256,897,752,897,liboqs,iot
Falcon-512,verify,41777,0.041777,3.9,0.0,256,897,752,898,liboqs,iot
Falcon-512,verify,36499,0.036499,3.9,0.0,256,897,752,899,liboqs,iot
Falcon-512,verify,36054,0.036054,3.9,0.0,256,897,752,900,liboqs,iot
Falcon-512,verify,35079,0.035079,3.9,0.0,256,897,752,901,liboqs,iot
Falcon-512,verify,35308,0.035308,3.9,0.0,256,897,752,902,liboqs,iot
Falcon-512,verify,47222,0.047222,3.9,0.0,256,897,752,903,liboqs,iot
Falcon-512,verify,37585,0.037585,3.9,0.0,256,897,752,904,liboqs,iot
Falcon-512,verify,36974,0.036974,3.9,0.0,256,897,752,905,liboqs,iot
Falcon-512,verify,35439,0.035439,3.9,0.0,256,897,752,906,liboqs,iot
Falcon-512,verify,35246,0.035246,3.9,0.0,256,897,752,907,liboqs,iot
Falcon-512,verify,35912,0.035912,3.9,0.0,256,897,752,908,liboqs,iot
Falcon-512,verify,35984,0.035984,3.9,0.0,256,897,752,909,liboqs,iot
Falcon-512,verify,35715,0.035715,3.9,0.0,256,897,752,910,liboqs,iot
Falcon-512,verify,38512,0.038512,3.9,0.0,256,897,752,911,liboqs,iot
Falcon-512,verify,35706,0.035706,3.9,0.0,256,897,752,912,liboqs,iot
Falcon-512,verify,35248,0.035248,3.9,0.0,256,897,752,913,liboqs,iot
Falcon-512,verify,35359,0.035359,3.9,0.0,256,897,752,914,liboqs,iot
Falcon-512,verify,35336,0.035336,3.9,0.0,256,897,752,915,liboqs,iot
Falcon-512,verify,36769,0.036769,3.9,0.0,256,897,752,916,liboqs,iot
Falcon-512,verify,35121,0.035121,3.9,0.0,256,897,752,917,liboqs,iot
Falcon-512,verify,35269,0.035269,3.9,0.0,256,897,752,918,liboqs,iot
Falcon-512,verify,34780,0.03478,3.9,0.0,256,897,752,919,liboqs,iot
Falcon-512,verify,36263,0.036263,3.9,0.0,256,897,752,920,liboqs,iot
Falcon-512,verify,36384,0.036384,3.9,0.0,256,897,752,921,liboqs,iot
Falcon-512,verify,35492,0.035492,3.9,0.0,256,897,752,922,liboqs,iot
Falcon-512,verify,36756,0.036756,3.9,0.0,256,897,752,923,liboqs,iot
Falcon-512,verify,37159,0.037159,3.9,0.0,256,897,752,924,liboqs,iot
Falcon-512,verify,35859,0.035859,3.9,0.0,256,897,752,925,liboqs,iot
Falcon-512,verify,35548,0.035548,3.9,0.0,256,897,752,926,liboqs,iot
Falcon-512,verify,35158,0.035158,3.9,0.0,256,897,752,927,liboqs,iot
Falcon-512,verify,35421,0.035421,3.9,0.0,256,897,752,928,liboqs,iot
Falcon-512,verify,36233,0.036233,3.9,0.0,256,897,752,929,liboqs,iot
Falcon-512,verify,34950,0.03495,3.9,0.0,256,897,752,930,liboqs,iot
Falcon-512,verify,34732,0.034732,3.9,0.0,256,897,752,931,liboqs,iot
Falcon-512,verify,35726,0.035726,3.9,0.0,256,897,752,932,liboqs,iot
Falcon-512,verify,36160,0.03616,3.9,0.0,256,897,752,933,liboqs,iot
Falcon-512,verify,34967,0.034967,3.9,0.0,256,897,752,934,liboqs,iot
Falcon-512,verify,34947,0.034947,3.9,0.0,256,897,752,935,liboqs,iot
Falcon-512,verify,35403,0.035403,3.9,0.0,256,897,752,936,liboqs,iot
Falcon-512,verify,34808,0.034808,3.9,0.0,256,897,752,937,liboqs,iot
Falcon-512,verify,36285,0.036285,3.9,0.0,256,897,752,938,liboqs,iot
Falcon-512,verify,34882,0.034882,3.9,0.0,256,897,752,939,liboqs,iot
Falcon-512,verify,35070,0.03507,3.9,0.0,256,897,752,940,liboqs,iot
Falcon-512,verify,34832,0.034832,3.9,0.0,256,897,752,941,liboqs,iot
Falcon-512,verify,35983,0.035983,3.9,0.0,256,897,752,942,liboqs,iot
Falcon-512,verify,34874,0.034874,3.9,0.0,256,897,752,943,liboqs,iot
Falcon-512,verify,35007,0.035007,3.9,0.0,256,897,752,944,liboqs,iot
Falcon-512,verify,34981,0.034981,3.9,0.0,256,897,752,945,liboqs,iot
Falcon-512,verify,35897,0.035897,3.9,0.0,256,897,752,946,liboqs,iot
Falcon-512,verify,35028,0.035028,3.9,0.0,256,897,752,947,liboqs,iot
Falcon-512,verify,35095,0.035095,3.9,0.0,256,897,752,948,liboqs,iot
Falcon-512,verify,49433,0.049433,3.9,0.0,256,897,752,949,liboqs,iot
Falcon-512,verify,39535,0.039535,3.9,0.0,256,897,752,950,liboqs,iot
Falcon-512,verify,38940,0.03894,3.9,0.0,256,897,752,951,liboqs,iot
Falcon-512,verify,36121,0.036121,3.9,0.0,256,897,752,952,liboqs,iot
Falcon-512,verify,35349,0.035349,3.9,0.0,256,897,752,953,liboqs,iot
Falcon-512,verify,35438,0.035438,3.9,0.0,256,897,752,954,liboqs,iot
Falcon-512,verify,42839,0.042839,3.9,0.0,256,897,752,955,liboqs,iot
Falcon-512,verify,36843,0.036843,3.9,0.0,256,897,752,956,liboqs,iot
Falcon-512,verify,35169,0.035169,3.9,0.0,256,897,752,957,liboqs,iot
Falcon-512,verify,35157,0.035157,3.9,0.0,256,897,752,958,liboqs,iot
Falcon-512,verify,35172,0.035172,3.9,0.0,256,897,752,959,liboqs,iot
Falcon-512,verify,36666,0.036666,3.9,0.0,256,897,752,960,liboqs,iot
Falcon-512,verify,35189,0.035189,3.9,0.0,256,897,752,961,liboqs,iot
Falcon-512,verify,35118,0.035118,3.9,0.0,256,897,752,962,liboqs,iot
Falcon-512,verify,69035,0.069035,6.36,0.0,256,897,752,963,liboqs,iot
Falcon-512,verify,51833,0.051833,6.05,0.0,256,897,752,964,liboqs,iot
Falcon-512,verify,39182,0.039182,3.84,0.0,256,897,752,965,liboqs,iot
Falcon-512,verify,37188,0.037188,3.84,0.0,256,897,752,966,liboqs,iot
Falcon-512,verify,36219,0.036219,3.9,0.0,256,897,752,967,liboqs,iot
Falcon-512,verify,37155,0.037155,3.9,0.0,256,897,752,968,liboqs,iot
Falcon-512,verify,35548,0.035548,3.9,0.0,256,897,752,969,liboqs,iot
Falcon-512,verify,36735,0.036735,3.9,0.0,256,897,752,970,liboqs,iot
Falcon-512,verify,35663,0.035663,3.9,0.0,256,897,752,971,liboqs,iot
Falcon-512,verify,36793,0.036793,3.9,0.0,256,897,752,972,liboqs,iot
Falcon-512,verify,35389,0.035389,3.9,0.0,256,897,752,973,liboqs,iot
Falcon-512,verify,35835,0.035835,3.9,0.0,256,897,752,974,liboqs,iot
Falcon-512,verify,35810,0.03581,3.9,0.0,256,897,752,975,liboqs,iot
Falcon-512,verify,35419,0.035419,3.9,0.0,256,897,752,976,liboqs,iot
Falcon-512,verify,37031,0.037031,3.9,0.0,256,897,752,977,liboqs,iot
Falcon-512,verify,35552,0.035552,3.9,0.0,256,897,752,978,liboqs,iot
Falcon-512,verify,42456,0.042456,3.9,0.0,256,897,752,979,liboqs,iot
Falcon-512,verify,37972,0.037972,3.9,0.0,256,897,752,980,liboqs,iot
Falcon-512,verify,37010,0.03701,3.9,0.0,256,897,752,981,liboqs,iot
Falcon-512,verify,35641,0.035641,3.9,0.0,256,897,752,982,liboqs,iot
Falcon-512,verify,35258,0.035258,3.9,0.0,256,897,752,983,liboqs,iot
Falcon-512,verify,35264,0.035264,3.9,0.0,256,897,752,984,liboqs,iot
Falcon-512,verify,36362,0.036362,3.9,0.0,256,897,752,985,liboqs,iot
Falcon-512,verify,35111,0.035111,3.9,0.0,256,897,752,986,liboqs,iot
Falcon-512,verify,35739,0.035739,3.9,0.0,256,897,752,987,liboqs,iot
Falcon-512,verify,35575,0.035575,3.9,0.0,256,897,752,988,liboqs,iot
Falcon-512,verify,35088,0.035088,3.9,0.0,256,897,752,989,liboqs,iot
Falcon-512,verify,36558,0.036558,3.9,0.0,256,897,752,990,liboqs,iot
Falcon-512,verify,35587,0.035587,3.9,0.0,256,897,752,991,liboqs,iot
Falcon-512,verify,35582,0.035582,3.9,0.0,256,897,752,992,liboqs,iot
Falcon-512,verify,44161,0.044161,3.9,0.0,256,897,752,993,liboqs,iot
Falcon-512,verify,39300,0.0393,3.9,0.0,256,897,752,994,liboqs,iot
Falcon-512,verify,36489,0.036489,3.9,0.0,256,897,752,995,liboqs,iot
Falcon-512,verify,36460,0.03646,3.9,0.0,256,897,752,996,liboqs,iot
Falcon-512,verify,35790,0.03579,3.9,0.0,256,897,752,997,liboqs,iot
Falcon-512,verify,35691,0.035691,3.9,0.0,256,897,752,998,liboqs,iot
Falcon-512,verify,38349,0.038349,3.9,0.0,256,897,752,999,liboqs,iot
ECDSA,keygen,204678,0.204678,0.5,0.0,256,64,0,0,liboqs,iot
ECDSA,keygen,196273,0.196273,0.5,0.0,256,64,0,1,liboqs,iot
ECDSA,keygen,195144,0.195144,0.5,0.0,256,64,0,2,liboqs,iot
ECDSA,keygen,196342,0.196342,1.08,0.0,256,64,0,3,liboqs,iot
ECDSA,keygen,200078,0.200078,0.5,0.0,256,64,0,4,liboqs,iot
ECDSA,keygen,205741,0.205741,0.5,0.0,256,64,0,5,liboqs,iot
ECDSA,keygen,194761,0.194761,0.5,0.0,256,64,0,6,liboqs,iot
ECDSA,keygen,205914,0.205914,0.5,0.0,256,64,0,7,liboqs,iot
ECDSA,keygen,196782,0.196782,0.5,0.0,256,64,0,8,liboqs,iot
ECDSA,keygen,194033,0.194033,0.5,0.0,256,64,0,9,liboqs,iot
ECDSA,keygen,193396,0.193396,0.5,0.0,256,64,0,10,liboqs,iot
ECDSA,keygen,193524,0.193524,0.5,0.0,256,64,0,11,liboqs,iot
ECDSA,keygen,193188,0.193188,0.5,0.0,256,64,0,12,liboqs,iot
ECDSA,keygen,193532,0.193532,0.5,0.0,256,64,0,13,liboqs,iot
ECDSA,keygen,194483,0.194483,0.5,0.0,256,64,0,14,liboqs,iot
ECDSA,keygen,193398,0.193398,0.5,0.0,256,64,0,15,liboqs,iot
ECDSA,keygen,228778,0.228778,0.5,0.0,256,64,0,16,liboqs,iot
ECDSA,keygen,210883,0.210883,0.5,0.0,256,64,0,17,liboqs,iot
ECDSA,keygen,212682,0.212682,0.5,0.0,256,64,0,18,liboqs,iot
ECDSA,keygen,199514,0.199514,0.5,0.0,256,64,0,19,liboqs,iot
ECDSA,keygen,194540,0.19454,0.5,0.0,256,64,0,20,liboqs,iot
ECDSA,keygen,193547,0.193547,0.5,0.0,256,64,0,21,liboqs,iot
ECDSA,keygen,194235,0.194235,0.5,0.0,256,64,0,22,liboqs,iot
ECDSA,keygen,195763,0.195763,0.5,0.0,256,64,0,23,liboqs,iot
ECDSA,keygen,202025,0.202025,0.5,0.0,256,64,0,24,liboqs,iot
ECDSA,keygen,195272,0.195272,0.5,0.0,256,64,0,25,liboqs,iot
ECDSA,keygen,193532,0.193532,0.5,0.0,256,64,0,26,liboqs,iot
ECDSA,keygen,203497,0.203497,0.5,0.0,256,64,0,27,liboqs,iot
ECDSA,keygen,196066,0.196066,0.5,0.0,256,64,0,28,liboqs,iot
ECDSA,keygen,192233,0.192233,0.5,0.0,256,64,0,29,liboqs,iot
ECDSA,keygen,193833,0.193833,0.5,0.0,256,64,0,30,liboqs,iot
ECDSA,keygen,194950,0.19495,0.5,0.0,256,64,0,31,liboqs,iot
ECDSA,keygen,192679,0.192679,0.5,0.0,256,64,0,32,liboqs,iot
ECDSA,keygen,193687,0.193687,0.5,0.0,256,64,0,33,liboqs,iot
ECDSA,keygen,193458,0.193458,0.5,0.0,256,64,0,34,liboqs,iot
ECDSA,keygen,195609,0.195609,0.5,0.0,256,64,0,35,liboqs,iot
ECDSA,keygen,192991,0.192991,0.5,0.0,256,64,0,36,liboqs,iot
ECDSA,keygen,193395,0.193395,0.5,0.0,256,64,0,37,liboqs,iot
ECDSA,keygen,205343,0.205343,0.5,0.0,256,64,0,38,liboqs,iot
ECDSA,keygen,194940,0.19494,0.5,0.0,256,64,0,39,liboqs,iot
ECDSA,keygen,206582,0.206582,0.5,0.0,256,64,0,40,liboqs,iot
ECDSA,keygen,196355,0.196355,0.5,0.0,256,64,0,41,liboqs,iot
ECDSA,keygen,193242,0.193242,0.5,0.0,256,64,0,42,liboqs,iot
ECDSA,keygen,212434,0.212434,0.5,0.0,256,64,0,43,liboqs,iot
ECDSA,keygen,194704,0.194704,0.5,0.0,256,64,0,44,liboqs,iot
ECDSA,keygen,203043,0.203043,0.5,0.0,256,64,0,45,liboqs,iot
ECDSA,keygen,195936,0.195936,0.5,0.0,256,64,0,46,liboqs,iot
ECDSA,keygen,208381,0.208381,0.5,0.0,256,64,0,47,liboqs,iot
ECDSA,keygen,196031,0.196031,0.5,0.0,256,64,0,48,liboqs,iot
ECDSA,keygen,194164,0.194164,0.5,0.0,256,64,0,49,liboqs,iot
ECDSA,keygen,192678,0.192678,0.5,0.0,256,64,0,50,liboqs,iot
ECDSA,keygen,192801,0.192801,0.5,0.0,256,64,0,51,liboqs,iot
ECDSA,keygen,193158,0.193158,0.5,0.0,256,64,0,52,liboqs,iot
ECDSA,keygen,193213,0.193213,0.5,0.0,256,64,0,53,liboqs,iot
ECDSA,keygen,194294,0.194294,0.5,0.0,256,64,0,54,liboqs,iot
ECDSA,keygen,193319,0.193319,0.5,0.0,256,64,0,55,liboqs,iot
ECDSA,keygen,193930,0.19393,0.5,0.0,256,64,0,56,liboqs,iot
ECDSA,keygen,192681,0.192681,0.5,0.0,256,64,0,57,liboqs,iot
ECDSA,keygen,205282,0.205282,0.5,0.0,256,64,0,58,liboqs,iot
ECDSA,keygen,197086,0.197086,0.5,0.0,256,64,0,59,liboqs,iot
ECDSA,keygen,192682,0.192682,0.5,0.0,256,64,0,60,liboqs,iot
ECDSA,keygen,192860,0.19286,0.5,0.0,256,64,0,61,liboqs,iot
ECDSA,keygen,192928,0.192928,0.5,0.0,256,64,0,62,liboqs,iot
ECDSA,keygen,192571,0.192571,0.5,0.0,256,64,0,63,liboqs,iot
ECDSA,keygen,193018,0.193018,0.5,0.0,256,64,0,64,liboqs,iot
ECDSA,keygen,201993,0.201993,0.5,0.0,256,64,0,65,liboqs,iot
ECDSA,keygen,203731,0.203731,0.5,0.0,256,64,0,66,liboqs,iot
ECDSA,keygen,199861,0.199861,0.5,0.0,256,64,0,67,liboqs,iot
ECDSA,keygen,195117,0.195117,0.5,0.0,256,64,0,68,liboqs,iot
ECDSA,keygen,194372,0.194372,0.5,0.0,256,64,0,69,liboqs,iot
ECDSA,keygen,194914,0.194914,0.5,0.0,256,64,0,70,liboqs,iot
ECDSA,keygen,195497,0.195497,0.5,0.0,256,64,0,71,liboqs,iot
ECDSA,keygen,195083,0.195083,0.5,0.0,256,64,0,72,liboqs,iot
ECDSA,keygen,194131,0.194131,0.5,0.0,256,64,0,73,liboqs,iot
ECDSA,keygen,194937,0.194937,0.5,0.0,256,64,0,74,liboqs,iot
ECDSA,keygen,206298,0.206298,0.5,0.0,256,64,0,75,liboqs,iot
ECDSA,keygen,197303,0.197303,0.5,0.0,256,64,0,76,liboqs,iot
ECDSA,keygen,209711,0.209711,0.5,0.0,256,64,0,77,liboqs,iot
ECDSA,keygen,197112,0.197112,0.5,0.0,256,64,0,78,liboqs,iot
ECDSA,keygen,193108,0.193108,0.5,0.0,256,64,0,79,liboqs,iot
ECDSA,keygen,193806,0.193806,0.5,0.0,256,64,0,80,liboqs,iot
ECDSA,keygen,193047,0.193047,0.5,0.0,256,64,0,81,liboqs,iot
ECDSA,keygen,193913,0.193913,0.5,0.0,256,64,0,82,liboqs,iot
ECDSA,keygen,193646,0.193646,0.5,0.0,256,64,0,83,liboqs,iot
ECDSA,keygen,192786,0.192786,0.5,0.0,256,64,0,84,liboqs,iot
ECDSA,keygen,210975,0.210975,0.5,0.0,256,64,0,85,liboqs,iot
ECDSA,keygen,195861,0.195861,0.5,0.0,256,64,0,86,liboqs,iot
ECDSA,keygen,192491,0.192491,0.5,0.0,256,64,0,87,liboqs,iot
ECDSA,keygen,193656,0.193656,0.5,0.0,256,64,0,88,liboqs,iot
ECDSA,keygen,194190,0.19419,0.5,0.0,256,64,0,89,liboqs,iot
ECDSA,keygen,192474,0.192474,0.5,0.0,256,64,0,90,liboqs,iot
ECDSA,keygen,194402,0.194402,0.5,0.0,256,64,0,91,liboqs,iot
ECDSA,keygen,194113,0.194113,0.5,0.0,256,64,0,92,liboqs,iot
ECDSA,keygen,194163,0.194163,0.5,0.0,256,64,0,93,liboqs,iot
ECDSA,keygen,206521,0.206521,0.5,0.0,256,64,0,94,liboqs,iot
ECDSA,keygen,196314,0.196314,0.5,0.0,256,64,0,95,liboqs,iot
ECDSA,keygen,194134,0.194134,0.5,0.0,256,64,0,96,liboqs,iot
ECDSA,keygen,192923,0.192923,0.5,0.0,256,64,0,97,liboqs,iot
ECDSA,keygen,195002,0.195002,0.5,0.0,256,64,0,98,liboqs,iot
ECDSA,keygen,194010,0.19401,0.5,0.0,256,64,0,99,liboqs,iot
ECDSA,keygen,194491,0.194491,0.5,0.0,256,64,0,100,liboqs,iot
ECDSA,keygen,192957,0.192957,0.5,0.0,256,64,0,101,liboqs,iot
ECDSA,keygen,194121,0.194121,0.5,0.0,256,64,0,102,liboqs,iot
ECDSA,keygen,192771,0.192771,0.5,0.0,256,64,0,103,liboqs,iot
ECDSA,keygen,204226,0.204226,0.5,0.0,256,64,0,104,liboqs,iot
ECDSA,keygen,202617,0.202617,0.5,0.0,256,64,0,105,liboqs,iot
ECDSA,keygen,194911,0.194911,0.5,0.0,256,64,0,106,liboqs,iot
ECDSA,keygen,193560,0.19356,0.5,0.0,256,64,0,107,liboqs,iot
ECDSA,keygen,204801,0.204801,0.5,0.0,256,64,0,108,liboqs,iot
ECDSA,keygen,199286,0.199286,0.5,0.0,256,64,0,109,liboqs,iot
ECDSA,keygen,193893,0.193893,0.5,0.0,256,64,0,110,liboqs,iot
ECDSA,keygen,193978,0.193978,0.5,0.0,256,64,0,111,liboqs,iot
ECDSA,keygen,193709,0.193709,0.5,0.0,256,64,0,112,liboqs,iot
ECDSA,keygen,204267,0.204267,0.5,0.0,256,64,0,113,liboqs,iot
ECDSA,keygen,195875,0.195875,0.5,0.0,256,64,0,114,liboqs,iot
ECDSA,keygen,193878,0.193878,0.5,0.0,256,64,0,115,liboqs,iot
ECDSA,keygen,193611,0.193611,0.5,0.0,256,64,0,116,liboqs,iot
ECDSA,keygen,213276,0.213276,0.5,0.0,256,64,0,117,liboqs,iot
ECDSA,keygen,199306,0.199306,0.5,0.0,256,64,0,118,liboqs,iot
ECDSA,keygen,193499,0.193499,0.5,0.0,256,64,0,119,liboqs,iot
ECDSA,keygen,193649,0.193649,0.5,0.0,256,64,0,120,liboqs,iot
ECDSA,keygen,194141,0.194141,0.5,0.0,256,64,0,121,liboqs,iot
ECDSA,keygen,206196,0.206196,0.5,0.0,256,64,0,122,liboqs,iot
ECDSA,keygen,197036,0.197036,0.5,0.0,256,64,0,123,liboqs,iot
ECDSA,keygen,193961,0.193961,0.5,0.0,256,64,0,124,liboqs,iot
ECDSA,keygen,201218,0.201218,0.5,0.0,256,64,0,125,liboqs,iot
ECDSA,keygen,194203,0.194203,0.5,0.0,256,64,0,126,liboqs,iot
ECDSA,keygen,193419,0.193419,0.5,0.0,256,64,0,127,liboqs,iot
ECDSA,keygen,193287,0.193287,0.5,0.0,256,64,0,128,liboqs,iot
ECDSA,keygen,195701,0.195701,0.5,0.0,256,64,0,129,liboqs,iot
ECDSA,keygen,193927,0.193927,0.5,0.0,256,64,0,130,liboqs,iot
ECDSA,keygen,213114,0.213114,0.5,0.0,256,64,0,131,liboqs,iot
ECDSA,keygen,206525,0.206525,0.5,0.0,256,64,0,132,liboqs,iot
ECDSA,keygen,200426,0.200426,0.5,0.0,256,64,0,133,liboqs,iot
ECDSA,keygen,195254,0.195254,0.5,0.0,256,64,0,134,liboqs,iot
ECDSA,keygen,193697,0.193697,0.5,0.0,256,64,0,135,liboqs,iot
ECDSA,keygen,197482,0.197482,0.5,0.0,256,64,0,136,liboqs,iot
ECDSA,keygen,194819,0.194819,0.5,0.0,256,64,0,137,liboqs,iot
ECDSA,keygen,203164,0.203164,0.5,0.0,256,64,0,138,liboqs,iot
ECDSA,keygen,195051,0.195051,0.5,0.0,256,64,0,139,liboqs,iot
ECDSA,keygen,202630,0.20263,0.5,0.0,256,64,0,140,liboqs,iot
ECDSA,keygen,194892,0.194892,0.5,0.0,256,64,0,141,liboqs,iot
ECDSA,keygen,194053,0.194053,0.5,0.0,256,64,0,142,liboqs,iot
ECDSA,keygen,192744,0.192744,0.5,0.0,256,64,0,143,liboqs,iot
ECDSA,keygen,193600,0.1936,0.5,0.0,256,64,0,144,liboqs,iot
ECDSA,keygen,200957,0.200957,0.5,0.0,256,64,0,145,liboqs,iot
ECDSA,keygen,195601,0.195601,0.5,0.0,256,64,0,146,liboqs,iot
ECDSA,keygen,193701,0.193701,0.5,0.0,256,64,0,147,liboqs,iot
ECDSA,keygen,194058,0.194058,0.5,0.0,256,64,0,148,liboqs,iot
ECDSA,keygen,205462,0.205462,0.5,0.0,256,64,0,149,liboqs,iot
ECDSA,keygen,197484,0.197484,0.5,0.0,256,64,0,150,liboqs,iot
ECDSA,keygen,192979,0.192979,0.5,0.0,256,64,0,151,liboqs,iot
ECDSA,keygen,193299,0.193299,0.5,0.0,256,64,0,152,liboqs,iot
ECDSA,keygen,193553,0.193553,0.5,0.0,256,64,0,153,liboqs,iot
ECDSA,keygen,193472,0.193472,0.5,0.0,256,64,0,154,liboqs,iot
ECDSA,keygen,192586,0.192586,0.5,0.0,256,64,0,155,liboqs,iot
ECDSA,keygen,193224,0.193224,0.5,0.0,256,64,0,156,liboqs,iot
ECDSA,keygen,193406,0.193406,0.5,0.0,256,64,0,157,liboqs,iot
ECDSA,keygen,204849,0.204849,0.5,0.0,256,64,0,158,liboqs,iot
ECDSA,keygen,195370,0.19537,0.5,0.0,256,64,0,159,liboqs,iot
ECDSA,keygen,193253,0.193253,0.5,0.0,256,64,0,160,liboqs,iot
ECDSA,keygen,193032,0.193032,0.5,0.0,256,64,0,161,liboqs,iot
ECDSA,keygen,193098,0.193098,0.5,0.0,256,64,0,162,liboqs,iot
ECDSA,keygen,192842,0.192842,0.5,0.0,256,64,0,163,liboqs,iot
ECDSA,keygen,192881,0.192881,0.5,0.0,256,64,0,164,liboqs,iot
ECDSA,keygen,193652,0.193652,0.5,0.0,256,64,0,165,liboqs,iot
ECDSA,keygen,208693,0.208693,0.5,0.0,256,64,0,166,liboqs,iot
ECDSA,keygen,208108,0.208108,0.5,0.0,256,64,0,167,liboqs,iot
ECDSA,keygen,196315,0.196315,0.5,0.0,256,64,0,168,liboqs,iot
ECDSA,keygen,195181,0.195181,0.5,0.0,256,64,0,169,liboqs,iot
ECDSA,keygen,193185,0.193185,0.5,0.0,256,64,0,170,liboqs,iot
ECDSA,keygen,193521,0.193521,0.5,0.0,256,64,0,171,liboqs,iot
ECDSA,keygen,193459,0.193459,0.5,0.0,256,64,0,172,liboqs,iot
ECDSA,keygen,195103,0.195103,0.5,0.0,256,64,0,173,liboqs,iot
ECDSA,keygen,193767,0.193767,0.5,0.0,256,64,0,174,liboqs,iot
ECDSA,keygen,194509,0.194509,0.5,0.0,256,64,0,175,liboqs,iot
ECDSA,keygen,205785,0.205785,0.5,0.0,256,64,0,176,liboqs,iot
ECDSA,keygen,196136,0.196136,0.5,0.0,256,64,0,177,liboqs,iot
ECDSA,keygen,193041,0.193041,0.5,0.0,256,64,0,178,liboqs,iot
ECDSA,keygen,195046,0.195046,0.5,0.0,256,64,0,179,liboqs,iot
ECDSA,keygen,192460,0.19246,0.5,0.0,256,64,0,180,liboqs,iot
ECDSA,keygen,194079,0.194079,0.5,0.0,256,64,0,181,liboqs,iot
ECDSA,keygen,192984,0.192984,0.5,0.0,256,64,0,182,liboqs,iot
ECDSA,keygen,193683,0.193683,0.5,0.0,256,64,0,183,liboqs,iot
ECDSA,keygen,194614,0.194614,0.5,0.0,256,64,0,184,liboqs,iot
ECDSA,keygen,193747,0.193747,0.5,0.0,256,64,0,185,liboqs,iot
ECDSA,keygen,211977,0.211977,0.5,0.0,256,64,0,186,liboqs,iot
ECDSA,keygen,202517,0.202517,0.5,0.0,256,64,0,187,liboqs,iot
ECDSA,keygen,195085,0.195085,0.5,0.0,256,64,0,188,liboqs,iot
ECDSA,keygen,193078,0.193078,0.5,0.0,256,64,0,189,liboqs,iot
ECDSA,keygen,192848,0.192848,0.5,0.0,256,64,0,190,liboqs,iot
ECDSA,keygen,266405,0.266405,0.5,0.0,256,64,0,191,liboqs,iot
ECDSA,keygen,196473,0.196473,0.5,0.0,256,64,0,192,liboqs,iot
ECDSA,keygen,193959,0.193959,0.5,0.0,256,64,0,193,liboqs,iot
ECDSA,keygen,192699,0.192699,0.5,0.0,256,64,0,194,liboqs,iot
ECDSA,keygen,208085,0.208085,0.5,0.0,256,64,0,195,liboqs,iot
ECDSA,keygen,196989,0.196989,0.5,0.0,256,64,0,196,liboqs,iot
ECDSA,keygen,193286,0.193286,0.5,0.0,256,64,0,197,liboqs,iot
ECDSA,keygen,194156,0.194156,0.5,0.0,256,64,0,198,liboqs,iot
ECDSA,keygen,193971,0.193971,0.5,0.0,256,64,0,199,liboqs,iot
ECDSA,keygen,192516,0.192516,0.5,0.0,256,64,0,200,liboqs,iot
ECDSA,keygen,196380,0.19638,0.5,0.0,256,64,0,201,liboqs,iot
ECDSA,keygen,193836,0.193836,0.5,0.0,256,64,0,202,liboqs,iot
ECDSA,keygen,193692,0.193692,0.5,0.0,256,64,0,203,liboqs,iot
ECDSA,keygen,306881,0.306881,0.5,0.0,256,64,0,204,liboqs,iot
ECDSA,keygen,228579,0.228579,0.5,0.0,256,64,0,205,liboqs,iot
ECDSA,keygen,197190,0.19719,0.5,0.0,256,64,0,206,liboqs,iot
ECDSA,keygen,194303,0.194303,0.5,0.0,256,64,0,207,liboqs,iot
ECDSA,keygen,194900,0.1949,0.5,0.0,256,64,0,208,liboqs,iot
ECDSA,keygen,193450,0.19345,0.5,0.0,256,64,0,209,liboqs,iot
ECDSA,keygen,193253,0.193253,0.5,0.0,256,64,0,210,liboqs,iot
ECDSA,keygen,193947,0.193947,0.5,0.0,256,64,0,211,liboqs,iot
ECDSA,keygen,211030,0.21103,0.5,0.0,256,64,0,212,liboqs,iot
ECDSA,keygen,195869,0.195869,0.5,0.0,256,64,0,213,liboqs,iot
ECDSA,keygen,194140,0.19414,0.5,0.0,256,64,0,214,liboqs,iot
ECDSA,keygen,194490,0.19449,0.5,0.0,256,64,0,215,liboqs,iot
ECDSA,keygen,193720,0.19372,0.5,0.0,256,64,0,216,liboqs,iot
ECDSA,keygen,193437,0.193437,0.5,0.0,256,64,0,217,liboqs,iot
ECDSA,keygen,193958,0.193958,0.5,0.0,256,64,0,218,liboqs,iot
ECDSA,keygen,193569,0.193569,0.5,0.0,256,64,0,219,liboqs,iot
ECDSA,keygen,193871,0.193871,0.5,0.0,256,64,0,220,liboqs,iot
ECDSA,keygen,193184,0.193184,0.5,0.0,256,64,0,221,liboqs,iot
ECDSA,keygen,207080,0.20708,0.5,0.0,256,64,0,222,liboqs,iot
ECDSA,keygen,209934,0.209934,0.5,0.0,256,64,0,223,liboqs,iot
ECDSA,keygen,254957,0.254957,0.5,0.0,256,64,0,224,liboqs,iot
ECDSA,keygen,204655,0.204655,0.5,0.0,256,64,0,225,liboqs,iot
ECDSA,keygen,195012,0.195012,0.5,0.0,256,64,0,226,liboqs,iot
ECDSA,keygen,193736,0.193736,0.5,0.0,256,64,0,227,liboqs,iot
ECDSA,keygen,193314,0.193314,0.5,0.0,256,64,0,228,liboqs,iot
ECDSA,keygen,193584,0.193584,0.5,0.0,256,64,0,229,liboqs,iot
ECDSA,keygen,206167,0.206167,0.5,0.0,256,64,0,230,liboqs,iot
ECDSA,keygen,221974,0.221974,0.5,0.0,256,64,0,231,liboqs,iot
ECDSA,keygen,196018,0.196018,0.5,0.0,256,64,0,232,liboqs,iot
ECDSA,keygen,199261,0.199261,0.5,0.0,256,64,0,233,liboqs,iot
ECDSA,keygen,193978,0.193978,0.5,0.0,256,64,0,234,liboqs,iot
ECDSA,keygen,195867,0.195867,0.5,0.0,256,64,0,235,liboqs,iot
ECDSA,keygen,193643,0.193643,0.5,0.0,256,64,0,236,liboqs,iot
ECDSA,keygen,194029,0.194029,0.5,0.0,256,64,0,237,liboqs,iot
ECDSA,keygen,193515,0.193515,0.5,0.0,256,64,0,238,liboqs,iot
ECDSA,keygen,206622,0.206622,0.5,0.0,256,64,0,239,liboqs,iot
ECDSA,keygen,197020,0.19702,0.5,0.0,256,64,0,240,liboqs,iot
ECDSA,keygen,242848,0.242848,0.5,0.0,256,64,0,241,liboqs,iot
ECDSA,keygen,202593,0.202593,0.5,0.0,256,64,0,242,liboqs,iot
ECDSA,keygen,194841,0.194841,0.5,0.0,256,64,0,243,liboqs,iot
ECDSA,keygen,204607,0.204607,0.5,0.0,256,64,0,244,liboqs,iot
ECDSA,keygen,196915,0.196915,0.5,0.0,256,64,0,245,liboqs,iot
ECDSA,keygen,192481,0.192481,0.5,0.0,256,64,0,246,liboqs,iot
ECDSA,keygen,194285,0.194285,0.5,0.0,256,64,0,247,liboqs,iot
ECDSA,keygen,194724,0.194724,0.5,0.0,256,64,0,248,liboqs,iot
ECDSA,keygen,206060,0.20606,0.5,0.0,256,64,0,249,liboqs,iot
ECDSA,keygen,195145,0.195145,0.5,0.0,256,64,0,250,liboqs,iot
ECDSA,keygen,192257,0.192257,0.5,0.0,256,64,0,251,liboqs,iot
ECDSA,keygen,192989,0.192989,0.5,0.0,256,64,0,252,liboqs,iot
ECDSA,keygen,192840,0.19284,0.5,0.0,256,64,0,253,liboqs,iot
ECDSA,keygen,193265,0.193265,0.5,0.0,256,64,0,254,liboqs,iot
ECDSA,keygen,193954,0.193954,0.5,0.0,256,64,0,255,liboqs,iot
ECDSA,keygen,193093,0.193093,0.5,0.0,256,64,0,256,liboqs,iot
ECDSA,keygen,194554,0.194554,0.5,0.0,256,64,0,257,liboqs,iot
ECDSA,keygen,195837,0.195837,0.5,0.0,256,64,0,258,liboqs,iot
ECDSA,keygen,207494,0.207494,0.5,0.0,256,64,0,259,liboqs,iot
ECDSA,keygen,196807,0.196807,0.5,0.0,256,64,0,260,liboqs,iot
ECDSA,keygen,207174,0.207174,0.5,0.0,256,64,0,261,liboqs,iot
ECDSA,keygen,196391,0.196391,0.5,0.0,256,64,0,262,liboqs,iot
ECDSA,keygen,194892,0.194892,0.5,0.0,256,64,0,263,liboqs,iot
ECDSA,keygen,193120,0.19312,0.5,0.0,256,64,0,264,liboqs,iot
ECDSA,keygen,343766,0.343766,0.5,0.0,256,64,0,265,liboqs,iot
ECDSA,keygen,196370,0.19637,0.5,0.0,256,64,0,266,liboqs,iot
ECDSA,keygen,205847,0.205847,0.5,0.0,256,64,0,267,liboqs,iot
ECDSA,keygen,194619,0.194619,0.5,0.0,256,64,0,268,liboqs,iot
ECDSA,keygen,196284,0.196284,0.5,0.0,256,64,0,269,liboqs,iot
ECDSA,keygen,194661,0.194661,0.5,0.0,256,64,0,270,liboqs,iot
ECDSA,keygen,195295,0.195295,0.5,0.0,256,64,0,271,liboqs,iot
ECDSA,keygen,194544,0.194544,0.5,0.0,256,64,0,272,liboqs,iot
ECDSA,keygen,193045,0.193045,0.5,0.0,256,64,0,273,liboqs,iot
ECDSA,keygen,193358,0.193358,0.5,0.0,256,64,0,274,liboqs,iot
ECDSA,keygen,193671,0.193671,0.5,0.0,256,64,0,275,liboqs,iot
ECDSA,keygen,192493,0.192493,0.5,0.0,256,64,0,276,liboqs,iot
ECDSA,keygen,205417,0.205417,0.5,0.0,256,64,0,277,liboqs,iot
ECDSA,keygen,195092,0.195092,0.5,0.0,256,64,0,278,liboqs,iot
ECDSA,keygen,194017,0.194017,0.5,0.0,256,64,0,279,liboqs,iot
ECDSA,keygen,193366,0.193366,0.5,0.0,256,64,0,280,liboqs,iot
ECDSA,keygen,192908,0.192908,0.5,0.0,256,64,0,281,liboqs,iot
ECDSA,keygen,194131,0.194131,0.5,0.0,256,64,0,282,liboqs,iot
ECDSA,keygen,193932,0.193932,0.5,0.0,256,64,0,283,liboqs,iot
ECDSA,keygen,201749,0.201749,0.5,0.0,256,64,0,284,liboqs,iot
ECDSA,keygen,194448,0.194448,0.5,0.0,256,64,0,285,liboqs,iot
ECDSA,keygen,204532,0.204532,0.5,0.0,256,64,0,286,liboqs,iot
ECDSA,keygen,198249,0.198249,0.5,0.0,256,64,0,287,liboqs,iot
ECDSA,keygen,195066,0.195066,0.5,0.0,256,64,0,288,liboqs,iot
ECDSA,keygen,194639,0.194639,0.5,0.0,256,64,0,289,liboqs,iot
ECDSA,keygen,193501,0.193501,0.5,0.0,256,64,0,290,liboqs,iot
ECDSA,keygen,193593,0.193593,0.5,0.0,256,64,0,291,liboqs,iot
ECDSA,keygen,194976,0.194976,0.5,0.0,256,64,0,292,liboqs,iot
ECDSA,keygen,194787,0.194787,0.5,0.0,256,64,0,293,liboqs,iot
ECDSA,keygen,200120,0.20012,0.5,0.0,256,64,0,294,liboqs,iot
ECDSA,keygen,198744,0.198744,0.5,0.0,256,64,0,295,liboqs,iot
ECDSA,keygen,194501,0.194501,0.5,0.0,256,64,0,296,liboqs,iot
ECDSA,keygen,194433,0.194433,0.5,0.0,256,64,0,297,liboqs,iot
ECDSA,keygen,194795,0.194795,0.5,0.0,256,64,0,298,liboqs,iot
ECDSA,keygen,203045,0.203045,0.5,0.0,256,64,0,299,liboqs,iot
ECDSA,keygen,194853,0.194853,0.5,0.0,256,64,0,300,liboqs,iot
ECDSA,keygen,194177,0.194177,0.5,0.0,256,64,0,301,liboqs,iot
ECDSA,keygen,266622,0.266622,0.5,0.0,256,64,0,302,liboqs,iot
ECDSA,keygen,214781,0.214781,0.5,0.0,256,64,0,303,liboqs,iot
ECDSA,keygen,215078,0.215078,0.5,0.0,256,64,0,304,liboqs,iot
ECDSA,keygen,199211,0.199211,0.5,0.0,256,64,0,305,liboqs,iot
ECDSA,keygen,195203,0.195203,0.5,0.0,256,64,0,306,liboqs,iot
ECDSA,keygen,211937,0.211937,0.5,0.0,256,64,0,307,liboqs,iot
ECDSA,keygen,196855,0.196855,0.5,0.0,256,64,0,308,liboqs,iot
ECDSA,keygen,198221,0.198221,0.5,0.0,256,64,0,309,liboqs,iot
ECDSA,keygen,208159,0.208159,0.5,0.0,256,64,0,310,liboqs,iot
ECDSA,keygen,197037,0.197037,0.5,0.0,256,64,0,311,liboqs,iot
ECDSA,keygen,195747,0.195747,0.5,0.0,256,64,0,312,liboqs,iot
ECDSA,keygen,196720,0.19672,0.5,0.0,256,64,0,313,liboqs,iot
ECDSA,keygen,193988,0.193988,0.5,0.0,256,64,0,314,liboqs,iot
ECDSA,keygen,194408,0.194408,0.5,0.0,256,64,0,315,liboqs,iot
ECDSA,keygen,194476,0.194476,0.5,0.0,256,64,0,316,liboqs,iot
ECDSA,keygen,194260,0.19426,0.5,0.0,256,64,0,317,liboqs,iot
ECDSA,keygen,194545,0.194545,0.5,0.0,256,64,0,318,liboqs,iot
ECDSA,keygen,205556,0.205556,0.5,0.0,256,64,0,319,liboqs,iot
ECDSA,keygen,210486,0.210486,0.5,0.0,256,64,0,320,liboqs,iot
ECDSA,keygen,197130,0.19713,0.5,0.0,256,64,0,321,liboqs,iot
ECDSA,keygen,195601,0.195601,0.5,0.0,256,64,0,322,liboqs,iot
ECDSA,keygen,193641,0.193641,0.5,0.0,256,64,0,323,liboqs,iot
ECDSA,keygen,200661,0.200661,0.5,0.0,256,64,0,324,liboqs,iot
ECDSA,keygen,194904,0.194904,0.5,0.0,256,64,0,325,liboqs,iot
ECDSA,keygen,194688,0.194688,0.5,0.0,256,64,0,326,liboqs,iot
ECDSA,keygen,206344,0.206344,0.5,0.0,256,64,0,327,liboqs,iot
ECDSA,keygen,213005,0.213005,0.5,0.0,256,64,0,328,liboqs,iot
ECDSA,keygen,196009,0.196009,0.5,0.0,256,64,0,329,liboqs,iot
ECDSA,keygen,194678,0.194678,0.5,0.0,256,64,0,330,liboqs,iot
ECDSA,keygen,204332,0.204332,0.5,0.0,256,64,0,331,liboqs,iot
ECDSA,keygen,196240,0.19624,0.5,0.0,256,64,0,332,liboqs,iot
ECDSA,keygen,194478,0.194478,0.5,0.0,256,64,0,333,liboqs,iot
ECDSA,keygen,196099,0.196099,0.5,0.0,256,64,0,334,liboqs,iot
ECDSA,keygen,198777,0.198777,0.5,0.0,256,64,0,335,liboqs,iot
ECDSA,keygen,194659,0.194659,0.5,0.0,256,64,0,336,liboqs,iot
ECDSA,keygen,205770,0.20577,0.5,0.0,256,64,0,337,liboqs,iot
ECDSA,keygen,197016,0.197016,0.5,0.0,256,64,0,338,liboqs,iot
ECDSA,keygen,194859,0.194859,0.5,0.0,256,64,0,339,liboqs,iot
ECDSA,keygen,194417,0.194417,0.5,0.0,256,64,0,340,liboqs,iot
ECDSA,keygen,270755,0.270755,0.5,0.0,256,64,0,341,liboqs,iot
ECDSA,keygen,199784,0.199784,0.5,0.0,256,64,0,342,liboqs,iot
ECDSA,keygen,202938,0.202938,0.5,0.0,256,64,0,343,liboqs,iot
ECDSA,keygen,195044,0.195044,0.5,0.0,256,64,0,344,liboqs,iot
ECDSA,keygen,194587,0.194587,0.5,0.0,256,64,0,345,liboqs,iot
ECDSA,keygen,194413,0.194413,0.5,0.0,256,64,0,346,liboqs,iot
ECDSA,keygen,258823,0.258823,0.5,0.0,256,64,0,347,liboqs,iot
ECDSA,keygen,225440,0.22544,0.5,0.0,256,64,0,348,liboqs,iot
ECDSA,keygen,198467,0.198467,0.5,0.0,256,64,0,349,liboqs,iot
ECDSA,keygen,195072,0.195072,0.5,0.0,256,64,0,350,liboqs,iot
ECDSA,keygen,208164,0.208164,0.5,0.0,256,64,0,351,liboqs,iot
ECDSA,keygen,196257,0.196257,0.5,0.0,256,64,0,352,liboqs,iot
ECDSA,keygen,195847,0.195847,0.5,0.0,256,64,0,353,liboqs,iot
ECDSA,keygen,195389,0.195389,0.5,0.0,256,64,0,354,liboqs,iot
ECDSA,keygen,193857,0.193857,0.5,0.0,256,64,0,355,liboqs,iot
ECDSA,keygen,209515,0.209515,0.5,0.0,256,64,0,356,liboqs,iot
ECDSA,keygen,194645,0.194645,0.5,0.0,256,64,0,357,liboqs,iot
ECDSA,keygen,193843,0.193843,0.5,0.0,256,64,0,358,liboqs,iot
ECDSA,keygen,193503,0.193503,0.5,0.0,256,64,0,359,liboqs,iot
ECDSA,keygen,193391,0.193391,0.5,0.0,256,64,0,360,liboqs,iot
ECDSA,keygen,194545,0.194545,0.5,0.0,256,64,0,361,liboqs,iot
ECDSA,keygen,193922,0.193922,0.5,0.0,256,64,0,362,liboqs,iot
ECDSA,keygen,205313,0.205313,0.5,0.0,256,64,0,363,liboqs,iot
ECDSA,keygen,194720,0.19472,0.5,0.0,256,64,0,364,liboqs,iot
ECDSA,keygen,193368,0.193368,0.5,0.0,256,64,0,365,liboqs,iot
ECDSA,keygen,206747,0.206747,0.5,0.0,256,64,0,366,liboqs,iot
ECDSA,keygen,212352,0.212352,0.5,0.0,256,64,0,367,liboqs,iot
ECDSA,keygen,197892,0.197892,0.5,0.0,256,64,0,368,liboqs,iot
ECDSA,keygen,193711,0.193711,0.5,0.0,256,64,0,369,liboqs,iot
ECDSA,keygen,208094,0.208094,0.5,0.0,256,64,0,370,liboqs,iot
ECDSA,keygen,195279,0.195279,0.5,0.0,256,64,0,371,liboqs,iot
ECDSA,keygen,193752,0.193752,0.5,0.0,256,64,0,372,liboqs,iot
ECDSA,keygen,194171,0.194171,0.5,0.0,256,64,0,373,liboqs,iot
ECDSA,keygen,194454,0.194454,0.5,0.0,256,64,0,374,liboqs,iot
ECDSA,keygen,206762,0.206762,0.5,0.0,256,64,0,375,liboqs,iot
ECDSA,keygen,197661,0.197661,0.5,0.0,256,64,0,376,liboqs,iot
ECDSA,keygen,193085,0.193085,0.5,0.0,256,64,0,377,liboqs,iot
ECDSA,keygen,193734,0.193734,0.5,0.0,256,64,0,378,liboqs,iot
ECDSA,keygen,193307,0.193307,0.5,0.0,256,64,0,379,liboqs,iot
ECDSA,keygen,193783,0.193783,0.5,0.0,256,64,0,380,liboqs,iot
ECDSA,keygen,235474,0.235474,0.5,0.0,256,64,0,381,liboqs,iot
ECDSA,keygen,229797,0.229797,0.5,0.0,256,64,0,382,liboqs,iot
ECDSA,keygen,199087,0.199087,0.5,0.0,256,64,0,383,liboqs,iot
ECDSA,keygen,196372,0.196372,0.5,0.0,256,64,0,384,liboqs,iot
ECDSA,keygen,194652,0.194652,0.5,0.0,256,64,0,385,liboqs,iot
ECDSA,keygen,194195,0.194195,0.5,0.0,256,64,0,386,liboqs,iot
ECDSA,keygen,193930,0.19393,0.5,0.0,256,64,0,387,liboqs,iot
ECDSA,keygen,195337,0.195337,0.5,0.0,256,64,0,388,liboqs,iot
ECDSA,keygen,290736,0.290736,0.5,0.0,256,64,0,389,liboqs,iot
ECDSA,keygen,1007595,1.007595,0.5,0.0,256,64,0,390,liboqs,iot
ECDSA,keygen,338553,0.338553,0.5,0.0,256,64,0,391,liboqs,iot
ECDSA,keygen,197884,0.197884,0.5,0.0,256,64,0,392,liboqs,iot
ECDSA,keygen,194184,0.194184,0.5,0.0,256,64,0,393,liboqs,iot
ECDSA,keygen,193306,0.193306,0.5,0.0,256,64,0,394,liboqs,iot
ECDSA,keygen,206147,0.206147,0.5,0.0,256,64,0,395,liboqs,iot
ECDSA,keygen,195517,0.195517,0.5,0.0,256,64,0,396,liboqs,iot
ECDSA,keygen,204964,0.204964,0.5,0.0,256,64,0,397,liboqs,iot
ECDSA,keygen,194338,0.194338,0.5,0.0,256,64,0,398,liboqs,iot
ECDSA,keygen,193653,0.193653,0.5,0.0,256,64,0,399,liboqs,iot
ECDSA,keygen,212507,0.212507,0.5,0.0,256,64,0,400,liboqs,iot
ECDSA,keygen,200840,0.20084,0.5,0.0,256,64,0,401,liboqs,iot
ECDSA,keygen,193943,0.193943,0.5,0.0,256,64,0,402,liboqs,iot
ECDSA,keygen,193857,0.193857,0.5,0.0,256,64,0,403,liboqs,iot
ECDSA,keygen,193760,0.19376,0.5,0.0,256,64,0,404,liboqs,iot
ECDSA,keygen,209149,0.209149,0.5,0.0,256,64,0,405,liboqs,iot
ECDSA,keygen,197005,0.197005,0.5,0.0,256,64,0,406,liboqs,iot
ECDSA,keygen,219107,0.219107,0.5,0.0,256,64,0,407,liboqs,iot
ECDSA,keygen,195955,0.195955,0.5,0.0,256,64,0,408,liboqs,iot
ECDSA,keygen,193677,0.193677,0.5,0.0,256,64,0,409,liboqs,iot
ECDSA,keygen,193919,0.193919,0.5,0.0,256,64,0,410,liboqs,iot
ECDSA,keygen,193494,0.193494,0.5,0.0,256,64,0,411,liboqs,iot
ECDSA,keygen,206575,0.206575,0.5,0.0,256,64,0,412,liboqs,iot
ECDSA,keygen,195684,0.195684,0.5,0.0,256,64,0,413,liboqs,iot
ECDSA,keygen,193128,0.193128,0.5,0.0,256,64,0,414,liboqs,iot
ECDSA,keygen,193584,0.193584,0.5,0.0,256,64,0,415,liboqs,iot
ECDSA,keygen,194172,0.194172,0.5,0.0,256,64,0,416,liboqs,iot
ECDSA,keygen,210502,0.210502,0.5,0.0,256,64,0,417,liboqs,iot
ECDSA,keygen,195579,0.195579,0.5,0.0,256,64,0,418,liboqs,iot
ECDSA,keygen,195351,0.195351,0.5,0.0,256,64,0,419,liboqs,iot
ECDSA,keygen,194922,0.194922,0.5,0.0,256,64,0,420,liboqs,iot
ECDSA,keygen,192573,0.192573,0.5,0.0,256,64,0,421,liboqs,iot
ECDSA,keygen,206701,0.206701,0.5,0.0,256,64,0,422,liboqs,iot
ECDSA,keygen,197402,0.197402,0.5,0.0,256,64,0,423,liboqs,iot
ECDSA,keygen,193560,0.19356,0.5,0.0,256,64,0,424,liboqs,iot
ECDSA,keygen,194339,0.194339,0.5,0.0,256,64,0,425,liboqs,iot
ECDSA,keygen,193498,0.193498,0.5,0.0,256,64,0,426,liboqs,iot
ECDSA,keygen,207332,0.207332,0.5,0.0,256,64,0,427,liboqs,iot
ECDSA,keygen,197761,0.197761,0.5,0.0,256,64,0,428,liboqs,iot
ECDSA,keygen,202626,0.202626,0.5,0.0,256,64,0,429,liboqs,iot
ECDSA,keygen,196146,0.196146,0.5,0.0,256,64,0,430,liboqs,iot
ECDSA,keygen,193899,0.193899,0.5,0.0,256,64,0,431,liboqs,iot
ECDSA,keygen,208490,0.20849,0.5,0.0,256,64,0,432,liboqs,iot
ECDSA,keygen,196681,0.196681,0.5,0.0,256,64,0,433,liboqs,iot
ECDSA,keygen,193884,0.193884,0.5,0.0,256,64,0,434,liboqs,iot
ECDSA,keygen,195165,0.195165,0.5,0.0,256,64,0,435,liboqs,iot
ECDSA,keygen,193331,0.193331,0.5,0.0,256,64,0,436,liboqs,iot
ECDSA,keygen,210198,0.210198,0.5,0.0,256,64,0,437,liboqs,iot
ECDSA,keygen,194037,0.194037,0.5,0.0,256,64,0,438,liboqs,iot
ECDSA,keygen,194384,0.194384,0.5,0.0,256,64,0,439,liboqs,iot
ECDSA,keygen,193749,0.193749,0.5,0.0,256,64,0,440,liboqs,iot
ECDSA,keygen,193139,0.193139,0.5,0.0,256,64,0,441,liboqs,iot
ECDSA,keygen,208442,0.208442,0.5,0.0,256,64,0,442,liboqs,iot
ECDSA,keygen,197076,0.197076,0.5,0.0,256,64,0,443,liboqs,iot
ECDSA,keygen,194404,0.194404,0.5,0.0,256,64,0,444,liboqs,iot
ECDSA,keygen,193308,0.193308,0.5,0.0,256,64,0,445,liboqs,iot
ECDSA,keygen,192956,0.192956,0.5,0.0,256,64,0,446,liboqs,iot
ECDSA,keygen,204388,0.204388,0.5,0.0,256,64,0,447,liboqs,iot
ECDSA,keygen,195908,0.195908,0.5,0.0,256,64,0,448,liboqs,iot
ECDSA,keygen,194516,0.194516,0.5,0.0,256,64,0,449,liboqs,iot
ECDSA,keygen,193125,0.193125,0.5,0.0,256,64,0,450,liboqs,iot
ECDSA,keygen,194048,0.194048,0.5,0.0,256,64,0,451,liboqs,iot
ECDSA,keygen,241890,0.24189,0.5,0.0,256,64,0,452,liboqs,iot
ECDSA,keygen,198386,0.198386,0.5,0.0,256,64,0,453,liboqs,iot
ECDSA,keygen,198112,0.198112,0.5,0.0,256,64,0,454,liboqs,iot
ECDSA,keygen,238125,0.238125,0.5,0.0,256,64,0,455,liboqs,iot
ECDSA,keygen,198394,0.198394,0.5,0.0,256,64,0,456,liboqs,iot
ECDSA,keygen,229132,0.229132,0.5,0.0,256,64,0,457,liboqs,iot
ECDSA,keygen,197805,0.197805,0.5,0.0,256,64,0,458,liboqs,iot
ECDSA,keygen,194004,0.194004,0.5,0.0,256,64,0,459,liboqs,iot
ECDSA,keygen,194846,0.194846,0.5,0.0,256,64,0,460,liboqs,iot
ECDSA,keygen,195172,0.195172,0.5,0.0,256,64,0,461,liboqs,iot
ECDSA,keygen,210895,0.210895,0.5,0.0,256,64,0,462,liboqs,iot
ECDSA,keygen,195619,0.195619,0.5,0.0,256,64,0,463,liboqs,iot
ECDSA,keygen,193781,0.193781,0.5,0.0,256,64,0,464,liboqs,iot
ECDSA,keygen,193795,0.193795,0.5,0.0,256,64,0,465,liboqs,iot
ECDSA,keygen,193092,0.193092,0.5,0.0,256,64,0,466,liboqs,iot
ECDSA,keygen,207286,0.207286,0.5,0.0,256,64,0,467,liboqs,iot
ECDSA,keygen,211995,0.211995,0.5,0.0,256,64,0,468,liboqs,iot
ECDSA,keygen,196945,0.196945,0.5,0.0,256,64,0,469,liboqs,iot
ECDSA,keygen,195336,0.195336,0.5,0.0,256,64,0,470,liboqs,iot
ECDSA,keygen,193932,0.193932,0.5,0.0,256,64,0,471,liboqs,iot
ECDSA,keygen,227946,0.227946,0.5,0.0,256,64,0,472,liboqs,iot
ECDSA,keygen,196231,0.196231,0.5,0.0,256,64,0,473,liboqs,iot
ECDSA,keygen,193169,0.193169,0.5,0.0,256,64,0,474,liboqs,iot
ECDSA,keygen,193973,0.193973,0.5,0.0,256,64,0,475,liboqs,iot
ECDSA,keygen,203767,0.203767,0.5,0.0,256,64,0,476,liboqs,iot
ECDSA,keygen,211703,0.211703,0.5,0.0,256,64,0,477,liboqs,iot
ECDSA,keygen,197045,0.197045,0.5,0.0,256,64,0,478,liboqs,iot
ECDSA,keygen,193310,0.19331,0.5,0.0,256,64,0,479,liboqs,iot
ECDSA,keygen,193090,0.19309,0.5,0.0,256,64,0,480,liboqs,iot
ECDSA,keygen,193230,0.19323,0.5,0.0,256,64,0,481,liboqs,iot
ECDSA,keygen,283041,0.283041,0.5,0.0,256,64,0,482,liboqs,iot
ECDSA,keygen,195888,0.195888,0.5,0.0,256,64,0,483,liboqs,iot
ECDSA,keygen,193373,0.193373,0.5,0.0,256,64,0,484,liboqs,iot
ECDSA,keygen,202859,0.202859,0.5,0.0,256,64,0,485,liboqs,iot
ECDSA,keygen,210777,0.210777,0.5,0.0,256,64,0,486,liboqs,iot
ECDSA,keygen,196229,0.196229,0.5,0.0,256,64,0,487,liboqs,iot
ECDSA,keygen,194340,0.19434,0.5,0.0,256,64,0,488,liboqs,iot
ECDSA,keygen,193042,0.193042,0.5,0.0,256,64,0,489,liboqs,iot
ECDSA,keygen,193939,0.193939,0.5,0.0,256,64,0,490,liboqs,iot
ECDSA,keygen,204588,0.204588,0.5,0.0,256,64,0,491,liboqs,iot
ECDSA,keygen,196671,0.196671,0.5,0.0,256,64,0,492,liboqs,iot
ECDSA,keygen,194138,0.194138,0.5,0.0,256,64,0,493,liboqs,iot
ECDSA,keygen,193583,0.193583,0.5,0.0,256,64,0,494,liboqs,iot
ECDSA,keygen,193158,0.193158,0.5,0.0,256,64,0,495,liboqs,iot
ECDSA,keygen,213701,0.213701,0.5,0.0,256,64,0,496,liboqs,iot
ECDSA,keygen,195635,0.195635,0.5,0.0,256,64,0,497,liboqs,iot
ECDSA,keygen,194451,0.194451,0.5,0.0,256,64,0,498,liboqs,iot
ECDSA,keygen,203513,0.203513,0.5,0.0,256,64,0,499,liboqs,iot
ECDSA,keygen,195402,0.195402,0.5,0.0,256,64,0,500,liboqs,iot
ECDSA,keygen,210214,0.210214,0.5,0.0,256,64,0,501,liboqs,iot
ECDSA,keygen,196891,0.196891,0.5,0.0,256,64,0,502,liboqs,iot
ECDSA,keygen,193747,0.193747,0.5,0.0,256,64,0,503,liboqs,iot
ECDSA,keygen,194756,0.194756,0.5,0.0,256,64,0,504,liboqs,iot
ECDSA,keygen,193550,0.19355,0.5,0.0,256,64,0,505,liboqs,iot
ECDSA,keygen,192620,0.19262,0.5,0.0,256,64,0,506,liboqs,iot
ECDSA,keygen,194630,0.19463,0.5,0.0,256,64,0,507,liboqs,iot
ECDSA,keygen,192693,0.192693,0.5,0.0,256,64,0,508,liboqs,iot
ECDSA,keygen,257401,0.257401,0.5,0.0,256,64,0,509,liboqs,iot
ECDSA,keygen,211209,0.211209,0.5,0.0,256,64,0,510,liboqs,iot
ECDSA,keygen,196410,0.19641,0.5,0.0,256,64,0,511,liboqs,iot
ECDSA,keygen,195103,0.195103,0.5,0.0,256,64,0,512,liboqs,iot
ECDSA,keygen,194438,0.194438,0.5,0.0,256,64,0,513,liboqs,iot
ECDSA,keygen,193726,0.193726,0.5,0.0,256,64,0,514,liboqs,iot
ECDSA,keygen,260150,0.26015,0.5,0.0,256,64,0,515,liboqs,iot
ECDSA,keygen,206874,0.206874,0.5,0.0,256,64,0,516,liboqs,iot
ECDSA,keygen,209504,0.209504,0.5,0.0,256,64,0,517,liboqs,iot
ECDSA,keygen,196713,0.196713,0.5,0.0,256,64,0,518,liboqs,iot
ECDSA,keygen,192926,0.192926,0.5,0.0,256,64,0,519,liboqs,iot
ECDSA,keygen,192892,0.192892,0.5,0.0,256,64,0,520,liboqs,iot
ECDSA,keygen,196853,0.196853,0.5,0.0,256,64,0,521,liboqs,iot
ECDSA,keygen,193989,0.193989,0.5,0.0,256,64,0,522,liboqs,iot
ECDSA,keygen,193743,0.193743,0.5,0.0,256,64,0,523,liboqs,iot
ECDSA,keygen,193475,0.193475,0.5,0.0,256,64,0,524,liboqs,iot
ECDSA,keygen,193619,0.193619,0.5,0.0,256,64,0,525,liboqs,iot
ECDSA,keygen,194746,0.194746,0.5,0.0,256,64,0,526,liboqs,iot
ECDSA,keygen,205119,0.205119,0.5,0.0,256,64,0,527,liboqs,iot
ECDSA,keygen,194550,0.19455,0.5,0.0,256,64,0,528,liboqs,iot
ECDSA,keygen,192939,0.192939,0.5,0.0,256,64,0,529,liboqs,iot
ECDSA,keygen,203154,0.203154,0.5,0.0,256,64,0,530,liboqs,iot
ECDSA,keygen,195166,0.195166,0.5,0.0,256,64,0,531,liboqs,iot
ECDSA,keygen,193945,0.193945,0.5,0.0,256,64,0,532,liboqs,iot
ECDSA,keygen,194552,0.194552,0.5,0.0,256,64,0,533,liboqs,iot
ECDSA,keygen,193517,0.193517,0.5,0.0,256,64,0,534,liboqs,iot
ECDSA,keygen,216589,0.216589,0.5,0.0,256,64,0,535,liboqs,iot
ECDSA,keygen,196959,0.196959,0.5,0.0,256,64,0,536,liboqs,iot
ECDSA,keygen,206471,0.206471,0.5,0.0,256,64,0,537,liboqs,iot
ECDSA,keygen,195194,0.195194,0.5,0.0,256,64,0,538,liboqs,iot
ECDSA,keygen,194543,0.194543,0.5,0.0,256,64,0,539,liboqs,iot
ECDSA,keygen,196712,0.196712,0.5,0.0,256,64,0,540,liboqs,iot
ECDSA,keygen,194174,0.194174,0.5,0.0,256,64,0,541,liboqs,iot
ECDSA,keygen,193670,0.19367,0.5,0.0,256,64,0,542,liboqs,iot
ECDSA,keygen,193101,0.193101,0.5,0.0,256,64,0,543,liboqs,iot
ECDSA,keygen,193165,0.193165,0.5,0.0,256,64,0,544,liboqs,iot
ECDSA,keygen,193597,0.193597,0.5,0.0,256,64,0,545,liboqs,iot
ECDSA,keygen,207595,0.207595,0.5,0.0,256,64,0,546,liboqs,iot
ECDSA,keygen,195691,0.195691,0.5,0.0,256,64,0,547,liboqs,iot
ECDSA,keygen,195735,0.195735,0.5,0.0,256,64,0,548,liboqs,iot
ECDSA,keygen,193473,0.193473,0.5,0.0,256,64,0,549,liboqs,iot
ECDSA,keygen,194182,0.194182,0.5,0.0,256,64,0,550,liboqs,iot
ECDSA,keygen,192882,0.192882,0.5,0.0,256,64,0,551,liboqs,iot
ECDSA,keygen,193738,0.193738,0.5,0.0,256,64,0,552,liboqs,iot
ECDSA,keygen,234612,0.234612,0.5,0.0,256,64,0,553,liboqs,iot
ECDSA,keygen,197641,0.197641,0.5,0.0,256,64,0,554,liboqs,iot
ECDSA,keygen,203525,0.203525,0.5,0.0,256,64,0,555,liboqs,iot
ECDSA,keygen,209045,0.209045,0.5,0.0,256,64,0,556,liboqs,iot
ECDSA,keygen,231369,0.231369,0.5,0.0,256,64,0,557,liboqs,iot
ECDSA,keygen,201297,0.201297,0.5,0.0,256,64,0,558,liboqs,iot
ECDSA,keygen,196412,0.196412,0.5,0.0,256,64,0,559,liboqs,iot
ECDSA,keygen,193750,0.19375,0.5,0.0,256,64,0,560,liboqs,iot
ECDSA,keygen,194121,0.194121,0.5,0.0,256,64,0,561,liboqs,iot
ECDSA,keygen,194364,0.194364,0.5,0.0,256,64,0,562,liboqs,iot
ECDSA,keygen,193348,0.193348,0.5,0.0,256,64,0,563,liboqs,iot
ECDSA,keygen,193530,0.19353,0.5,0.0,256,64,0,564,liboqs,iot
ECDSA,keygen,212509,0.212509,0.5,0.0,256,64,0,565,liboqs,iot
ECDSA,keygen,198898,0.198898,0.5,0.0,256,64,0,566,liboqs,iot
ECDSA,keygen,194422,0.194422,0.5,0.0,256,64,0,567,liboqs,iot
ECDSA,keygen,193989,0.193989,0.5,0.0,256,64,0,568,liboqs,iot
ECDSA,keygen,194552,0.194552,0.5,0.0,256,64,0,569,liboqs,iot
ECDSA,keygen,193711,0.193711,0.5,0.0,256,64,0,570,liboqs,iot
ECDSA,keygen,192905,0.192905,0.5,0.0,256,64,0,571,liboqs,iot
ECDSA,keygen,194540,0.19454,0.5,0.0,256,64,0,572,liboqs,iot
ECDSA,keygen,194028,0.194028,0.5,0.0,256,64,0,573,liboqs,iot
ECDSA,keygen,207961,0.207961,0.5,0.0,256,64,0,574,liboqs,iot
ECDSA,keygen,207269,0.207269,0.5,0.0,256,64,0,575,liboqs,iot
ECDSA,keygen,194693,0.194693,0.5,0.0,256,64,0,576,liboqs,iot
ECDSA,keygen,194587,0.194587,0.5,0.0,256,64,0,577,liboqs,iot
ECDSA,keygen,193476,0.193476,0.5,0.0,256,64,0,578,liboqs,iot
ECDSA,keygen,193222,0.193222,0.5,0.0,256,64,0,579,liboqs,iot
ECDSA,keygen,202763,0.202763,0.5,0.0,256,64,0,580,liboqs,iot
ECDSA,keygen,193128,0.193128,0.5,0.0,256,64,0,581,liboqs,iot
ECDSA,keygen,193323,0.193323,0.5,0.0,256,64,0,582,liboqs,iot
ECDSA,keygen,193065,0.193065,0.5,0.0,256,64,0,583,liboqs,iot
ECDSA,keygen,204116,0.204116,0.5,0.0,256,64,0,584,liboqs,iot
ECDSA,keygen,352303,0.352303,0.5,0.0,256,64,0,585,liboqs,iot
ECDSA,keygen,212926,0.212926,0.5,0.0,256,64,0,586,liboqs,iot
ECDSA,keygen,243817,0.243817,0.5,0.0,256,64,0,587,liboqs,iot
ECDSA,keygen,354696,0.354696,0.5,0.0,256,64,0,588,liboqs,iot
ECDSA,keygen,218247,0.218247,0.5,0.0,256,64,0,589,liboqs,iot
ECDSA,keygen,197105,0.197105,0.5,0.0,256,64,0,590,liboqs,iot
ECDSA,keygen,194226,0.194226,0.5,0.0,256,64,0,591,liboqs,iot
ECDSA,keygen,193913,0.193913,0.5,0.0,256,64,0,592,liboqs,iot
ECDSA,keygen,213851,0.213851,0.5,0.0,256,64,0,593,liboqs,iot
ECDSA,keygen,195874,0.195874,0.5,0.0,256,64,0,594,liboqs,iot
ECDSA,keygen,194098,0.194098,0.5,0.0,256,64,0,595,liboqs,iot
ECDSA,keygen,195591,0.195591,0.5,0.0,256,64,0,596,liboqs,iot
ECDSA,keygen,192859,0.192859,0.5,0.0,256,64,0,597,liboqs,iot
ECDSA,keygen,193887,0.193887,0.5,0.0,256,64,0,598,liboqs,iot
ECDSA,keygen,206700,0.2067,0.5,0.0,256,64,0,599,liboqs,iot
ECDSA,keygen,195741,0.195741,0.5,0.0,256,64,0,600,liboqs,iot
ECDSA,keygen,193389,0.193389,0.5,0.0,256,64,0,601,liboqs,iot
ECDSA,keygen,193531,0.193531,0.5,0.0,256,64,0,602,liboqs,iot
ECDSA,keygen,192922,0.192922,0.5,0.0,256,64,0,603,liboqs,iot
ECDSA,keygen,192975,0.192975,0.5,0.0,256,64,0,604,liboqs,iot
ECDSA,keygen,192904,0.192904,0.5,0.0,256,64,0,605,liboqs,iot
ECDSA,keygen,193701,0.193701,0.5,0.0,256,64,0,606,liboqs,iot
ECDSA,keygen,275103,0.275103,0.5,0.0,256,64,0,607,liboqs,iot
ECDSA,keygen,213006,0.213006,0.5,0.0,256,64,0,608,liboqs,iot
ECDSA,keygen,260602,0.260602,0.5,0.0,256,64,0,609,liboqs,iot
ECDSA,keygen,204990,0.20499,0.5,0.0,256,64,0,610,liboqs,iot
ECDSA,keygen,224941,0.224941,0.5,0.0,256,64,0,611,liboqs,iot
ECDSA,keygen,204999,0.204999,0.5,0.0,256,64,0,612,liboqs,iot
ECDSA,keygen,196798,0.196798,0.5,0.0,256,64,0,613,liboqs,iot
ECDSA,keygen,194833,0.194833,0.5,0.0,256,64,0,614,liboqs,iot
ECDSA,keygen,195940,0.19594,0.5,0.0,256,64,0,615,liboqs,iot
ECDSA,keygen,194106,0.194106,0.5,0.0,256,64,0,616,liboqs,iot
ECDSA,keygen,208846,0.208846,0.5,0.0,256,64,0,617,liboqs,iot
ECDSA,keygen,196810,0.19681,0.5,0.0,256,64,0,618,liboqs,iot
ECDSA,keygen,194681,0.194681,0.5,0.0,256,64,0,619,liboqs,iot
ECDSA,keygen,194368,0.194368,0.5,0.0,256,64,0,620,liboqs,iot
ECDSA,keygen,205062,0.205062,0.5,0.0,256,64,0,621,liboqs,iot
ECDSA,keygen,197171,0.197171,0.5,0.0,256,64,0,622,liboqs,iot
ECDSA,keygen,197116,0.197116,0.5,0.0,256,64,0,623,liboqs,iot
ECDSA,keygen,196230,0.19623,0.5,0.0,256,64,0,624,liboqs,iot
ECDSA,keygen,206887,0.206887,0.5,0.0,256,64,0,625,liboqs,iot
ECDSA,keygen,196447,0.196447,0.5,0.0,256,64,0,626,liboqs,iot
ECDSA,keygen,195079,0.195079,0.5,0.0,256,64,0,627,liboqs,iot
ECDSA,keygen,209107,0.209107,0.5,0.0,256,64,0,628,liboqs,iot
ECDSA,keygen,195280,0.19528,0.5,0.0,256,64,0,629,liboqs,iot
ECDSA,keygen,194191,0.194191,0.5,0.0,256,64,0,630,liboqs,iot
ECDSA,keygen,194528,0.194528,0.5,0.0,256,64,0,631,liboqs,iot
ECDSA,keygen,202159,0.202159,0.5,0.0,256,64,0,632,liboqs,iot
ECDSA,keygen,206700,0.2067,0.5,0.0,256,64,0,633,liboqs,iot
ECDSA,keygen,192975,0.192975,0.5,0.0,256,64,0,634,liboqs,iot
ECDSA,keygen,205544,0.205544,0.5,0.0,256,64,0,635,liboqs,iot
ECDSA,keygen,194881,0.194881,0.5,0.0,256,64,0,636,liboqs,iot
ECDSA,keygen,195059,0.195059,0.5,0.0,256,64,0,637,liboqs,iot
ECDSA,keygen,194717,0.194717,0.5,0.0,256,64,0,638,liboqs,iot
ECDSA,keygen,193086,0.193086,0.5,0.0,256,64,0,639,liboqs,iot
ECDSA,keygen,193547,0.193547,0.5,0.0,256,64,0,640,liboqs,iot
ECDSA,keygen,193552,0.193552,0.5,0.0,256,64,0,641,liboqs,iot
ECDSA,keygen,195199,0.195199,0.5,0.0,256,64,0,642,liboqs,iot
ECDSA,keygen,193532,0.193532,0.5,0.0,256,64,0,643,liboqs,iot
ECDSA,keygen,205523,0.205523,0.5,0.0,256,64,0,644,liboqs,iot
ECDSA,keygen,197507,0.197507,0.5,0.0,256,64,0,645,liboqs,iot
ECDSA,keygen,193276,0.193276,0.5,0.0,256,64,0,646,liboqs,iot
ECDSA,keygen,194542,0.194542,0.5,0.0,256,64,0,647,liboqs,iot
ECDSA,keygen,193370,0.19337,0.5,0.0,256,64,0,648,liboqs,iot
ECDSA,keygen,194641,0.194641,0.5,0.0,256,64,0,649,liboqs,iot
ECDSA,keygen,192904,0.192904,0.5,0.0,256,64,0,650,liboqs,iot
ECDSA,keygen,194541,0.194541,0.5,0.0,256,64,0,651,liboqs,iot
ECDSA,keygen,195535,0.195535,0.5,0.0,256,64,0,652,liboqs,iot
ECDSA,keygen,213263,0.213263,0.5,0.0,256,64,0,653,liboqs,iot
ECDSA,keygen,198974,0.198974,0.5,0.0,256,64,0,654,liboqs,iot
ECDSA,keygen,222940,0.22294,0.5,0.0,256,64,0,655,liboqs,iot
ECDSA,keygen,197274,0.197274,0.5,0.0,256,64,0,656,liboqs,iot
ECDSA,keygen,196588,0.196588,0.5,0.0,256,64,0,657,liboqs,iot
ECDSA,keygen,194543,0.194543,0.5,0.0,256,64,0,658,liboqs,iot
ECDSA,keygen,194318,0.194318,0.5,0.0,256,64,0,659,liboqs,iot
ECDSA,keygen,193730,0.19373,0.5,0.0,256,64,0,660,liboqs,iot
ECDSA,keygen,194260,0.19426,0.5,0.0,256,64,0,661,liboqs,iot
ECDSA,keygen,193465,0.193465,0.5,0.0,256,64,0,662,liboqs,iot
ECDSA,keygen,252546,0.252546,0.5,0.0,256,64,0,663,liboqs,iot
ECDSA,keygen,215462,0.215462,0.5,0.0,256,64,0,664,liboqs,iot
ECDSA,keygen,198756,0.198756,0.5,0.0,256,64,0,665,liboqs,iot
ECDSA,keygen,196908,0.196908,0.5,0.0,256,64,0,666,liboqs,iot
ECDSA,keygen,196206,0.196206,0.5,0.0,256,64,0,667,liboqs,iot
ECDSA,keygen,195239,0.195239,0.5,0.0,256,64,0,668,liboqs,iot
ECDSA,keygen,196165,0.196165,0.5,0.0,256,64,0,669,liboqs,iot
ECDSA,keygen,194057,0.194057,0.5,0.0,256,64,0,670,liboqs,iot
ECDSA,keygen,212270,0.21227,0.5,0.0,256,64,0,671,liboqs,iot
ECDSA,keygen,212786,0.212786,0.5,0.0,256,64,0,672,liboqs,iot
ECDSA,keygen,200133,0.200133,0.5,0.0,256,64,0,673,liboqs,iot
ECDSA,keygen,197998,0.197998,0.5,0.0,256,64,0,674,liboqs,iot
ECDSA,keygen,198953,0.198953,0.5,0.0,256,64,0,675,liboqs,iot
ECDSA,keygen,196621,0.196621,0.5,0.0,256,64,0,676,liboqs,iot
ECDSA,keygen,195720,0.19572,0.5,0.0,256,64,0,677,liboqs,iot
ECDSA,keygen,195228,0.195228,0.5,0.0,256,64,0,678,liboqs,iot
ECDSA,keygen,195604,0.195604,0.5,0.0,256,64,0,679,liboqs,iot
ECDSA,keygen,196710,0.19671,0.5,0.0,256,64,0,680,liboqs,iot
ECDSA,keygen,207603,0.207603,0.5,0.0,256,64,0,681,liboqs,iot
ECDSA,keygen,278201,0.278201,0.5,0.0,256,64,0,682,liboqs,iot
ECDSA,keygen,212860,0.21286,0.5,0.0,256,64,0,683,liboqs,iot
ECDSA,keygen,197501,0.197501,0.5,0.0,256,64,0,684,liboqs,iot
ECDSA,keygen,207240,0.20724,0.5,0.0,256,64,0,685,liboqs,iot
ECDSA,keygen,197983,0.197983,0.5,0.0,256,64,0,686,liboqs,iot
ECDSA,keygen,196906,0.196906,0.5,0.0,256,64,0,687,liboqs,iot
ECDSA,keygen,195665,0.195665,0.5,0.0,256,64,0,688,liboqs,iot
ECDSA,keygen,194798,0.194798,0.5,0.0,256,64,0,689,liboqs,iot
ECDSA,keygen,195622,0.195622,0.5,0.0,256,64,0,690,liboqs,iot
ECDSA,keygen,215193,0.215193,0.5,0.0,256,64,0,691,liboqs,iot
ECDSA,keygen,197021,0.197021,0.5,0.0,256,64,0,692,liboqs,iot
ECDSA,keygen,195061,0.195061,0.5,0.0,256,64,0,693,liboqs,iot
ECDSA,keygen,197244,0.197244,0.5,0.0,256,64,0,694,liboqs,iot
ECDSA,keygen,195104,0.195104,0.5,0.0,256,64,0,695,liboqs,iot
ECDSA,keygen,196352,0.196352,0.5,0.0,256,64,0,696,liboqs,iot
ECDSA,keygen,198631,0.198631,0.5,0.0,256,64,0,697,liboqs,iot
ECDSA,keygen,195603,0.195603,0.5,0.0,256,64,0,698,liboqs,iot
ECDSA,keygen,205985,0.205985,0.5,0.0,256,64,0,699,liboqs,iot
ECDSA,keygen,196262,0.196262,0.5,0.0,256,64,0,700,liboqs,iot
ECDSA,keygen,195496,0.195496,0.5,0.0,256,64,0,701,liboqs,iot
ECDSA,keygen,193711,0.193711,0.5,0.0,256,64,0,702,liboqs,iot
ECDSA,keygen,196367,0.196367,0.5,0.0,256,64,0,703,liboqs,iot
ECDSA,keygen,194638,0.194638,0.5,0.0,256,64,0,704,liboqs,iot
ECDSA,keygen,193657,0.193657,0.5,0.0,256,64,0,705,liboqs,iot
ECDSA,keygen,193311,0.193311,0.5,0.0,256,64,0,706,liboqs,iot
ECDSA,keygen,196793,0.196793,0.5,0.0,256,64,0,707,liboqs,iot
ECDSA,keygen,196906,0.196906,0.5,0.0,256,64,0,708,liboqs,iot
ECDSA,keygen,206954,0.206954,0.5,0.0,256,64,0,709,liboqs,iot
ECDSA,keygen,197780,0.19778,0.5,0.0,256,64,0,710,liboqs,iot
ECDSA,keygen,203115,0.203115,0.5,0.0,256,64,0,711,liboqs,iot
ECDSA,keygen,195444,0.195444,0.5,0.0,256,64,0,712,liboqs,iot
ECDSA,keygen,194928,0.194928,0.5,0.0,256,64,0,713,liboqs,iot
ECDSA,keygen,196117,0.196117,0.5,0.0,256,64,0,714,liboqs,iot
ECDSA,keygen,195843,0.195843,0.5,0.0,256,64,0,715,liboqs,iot
ECDSA,keygen,204050,0.20405,0.5,0.0,256,64,0,716,liboqs,iot
ECDSA,keygen,196523,0.196523,0.5,0.0,256,64,0,717,liboqs,iot
ECDSA,keygen,194750,0.19475,0.5,0.0,256,64,0,718,liboqs,iot
ECDSA,keygen,205080,0.20508,0.5,0.0,256,64,0,719,liboqs,iot
ECDSA,keygen,197526,0.197526,0.5,0.0,256,64,0,720,liboqs,iot
ECDSA,keygen,194681,0.194681,0.5,0.0,256,64,0,721,liboqs,iot
ECDSA,keygen,196385,0.196385,0.5,0.0,256,64,0,722,liboqs,iot
ECDSA,keygen,196698,0.196698,0.5,0.0,256,64,0,723,liboqs,iot
ECDSA,keygen,193447,0.193447,0.5,0.0,256,64,0,724,liboqs,iot
ECDSA,keygen,194614,0.194614,0.5,0.0,256,64,0,725,liboqs,iot
ECDSA,keygen,193846,0.193846,0.5,0.0,256,64,0,726,liboqs,iot
ECDSA,keygen,195608,0.195608,0.5,0.0,256,64,0,727,liboqs,iot
ECDSA,keygen,194674,0.194674,0.5,0.0,256,64,0,728,liboqs,iot
ECDSA,keygen,193681,0.193681,0.5,0.0,256,64,0,729,liboqs,iot
ECDSA,keygen,205320,0.20532,0.5,0.0,256,64,0,730,liboqs,iot
ECDSA,keygen,203797,0.203797,0.5,0.0,256,64,0,731,liboqs,iot
ECDSA,keygen,196648,0.196648,0.5,0.0,256,64,0,732,liboqs,iot
ECDSA,keygen,194734,0.194734,0.5,0.0,256,64,0,733,liboqs,iot
ECDSA,keygen,196962,0.196962,0.5,0.0,256,64,0,734,liboqs,iot
ECDSA,keygen,194484,0.194484,0.5,0.0,256,64,0,735,liboqs,iot
ECDSA,keygen,196006,0.196006,0.5,0.0,256,64,0,736,liboqs,iot
ECDSA,keygen,194982,0.194982,0.5,0.0,256,64,0,737,liboqs,iot
ECDSA,keygen,194810,0.19481,0.5,0.0,256,64,0,738,liboqs,iot
ECDSA,keygen,194186,0.194186,0.5,0.0,256,64,0,739,liboqs,iot
ECDSA,keygen,209179,0.209179,0.5,0.0,256,64,0,740,liboqs,iot
ECDSA,keygen,198048,0.198048,0.5,0.0,256,64,0,741,liboqs,iot
ECDSA,keygen,195521,0.195521,0.5,0.0,256,64,0,742,liboqs,iot
ECDSA,keygen,195186,0.195186,0.5,0.0,256,64,0,743,liboqs,iot
ECDSA,keygen,194871,0.194871,0.5,0.0,256,64,0,744,liboqs,iot
ECDSA,keygen,194471,0.194471,0.5,0.0,256,64,0,745,liboqs,iot
ECDSA,keygen,194666,0.194666,0.5,0.0,256,64,0,746,liboqs,iot
ECDSA,keygen,193984,0.193984,0.5,0.0,256,64,0,747,liboqs,iot
ECDSA,keygen,215646,0.215646,0.5,0.0,256,64,0,748,liboqs,iot
ECDSA,keygen,196976,0.196976,0.5,0.0,256,64,0,749,liboqs,iot
ECDSA,keygen,196162,0.196162,0.5,0.0,256,64,0,750,liboqs,iot
ECDSA,keygen,196370,0.19637,0.5,0.0,256,64,0,751,liboqs,iot
ECDSA,keygen,202958,0.202958,0.5,0.0,256,64,0,752,liboqs,iot
ECDSA,keygen,196173,0.196173,0.5,0.0,256,64,0,753,liboqs,iot
ECDSA,keygen,195155,0.195155,0.5,0.0,256,64,0,754,liboqs,iot
ECDSA,keygen,194578,0.194578,0.5,0.0,256,64,0,755,liboqs,iot
ECDSA,keygen,194760,0.19476,0.5,0.0,256,64,0,756,liboqs,iot
ECDSA,keygen,195757,0.195757,0.5,0.0,256,64,0,757,liboqs,iot
ECDSA,keygen,205433,0.205433,0.5,0.0,256,64,0,758,liboqs,iot
ECDSA,keygen,197564,0.197564,0.5,0.0,256,64,0,759,liboqs,iot
ECDSA,keygen,195591,0.195591,0.5,0.0,256,64,0,760,liboqs,iot
ECDSA,keygen,203402,0.203402,0.5,0.0,256,64,0,761,liboqs,iot
ECDSA,keygen,403612,0.403612,0.5,0.0,256,64,0,762,liboqs,iot
ECDSA,keygen,212229,0.212229,0.5,0.0,256,64,0,763,liboqs,iot
ECDSA,keygen,202804,0.202804,0.5,0.0,256,64,0,764,liboqs,iot
ECDSA,keygen,193351,0.193351,0.5,0.0,256,64,0,765,liboqs,iot
ECDSA,keygen,193180,0.19318,0.5,0.0,256,64,0,766,liboqs,iot
ECDSA,keygen,194808,0.194808,0.5,0.0,256,64,0,767,liboqs,iot
ECDSA,keygen,193423,0.193423,0.5,0.0,256,64,0,768,liboqs,iot
ECDSA,keygen,193289,0.193289,0.5,0.0,256,64,0,769,liboqs,iot
ECDSA,keygen,228262,0.228262,0.5,0.0,256,64,0,770,liboqs,iot
ECDSA,keygen,197353,0.197353,0.5,0.0,256,64,0,771,liboqs,iot
ECDSA,keygen,195259,0.195259,0.5,0.0,256,64,0,772,liboqs,iot
ECDSA,keygen,194114,0.194114,0.5,0.0,256,64,0,773,liboqs,iot
ECDSA,keygen,267204,0.267204,0.5,0.0,256,64,0,774,liboqs,iot
ECDSA,keygen,196154,0.196154,0.5,0.0,256,64,0,775,liboqs,iot
ECDSA,keygen,193891,0.193891,0.5,0.0,256,64,0,776,liboqs,iot
ECDSA,keygen,194330,0.19433,0.5,0.0,256,64,0,777,liboqs,iot
ECDSA,keygen,196655,0.196655,0.5,0.0,256,64,0,778,liboqs,iot
ECDSA,keygen,192512,0.192512,0.5,0.0,256,64,0,779,liboqs,iot
ECDSA,keygen,205420,0.20542,0.5,0.0,256,64,0,780,liboqs,iot
ECDSA,keygen,194706,0.194706,0.5,0.0,256,64,0,781,liboqs,iot
ECDSA,keygen,195553,0.195553,0.5,0.0,256,64,0,782,liboqs,iot
ECDSA,keygen,195006,0.195006,0.5,0.0,256,64,0,783,liboqs,iot
ECDSA,keygen,195009,0.195009,0.5,0.0,256,64,0,784,liboqs,iot
ECDSA,keygen,192888,0.192888,0.5,0.0,256,64,0,785,liboqs,iot
ECDSA,keygen,193199,0.193199,0.5,0.0,256,64,0,786,liboqs,iot
ECDSA,keygen,193172,0.193172,0.5,0.0,256,64,0,787,liboqs,iot
ECDSA,keygen,194033,0.194033,0.5,0.0,256,64,0,788,liboqs,iot
ECDSA,keygen,203831,0.203831,0.5,0.0,256,64,0,789,liboqs,iot
ECDSA,keygen,238075,0.238075,0.5,0.0,256,64,0,790,liboqs,iot
ECDSA,keygen,252468,0.252468,0.5,0.0,256,64,0,791,liboqs,iot
ECDSA,keygen,252686,0.252686,0.5,0.0,256,64,0,792,liboqs,iot
ECDSA,keygen,247232,0.247232,0.5,0.0,256,64,0,793,liboqs,iot
ECDSA,keygen,202830,0.20283,0.5,0.0,256,64,0,794,liboqs,iot
ECDSA,keygen,200571,0.200571,0.5,0.0,256,64,0,795,liboqs,iot
ECDSA,keygen,197496,0.197496,0.5,0.0,256,64,0,796,liboqs,iot
ECDSA,keygen,193411,0.193411,0.5,0.0,256,64,0,797,liboqs,iot
ECDSA,keygen,207162,0.207162,0.5,0.0,256,64,0,798,liboqs,iot
ECDSA,keygen,196532,0.196532,0.5,0.0,256,64,0,799,liboqs,iot
ECDSA,keygen,193804,0.193804,0.5,0.0,256,64,0,800,liboqs,iot
ECDSA,keygen,193759,0.193759,0.5,0.0,256,64,0,801,liboqs,iot
ECDSA,keygen,195105,0.195105,0.5,0.0,256,64,0,802,liboqs,iot
ECDSA,keygen,194774,0.194774,0.5,0.0,256,64,0,803,liboqs,iot
ECDSA,keygen,194195,0.194195,0.5,0.0,256,64,0,804,liboqs,iot
ECDSA,keygen,192472,0.192472,0.5,0.0,256,64,0,805,liboqs,iot
ECDSA,keygen,196226,0.196226,0.5,0.0,256,64,0,806,liboqs,iot
ECDSA,keygen,192921,0.192921,0.5,0.0,256,64,0,807,liboqs,iot
ECDSA,keygen,204503,0.204503,0.5,0.0,256,64,0,808,liboqs,iot
ECDSA,keygen,203600,0.2036,0.5,0.0,256,64,0,809,liboqs,iot
ECDSA,keygen,194462,0.194462,0.5,0.0,256,64,0,810,liboqs,iot
ECDSA,keygen,194886,0.194886,0.5,0.0,256,64,0,811,liboqs,iot
ECDSA,keygen,204067,0.204067,0.5,0.0,256,64,0,812,liboqs,iot
ECDSA,keygen,194835,0.194835,0.5,0.0,256,64,0,813,liboqs,iot
ECDSA,keygen,194741,0.194741,0.5,0.0,256,64,0,814,liboqs,iot
ECDSA,keygen,194832,0.194832,0.5,0.0,256,64,0,815,liboqs,iot
ECDSA,keygen,193903,0.193903,0.5,0.0,256,64,0,816,liboqs,iot
ECDSA,keygen,193643,0.193643,0.5,0.0,256,64,0,817,liboqs,iot
ECDSA,keygen,203396,0.203396,0.5,0.0,256,64,0,818,liboqs,iot
ECDSA,keygen,196471,0.196471,0.5,0.0,256,64,0,819,liboqs,iot
ECDSA,keygen,195806,0.195806,0.5,0.0,256,64,0,820,liboqs,iot
ECDSA,keygen,195002,0.195002,0.5,0.0,256,64,0,821,liboqs,iot
ECDSA,keygen,193734,0.193734,0.5,0.0,256,64,0,822,liboqs,iot
ECDSA,keygen,193911,0.193911,0.5,0.0,256,64,0,823,liboqs,iot
ECDSA,keygen,193249,0.193249,0.5,0.0,256,64,0,824,liboqs,iot
ECDSA,keygen,194090,0.19409,0.5,0.0,256,64,0,825,liboqs,iot
ECDSA,keygen,192344,0.192344,0.5,0.0,256,64,0,826,liboqs,iot
ECDSA,keygen,204333,0.204333,0.5,0.0,256,64,0,827,liboqs,iot
ECDSA,keygen,196440,0.19644,0.5,0.0,256,64,0,828,liboqs,iot
ECDSA,keygen,201526,0.201526,0.5,0.0,256,64,0,829,liboqs,iot
ECDSA,keygen,196425,0.196425,0.5,0.0,256,64,0,830,liboqs,iot
ECDSA,keygen,193390,0.19339,0.5,0.0,256,64,0,831,liboqs,iot
ECDSA,keygen,193782,0.193782,0.5,0.0,256,64,0,832,liboqs,iot
ECDSA,keygen,192936,0.192936,0.5,0.0,256,64,0,833,liboqs,iot
ECDSA,keygen,195644,0.195644,0.5,0.0,256,64,0,834,liboqs,iot
ECDSA,keygen,193607,0.193607,0.5,0.0,256,64,0,835,liboqs,iot
ECDSA,keygen,204728,0.204728,0.5,0.0,256,64,0,836,liboqs,iot
ECDSA,keygen,194824,0.194824,0.5,0.0,256,64,0,837,liboqs,iot
ECDSA,keygen,192958,0.192958,0.5,0.0,256,64,0,838,liboqs,iot
ECDSA,keygen,194530,0.19453,0.5,0.0,256,64,0,839,liboqs,iot
ECDSA,keygen,193823,0.193823,0.5,0.0,256,64,0,840,liboqs,iot
ECDSA,keygen,192425,0.192425,0.5,0.0,256,64,0,841,liboqs,iot
ECDSA,keygen,193322,0.193322,0.5,0.0,256,64,0,842,liboqs,iot
ECDSA,keygen,193310,0.19331,0.5,0.0,256,64,0,843,liboqs,iot
ECDSA,keygen,197392,0.197392,0.5,0.0,256,64,0,844,liboqs,iot
ECDSA,keygen,192234,0.192234,0.5,0.0,256,64,0,845,liboqs,iot
ECDSA,keygen,205487,0.205487,0.5,0.0,256,64,0,846,liboqs,iot
ECDSA,keygen,196869,0.196869,0.5,0.0,256,64,0,847,liboqs,iot
ECDSA,keygen,196286,0.196286,0.5,0.0,256,64,0,848,liboqs,iot
ECDSA,keygen,193419,0.193419,0.5,0.0,256,64,0,849,liboqs,iot
ECDSA,keygen,216276,0.216276,0.5,0.0,256,64,0,850,liboqs,iot
ECDSA,keygen,196853,0.196853,0.5,0.0,256,64,0,851,liboqs,iot
ECDSA,keygen,194486,0.194486,0.5,0.0,256,64,0,852,liboqs,iot
ECDSA,keygen,194009,0.194009,0.5,0.0,256,64,0,853,liboqs,iot
ECDSA,keygen,193809,0.193809,0.5,0.0,256,64,0,854,liboqs,iot
ECDSA,keygen,194602,0.194602,0.5,0.0,256,64,0,855,liboqs,iot
ECDSA,keygen,205598,0.205598,0.5,0.0,256,64,0,856,liboqs,iot
ECDSA,keygen,197014,0.197014,0.5,0.0,256,64,0,857,liboqs,iot
ECDSA,keygen,194874,0.194874,0.5,0.0,256,64,0,858,liboqs,iot
ECDSA,keygen,194953,0.194953,0.5,0.0,256,64,0,859,liboqs,iot
ECDSA,keygen,194660,0.19466,0.5,0.0,256,64,0,860,liboqs,iot
ECDSA,keygen,197089,0.197089,0.5,0.0,256,64,0,861,liboqs,iot
ECDSA,keygen,196685,0.196685,0.5,0.0,256,64,0,862,liboqs,iot
ECDSA,keygen,193763,0.193763,0.5,0.0,256,64,0,863,liboqs,iot
ECDSA,keygen,193681,0.193681,0.5,0.0,256,64,0,864,liboqs,iot
ECDSA,keygen,193066,0.193066,0.5,0.0,256,64,0,865,liboqs,iot
ECDSA,keygen,238022,0.238022,0.5,0.0,256,64,0,866,liboqs,iot
ECDSA,keygen,195479,0.195479,0.5,0.0,256,64,0,867,liboqs,iot
ECDSA,keygen,194191,0.194191,0.5,0.0,256,64,0,868,liboqs,iot
ECDSA,keygen,193046,0.193046,0.5,0.0,256,64,0,869,liboqs,iot
ECDSA,keygen,202573,0.202573,0.5,0.0,256,64,0,870,liboqs,iot
ECDSA,keygen,194385,0.194385,0.5,0.0,256,64,0,871,liboqs,iot
ECDSA,keygen,194044,0.194044,0.5,0.0,256,64,0,872,liboqs,iot
ECDSA,keygen,193961,0.193961,0.5,0.0,256,64,0,873,liboqs,iot
ECDSA,keygen,195891,0.195891,0.5,0.0,256,64,0,874,liboqs,iot
ECDSA,keygen,194047,0.194047,0.5,0.0,256,64,0,875,liboqs,iot
ECDSA,keygen,207146,0.207146,0.5,0.0,256,64,0,876,liboqs,iot
ECDSA,keygen,196009,0.196009,0.5,0.0,256,64,0,877,liboqs,iot
ECDSA,keygen,195922,0.195922,0.5,0.0,256,64,0,878,liboqs,iot
ECDSA,keygen,193851,0.193851,0.5,0.0,256,64,0,879,liboqs,iot
ECDSA,keygen,193586,0.193586,0.5,0.0,256,64,0,880,liboqs,iot
ECDSA,keygen,193187,0.193187,0.5,0.0,256,64,0,881,liboqs,iot
ECDSA,keygen,193491,0.193491,0.5,0.0,256,64,0,882,liboqs,iot
ECDSA,keygen,204795,0.204795,0.5,0.0,256,64,0,883,liboqs,iot
ECDSA,keygen,193984,0.193984,0.5,0.0,256,64,0,884,liboqs,iot
ECDSA,keygen,204141,0.204141,0.5,0.0,256,64,0,885,liboqs,iot
ECDSA,keygen,198023,0.198023,0.5,0.0,256,64,0,886,liboqs,iot
ECDSA,keygen,193748,0.193748,0.5,0.0,256,64,0,887,liboqs,iot
ECDSA,keygen,193149,0.193149,0.5,0.0,256,64,0,888,liboqs,iot
ECDSA,keygen,193208,0.193208,0.5,0.0,256,64,0,889,liboqs,iot
ECDSA,keygen,203766,0.203766,0.5,0.0,256,64,0,890,liboqs,iot
ECDSA,keygen,196493,0.196493,0.5,0.0,256,64,0,891,liboqs,iot
ECDSA,keygen,194973,0.194973,0.5,0.0,256,64,0,892,liboqs,iot
ECDSA,keygen,204318,0.204318,0.5,0.0,256,64,0,893,liboqs,iot
ECDSA,keygen,196195,0.196195,0.5,0.0,256,64,0,894,liboqs,iot
ECDSA,keygen,194011,0.194011,0.5,0.0,256,64,0,895,liboqs,iot
ECDSA,keygen,197860,0.19786,0.5,0.0,256,64,0,896,liboqs,iot
ECDSA,keygen,196416,0.196416,0.5,0.0,256,64,0,897,liboqs,iot
ECDSA,keygen,195448,0.195448,0.5,0.0,256,64,0,898,liboqs,iot
ECDSA,keygen,194868,0.194868,0.5,0.0,256,64,0,899,liboqs,iot
ECDSA,keygen,194777,0.194777,0.5,0.0,256,64,0,900,liboqs,iot
ECDSA,keygen,193837,0.193837,0.5,0.0,256,64,0,901,liboqs,iot
ECDSA,keygen,204767,0.204767,0.5,0.0,256,64,0,902,liboqs,iot
ECDSA,keygen,195358,0.195358,0.5,0.0,256,64,0,903,liboqs,iot
ECDSA,keygen,195641,0.195641,0.5,0.0,256,64,0,904,liboqs,iot
ECDSA,keygen,193441,0.193441,0.5,0.0,256,64,0,905,liboqs,iot
ECDSA,keygen,193807,0.193807,0.5,0.0,256,64,0,906,liboqs,iot
ECDSA,keygen,193885,0.193885,0.5,0.0,256,64,0,907,liboqs,iot
ECDSA,keygen,194132,0.194132,0.5,0.0,256,64,0,908,liboqs,iot
ECDSA,keygen,194564,0.194564,0.5,0.0,256,64,0,909,liboqs,iot
ECDSA,keygen,220730,0.22073,0.5,0.0,256,64,0,910,liboqs,iot
ECDSA,keygen,206161,0.206161,0.5,0.0,256,64,0,911,liboqs,iot
ECDSA,keygen,198389,0.198389,0.5,0.0,256,64,0,912,liboqs,iot
ECDSA,keygen,195842,0.195842,0.5,0.0,256,64,0,913,liboqs,iot
ECDSA,keygen,194310,0.19431,0.5,0.0,256,64,0,914,liboqs,iot
ECDSA,keygen,202507,0.202507,0.5,0.0,256,64,0,915,liboqs,iot
ECDSA,keygen,196645,0.196645,0.5,0.0,256,64,0,916,liboqs,iot
ECDSA,keygen,197367,0.197367,0.5,0.0,256,64,0,917,liboqs,iot
ECDSA,keygen,225474,0.225474,0.5,0.0,256,64,0,918,liboqs,iot
ECDSA,keygen,220798,0.220798,0.5,0.0,256,64,0,919,liboqs,iot
ECDSA,keygen,205929,0.205929,0.5,0.0,256,64,0,920,liboqs,iot
ECDSA,keygen,201211,0.201211,0.5,0.0,256,64,0,921,liboqs,iot
ECDSA,keygen,200279,0.200279,0.5,0.0,256,64,0,922,liboqs,iot
ECDSA,keygen,198503,0.198503,0.5,0.0,256,64,0,923,liboqs,iot
ECDSA,keygen,198450,0.19845,0.5,0.0,256,64,0,924,liboqs,iot
ECDSA,keygen,196541,0.196541,0.5,0.0,256,64,0,925,liboqs,iot
ECDSA,keygen,199240,0.19924,0.5,0.0,256,64,0,926,liboqs,iot
ECDSA,keygen,219497,0.219497,0.5,0.0,256,64,0,927,liboqs,iot
ECDSA,keygen,201523,0.201523,0.5,0.0,256,64,0,928,liboqs,iot
ECDSA,keygen,228388,0.228388,0.5,0.0,256,64,0,929,liboqs,iot
ECDSA,keygen,200186,0.200186,0.5,0.0,256,64,0,930,liboqs,iot
ECDSA,keygen,197136,0.197136,0.5,0.0,256,64,0,931,liboqs,iot
ECDSA,keygen,196114,0.196114,0.5,0.0,256,64,0,932,liboqs,iot
ECDSA,keygen,194199,0.194199,0.5,0.0,256,64,0,933,liboqs,iot
ECDSA,keygen,195799,0.195799,0.5,0.0,256,64,0,934,liboqs,iot
ECDSA,keygen,195239,0.195239,0.5,0.0,256,64,0,935,liboqs,iot
ECDSA,keygen,193635,0.193635,0.5,0.0,256,64,0,936,liboqs,iot
ECDSA,keygen,194005,0.194005,0.5,0.0,256,64,0,937,liboqs,iot
ECDSA,keygen,193747,0.193747,0.5,0.0,256,64,0,938,liboqs,iot
ECDSA,keygen,206466,0.206466,0.5,0.0,256,64,0,939,liboqs,iot
ECDSA,keygen,195808,0.195808,0.5,0.0,256,64,0,940,liboqs,iot
ECDSA,keygen,194481,0.194481,0.5,0.0,256,64,0,941,liboqs,iot
ECDSA,keygen,195651,0.195651,0.5,0.0,256,64,0,942,liboqs,iot
ECDSA,keygen,194269,0.194269,0.5,0.0,256,64,0,943,liboqs,iot
ECDSA,keygen,197591,0.197591,0.5,0.0,256,64,0,944,liboqs,iot
ECDSA,keygen,195531,0.195531,0.5,0.0,256,64,0,945,liboqs,iot
ECDSA,keygen,196481,0.196481,0.5,0.0,256,64,0,946,liboqs,iot
ECDSA,keygen,209003,0.209003,0.53,0.0,256,64,0,947,liboqs,iot
ECDSA,keygen,209413,0.209413,0.5,0.0,256,64,0,948,liboqs,iot
ECDSA,keygen,218997,0.218997,0.5,0.0,256,64,0,949,liboqs,iot
ECDSA,keygen,197508,0.197508,0.5,0.0,256,64,0,950,liboqs,iot
ECDSA,keygen,196389,0.196389,0.5,0.0,256,64,0,951,liboqs,iot
ECDSA,keygen,195056,0.195056,0.5,0.0,256,64,0,952,liboqs,iot
ECDSA,keygen,194382,0.194382,0.5,0.0,256,64,0,953,liboqs,iot
ECDSA,keygen,194409,0.194409,0.5,0.0,256,64,0,954,liboqs,iot
ECDSA,keygen,193924,0.193924,0.5,0.0,256,64,0,955,liboqs,iot
ECDSA,keygen,194961,0.194961,0.5,0.0,256,64,0,956,liboqs,iot
ECDSA,keygen,193848,0.193848,0.5,0.0,256,64,0,957,liboqs,iot
ECDSA,keygen,205133,0.205133,0.5,0.0,256,64,0,958,liboqs,iot
ECDSA,keygen,196023,0.196023,0.5,0.0,256,64,0,959,liboqs,iot
ECDSA,keygen,195604,0.195604,0.5,0.0,256,64,0,960,liboqs,iot
ECDSA,keygen,194003,0.194003,0.5,0.0,256,64,0,961,liboqs,iot
ECDSA,keygen,195078,0.195078,0.5,0.0,256,64,0,962,liboqs,iot
ECDSA,keygen,197350,0.19735,0.5,0.0,256,64,0,963,liboqs,iot
ECDSA,keygen,195253,0.195253,0.5,0.0,256,64,0,964,liboqs,iot
ECDSA,keygen,194925,0.194925,0.5,0.0,256,64,0,965,liboqs,iot
ECDSA,keygen,193895,0.193895,0.5,0.0,256,64,0,966,liboqs,iot
ECDSA,keygen,194058,0.194058,0.5,0.0,256,64,0,967,liboqs,iot
ECDSA,keygen,205675,0.205675,0.5,0.0,256,64,0,968,liboqs,iot
ECDSA,keygen,220587,0.220587,0.5,0.0,256,64,0,969,liboqs,iot
ECDSA,keygen,196703,0.196703,0.5,0.0,256,64,0,970,liboqs,iot
ECDSA,keygen,197503,0.197503,0.5,0.0,256,64,0,971,liboqs,iot
ECDSA,keygen,194843,0.194843,0.5,0.0,256,64,0,972,liboqs,iot
ECDSA,keygen,204406,0.204406,0.5,0.0,256,64,0,973,liboqs,iot
ECDSA,keygen,205313,0.205313,0.5,0.0,256,64,0,974,liboqs,iot
ECDSA,keygen,197941,0.197941,0.5,0.0,256,64,0,975,liboqs,iot
ECDSA,keygen,195900,0.1959,0.5,0.0,256,64,0,976,liboqs,iot
ECDSA,keygen,205891,0.205891,0.5,0.0,256,64,0,977,liboqs,iot
ECDSA,keygen,197302,0.197302,0.5,0.0,256,64,0,978,liboqs,iot
ECDSA,keygen,195463,0.195463,0.5,0.0,256,64,0,979,liboqs,iot
ECDSA,keygen,197020,0.19702,0.5,0.0,256,64,0,980,liboqs,iot
ECDSA,keygen,194145,0.194145,0.5,0.0,256,64,0,981,liboqs,iot
ECDSA,keygen,193318,0.193318,0.5,0.0,256,64,0,982,liboqs,iot
ECDSA,keygen,193773,0.193773,0.5,0.0,256,64,0,983,liboqs,iot
ECDSA,keygen,193174,0.193174,0.5,0.0,256,64,0,984,liboqs,iot
ECDSA,keygen,193121,0.193121,0.5,0.0,256,64,0,985,liboqs,iot
ECDSA,keygen,193430,0.19343,0.5,0.0,256,64,0,986,liboqs,iot
ECDSA,keygen,200473,0.200473,0.5,0.0,256,64,0,987,liboqs,iot
ECDSA,keygen,202495,0.202495,0.5,0.0,256,64,0,988,liboqs,iot
ECDSA,keygen,217342,0.217342,0.5,0.0,256,64,0,989,liboqs,iot
ECDSA,keygen,196096,0.196096,0.5,0.0,256,64,0,990,liboqs,iot
ECDSA,keygen,194492,0.194492,0.5,0.0,256,64,0,991,liboqs,iot
ECDSA,keygen,193984,0.193984,0.5,0.0,256,64,0,992,liboqs,iot
ECDSA,keygen,193436,0.193436,0.5,0.0,256,64,0,993,liboqs,iot
ECDSA,keygen,218655,0.218655,0.5,0.0,256,64,0,994,liboqs,iot
ECDSA,keygen,206087,0.206087,0.5,0.0,256,64,0,995,liboqs,iot
ECDSA,keygen,203757,0.203757,0.5,0.0,256,64,0,996,liboqs,iot
ECDSA,keygen,212080,0.21208,0.5,0.0,256,64,0,997,liboqs,iot
ECDSA,keygen,197864,0.197864,0.5,0.0,256,64,0,998,liboqs,iot
ECDSA,keygen,196522,0.196522,0.5,0.0,256,64,0,999,liboqs,iot
ECDSA,sign,682196,0.682196,0.72,0.0,256,64,64,0,liboqs,iot
ECDSA,sign,592034,0.592034,0.71,0.0,256,64,64,1,liboqs,iot
ECDSA,sign,619805,0.619805,0.72,0.0,256,64,64,2,liboqs,iot
ECDSA,sign,585254,0.585254,1.2,0.0,256,64,64,3,liboqs,iot
ECDSA,sign,575215,0.575215,0.72,0.0,256,64,64,4,liboqs,iot
ECDSA,sign,583631,0.583631,0.71,0.0,256,64,64,5,liboqs,iot
ECDSA,sign,582794,0.582794,0.71,0.0,256,64,64,6,liboqs,iot
ECDSA,sign,575311,0.575311,0.71,0.0,256,64,64,7,liboqs,iot
ECDSA,sign,574182,0.574182,0.71,0.0,256,64,64,8,liboqs,iot
ECDSA,sign,609023,0.609023,0.72,0.0,256,64,64,9,liboqs,iot
ECDSA,sign,598498,0.598498,0.72,0.0,256,64,64,10,liboqs,iot
ECDSA,sign,576265,0.576265,0.72,0.0,256,64,64,11,liboqs,iot
ECDSA,sign,588902,0.588902,0.71,0.0,256,64,64,12,liboqs,iot
ECDSA,sign,574483,0.574483,0.71,0.0,256,64,64,13,liboqs,iot
ECDSA,sign,574945,0.574945,0.72,0.0,256,64,64,14,liboqs,iot
ECDSA,sign,599320,0.59932,0.72,0.0,256,64,64,15,liboqs,iot
ECDSA,sign,601030,0.60103,0.72,0.0,256,64,64,16,liboqs,iot
ECDSA,sign,575440,0.57544,0.72,0.0,256,64,64,17,liboqs,iot
ECDSA,sign,586867,0.586867,0.71,0.0,256,64,64,18,liboqs,iot
ECDSA,sign,590006,0.590006,0.72,0.0,256,64,64,19,liboqs,iot
ECDSA,sign,572968,0.572968,0.72,0.0,256,64,64,20,liboqs,iot
ECDSA,sign,592028,0.592028,0.71,0.0,256,64,64,21,liboqs,iot
ECDSA,sign,575953,0.575953,0.72,0.0,256,64,64,22,liboqs,iot
ECDSA,sign,591708,0.591708,0.72,0.0,256,64,64,23,liboqs,iot
ECDSA,sign,618507,0.618507,0.71,0.0,256,64,64,24,liboqs,iot
ECDSA,sign,675921,0.675921,0.72,0.0,256,64,64,25,liboqs,iot
ECDSA,sign,601618,0.601618,0.72,0.0,256,64,64,26,liboqs,iot
ECDSA,sign,734064,0.734064,0.72,0.0,256,64,64,27,liboqs,iot
ECDSA,sign,586333,0.586333,0.71,0.0,256,64,64,28,liboqs,iot
ECDSA,sign,590543,0.590543,0.71,0.0,256,64,64,29,liboqs,iot
ECDSA,sign,596997,0.596997,0.72,0.0,256,64,64,30,liboqs,iot
ECDSA,sign,578045,0.578045,0.72,0.0,256,64,64,31,liboqs,iot
ECDSA,sign,606686,0.606686,0.71,0.0,256,64,64,32,liboqs,iot
ECDSA,sign,595312,0.595312,0.72,0.0,256,64,64,33,liboqs,iot
ECDSA,sign,627076,0.627076,0.71,0.0,256,64,64,34,liboqs,iot
ECDSA,sign,579549,0.579549,0.71,0.0,256,64,64,35,liboqs,iot
ECDSA,sign,597875,0.597875,0.71,0.0,256,64,64,36,liboqs,iot
ECDSA,sign,606390,0.60639,0.72,0.0,256,64,64,37,liboqs,iot
ECDSA,sign,595238,0.595238,0.72,0.0,256,64,64,38,liboqs,iot
ECDSA,sign,592881,0.592881,0.72,0.0,256,64,64,39,liboqs,iot
ECDSA,sign,580294,0.580294,0.72,0.0,256,64,64,40,liboqs,iot
ECDSA,sign,578931,0.578931,0.72,0.0,256,64,64,41,liboqs,iot
ECDSA,sign,599163,0.599163,0.71,0.0,256,64,64,42,liboqs,iot
ECDSA,sign,580695,0.580695,0.71,0.0,256,64,64,43,liboqs,iot
ECDSA,sign,576921,0.576921,0.72,0.0,256,64,64,44,liboqs,iot
ECDSA,sign,585845,0.585845,0.72,0.0,256,64,64,45,liboqs,iot
ECDSA,sign,581374,0.581374,0.71,0.0,256,64,64,46,liboqs,iot
ECDSA,sign,576284,0.576284,0.71,0.0,256,64,64,47,liboqs,iot
ECDSA,sign,584870,0.58487,0.71,0.0,256,64,64,48,liboqs,iot
ECDSA,sign,587821,0.587821,0.72,0.0,256,64,64,49,liboqs,iot
ECDSA,sign,616221,0.616221,0.72,0.0,256,64,64,50,liboqs,iot
ECDSA,sign,589739,0.589739,0.72,0.0,256,64,64,51,liboqs,iot
ECDSA,sign,576931,0.576931,0.71,0.0,256,64,64,52,liboqs,iot
ECDSA,sign,572298,0.572298,0.71,0.0,256,64,64,53,liboqs,iot
ECDSA,sign,581578,0.581578,0.72,0.0,256,64,64,54,liboqs,iot
ECDSA,sign,707422,0.707422,0.71,0.0,256,64,64,55,liboqs,iot
ECDSA,sign,634812,0.634812,0.71,0.0,256,64,64,56,liboqs,iot
ECDSA,sign,596493,0.596493,0.72,0.0,256,64,64,57,liboqs,iot
ECDSA,sign,575263,0.575263,0.71,0.0,256,64,64,58,liboqs,iot
ECDSA,sign,574997,0.574997,0.72,0.0,256,64,64,59,liboqs,iot
ECDSA,sign,581979,0.581979,0.72,0.0,256,64,64,60,liboqs,iot
ECDSA,sign,590960,0.59096,0.71,0.0,256,64,64,61,liboqs,iot
ECDSA,sign,574922,0.574922,0.72,0.0,256,64,64,62,liboqs,iot
ECDSA,sign,592665,0.592665,0.72,0.0,256,64,64,63,liboqs,iot
ECDSA,sign,579166,0.579166,0.71,0.0,256,64,64,64,liboqs,iot
ECDSA,sign,575650,0.57565,0.72,0.0,256,64,64,65,liboqs,iot
ECDSA,sign,579467,0.579467,0.72,0.0,256,64,64,66,liboqs,iot
ECDSA,sign,578217,0.578217,0.71,0.0,256,64,64,67,liboqs,iot
ECDSA,sign,572390,0.57239,0.71,0.0,256,64,64,68,liboqs,iot
ECDSA,sign,602385,0.602385,0.72,0.0,256,64,64,69,liboqs,iot
ECDSA,sign,584937,0.584937,0.72,0.0,256,64,64,70,liboqs,iot
ECDSA,sign,572217,0.572217,0.72,0.0,256,64,64,71,liboqs,iot
ECDSA,sign,625990,0.62599,0.71,0.0,256,64,64,72,liboqs,iot
ECDSA,sign,592281,0.592281,0.71,0.0,256,64,64,73,liboqs,iot
ECDSA,sign,573263,0.573263,0.71,0.0,256,64,64,74,liboqs,iot
ECDSA,sign,662361,0.662361,0.71,0.0,256,64,64,75,liboqs,iot
ECDSA,sign,673695,0.673695,0.71,0.0,256,64,64,76,liboqs,iot
ECDSA,sign,639500,0.6395,0.72,0.0,256,64,64,77,liboqs,iot
ECDSA,sign,586137,0.586137,0.71,0.0,256,64,64,78,liboqs,iot
ECDSA,sign,598599,0.598599,0.72,0.0,256,64,64,79,liboqs,iot
ECDSA,sign,581867,0.581867,0.71,0.0,256,64,64,80,liboqs,iot
ECDSA,sign,577683,0.577683,0.72,0.0,256,64,64,81,liboqs,iot
ECDSA,sign,599256,0.599256,0.71,0.0,256,64,64,82,liboqs,iot
ECDSA,sign,592396,0.592396,0.71,0.0,256,64,64,83,liboqs,iot
ECDSA,sign,580689,0.580689,0.72,0.0,256,64,64,84,liboqs,iot
ECDSA,sign,575773,0.575773,0.71,0.0,256,64,64,85,liboqs,iot
ECDSA,sign,594490,0.59449,0.72,0.0,256,64,64,86,liboqs,iot
ECDSA,sign,577100,0.5771,0.71,0.0,256,64,64,87,liboqs,iot
ECDSA,sign,574091,0.574091,0.72,0.0,256,64,64,88,liboqs,iot
ECDSA,sign,598519,0.598519,0.71,0.0,256,64,64,89,liboqs,iot
ECDSA,sign,578857,0.578857,0.72,0.0,256,64,64,90,liboqs,iot
ECDSA,sign,576753,0.576753,0.71,0.0,256,64,64,91,liboqs,iot
ECDSA,sign,589973,0.589973,0.72,0.0,256,64,64,92,liboqs,iot
ECDSA,sign,586966,0.586966,0.71,0.0,256,64,64,93,liboqs,iot
ECDSA,sign,582350,0.58235,0.71,0.0,256,64,64,94,liboqs,iot
ECDSA,sign,589957,0.589957,0.71,0.0,256,64,64,95,liboqs,iot
ECDSA,sign,588521,0.588521,0.72,0.0,256,64,64,96,liboqs,iot
ECDSA,sign,577969,0.577969,0.71,0.0,256,64,64,97,liboqs,iot
ECDSA,sign,590189,0.590189,0.71,0.0,256,64,64,98,liboqs,iot
ECDSA,sign,577254,0.577254,0.72,0.0,256,64,64,99,liboqs,iot
ECDSA,sign,575822,0.575822,0.72,0.0,256,64,64,100,liboqs,iot
ECDSA,sign,597752,0.597752,0.71,0.0,256,64,64,101,liboqs,iot
ECDSA,sign,577700,0.5777,0.71,0.0,256,64,64,102,liboqs,iot
ECDSA,sign,587026,0.587026,0.71,0.0,256,64,64,103,liboqs,iot
ECDSA,sign,586431,0.586431,0.71,0.0,256,64,64,104,liboqs,iot
ECDSA,sign,598975,0.598975,0.72,0.0,256,64,64,105,liboqs,iot
ECDSA,sign,576982,0.576982,0.72,0.0,256,64,64,106,liboqs,iot
ECDSA,sign,585756,0.585756,0.71,0.0,256,64,64,107,liboqs,iot
ECDSA,sign,581206,0.581206,0.72,0.0,256,64,64,108,liboqs,iot
ECDSA,sign,578715,0.578715,0.72,0.0,256,64,64,109,liboqs,iot
ECDSA,sign,602592,0.602592,0.71,0.0,256,64,64,110,liboqs,iot
ECDSA,sign,646079,0.646079,0.71,0.0,256,64,64,111,liboqs,iot
ECDSA,sign,605743,0.605743,0.72,0.0,256,64,64,112,liboqs,iot
ECDSA,sign,581535,0.581535,0.71,0.0,256,64,64,113,liboqs,iot
ECDSA,sign,595454,0.595454,0.71,0.0,256,64,64,114,liboqs,iot
ECDSA,sign,592686,0.592686,0.72,0.0,256,64,64,115,liboqs,iot
ECDSA,sign,580929,0.580929,0.71,0.0,256,64,64,116,liboqs,iot
ECDSA,sign,606038,0.606038,0.71,0.0,256,64,64,117,liboqs,iot
ECDSA,sign,577044,0.577044,0.71,0.0,256,64,64,118,liboqs,iot
ECDSA,sign,580107,0.580107,0.72,0.0,256,64,64,119,liboqs,iot
ECDSA,sign,603584,0.603584,0.72,0.0,256,64,64,120,liboqs,iot
ECDSA,sign,589390,0.58939,0.71,0.0,256,64,64,121,liboqs,iot
ECDSA,sign,581686,0.581686,0.71,0.0,256,64,64,122,liboqs,iot
ECDSA,sign,599617,0.599617,0.72,0.0,256,64,64,123,liboqs,iot
ECDSA,sign,582654,0.582654,0.71,0.0,256,64,64,124,liboqs,iot
ECDSA,sign,720308,0.720308,0.72,0.0,256,64,64,125,liboqs,iot
ECDSA,sign,604178,0.604178,0.71,0.0,256,64,64,126,liboqs,iot
ECDSA,sign,587013,0.587013,0.72,0.0,256,64,64,127,liboqs,iot
ECDSA,sign,649238,0.649238,0.71,0.0,256,64,64,128,liboqs,iot
ECDSA,sign,593303,0.593303,0.72,0.0,256,64,64,129,liboqs,iot
ECDSA,sign,593496,0.593496,0.72,0.0,256,64,64,130,liboqs,iot
ECDSA,sign,606424,0.606424,0.71,0.0,256,64,64,131,liboqs,iot
ECDSA,sign,577510,0.57751,0.72,0.0,256,64,64,132,liboqs,iot
ECDSA,sign,597077,0.597077,0.71,0.0,256,64,64,133,liboqs,iot
ECDSA,sign,588648,0.588648,0.71,0.0,256,64,64,134,liboqs,iot
ECDSA,sign,583459,0.583459,0.72,0.0,256,64,64,135,liboqs,iot
ECDSA,sign,596958,0.596958,0.72,0.0,256,64,64,136,liboqs,iot
ECDSA,sign,581875,0.581875,0.71,0.0,256,64,64,137,liboqs,iot
ECDSA,sign,597773,0.597773,0.71,0.0,256,64,64,138,liboqs,iot
ECDSA,sign,592156,0.592156,0.71,0.0,256,64,64,139,liboqs,iot
ECDSA,sign,596554,0.596554,0.72,0.0,256,64,64,140,liboqs,iot
ECDSA,sign,595031,0.595031,0.71,0.0,256,64,64,141,liboqs,iot
ECDSA,sign,578188,0.578188,0.71,0.0,256,64,64,142,liboqs,iot
ECDSA,sign,602981,0.602981,0.72,0.0,256,64,64,143,liboqs,iot
ECDSA,sign,596116,0.596116,0.72,0.0,256,64,64,144,liboqs,iot
ECDSA,sign,649145,0.649145,0.71,0.0,256,64,64,145,liboqs,iot
ECDSA,sign,613595,0.613595,0.71,0.0,256,64,64,146,liboqs,iot
ECDSA,sign,682814,0.682814,0.72,0.0,256,64,64,147,liboqs,iot
ECDSA,sign,596734,0.596734,0.72,0.0,256,64,64,148,liboqs,iot
ECDSA,sign,628039,0.628039,0.71,0.0,256,64,64,149,liboqs,iot
ECDSA,sign,580579,0.580579,0.71,0.0,256,64,64,150,liboqs,iot
ECDSA,sign,594050,0.59405,0.71,0.0,256,64,64,151,liboqs,iot
ECDSA,sign,598469,0.598469,0.72,0.0,256,64,64,152,liboqs,iot
ECDSA,sign,590124,0.590124,0.72,0.0,256,64,64,153,liboqs,iot
ECDSA,sign,579696,0.579696,0.72,0.0,256,64,64,154,liboqs,iot
ECDSA,sign,591387,0.591387,0.71,0.0,256,64,64,155,liboqs,iot
ECDSA,sign,717067,0.717067,0.71,0.0,256,64,64,156,liboqs,iot
ECDSA,sign,594281,0.594281,0.71,0.0,256,64,64,157,liboqs,iot
ECDSA,sign,580724,0.580724,0.71,0.0,256,64,64,158,liboqs,iot
ECDSA,sign,596902,0.596902,0.71,0.0,256,64,64,159,liboqs,iot
ECDSA,sign,625115,0.625115,0.71,0.0,256,64,64,160,liboqs,iot
ECDSA,sign,596321,0.596321,0.72,0.0,256,64,64,161,liboqs,iot
ECDSA,sign,588452,0.588452,0.72,0.0,256,64,64,162,liboqs,iot
ECDSA,sign,607194,0.607194,0.71,0.0,256,64,64,163,liboqs,iot
ECDSA,sign,577216,0.577216,0.72,0.0,256,64,64,164,liboqs,iot
ECDSA,sign,573177,0.573177,0.71,0.0,256,64,64,165,liboqs,iot
ECDSA,sign,591116,0.591116,0.72,0.0,256,64,64,166,liboqs,iot
ECDSA,sign,575765,0.575765,0.71,0.0,256,64,64,167,liboqs,iot
ECDSA,sign,576386,0.576386,0.71,0.0,256,64,64,168,liboqs,iot
ECDSA,sign,596173,0.596173,0.72,0.0,256,64,64,169,liboqs,iot
ECDSA,sign,578644,0.578644,0.72,0.0,256,64,64,170,liboqs,iot
ECDSA,sign,575027,0.575027,0.71,0.0,256,64,64,171,liboqs,iot
ECDSA,sign,591462,0.591462,0.72,0.0,256,64,64,172,liboqs,iot
ECDSA,sign,607358,0.607358,0.71,0.0,256,64,64,173,liboqs,iot
ECDSA,sign,592232,0.592232,0.72,0.0,256,64,64,174,liboqs,iot
ECDSA,sign,594080,0.59408,0.72,0.0,256,64,64,175,liboqs,iot
ECDSA,sign,583246,0.583246,0.72,0.0,256,64,64,176,liboqs,iot
ECDSA,sign,578083,0.578083,0.71,0.0,256,64,64,177,liboqs,iot
ECDSA,sign,600009,0.600009,0.72,0.0,256,64,64,178,liboqs,iot
ECDSA,sign,625085,0.625085,0.71,0.0,256,64,64,179,liboqs,iot
ECDSA,sign,613263,0.613263,0.72,0.0,256,64,64,180,liboqs,iot
ECDSA,sign,660327,0.660327,0.71,0.0,256,64,64,181,liboqs,iot
ECDSA,sign,594745,0.594745,0.71,0.0,256,64,64,182,liboqs,iot
ECDSA,sign,592507,0.592507,0.72,0.0,256,64,64,183,liboqs,iot
ECDSA,sign,606816,0.606816,0.72,0.0,256,64,64,184,liboqs,iot
ECDSA,sign,576873,0.576873,0.71,0.0,256,64,64,185,liboqs,iot
ECDSA,sign,572359,0.572359,0.71,0.0,256,64,64,186,liboqs,iot
ECDSA,sign,581443,0.581443,0.72,0.0,256,64,64,187,liboqs,iot
ECDSA,sign,576638,0.576638,0.72,0.0,256,64,64,188,liboqs,iot
ECDSA,sign,590562,0.590562,0.71,0.0,256,64,64,189,liboqs,iot
ECDSA,sign,586254,0.586254,0.71,0.0,256,64,64,190,liboqs,iot
ECDSA,sign,590651,0.590651,0.71,0.0,256,64,64,191,liboqs,iot
ECDSA,sign,576435,0.576435,0.71,0.0,256,64,64,192,liboqs,iot
ECDSA,sign,572802,0.572802,0.71,0.0,256,64,64,193,liboqs,iot
ECDSA,sign,587354,0.587354,0.71,0.0,256,64,64,194,liboqs,iot
ECDSA,sign,587137,0.587137,0.72,0.0,256,64,64,195,liboqs,iot
ECDSA,sign,595441,0.595441,0.72,0.0,256,64,64,196,liboqs,iot
ECDSA,sign,602883,0.602883,0.72,0.0,256,64,64,197,liboqs,iot
ECDSA,sign,580028,0.580028,0.72,0.0,256,64,64,198,liboqs,iot
ECDSA,sign,573433,0.573433,0.72,0.0,256,64,64,199,liboqs,iot
ECDSA,sign,573781,0.573781,0.71,0.0,256,64,64,200,liboqs,iot
ECDSA,sign,586674,0.586674,0.72,0.0,256,64,64,201,liboqs,iot
ECDSA,sign,577520,0.57752,0.71,0.0,256,64,64,202,liboqs,iot
ECDSA,sign,581368,0.581368,0.71,0.0,256,64,64,203,liboqs,iot
ECDSA,sign,592174,0.592174,0.71,0.0,256,64,64,204,liboqs,iot
ECDSA,sign,575053,0.575053,0.71,0.0,256,64,64,205,liboqs,iot
ECDSA,sign,589891,0.589891,0.71,0.0,256,64,64,206,liboqs,iot
ECDSA,sign,591647,0.591647,0.72,0.0,256,64,64,207,liboqs,iot
ECDSA,sign,578460,0.57846,0.71,0.0,256,64,64,208,liboqs,iot
ECDSA,sign,575902,0.575902,0.72,0.0,256,64,64,209,liboqs,iot
ECDSA,sign,585641,0.585641,0.71,0.0,256,64,64,210,liboqs,iot
ECDSA,sign,592162,0.592162,0.71,0.0,256,64,64,211,liboqs,iot
ECDSA,sign,574702,0.574702,0.71,0.0,256,64,64,212,liboqs,iot
ECDSA,sign,575022,0.575022,0.71,0.0,256,64,64,213,liboqs,iot
ECDSA,sign,588854,0.588854,0.71,0.0,256,64,64,214,liboqs,iot
ECDSA,sign,581686,0.581686,0.72,0.0,256,64,64,215,liboqs,iot
ECDSA,sign,600665,0.600665,0.71,0.0,256,64,64,216,liboqs,iot
ECDSA,sign,677283,0.677283,0.71,0.0,256,64,64,217,liboqs,iot
ECDSA,sign,622841,0.622841,0.72,0.0,256,64,64,218,liboqs,iot
ECDSA,sign,591190,0.59119,0.71,0.0,256,64,64,219,liboqs,iot
ECDSA,sign,595190,0.59519,0.72,0.0,256,64,64,220,liboqs,iot
ECDSA,sign,577552,0.577552,0.72,0.0,256,64,64,221,liboqs,iot
ECDSA,sign,573416,0.573416,0.71,0.0,256,64,64,222,liboqs,iot
ECDSA,sign,583278,0.583278,0.71,0.0,256,64,64,223,liboqs,iot
ECDSA,sign,591527,0.591527,0.72,0.0,256,64,64,224,liboqs,iot
ECDSA,sign,647492,0.647492,0.71,0.0,256,64,64,225,liboqs,iot
ECDSA,sign,575381,0.575381,0.72,0.0,256,64,64,226,liboqs,iot
ECDSA,sign,589762,0.589762,0.71,0.0,256,64,64,227,liboqs,iot
ECDSA,sign,576739,0.576739,0.71,0.0,256,64,64,228,liboqs,iot
ECDSA,sign,572216,0.572216,0.72,0.0,256,64,64,229,liboqs,iot
ECDSA,sign,593032,0.593032,0.71,0.0,256,64,64,230,liboqs,iot
ECDSA,sign,595614,0.595614,0.71,0.0,256,64,64,231,liboqs,iot
ECDSA,sign,576345,0.576345,0.71,0.0,256,64,64,232,liboqs,iot
ECDSA,sign,591195,0.591195,0.72,0.0,256,64,64,233,liboqs,iot
ECDSA,sign,577215,0.577215,0.72,0.0,256,64,64,234,liboqs,iot
ECDSA,sign,573283,0.573283,0.72,0.0,256,64,64,235,liboqs,iot
ECDSA,sign,582915,0.582915,0.72,0.0,256,64,64,236,liboqs,iot
ECDSA,sign,586264,0.586264,0.71,0.0,256,64,64,237,liboqs,iot
ECDSA,sign,574880,0.57488,0.72,0.0,256,64,64,238,liboqs,iot
ECDSA,sign,583509,0.583509,0.71,0.0,256,64,64,239,liboqs,iot
ECDSA,sign,578487,0.578487,0.72,0.0,256,64,64,240,liboqs,iot
ECDSA,sign,575212,0.575212,0.71,0.0,256,64,64,241,liboqs,iot
ECDSA,sign,578389,0.578389,0.72,0.0,256,64,64,242,liboqs,iot
ECDSA,sign,596768,0.596768,0.72,0.0,256,64,64,243,liboqs,iot
ECDSA,sign,608430,0.60843,0.71,0.0,256,64,64,244,liboqs,iot
ECDSA,sign,593515,0.593515,0.72,0.0,256,64,64,245,liboqs,iot
ECDSA,sign,610054,0.610054,0.72,0.0,256,64,64,246,liboqs,iot
ECDSA,sign,576724,0.576724,0.71,0.0,256,64,64,247,liboqs,iot
ECDSA,sign,572975,0.572975,0.72,0.0,256,64,64,248,liboqs,iot
ECDSA,sign,581819,0.581819,0.72,0.0,256,64,64,249,liboqs,iot
ECDSA,sign,815638,0.815638,0.71,0.0,256,64,64,250,liboqs,iot
ECDSA,sign,609048,0.609048,0.71,0.0,256,64,64,251,liboqs,iot
ECDSA,sign,578949,0.578949,0.72,0.0,256,64,64,252,liboqs,iot
ECDSA,sign,592075,0.592075,0.71,0.0,256,64,64,253,liboqs,iot
ECDSA,sign,600583,0.600583,0.71,0.0,256,64,64,254,liboqs,iot
ECDSA,sign,599097,0.599097,0.71,0.0,256,64,64,255,liboqs,iot
ECDSA,sign,699077,0.699077,0.71,0.0,256,64,64,256,liboqs,iot
ECDSA,sign,621334,0.621334,0.72,0.0,256,64,64,257,liboqs,iot
ECDSA,sign,578930,0.57893,0.72,0.0,256,64,64,258,liboqs,iot
ECDSA,sign,589984,0.589984,0.72,0.0,256,64,64,259,liboqs,iot
ECDSA,sign,576398,0.576398,0.71,0.0,256,64,64,260,liboqs,iot
ECDSA,sign,572855,0.572855,0.72,0.0,256,64,64,261,liboqs,iot
ECDSA,sign,601352,0.601352,0.72,0.0,256,64,64,262,liboqs,iot
ECDSA,sign,599430,0.59943,0.72,0.0,256,64,64,263,liboqs,iot
ECDSA,sign,608984,0.608984,0.71,0.0,256,64,64,264,liboqs,iot
ECDSA,sign,578909,0.578909,0.72,0.0,256,64,64,265,liboqs,iot
ECDSA,sign,572314,0.572314,0.71,0.0,256,64,64,266,liboqs,iot
ECDSA,sign,573328,0.573328,0.71,0.0,256,64,64,267,liboqs,iot
ECDSA,sign,592559,0.592559,0.72,0.0,256,64,64,268,liboqs,iot
ECDSA,sign,581260,0.58126,0.72,0.0,256,64,64,269,liboqs,iot
ECDSA,sign,599571,0.599571,0.72,0.0,256,64,64,270,liboqs,iot
ECDSA,sign,589153,0.589153,0.71,0.0,256,64,64,271,liboqs,iot
ECDSA,sign,582983,0.582983,0.71,0.0,256,64,64,272,liboqs,iot
ECDSA,sign,576626,0.576626,0.72,0.0,256,64,64,273,liboqs,iot
ECDSA,sign,676816,0.676816,0.72,0.0,256,64,64,274,liboqs,iot
ECDSA,sign,679830,0.67983,0.71,0.0,256,64,64,275,liboqs,iot
ECDSA,sign,582676,0.582676,0.71,0.0,256,64,64,276,liboqs,iot
ECDSA,sign,623297,0.623297,0.71,0.0,256,64,64,277,liboqs,iot
ECDSA,sign,742102,0.742102,0.71,0.0,256,64,64,278,liboqs,iot
ECDSA,sign,575759,0.575759,0.71,0.0,256,64,64,279,liboqs,iot
ECDSA,sign,590792,0.590792,0.71,0.0,256,64,64,280,liboqs,iot
ECDSA,sign,576917,0.576917,0.72,0.0,256,64,64,281,liboqs,iot
ECDSA,sign,572718,0.572718,0.72,0.0,256,64,64,282,liboqs,iot
ECDSA,sign,627066,0.627066,0.71,0.0,256,64,64,283,liboqs,iot
ECDSA,sign,618021,0.618021,0.72,0.0,256,64,64,284,liboqs,iot
ECDSA,sign,602004,0.602004,0.71,0.0,256,64,64,285,liboqs,iot
ECDSA,sign,812488,0.812488,0.71,0.0,256,64,64,286,liboqs,iot
ECDSA,sign,670070,0.67007,0.71,0.0,256,64,64,287,liboqs,iot
ECDSA,sign,624173,0.624173,0.71,0.0,256,64,64,288,liboqs,iot
ECDSA,sign,624470,0.62447,0.71,0.0,256,64,64,289,liboqs,iot
ECDSA,sign,585968,0.585968,0.71,0.0,256,64,64,290,liboqs,iot
ECDSA,sign,593835,0.593835,0.72,0.0,256,64,64,291,liboqs,iot
ECDSA,sign,579917,0.579917,0.71,0.0,256,64,64,292,liboqs,iot
ECDSA,sign,595758,0.595758,0.71,0.0,256,64,64,293,liboqs,iot
ECDSA,sign,576730,0.57673,0.71,0.0,256,64,64,294,liboqs,iot
ECDSA,sign,585254,0.585254,0.72,0.0,256,64,64,295,liboqs,iot
ECDSA,sign,615863,0.615863,0.71,0.0,256,64,64,296,liboqs,iot
ECDSA,sign,585490,0.58549,0.71,0.0,256,64,64,297,liboqs,iot
ECDSA,sign,596893,0.596893,0.72,0.0,256,64,64,298,liboqs,iot
ECDSA,sign,577627,0.577627,0.71,0.0,256,64,64,299,liboqs,iot
ECDSA,sign,593585,0.593585,0.72,0.0,256,64,64,300,liboqs,iot
ECDSA,sign,600002,0.600002,0.72,0.0,256,64,64,301,liboqs,iot
ECDSA,sign,579279,0.579279,0.71,0.0,256,64,64,302,liboqs,iot
ECDSA,sign,613363,0.613363,0.72,0.0,256,64,64,303,liboqs,iot
ECDSA,sign,579712,0.579712,0.71,0.0,256,64,64,304,liboqs,iot
ECDSA,sign,596605,0.596605,0.72,0.0,256,64,64,305,liboqs,iot
ECDSA,sign,588271,0.588271,0.72,0.0,256,64,64,306,liboqs,iot
ECDSA,sign,579527,0.579527,0.72,0.0,256,64,64,307,liboqs,iot
ECDSA,sign,595365,0.595365,0.71,0.0,256,64,64,308,liboqs,iot
ECDSA,sign,615961,0.615961,0.71,0.0,256,64,64,309,liboqs,iot
ECDSA,sign,864309,0.864309,0.72,0.0,256,64,64,310,liboqs,iot
ECDSA,sign,611918,0.611918,0.72,0.0,256,64,64,311,liboqs,iot
ECDSA,sign,599307,0.599307,0.71,0.0,256,64,64,312,liboqs,iot
ECDSA,sign,608514,0.608514,0.72,0.0,256,64,64,313,liboqs,iot
ECDSA,sign,631969,0.631969,0.71,0.0,256,64,64,314,liboqs,iot
ECDSA,sign,624654,0.624654,0.71,0.0,256,64,64,315,liboqs,iot
ECDSA,sign,589159,0.589159,0.71,0.0,256,64,64,316,liboqs,iot
ECDSA,sign,771998,0.771998,0.71,0.0,256,64,64,317,liboqs,iot
ECDSA,sign,667521,0.667521,0.71,0.0,256,64,64,318,liboqs,iot
ECDSA,sign,602199,0.602199,0.71,0.0,256,64,64,319,liboqs,iot
ECDSA,sign,646232,0.646232,0.72,0.0,256,64,64,320,liboqs,iot
ECDSA,sign,645722,0.645722,0.72,0.0,256,64,64,321,liboqs,iot
ECDSA,sign,591052,0.591052,0.72,0.0,256,64,64,322,liboqs,iot
ECDSA,sign,626024,0.626024,0.71,0.0,256,64,64,323,liboqs,iot
ECDSA,sign,590225,0.590225,0.72,0.0,256,64,64,324,liboqs,iot
ECDSA,sign,581920,0.58192,0.71,0.0,256,64,64,325,liboqs,iot
ECDSA,sign,592188,0.592188,0.71,0.0,256,64,64,326,liboqs,iot
ECDSA,sign,578782,0.578782,0.72,0.0,256,64,64,327,liboqs,iot
ECDSA,sign,613462,0.613462,0.72,0.0,256,64,64,328,liboqs,iot
ECDSA,sign,588547,0.588547,0.72,0.0,256,64,64,329,liboqs,iot
ECDSA,sign,592100,0.5921,0.71,0.0,256,64,64,330,liboqs,iot
ECDSA,sign,595857,0.595857,0.72,0.0,256,64,64,331,liboqs,iot
ECDSA,sign,575527,0.575527,0.71,0.0,256,64,64,332,liboqs,iot
ECDSA,sign,592666,0.592666,0.72,0.0,256,64,64,333,liboqs,iot
ECDSA,sign,638163,0.638163,0.72,0.0,256,64,64,334,liboqs,iot
ECDSA,sign,615879,0.615879,0.71,0.0,256,64,64,335,liboqs,iot
ECDSA,sign,637489,0.637489,0.71,0.0,256,64,64,336,liboqs,iot
ECDSA,sign,607611,0.607611,0.71,0.0,256,64,64,337,liboqs,iot
ECDSA,sign,591951,0.591951,0.71,0.0,256,64,64,338,liboqs,iot
ECDSA,sign,597990,0.59799,0.71,0.0,256,64,64,339,liboqs,iot
ECDSA,sign,597705,0.597705,0.72,0.0,256,64,64,340,liboqs,iot
ECDSA,sign,660697,0.660697,0.72,0.0,256,64,64,341,liboqs,iot
ECDSA,sign,611314,0.611314,0.71,0.0,256,64,64,342,liboqs,iot
ECDSA,sign,601228,0.601228,0.71,0.0,256,64,64,343,liboqs,iot
ECDSA,sign,584537,0.584537,0.71,0.0,256,64,64,344,liboqs,iot
ECDSA,sign,579299,0.579299,0.72,0.0,256,64,64,345,liboqs,iot
ECDSA,sign,606947,0.606947,0.72,0.0,256,64,64,346,liboqs,iot
ECDSA,sign,591161,0.591161,0.71,0.0,256,64,64,347,liboqs,iot
ECDSA,sign,608440,0.60844,0.71,0.0,256,64,64,348,liboqs,iot
ECDSA,sign,580770,0.58077,0.71,0.0,256,64,64,349,liboqs,iot
ECDSA,sign,600369,0.600369,0.71,0.0,256,64,64,350,liboqs,iot
ECDSA,sign,579138,0.579138,0.72,0.0,256,64,64,351,liboqs,iot
ECDSA,sign,607912,0.607912,0.72,0.0,256,64,64,352,liboqs,iot
ECDSA,sign,591681,0.591681,0.71,0.0,256,64,64,353,liboqs,iot
ECDSA,sign,581408,0.581408,0.72,0.0,256,64,64,354,liboqs,iot
ECDSA,sign,587149,0.587149,0.72,0.0,256,64,64,355,liboqs,iot
ECDSA,sign,590686,0.590686,0.71,0.0,256,64,64,356,liboqs,iot
ECDSA,sign,577724,0.577724,0.71,0.0,256,64,64,357,liboqs,iot
ECDSA,sign,573530,0.57353,0.72,0.0,256,64,64,358,liboqs,iot
ECDSA,sign,715053,0.715053,0.72,0.0,256,64,64,359,liboqs,iot
ECDSA,sign,592933,0.592933,0.71,0.0,256,64,64,360,liboqs,iot
ECDSA,sign,588119,0.588119,0.72,0.0,256,64,64,361,liboqs,iot
ECDSA,sign,588580,0.58858,0.71,0.0,256,64,64,362,liboqs,iot
ECDSA,sign,583865,0.583865,0.71,0.0,256,64,64,363,liboqs,iot
ECDSA,sign,578129,0.578129,0.71,0.0,256,64,64,364,liboqs,iot
ECDSA,sign,576895,0.576895,0.72,0.0,256,64,64,365,liboqs,iot
ECDSA,sign,594503,0.594503,0.72,0.0,256,64,64,366,liboqs,iot
ECDSA,sign,575149,0.575149,0.72,0.0,256,64,64,367,liboqs,iot
ECDSA,sign,586776,0.586776,0.72,0.0,256,64,64,368,liboqs,iot
ECDSA,sign,595705,0.595705,0.71,0.0,256,64,64,369,liboqs,iot
ECDSA,sign,597445,0.597445,0.71,0.0,256,64,64,370,liboqs,iot
ECDSA,sign,582640,0.58264,0.71,0.0,256,64,64,371,liboqs,iot
ECDSA,sign,591994,0.591994,0.71,0.0,256,64,64,372,liboqs,iot
ECDSA,sign,649677,0.649677,0.72,0.0,256,64,64,373,liboqs,iot
ECDSA,sign,585899,0.585899,0.72,0.0,256,64,64,374,liboqs,iot
ECDSA,sign,602344,0.602344,0.72,0.0,256,64,64,375,liboqs,iot
ECDSA,sign,575498,0.575498,0.71,0.0,256,64,64,376,liboqs,iot
ECDSA,sign,574841,0.574841,0.72,0.0,256,64,64,377,liboqs,iot
ECDSA,sign,592675,0.592675,0.72,0.0,256,64,64,378,liboqs,iot
ECDSA,sign,574887,0.574887,0.72,0.0,256,64,64,379,liboqs,iot
ECDSA,sign,572626,0.572626,0.71,0.0,256,64,64,380,liboqs,iot
ECDSA,sign,597904,0.597904,0.71,0.0,256,64,64,381,liboqs,iot
ECDSA,sign,575386,0.575386,0.72,0.0,256,64,64,382,liboqs,iot
ECDSA,sign,572404,0.572404,0.71,0.0,256,64,64,383,liboqs,iot
ECDSA,sign,584931,0.584931,0.72,0.0,256,64,64,384,liboqs,iot
ECDSA,sign,689687,0.689687,0.72,0.0,256,64,64,385,liboqs,iot
ECDSA,sign,573823,0.573823,0.72,0.0,256,64,64,386,liboqs,iot
ECDSA,sign,771958,0.771958,0.72,0.0,256,64,64,387,liboqs,iot
ECDSA,sign,630874,0.630874,0.72,0.0,256,64,64,388,liboqs,iot
ECDSA,sign,583413,0.583413,0.71,0.0,256,64,64,389,liboqs,iot
ECDSA,sign,595592,0.595592,0.71,0.0,256,64,64,390,liboqs,iot
ECDSA,sign,604893,0.604893,0.72,0.0,256,64,64,391,liboqs,iot
ECDSA,sign,576690,0.57669,0.71,0.0,256,64,64,392,liboqs,iot
ECDSA,sign,588411,0.588411,0.72,0.0,256,64,64,393,liboqs,iot
ECDSA,sign,581982,0.581982,0.71,0.0,256,64,64,394,liboqs,iot
ECDSA,sign,576808,0.576808,0.71,0.0,256,64,64,395,liboqs,iot
ECDSA,sign,589123,0.589123,0.72,0.0,256,64,64,396,liboqs,iot
ECDSA,sign,591669,0.591669,0.72,0.0,256,64,64,397,liboqs,iot
ECDSA,sign,574089,0.574089,0.72,0.0,256,64,64,398,liboqs,iot
ECDSA,sign,581697,0.581697,0.72,0.0,256,64,64,399,liboqs,iot
ECDSA,sign,581315,0.581315,0.71,0.0,256,64,64,400,liboqs,iot
ECDSA,sign,580928,0.580928,0.71,0.0,256,64,64,401,liboqs,iot
ECDSA,sign,577385,0.577385,0.71,0.0,256,64,64,402,liboqs,iot
ECDSA,sign,585908,0.585908,0.71,0.0,256,64,64,403,liboqs,iot
ECDSA,sign,662591,0.662591,0.72,0.0,256,64,64,404,liboqs,iot
ECDSA,sign,601997,0.601997,0.72,0.0,256,64,64,405,liboqs,iot
ECDSA,sign,602427,0.602427,0.72,0.0,256,64,64,406,liboqs,iot
ECDSA,sign,590507,0.590507,0.72,0.0,256,64,64,407,liboqs,iot
ECDSA,sign,594848,0.594848,0.71,0.0,256,64,64,408,liboqs,iot
ECDSA,sign,595288,0.595288,0.72,0.0,256,64,64,409,liboqs,iot
ECDSA,sign,579653,0.579653,0.72,0.0,256,64,64,410,liboqs,iot
ECDSA,sign,591502,0.591502,0.71,0.0,256,64,64,411,liboqs,iot
ECDSA,sign,579703,0.579703,0.71,0.0,256,64,64,412,liboqs,iot
ECDSA,sign,845429,0.845429,0.72,0.0,256,64,64,413,liboqs,iot
ECDSA,sign,605524,0.605524,0.71,0.0,256,64,64,414,liboqs,iot
ECDSA,sign,592472,0.592472,0.72,0.0,256,64,64,415,liboqs,iot
ECDSA,sign,580569,0.580569,0.72,0.0,256,64,64,416,liboqs,iot
ECDSA,sign,575648,0.575648,0.71,0.0,256,64,64,417,liboqs,iot
ECDSA,sign,572584,0.572584,0.72,0.0,256,64,64,418,liboqs,iot
ECDSA,sign,587355,0.587355,0.71,0.0,256,64,64,419,liboqs,iot
ECDSA,sign,575125,0.575125,0.71,0.0,256,64,64,420,liboqs,iot
ECDSA,sign,580969,0.580969,0.72,0.0,256,64,64,421,liboqs,iot
ECDSA,sign,583267,0.583267,0.72,0.0,256,64,64,422,liboqs,iot
ECDSA,sign,654857,0.654857,0.72,0.0,256,64,64,423,liboqs,iot
ECDSA,sign,579093,0.579093,0.72,0.0,256,64,64,424,liboqs,iot
ECDSA,sign,580769,0.580769,0.71,0.0,256,64,64,425,liboqs,iot
ECDSA,sign,586177,0.586177,0.71,0.0,256,64,64,426,liboqs,iot
ECDSA,sign,597724,0.597724,0.71,0.0,256,64,64,427,liboqs,iot
ECDSA,sign,581517,0.581517,0.71,0.0,256,64,64,428,liboqs,iot
ECDSA,sign,588807,0.588807,0.71,0.0,256,64,64,429,liboqs,iot
ECDSA,sign,573602,0.573602,0.72,0.0,256,64,64,430,liboqs,iot
ECDSA,sign,571430,0.57143,0.72,0.0,256,64,64,431,liboqs,iot
ECDSA,sign,588347,0.588347,0.72,0.0,256,64,64,432,liboqs,iot
ECDSA,sign,571989,0.571989,0.72,0.0,256,64,64,433,liboqs,iot
ECDSA,sign,570206,0.570206,0.72,0.0,256,64,64,434,liboqs,iot
ECDSA,sign,590594,0.590594,0.71,0.0,256,64,64,435,liboqs,iot
ECDSA,sign,576429,0.576429,0.71,0.0,256,64,64,436,liboqs,iot
ECDSA,sign,572562,0.572562,0.71,0.0,256,64,64,437,liboqs,iot
ECDSA,sign,650534,0.650534,0.72,0.0,256,64,64,438,liboqs,iot
ECDSA,sign,836782,0.836782,0.72,0.0,256,64,64,439,liboqs,iot
ECDSA,sign,690080,0.69008,0.71,0.0,256,64,64,440,liboqs,iot
ECDSA,sign,649474,0.649474,0.71,0.0,256,64,64,441,liboqs,iot
ECDSA,sign,621266,0.621266,0.72,0.0,256,64,64,442,liboqs,iot
ECDSA,sign,604829,0.604829,0.71,0.0,256,64,64,443,liboqs,iot
ECDSA,sign,579650,0.57965,0.71,0.0,256,64,64,444,liboqs,iot
ECDSA,sign,575071,0.575071,0.71,0.0,256,64,64,445,liboqs,iot
ECDSA,sign,598176,0.598176,0.71,0.0,256,64,64,446,liboqs,iot
ECDSA,sign,589551,0.589551,0.72,0.0,256,64,64,447,liboqs,iot
ECDSA,sign,575374,0.575374,0.72,0.0,256,64,64,448,liboqs,iot
ECDSA,sign,595111,0.595111,0.72,0.0,256,64,64,449,liboqs,iot
ECDSA,sign,576350,0.57635,0.72,0.0,256,64,64,450,liboqs,iot
ECDSA,sign,570631,0.570631,0.72,0.0,256,64,64,451,liboqs,iot
ECDSA,sign,646727,0.646727,0.72,0.0,256,64,64,452,liboqs,iot
ECDSA,sign,595473,0.595473,0.71,0.0,256,64,64,453,liboqs,iot
ECDSA,sign,591636,0.591636,0.72,0.0,256,64,64,454,liboqs,iot
ECDSA,sign,579607,0.579607,0.71,0.0,256,64,64,455,liboqs,iot
ECDSA,sign,590892,0.590892,0.72,0.0,256,64,64,456,liboqs,iot
ECDSA,sign,573873,0.573873,0.72,0.0,256,64,64,457,liboqs,iot
ECDSA,sign,574409,0.574409,0.71,0.0,256,64,64,458,liboqs,iot
ECDSA,sign,593351,0.593351,0.72,0.0,256,64,64,459,liboqs,iot
ECDSA,sign,579211,0.579211,0.71,0.0,256,64,64,460,liboqs,iot
ECDSA,sign,582179,0.582179,0.71,0.0,256,64,64,461,liboqs,iot
ECDSA,sign,578613,0.578613,0.72,0.0,256,64,64,462,liboqs,iot
ECDSA,sign,597132,0.597132,0.71,0.0,256,64,64,463,liboqs,iot
ECDSA,sign,578199,0.578199,0.72,0.0,256,64,64,464,liboqs,iot
ECDSA,sign,574477,0.574477,0.72,0.0,256,64,64,465,liboqs,iot
ECDSA,sign,591497,0.591497,0.71,0.0,256,64,64,466,liboqs,iot
ECDSA,sign,575086,0.575086,0.72,0.0,256,64,64,467,liboqs,iot
ECDSA,sign,584104,0.584104,0.72,0.0,256,64,64,468,liboqs,iot
ECDSA,sign,602996,0.602996,0.72,0.0,256,64,64,469,liboqs,iot
ECDSA,sign,636438,0.636438,0.71,0.0,256,64,64,470,liboqs,iot
ECDSA,sign,616383,0.616383,0.72,0.0,256,64,64,471,liboqs,iot
ECDSA,sign,581813,0.581813,0.71,0.0,256,64,64,472,liboqs,iot
ECDSA,sign,747217,0.747217,0.72,0.0,256,64,64,473,liboqs,iot
ECDSA,sign,745167,0.745167,0.71,0.0,256,64,64,474,liboqs,iot
ECDSA,sign,651931,0.651931,0.71,0.0,256,64,64,475,liboqs,iot
ECDSA,sign,667105,0.667105,0.72,0.0,256,64,64,476,liboqs,iot
ECDSA,sign,587420,0.58742,0.71,0.0,256,64,64,477,liboqs,iot
ECDSA,sign,610300,0.6103,0.71,0.0,256,64,64,478,liboqs,iot
ECDSA,sign,579470,0.57947,0.72,0.0,256,64,64,479,liboqs,iot
ECDSA,sign,583916,0.583916,0.71,0.0,256,64,64,480,liboqs,iot
ECDSA,sign,575836,0.575836,0.72,0.0,256,64,64,481,liboqs,iot
ECDSA,sign,592810,0.59281,0.72,0.0,256,64,64,482,liboqs,iot
ECDSA,sign,575691,0.575691,0.72,0.0,256,64,64,483,liboqs,iot
ECDSA,sign,574538,0.574538,0.71,0.0,256,64,64,484,liboqs,iot
ECDSA,sign,586552,0.586552,0.71,0.0,256,64,64,485,liboqs,iot
ECDSA,sign,574988,0.574988,0.71,0.0,256,64,64,486,liboqs,iot
ECDSA,sign,586830,0.58683,0.71,0.0,256,64,64,487,liboqs,iot
ECDSA,sign,596816,0.596816,0.72,0.0,256,64,64,488,liboqs,iot
ECDSA,sign,574247,0.574247,0.72,0.0,256,64,64,489,liboqs,iot
ECDSA,sign,575168,0.575168,0.72,0.0,256,64,64,490,liboqs,iot
ECDSA,sign,571241,0.571241,0.71,0.0,256,64,64,491,liboqs,iot
ECDSA,sign,587409,0.587409,0.72,0.0,256,64,64,492,liboqs,iot
ECDSA,sign,574810,0.57481,0.72,0.0,256,64,64,493,liboqs,iot
ECDSA,sign,582927,0.582927,0.72,0.0,256,64,64,494,liboqs,iot
ECDSA,sign,590744,0.590744,0.71,0.0,256,64,64,495,liboqs,iot
ECDSA,sign,575598,0.575598,0.72,0.0,256,64,64,496,liboqs,iot
ECDSA,sign,634828,0.634828,0.72,0.0,256,64,64,497,liboqs,iot
ECDSA,sign,613223,0.613223,0.71,0.0,256,64,64,498,liboqs,iot
ECDSA,sign,584711,0.584711,0.71,0.0,256,64,64,499,liboqs,iot
ECDSA,sign,596977,0.596977,0.72,0.0,256,64,64,500,liboqs,iot
ECDSA,sign,641472,0.641472,0.72,0.0,256,64,64,501,liboqs,iot
ECDSA,sign,743595,0.743595,0.72,0.0,256,64,64,502,liboqs,iot
ECDSA,sign,679098,0.679098,0.71,0.0,256,64,64,503,liboqs,iot
ECDSA,sign,648538,0.648538,0.71,0.0,256,64,64,504,liboqs,iot
ECDSA,sign,732788,0.732788,0.71,0.0,256,64,64,505,liboqs,iot
ECDSA,sign,625146,0.625146,0.71,0.0,256,64,64,506,liboqs,iot
ECDSA,sign,580059,0.580059,0.72,0.0,256,64,64,507,liboqs,iot
ECDSA,sign,680982,0.680982,0.71,0.0,256,64,64,508,liboqs,iot
ECDSA,sign,581845,0.581845,0.71,0.0,256,64,64,509,liboqs,iot
ECDSA,sign,576512,0.576512,0.72,0.0,256,64,64,510,liboqs,iot
ECDSA,sign,574137,0.574137,0.72,0.0,256,64,64,511,liboqs,iot
ECDSA,sign,604854,0.604854,0.71,0.0,256,64,64,512,liboqs,iot
ECDSA,sign,594907,0.594907,0.72,0.0,256,64,64,513,liboqs,iot
ECDSA,sign,577451,0.577451,0.72,0.0,256,64,64,514,liboqs,iot
ECDSA,sign,596044,0.596044,0.71,0.0,256,64,64,515,liboqs,iot
ECDSA,sign,585541,0.585541,0.72,0.0,256,64,64,516,liboqs,iot
ECDSA,sign,581972,0.581972,0.71,0.0,256,64,64,517,liboqs,iot
ECDSA,sign,594159,0.594159,0.71,0.0,256,64,64,518,liboqs,iot
ECDSA,sign,576981,0.576981,0.72,0.0,256,64,64,519,liboqs,iot
ECDSA,sign,626614,0.626614,0.71,0.0,256,64,64,520,liboqs,iot
ECDSA,sign,653665,0.653665,0.72,0.0,256,64,64,521,liboqs,iot
ECDSA,sign,577972,0.577972,0.71,0.0,256,64,64,522,liboqs,iot
ECDSA,sign,587196,0.587196,0.72,0.0,256,64,64,523,liboqs,iot
ECDSA,sign,710809,0.710809,0.72,0.0,256,64,64,524,liboqs,iot
ECDSA,sign,647487,0.647487,0.71,0.0,256,64,64,525,liboqs,iot
ECDSA,sign,613862,0.613862,0.71,0.0,256,64,64,526,liboqs,iot
ECDSA,sign,587759,0.587759,0.71,0.0,256,64,64,527,liboqs,iot
ECDSA,sign,595199,0.595199,0.72,0.0,256,64,64,528,liboqs,iot
ECDSA,sign,575561,0.575561,0.72,0.0,256,64,64,529,liboqs,iot
ECDSA,sign,647906,0.647906,0.72,0.0,256,64,64,530,liboqs,iot
ECDSA,sign,589659,0.589659,0.71,0.0,256,64,64,531,liboqs,iot
ECDSA,sign,576251,0.576251,0.72,0.0,256,64,64,532,liboqs,iot
ECDSA,sign,602643,0.602643,0.72,0.0,256,64,64,533,liboqs,iot
ECDSA,sign,576193,0.576193,0.72,0.0,256,64,64,534,liboqs,iot
ECDSA,sign,667871,0.667871,0.72,0.0,256,64,64,535,liboqs,iot
ECDSA,sign,611518,0.611518,0.72,0.0,256,64,64,536,liboqs,iot
ECDSA,sign,586766,0.586766,0.72,0.0,256,64,64,537,liboqs,iot
ECDSA,sign,594170,0.59417,0.71,0.0,256,64,64,538,liboqs,iot
ECDSA,sign,591682,0.591682,0.71,0.0,256,64,64,539,liboqs,iot
ECDSA,sign,638014,0.638014,0.72,0.0,256,64,64,540,liboqs,iot
ECDSA,sign,584945,0.584945,0.72,0.0,256,64,64,541,liboqs,iot
ECDSA,sign,642601,0.642601,0.72,0.0,256,64,64,542,liboqs,iot
ECDSA,sign,616765,0.616765,0.71,0.0,256,64,64,543,liboqs,iot
ECDSA,sign,581430,0.58143,0.71,0.0,256,64,64,544,liboqs,iot
ECDSA,sign,593488,0.593488,0.72,0.0,256,64,64,545,liboqs,iot
ECDSA,sign,589805,0.589805,0.71,0.0,256,64,64,546,liboqs,iot
ECDSA,sign,573655,0.573655,0.72,0.0,256,64,64,547,liboqs,iot
ECDSA,sign,588861,0.588861,0.71,0.0,256,64,64,548,liboqs,iot
ECDSA,sign,581353,0.581353,0.72,0.0,256,64,64,549,liboqs,iot
ECDSA,sign,575246,0.575246,0.72,0.0,256,64,64,550,liboqs,iot
ECDSA,sign,576269,0.576269,0.71,0.0,256,64,64,551,liboqs,iot
ECDSA,sign,596422,0.596422,0.72,0.0,256,64,64,552,liboqs,iot
ECDSA,sign,614399,0.614399,0.72,0.0,256,64,64,553,liboqs,iot
ECDSA,sign,574234,0.574234,0.72,0.0,256,64,64,554,liboqs,iot
ECDSA,sign,592597,0.592597,0.71,0.0,256,64,64,555,liboqs,iot
ECDSA,sign,580384,0.580384,0.72,0.0,256,64,64,556,liboqs,iot
ECDSA,sign,581965,0.581965,0.71,0.0,256,64,64,557,liboqs,iot
ECDSA,sign,591734,0.591734,0.72,0.0,256,64,64,558,liboqs,iot
ECDSA,sign,585436,0.585436,0.72,0.0,256,64,64,559,liboqs,iot
ECDSA,sign,585148,0.585148,0.71,0.0,256,64,64,560,liboqs,iot
ECDSA,sign,601949,0.601949,0.72,0.0,256,64,64,561,liboqs,iot
ECDSA,sign,589997,0.589997,0.72,0.0,256,64,64,562,liboqs,iot
ECDSA,sign,618829,0.618829,0.71,0.0,256,64,64,563,liboqs,iot
ECDSA,sign,624070,0.62407,0.72,0.0,256,64,64,564,liboqs,iot
ECDSA,sign,580002,0.580002,0.71,0.0,256,64,64,565,liboqs,iot
ECDSA,sign,603279,0.603279,0.71,0.0,256,64,64,566,liboqs,iot
ECDSA,sign,585317,0.585317,0.72,0.0,256,64,64,567,liboqs,iot
ECDSA,sign,776152,0.776152,0.71,0.0,256,64,64,568,liboqs,iot
ECDSA,sign,614334,0.614334,0.72,0.0,256,64,64,569,liboqs,iot
ECDSA,sign,580077,0.580077,0.72,0.0,256,64,64,570,liboqs,iot
ECDSA,sign,662124,0.662124,0.72,0.0,256,64,64,571,liboqs,iot
ECDSA,sign,600134,0.600134,0.71,0.0,256,64,64,572,liboqs,iot
ECDSA,sign,649228,0.649228,0.72,0.0,256,64,64,573,liboqs,iot
ECDSA,sign,588363,0.588363,0.71,0.0,256,64,64,574,liboqs,iot
ECDSA,sign,576542,0.576542,0.71,0.0,256,64,64,575,liboqs,iot
ECDSA,sign,696535,0.696535,0.71,0.0,256,64,64,576,liboqs,iot
ECDSA,sign,590009,0.590009,0.71,0.0,256,64,64,577,liboqs,iot
ECDSA,sign,597341,0.597341,0.71,0.0,256,64,64,578,liboqs,iot
ECDSA,sign,614454,0.614454,0.71,0.0,256,64,64,579,liboqs,iot
ECDSA,sign,575897,0.575897,0.71,0.0,256,64,64,580,liboqs,iot
ECDSA,sign,588762,0.588762,0.72,0.0,256,64,64,581,liboqs,iot
ECDSA,sign,575880,0.57588,0.72,0.0,256,64,64,582,liboqs,iot
ECDSA,sign,574236,0.574236,0.71,0.0,256,64,64,583,liboqs,iot
ECDSA,sign,573325,0.573325,0.72,0.0,256,64,64,584,liboqs,iot
ECDSA,sign,594879,0.594879,0.71,0.0,256,64,64,585,liboqs,iot
ECDSA,sign,577584,0.577584,0.72,0.0,256,64,64,586,liboqs,iot
ECDSA,sign,571379,0.571379,0.72,0.0,256,64,64,587,liboqs,iot
ECDSA,sign,583076,0.583076,0.72,0.0,256,64,64,588,liboqs,iot
ECDSA,sign,576406,0.576406,0.72,0.0,256,64,64,589,liboqs,iot
ECDSA,sign,573592,0.573592,0.71,0.0,256,64,64,590,liboqs,iot
ECDSA,sign,615071,0.615071,0.72,0.0,256,64,64,591,liboqs,iot
ECDSA,sign,594573,0.594573,0.72,0.0,256,64,64,592,liboqs,iot
ECDSA,sign,578065,0.578065,0.71,0.0,256,64,64,593,liboqs,iot
ECDSA,sign,630434,0.630434,0.72,0.0,256,64,64,594,liboqs,iot
ECDSA,sign,691472,0.691472,0.72,0.0,256,64,64,595,liboqs,iot
ECDSA,sign,596126,0.596126,0.72,0.0,256,64,64,596,liboqs,iot
ECDSA,sign,597299,0.597299,0.72,0.0,256,64,64,597,liboqs,iot
ECDSA,sign,598939,0.598939,0.71,0.0,256,64,64,598,liboqs,iot
ECDSA,sign,595524,0.595524,0.71,0.0,256,64,64,599,liboqs,iot
ECDSA,sign,578631,0.578631,0.72,0.0,256,64,64,600,liboqs,iot
ECDSA,sign,594970,0.59497,0.71,0.0,256,64,64,601,liboqs,iot
ECDSA,sign,677213,0.677213,0.71,0.0,256,64,64,602,liboqs,iot
ECDSA,sign,614969,0.614969,0.71,0.0,256,64,64,603,liboqs,iot
ECDSA,sign,585035,0.585035,0.72,0.0,256,64,64,604,liboqs,iot
ECDSA,sign,605707,0.605707,0.72,0.0,256,64,64,605,liboqs,iot
ECDSA,sign,613915,0.613915,0.71,0.0,256,64,64,606,liboqs,iot
ECDSA,sign,641990,0.64199,0.71,0.0,256,64,64,607,liboqs,iot
ECDSA,sign,719993,0.719993,0.71,0.0,256,64,64,608,liboqs,iot
ECDSA,sign,594753,0.594753,0.72,0.0,256,64,64,609,liboqs,iot
ECDSA,sign,574530,0.57453,0.71,0.0,256,64,64,610,liboqs,iot
ECDSA,sign,594796,0.594796,0.72,0.0,256,64,64,611,liboqs,iot
ECDSA,sign,610156,0.610156,0.71,0.0,256,64,64,612,liboqs,iot
ECDSA,sign,574607,0.574607,0.71,0.0,256,64,64,613,liboqs,iot
ECDSA,sign,593297,0.593297,0.71,0.0,256,64,64,614,liboqs,iot
ECDSA,sign,581583,0.581583,0.71,0.0,256,64,64,615,liboqs,iot
ECDSA,sign,576425,0.576425,0.71,0.0,256,64,64,616,liboqs,iot
ECDSA,sign,598011,0.598011,0.72,0.0,256,64,64,617,liboqs,iot
ECDSA,sign,586800,0.5868,0.71,0.0,256,64,64,618,liboqs,iot
ECDSA,sign,595665,0.595665,0.72,0.0,256,64,64,619,liboqs,iot
ECDSA,sign,599027,0.599027,0.71,0.0,256,64,64,620,liboqs,iot
ECDSA,sign,581479,0.581479,0.71,0.0,256,64,64,621,liboqs,iot
ECDSA,sign,577803,0.577803,0.71,0.0,256,64,64,622,liboqs,iot
ECDSA,sign,578128,0.578128,0.72,0.0,256,64,64,623,liboqs,iot
ECDSA,sign,598552,0.598552,0.71,0.0,256,64,64,624,liboqs,iot
ECDSA,sign,595191,0.595191,0.71,0.0,256,64,64,625,liboqs,iot
ECDSA,sign,581885,0.581885,0.71,0.0,256,64,64,626,liboqs,iot
ECDSA,sign,597749,0.597749,0.71,0.0,256,64,64,627,liboqs,iot
ECDSA,sign,604707,0.604707,0.72,0.0,256,64,64,628,liboqs,iot
ECDSA,sign,582459,0.582459,0.72,0.0,256,64,64,629,liboqs,iot
ECDSA,sign,590622,0.590622,0.71,0.0,256,64,64,630,liboqs,iot
ECDSA,sign,586089,0.586089,0.72,0.0,256,64,64,631,liboqs,iot
ECDSA,sign,598198,0.598198,0.72,0.0,256,64,64,632,liboqs,iot
ECDSA,sign,585536,0.585536,0.71,0.0,256,64,64,633,liboqs,iot
ECDSA,sign,810370,0.81037,0.72,0.0,256,64,64,634,liboqs,iot
ECDSA,sign,648793,0.648793,0.71,0.0,256,64,64,635,liboqs,iot
ECDSA,sign,638332,0.638332,0.71,0.0,256,64,64,636,liboqs,iot
ECDSA,sign,589625,0.589625,0.72,0.0,256,64,64,637,liboqs,iot
ECDSA,sign,608879,0.608879,0.72,0.0,256,64,64,638,liboqs,iot
ECDSA,sign,581725,0.581725,0.71,0.0,256,64,64,639,liboqs,iot
ECDSA,sign,580612,0.580612,0.71,0.0,256,64,64,640,liboqs,iot
ECDSA,sign,633565,0.633565,0.71,0.0,256,64,64,641,liboqs,iot
ECDSA,sign,653060,0.65306,0.72,0.0,256,64,64,642,liboqs,iot
ECDSA,sign,587528,0.587528,0.72,0.0,256,64,64,643,liboqs,iot
ECDSA,sign,578795,0.578795,0.71,0.0,256,64,64,644,liboqs,iot
ECDSA,sign,603948,0.603948,0.71,0.0,256,64,64,645,liboqs,iot
ECDSA,sign,603229,0.603229,0.71,0.0,256,64,64,646,liboqs,iot
ECDSA,sign,589992,0.589992,0.71,0.0,256,64,64,647,liboqs,iot
ECDSA,sign,625965,0.625965,0.72,0.0,256,64,64,648,liboqs,iot
ECDSA,sign,619700,0.6197,0.71,0.0,256,64,64,649,liboqs,iot
ECDSA,sign,611922,0.611922,0.72,0.0,256,64,64,650,liboqs,iot
ECDSA,sign,637647,0.637647,0.72,0.0,256,64,64,651,liboqs,iot
ECDSA,sign,603177,0.603177,0.71,0.0,256,64,64,652,liboqs,iot
ECDSA,sign,594156,0.594156,0.72,0.0,256,64,64,653,liboqs,iot
ECDSA,sign,606262,0.606262,0.71,0.0,256,64,64,654,liboqs,iot
ECDSA,sign,594779,0.594779,0.71,0.0,256,64,64,655,liboqs,iot
ECDSA,sign,591967,0.591967,0.72,0.0,256,64,64,656,liboqs,iot
ECDSA,sign,595350,0.59535,0.72,0.0,256,64,64,657,liboqs,iot
ECDSA,sign,602222,0.602222,0.71,0.0,256,64,64,658,liboqs,iot
ECDSA,sign,591995,0.591995,0.72,0.0,256,64,64,659,liboqs,iot
ECDSA,sign,604344,0.604344,0.72,0.0,256,64,64,660,liboqs,iot
ECDSA,sign,686649,0.686649,0.71,0.0,256,64,64,661,liboqs,iot
ECDSA,sign,603271,0.603271,0.72,0.0,256,64,64,662,liboqs,iot
ECDSA,sign,617630,0.61763,0.72,0.0,256,64,64,663,liboqs,iot
ECDSA,sign,656238,0.656238,0.72,0.0,256,64,64,664,liboqs,iot
ECDSA,sign,644686,0.644686,0.72,0.0,256,64,64,665,liboqs,iot
ECDSA,sign,608201,0.608201,0.72,0.0,256,64,64,666,liboqs,iot
ECDSA,sign,623518,0.623518,0.71,0.0,256,64,64,667,liboqs,iot
ECDSA,sign,614626,0.614626,0.71,0.0,256,64,64,668,liboqs,iot
ECDSA,sign,667937,0.667937,0.72,0.0,256,64,64,669,liboqs,iot
ECDSA,sign,679721,0.679721,0.72,0.0,256,64,64,670,liboqs,iot
ECDSA,sign,781672,0.781672,0.71,0.0,256,64,64,671,liboqs,iot
ECDSA,sign,613760,0.61376,0.71,0.0,256,64,64,672,liboqs,iot
ECDSA,sign,596509,0.596509,0.72,0.0,256,64,64,673,liboqs,iot
ECDSA,sign,629732,0.629732,0.72,0.0,256,64,64,674,liboqs,iot
ECDSA,sign,617669,0.617669,0.71,0.0,256,64,64,675,liboqs,iot
ECDSA,sign,586569,0.586569,0.72,0.0,256,64,64,676,liboqs,iot
ECDSA,sign,615772,0.615772,0.72,0.0,256,64,64,677,liboqs,iot
ECDSA,sign,582102,0.582102,0.71,0.0,256,64,64,678,liboqs,iot
ECDSA,sign,582478,0.582478,0.71,0.0,256,64,64,679,liboqs,iot
ECDSA,sign,591071,0.591071,0.72,0.0,256,64,64,680,liboqs,iot
ECDSA,sign,601289,0.601289,0.71,0.0,256,64,64,681,liboqs,iot
ECDSA,sign,587953,0.587953,0.72,0.0,256,64,64,682,liboqs,iot
ECDSA,sign,599398,0.599398,0.71,0.0,256,64,64,683,liboqs,iot
ECDSA,sign,584115,0.584115,0.72,0.0,256,64,64,684,liboqs,iot
ECDSA,sign,578144,0.578144,0.71,0.0,256,64,64,685,liboqs,iot
ECDSA,sign,586043,0.586043,0.72,0.0,256,64,64,686,liboqs,iot
ECDSA,sign,584603,0.584603,0.72,0.0,256,64,64,687,liboqs,iot
ECDSA,sign,584758,0.584758,0.72,0.0,256,64,64,688,liboqs,iot
ECDSA,sign,599284,0.599284,0.72,0.0,256,64,64,689,liboqs,iot
ECDSA,sign,599251,0.599251,0.72,0.0,256,64,64,690,liboqs,iot
ECDSA,sign,595573,0.595573,0.72,0.0,256,64,64,691,liboqs,iot
ECDSA,sign,588310,0.58831,0.71,0.0,256,64,64,692,liboqs,iot
ECDSA,sign,617542,0.617542,0.72,0.0,256,64,64,693,liboqs,iot
ECDSA,sign,640727,0.640727,0.71,0.0,256,64,64,694,liboqs,iot
ECDSA,sign,641794,0.641794,0.72,0.0,256,64,64,695,liboqs,iot
ECDSA,sign,700343,0.700343,0.72,0.0,256,64,64,696,liboqs,iot
ECDSA,sign,633758,0.633758,0.72,0.0,256,64,64,697,liboqs,iot
ECDSA,sign,688881,0.688881,0.71,0.0,256,64,64,698,liboqs,iot
ECDSA,sign,589191,0.589191,0.72,0.0,256,64,64,699,liboqs,iot
ECDSA,sign,713878,0.713878,0.72,0.0,256,64,64,700,liboqs,iot
ECDSA,sign,625028,0.625028,0.72,0.0,256,64,64,701,liboqs,iot
ECDSA,sign,595789,0.595789,0.72,0.0,256,64,64,702,liboqs,iot
ECDSA,sign,607024,0.607024,0.71,0.0,256,64,64,703,liboqs,iot
ECDSA,sign,580932,0.580932,0.72,0.0,256,64,64,704,liboqs,iot
ECDSA,sign,576597,0.576597,0.71,0.0,256,64,64,705,liboqs,iot
ECDSA,sign,581008,0.581008,0.72,0.0,256,64,64,706,liboqs,iot
ECDSA,sign,592517,0.592517,0.72,0.0,256,64,64,707,liboqs,iot
ECDSA,sign,579984,0.579984,0.72,0.0,256,64,64,708,liboqs,iot
ECDSA,sign,583321,0.583321,0.71,0.0,256,64,64,709,liboqs,iot
ECDSA,sign,614532,0.614532,0.72,0.0,256,64,64,710,liboqs,iot
ECDSA,sign,584252,0.584252,0.72,0.0,256,64,64,711,liboqs,iot
ECDSA,sign,588737,0.588737,0.72,0.0,256,64,64,712,liboqs,iot
ECDSA,sign,594954,0.594954,0.72,0.0,256,64,64,713,liboqs,iot
ECDSA,sign,579438,0.579438,0.71,0.0,256,64,64,714,liboqs,iot
ECDSA,sign,583863,0.583863,0.72,0.0,256,64,64,715,liboqs,iot
ECDSA,sign,614085,0.614085,0.72,0.0,256,64,64,716,liboqs,iot
ECDSA,sign,618199,0.618199,0.71,0.0,256,64,64,717,liboqs,iot
ECDSA,sign,593985,0.593985,0.71,0.0,256,64,64,718,liboqs,iot
ECDSA,sign,609330,0.60933,0.72,0.0,256,64,64,719,liboqs,iot
ECDSA,sign,604688,0.604688,0.72,0.0,256,64,64,720,liboqs,iot
ECDSA,sign,600466,0.600466,0.71,0.0,256,64,64,721,liboqs,iot
ECDSA,sign,636003,0.636003,0.71,0.0,256,64,64,722,liboqs,iot
ECDSA,sign,600585,0.600585,0.71,0.0,256,64,64,723,liboqs,iot
ECDSA,sign,614212,0.614212,0.72,0.0,256,64,64,724,liboqs,iot
ECDSA,sign,599451,0.599451,0.72,0.0,256,64,64,725,liboqs,iot
ECDSA,sign,604241,0.604241,0.72,0.0,256,64,64,726,liboqs,iot
ECDSA,sign,589222,0.589222,0.71,0.0,256,64,64,727,liboqs,iot
ECDSA,sign,584442,0.584442,0.71,0.0,256,64,64,728,liboqs,iot
ECDSA,sign,603437,0.603437,0.72,0.0,256,64,64,729,liboqs,iot
ECDSA,sign,581964,0.581964,0.72,0.0,256,64,64,730,liboqs,iot
ECDSA,sign,581501,0.581501,0.72,0.0,256,64,64,731,liboqs,iot
ECDSA,sign,594171,0.594171,0.72,0.0,256,64,64,732,liboqs,iot
ECDSA,sign,580506,0.580506,0.72,0.0,256,64,64,733,liboqs,iot
ECDSA,sign,594385,0.594385,0.71,0.0,256,64,64,734,liboqs,iot
ECDSA,sign,592313,0.592313,0.72,0.0,256,64,64,735,liboqs,iot
ECDSA,sign,592227,0.592227,0.72,0.0,256,64,64,736,liboqs,iot
ECDSA,sign,582575,0.582575,0.71,0.0,256,64,64,737,liboqs,iot
ECDSA,sign,583666,0.583666,0.72,0.0,256,64,64,738,liboqs,iot
ECDSA,sign,578440,0.57844,0.72,0.0,256,64,64,739,liboqs,iot
ECDSA,sign,571220,0.57122,0.71,0.0,256,64,64,740,liboqs,iot
ECDSA,sign,583144,0.583144,0.72,0.0,256,64,64,741,liboqs,iot
ECDSA,sign,578492,0.578492,0.72,0.0,256,64,64,742,liboqs,iot
ECDSA,sign,708777,0.708777,0.72,0.0,256,64,64,743,liboqs,iot
ECDSA,sign,597431,0.597431,0.71,0.0,256,64,64,744,liboqs,iot
ECDSA,sign,591111,0.591111,0.72,0.0,256,64,64,745,liboqs,iot
ECDSA,sign,598131,0.598131,0.72,0.0,256,64,64,746,liboqs,iot
ECDSA,sign,576312,0.576312,0.71,0.0,256,64,64,747,liboqs,iot
ECDSA,sign,574480,0.57448,0.72,0.0,256,64,64,748,liboqs,iot
ECDSA,sign,600363,0.600363,0.72,0.0,256,64,64,749,liboqs,iot
ECDSA,sign,578815,0.578815,0.72,0.0,256,64,64,750,liboqs,iot
ECDSA,sign,574031,0.574031,0.71,0.0,256,64,64,751,liboqs,iot
ECDSA,sign,590731,0.590731,0.72,0.0,256,64,64,752,liboqs,iot
ECDSA,sign,575363,0.575363,0.71,0.0,256,64,64,753,liboqs,iot
ECDSA,sign,570637,0.570637,0.71,0.0,256,64,64,754,liboqs,iot
ECDSA,sign,571322,0.571322,0.72,0.0,256,64,64,755,liboqs,iot
ECDSA,sign,607414,0.607414,0.71,0.0,256,64,64,756,liboqs,iot
ECDSA,sign,579703,0.579703,0.71,0.0,256,64,64,757,liboqs,iot
ECDSA,sign,573459,0.573459,0.71,0.0,256,64,64,758,liboqs,iot
ECDSA,sign,587122,0.587122,0.72,0.0,256,64,64,759,liboqs,iot
ECDSA,sign,577341,0.577341,0.71,0.0,256,64,64,760,liboqs,iot
ECDSA,sign,578108,0.578108,0.72,0.0,256,64,64,761,liboqs,iot
ECDSA,sign,585554,0.585554,0.72,0.0,256,64,64,762,liboqs,iot
ECDSA,sign,583089,0.583089,0.72,0.0,256,64,64,763,liboqs,iot
ECDSA,sign,574303,0.574303,0.72,0.0,256,64,64,764,liboqs,iot
ECDSA,sign,593088,0.593088,0.72,0.0,256,64,64,765,liboqs,iot
ECDSA,sign,588391,0.588391,0.71,0.0,256,64,64,766,liboqs,iot
ECDSA,sign,607081,0.607081,0.72,0.0,256,64,64,767,liboqs,iot
ECDSA,sign,595959,0.595959,0.71,0.0,256,64,64,768,liboqs,iot
ECDSA,sign,579116,0.579116,0.71,0.0,256,64,64,769,liboqs,iot
ECDSA,sign,583181,0.583181,0.71,0.0,256,64,64,770,liboqs,iot
ECDSA,sign,772188,0.772188,0.71,0.0,256,64,64,771,liboqs,iot
ECDSA,sign,671424,0.671424,0.71,0.0,256,64,64,772,liboqs,iot
ECDSA,sign,604434,0.604434,0.71,0.0,256,64,64,773,liboqs,iot
ECDSA,sign,601431,0.601431,0.71,0.0,256,64,64,774,liboqs,iot
ECDSA,sign,589623,0.589623,0.71,0.0,256,64,64,775,liboqs,iot
ECDSA,sign,614474,0.614474,0.72,0.0,256,64,64,776,liboqs,iot
ECDSA,sign,590138,0.590138,0.72,0.0,256,64,64,777,liboqs,iot
ECDSA,sign,626556,0.626556,0.72,0.0,256,64,64,778,liboqs,iot
ECDSA,sign,599000,0.599,0.72,0.0,256,64,64,779,liboqs,iot
ECDSA,sign,587526,0.587526,0.71,0.0,256,64,64,780,liboqs,iot
ECDSA,sign,583635,0.583635,0.72,0.0,256,64,64,781,liboqs,iot
ECDSA,sign,638705,0.638705,0.72,0.0,256,64,64,782,liboqs,iot
ECDSA,sign,604633,0.604633,0.72,0.0,256,64,64,783,liboqs,iot
ECDSA,sign,583123,0.583123,0.71,0.0,256,64,64,784,liboqs,iot
ECDSA,sign,589382,0.589382,0.71,0.0,256,64,64,785,liboqs,iot
ECDSA,sign,584314,0.584314,0.72,0.0,256,64,64,786,liboqs,iot
ECDSA,sign,576684,0.576684,0.72,0.0,256,64,64,787,liboqs,iot
ECDSA,sign,587302,0.587302,0.72,0.0,256,64,64,788,liboqs,iot
ECDSA,sign,609878,0.609878,0.71,0.0,256,64,64,789,liboqs,iot
ECDSA,sign,591648,0.591648,0.71,0.0,256,64,64,790,liboqs,iot
ECDSA,sign,605396,0.605396,0.71,0.0,256,64,64,791,liboqs,iot
ECDSA,sign,597582,0.597582,0.71,0.0,256,64,64,792,liboqs,iot
ECDSA,sign,620006,0.620006,0.72,0.0,256,64,64,793,liboqs,iot
ECDSA,sign,582833,0.582833,0.72,0.0,256,64,64,794,liboqs,iot
ECDSA,sign,647787,0.647787,0.72,0.0,256,64,64,795,liboqs,iot
ECDSA,sign,648064,0.648064,0.72,0.0,256,64,64,796,liboqs,iot
ECDSA,sign,585813,0.585813,0.72,0.0,256,64,64,797,liboqs,iot
ECDSA,sign,613120,0.61312,0.71,0.0,256,64,64,798,liboqs,iot
ECDSA,sign,600612,0.600612,0.72,0.0,256,64,64,799,liboqs,iot
ECDSA,sign,599423,0.599423,0.71,0.0,256,64,64,800,liboqs,iot
ECDSA,sign,610865,0.610865,0.71,0.0,256,64,64,801,liboqs,iot
ECDSA,sign,611070,0.61107,0.71,0.0,256,64,64,802,liboqs,iot
ECDSA,sign,606392,0.606392,0.71,0.0,256,64,64,803,liboqs,iot
ECDSA,sign,610005,0.610005,0.72,0.0,256,64,64,804,liboqs,iot
ECDSA,sign,591456,0.591456,0.72,0.0,256,64,64,805,liboqs,iot
ECDSA,sign,598308,0.598308,0.72,0.0,256,64,64,806,liboqs,iot
ECDSA,sign,585795,0.585795,0.72,0.0,256,64,64,807,liboqs,iot
ECDSA,sign,605857,0.605857,0.71,0.0,256,64,64,808,liboqs,iot
ECDSA,sign,596798,0.596798,0.72,0.0,256,64,64,809,liboqs,iot
ECDSA,sign,587144,0.587144,0.71,0.0,256,64,64,810,liboqs,iot
ECDSA,sign,598021,0.598021,0.72,0.0,256,64,64,811,liboqs,iot
ECDSA,sign,581024,0.581024,0.71,0.0,256,64,64,812,liboqs,iot
ECDSA,sign,591310,0.59131,0.71,0.0,256,64,64,813,liboqs,iot
ECDSA,sign,597197,0.597197,0.71,0.0,256,64,64,814,liboqs,iot
ECDSA,sign,585200,0.5852,0.71,0.0,256,64,64,815,liboqs,iot
ECDSA,sign,600665,0.600665,0.71,0.0,256,64,64,816,liboqs,iot
ECDSA,sign,681760,0.68176,0.71,0.0,256,64,64,817,liboqs,iot
ECDSA,sign,606103,0.606103,0.72,0.0,256,64,64,818,liboqs,iot
ECDSA,sign,584111,0.584111,0.71,0.0,256,64,64,819,liboqs,iot
ECDSA,sign,578577,0.578577,0.72,0.0,256,64,64,820,liboqs,iot
ECDSA,sign,613695,0.613695,0.72,0.0,256,64,64,821,liboqs,iot
ECDSA,sign,600970,0.60097,0.72,0.0,256,64,64,822,liboqs,iot
ECDSA,sign,584399,0.584399,0.72,0.0,256,64,64,823,liboqs,iot
ECDSA,sign,592787,0.592787,0.72,0.0,256,64,64,824,liboqs,iot
ECDSA,sign,588998,0.588998,0.71,0.0,256,64,64,825,liboqs,iot
ECDSA,sign,634652,0.634652,0.72,0.0,256,64,64,826,liboqs,iot
ECDSA,sign,582430,0.58243,0.72,0.0,256,64,64,827,liboqs,iot
ECDSA,sign,599041,0.599041,0.71,0.0,256,64,64,828,liboqs,iot
ECDSA,sign,594588,0.594588,0.71,0.0,256,64,64,829,liboqs,iot
ECDSA,sign,585225,0.585225,0.72,0.0,256,64,64,830,liboqs,iot
ECDSA,sign,579834,0.579834,0.72,0.0,256,64,64,831,liboqs,iot
ECDSA,sign,573036,0.573036,0.72,0.0,256,64,64,832,liboqs,iot
ECDSA,sign,571471,0.571471,0.71,0.0,256,64,64,833,liboqs,iot
ECDSA,sign,590628,0.590628,0.71,0.0,256,64,64,834,liboqs,iot
ECDSA,sign,583919,0.583919,0.72,0.0,256,64,64,835,liboqs,iot
ECDSA,sign,610613,0.610613,0.72,0.0,256,64,64,836,liboqs,iot
ECDSA,sign,586086,0.586086,0.71,0.0,256,64,64,837,liboqs,iot
ECDSA,sign,580365,0.580365,0.71,0.0,256,64,64,838,liboqs,iot
ECDSA,sign,575476,0.575476,0.71,0.0,256,64,64,839,liboqs,iot
ECDSA,sign,573813,0.573813,0.72,0.0,256,64,64,840,liboqs,iot
ECDSA,sign,589598,0.589598,0.72,0.0,256,64,64,841,liboqs,iot
ECDSA,sign,579442,0.579442,0.71,0.0,256,64,64,842,liboqs,iot
ECDSA,sign,577009,0.577009,0.72,0.0,256,64,64,843,liboqs,iot
ECDSA,sign,587113,0.587113,0.71,0.0,256,64,64,844,liboqs,iot
ECDSA,sign,588314,0.588314,0.71,0.0,256,64,64,845,liboqs,iot
ECDSA,sign,577653,0.577653,0.71,0.0,256,64,64,846,liboqs,iot
ECDSA,sign,591663,0.591663,0.72,0.0,256,64,64,847,liboqs,iot
ECDSA,sign,575894,0.575894,0.71,0.0,256,64,64,848,liboqs,iot
ECDSA,sign,581702,0.581702,0.71,0.0,256,64,64,849,liboqs,iot
ECDSA,sign,589204,0.589204,0.72,0.0,256,64,64,850,liboqs,iot
ECDSA,sign,576454,0.576454,0.72,0.0,256,64,64,851,liboqs,iot
ECDSA,sign,574036,0.574036,0.72,0.0,256,64,64,852,liboqs,iot
ECDSA,sign,588520,0.58852,0.71,0.0,256,64,64,853,liboqs,iot
ECDSA,sign,574142,0.574142,0.72,0.0,256,64,64,854,liboqs,iot
ECDSA,sign,587724,0.587724,0.72,0.0,256,64,64,855,liboqs,iot
ECDSA,sign,597676,0.597676,0.71,0.0,256,64,64,856,liboqs,iot
ECDSA,sign,574878,0.574878,0.72,0.0,256,64,64,857,liboqs,iot
ECDSA,sign,574840,0.57484,0.71,0.0,256,64,64,858,liboqs,iot
ECDSA,sign,585776,0.585776,0.71,0.0,256,64,64,859,liboqs,iot
ECDSA,sign,573772,0.573772,0.71,0.0,256,64,64,860,liboqs,iot
ECDSA,sign,572649,0.572649,0.71,0.0,256,64,64,861,liboqs,iot
ECDSA,sign,581221,0.581221,0.71,0.0,256,64,64,862,liboqs,iot
ECDSA,sign,586964,0.586964,0.71,0.0,256,64,64,863,liboqs,iot
ECDSA,sign,588512,0.588512,0.72,0.0,256,64,64,864,liboqs,iot
ECDSA,sign,594164,0.594164,0.72,0.0,256,64,64,865,liboqs,iot
ECDSA,sign,578165,0.578165,0.72,0.0,256,64,64,866,liboqs,iot
ECDSA,sign,571576,0.571576,0.71,0.0,256,64,64,867,liboqs,iot
ECDSA,sign,651049,0.651049,0.72,0.0,256,64,64,868,liboqs,iot
ECDSA,sign,592026,0.592026,0.71,0.0,256,64,64,869,liboqs,iot
ECDSA,sign,585613,0.585613,0.71,0.0,256,64,64,870,liboqs,iot
ECDSA,sign,662636,0.662636,0.71,0.0,256,64,64,871,liboqs,iot
ECDSA,sign,638861,0.638861,0.72,0.0,256,64,64,872,liboqs,iot
ECDSA,sign,590711,0.590711,0.71,0.0,256,64,64,873,liboqs,iot
ECDSA,sign,593797,0.593797,0.71,0.0,256,64,64,874,liboqs,iot
ECDSA,sign,588533,0.588533,0.72,0.0,256,64,64,875,liboqs,iot
ECDSA,sign,649828,0.649828,0.72,0.0,256,64,64,876,liboqs,iot
ECDSA,sign,587373,0.587373,0.72,0.0,256,64,64,877,liboqs,iot
ECDSA,sign,581788,0.581788,0.72,0.0,256,64,64,878,liboqs,iot
ECDSA,sign,593454,0.593454,0.71,0.0,256,64,64,879,liboqs,iot
ECDSA,sign,584771,0.584771,0.72,0.0,256,64,64,880,liboqs,iot
ECDSA,sign,705531,0.705531,0.72,0.0,256,64,64,881,liboqs,iot
ECDSA,sign,594935,0.594935,0.71,0.0,256,64,64,882,liboqs,iot
ECDSA,sign,656880,0.65688,0.71,0.0,256,64,64,883,liboqs,iot
ECDSA,sign,711983,0.711983,0.72,0.0,256,64,64,884,liboqs,iot
ECDSA,sign,715627,0.715627,0.71,0.0,256,64,64,885,liboqs,iot
ECDSA,sign,596829,0.596829,0.72,0.0,256,64,64,886,liboqs,iot
ECDSA,sign,587808,0.587808,0.72,0.0,256,64,64,887,liboqs,iot
ECDSA,sign,600919,0.600919,0.71,0.0,256,64,64,888,liboqs,iot
ECDSA,sign,591446,0.591446,0.71,0.0,256,64,64,889,liboqs,iot
ECDSA,sign,578562,0.578562,0.71,0.0,256,64,64,890,liboqs,iot
ECDSA,sign,606243,0.606243,0.71,0.0,256,64,64,891,liboqs,iot
ECDSA,sign,577514,0.577514,0.71,0.0,256,64,64,892,liboqs,iot
ECDSA,sign,578885,0.578885,0.71,0.0,256,64,64,893,liboqs,iot
ECDSA,sign,590648,0.590648,0.71,0.0,256,64,64,894,liboqs,iot
ECDSA,sign,578010,0.57801,0.71,0.0,256,64,64,895,liboqs,iot
ECDSA,sign,587943,0.587943,0.72,0.0,256,64,64,896,liboqs,iot
ECDSA,sign,598246,0.598246,0.71,0.0,256,64,64,897,liboqs,iot
ECDSA,sign,729741,0.729741,0.72,0.0,256,64,64,898,liboqs,iot
ECDSA,sign,616924,0.616924,0.72,0.0,256,64,64,899,liboqs,iot
ECDSA,sign,654325,0.654325,0.72,0.0,256,64,64,900,liboqs,iot
ECDSA,sign,596574,0.596574,0.71,0.0,256,64,64,901,liboqs,iot
ECDSA,sign,611935,0.611935,0.71,0.0,256,64,64,902,liboqs,iot
ECDSA,sign,586274,0.586274,0.71,0.0,256,64,64,903,liboqs,iot
ECDSA,sign,580402,0.580402,0.72,0.0,256,64,64,904,liboqs,iot
ECDSA,sign,576743,0.576743,0.72,0.0,256,64,64,905,liboqs,iot
ECDSA,sign,595178,0.595178,0.71,0.0,256,64,64,906,liboqs,iot
ECDSA,sign,584157,0.584157,0.72,0.0,256,64,64,907,liboqs,iot
ECDSA,sign,577776,0.577776,0.72,0.0,256,64,64,908,liboqs,iot
ECDSA,sign,607009,0.607009,0.71,0.0,256,64,64,909,liboqs,iot
ECDSA,sign,597597,0.597597,0.72,0.0,256,64,64,910,liboqs,iot
ECDSA,sign,580133,0.580133,0.72,0.0,256,64,64,911,liboqs,iot
ECDSA,sign,608404,0.608404,0.71,0.0,256,64,64,912,liboqs,iot
ECDSA,sign,578173,0.578173,0.72,0.0,256,64,64,913,liboqs,iot
ECDSA,sign,576353,0.576353,0.71,0.0,256,64,64,914,liboqs,iot
ECDSA,sign,598422,0.598422,0.72,0.0,256,64,64,915,liboqs,iot
ECDSA,sign,583470,0.58347,0.72,0.0,256,64,64,916,liboqs,iot
ECDSA,sign,601333,0.601333,0.71,0.0,256,64,64,917,liboqs,iot
ECDSA,sign,593295,0.593295,0.72,0.0,256,64,64,918,liboqs,iot
ECDSA,sign,578742,0.578742,0.72,0.0,256,64,64,919,liboqs,iot
ECDSA,sign,576054,0.576054,0.72,0.0,256,64,64,920,liboqs,iot
ECDSA,sign,586901,0.586901,0.72,0.0,256,64,64,921,liboqs,iot
ECDSA,sign,591105,0.591105,0.72,0.0,256,64,64,922,liboqs,iot
ECDSA,sign,600273,0.600273,0.71,0.0,256,64,64,923,liboqs,iot
ECDSA,sign,594180,0.59418,0.72,0.0,256,64,64,924,liboqs,iot
ECDSA,sign,582725,0.582725,0.71,0.0,256,64,64,925,liboqs,iot
ECDSA,sign,654579,0.654579,0.71,0.0,256,64,64,926,liboqs,iot
ECDSA,sign,593420,0.59342,0.72,0.0,256,64,64,927,liboqs,iot
ECDSA,sign,595796,0.595796,0.71,0.0,256,64,64,928,liboqs,iot
ECDSA,sign,594475,0.594475,0.71,0.0,256,64,64,929,liboqs,iot
ECDSA,sign,578644,0.578644,0.72,0.0,256,64,64,930,liboqs,iot
ECDSA,sign,585786,0.585786,0.71,0.0,256,64,64,931,liboqs,iot
ECDSA,sign,584109,0.584109,0.71,0.0,256,64,64,932,liboqs,iot
ECDSA,sign,642717,0.642717,0.71,0.0,256,64,64,933,liboqs,iot
ECDSA,sign,621115,0.621115,0.71,0.0,256,64,64,934,liboqs,iot
ECDSA,sign,594287,0.594287,0.72,0.0,256,64,64,935,liboqs,iot
ECDSA,sign,619383,0.619383,0.71,0.0,256,64,64,936,liboqs,iot
ECDSA,sign,582122,0.582122,0.71,0.0,256,64,64,937,liboqs,iot
ECDSA,sign,579704,0.579704,0.71,0.0,256,64,64,938,liboqs,iot
ECDSA,sign,587221,0.587221,0.71,0.0,256,64,64,939,liboqs,iot
ECDSA,sign,581182,0.581182,0.72,0.0,256,64,64,940,liboqs,iot
ECDSA,sign,576235,0.576235,0.71,0.0,256,64,64,941,liboqs,iot
ECDSA,sign,590299,0.590299,0.71,0.0,256,64,64,942,liboqs,iot
ECDSA,sign,581215,0.581215,0.71,0.0,256,64,64,943,liboqs,iot
ECDSA,sign,575934,0.575934,0.72,0.0,256,64,64,944,liboqs,iot
ECDSA,sign,588539,0.588539,0.72,0.0,256,64,64,945,liboqs,iot
ECDSA,sign,597598,0.597598,0.72,0.0,256,64,64,946,liboqs,iot
ECDSA,sign,580450,0.58045,0.72,0.0,256,64,64,947,liboqs,iot
ECDSA,sign,597327,0.597327,0.72,0.0,256,64,64,948,liboqs,iot
ECDSA,sign,592405,0.592405,0.71,0.0,256,64,64,949,liboqs,iot
ECDSA,sign,592832,0.592832,0.71,0.0,256,64,64,950,liboqs,iot
ECDSA,sign,593460,0.59346,0.72,0.0,256,64,64,951,liboqs,iot
ECDSA,sign,663887,0.663887,0.71,0.0,256,64,64,952,liboqs,iot
ECDSA,sign,612271,0.612271,0.71,0.0,256,64,64,953,liboqs,iot
ECDSA,sign,590766,0.590766,0.71,0.0,256,64,64,954,liboqs,iot
ECDSA,sign,596045,0.596045,0.71,0.0,256,64,64,955,liboqs,iot
ECDSA,sign,596548,0.596548,0.71,0.0,256,64,64,956,liboqs,iot
ECDSA,sign,643369,0.643369,0.72,0.0,256,64,64,957,liboqs,iot
ECDSA,sign,590311,0.590311,0.72,0.0,256,64,64,958,liboqs,iot
ECDSA,sign,582970,0.58297,0.72,0.0,256,64,64,959,liboqs,iot
ECDSA,sign,600193,0.600193,0.71,0.0,256,64,64,960,liboqs,iot
ECDSA,sign,577740,0.57774,0.72,0.0,256,64,64,961,liboqs,iot
ECDSA,sign,597649,0.597649,0.71,0.0,256,64,64,962,liboqs,iot
ECDSA,sign,593092,0.593092,0.71,0.0,256,64,64,963,liboqs,iot
ECDSA,sign,583020,0.58302,0.72,0.0,256,64,64,964,liboqs,iot
ECDSA,sign,594884,0.594884,0.71,0.0,256,64,64,965,liboqs,iot
ECDSA,sign,579502,0.579502,0.71,0.0,256,64,64,966,liboqs,iot
ECDSA,sign,626765,0.626765,0.71,0.0,256,64,64,967,liboqs,iot
ECDSA,sign,628738,0.628738,0.71,0.0,256,64,64,968,liboqs,iot
ECDSA,sign,626447,0.626447,0.71,0.0,256,64,64,969,liboqs,iot
ECDSA,sign,581190,0.58119,0.72,0.0,256,64,64,970,liboqs,iot
ECDSA,sign,593662,0.593662,0.72,0.0,256,64,64,971,liboqs,iot
ECDSA,sign,594116,0.594116,0.72,0.0,256,64,64,972,liboqs,iot
ECDSA,sign,598923,0.598923,0.72,0.0,256,64,64,973,liboqs,iot
ECDSA,sign,587417,0.587417,0.72,0.0,256,64,64,974,liboqs,iot
ECDSA,sign,580544,0.580544,0.72,0.0,256,64,64,975,liboqs,iot
ECDSA,sign,576089,0.576089,0.72,0.0,256,64,64,976,liboqs,iot
ECDSA,sign,572758,0.572758,0.72,0.0,256,64,64,977,liboqs,iot
ECDSA,sign,589631,0.589631,0.71,0.0,256,64,64,978,liboqs,iot
ECDSA,sign,576696,0.576696,0.71,0.0,256,64,64,979,liboqs,iot
ECDSA,sign,577389,0.577389,0.71,0.0,256,64,64,980,liboqs,iot
ECDSA,sign,590282,0.590282,0.71,0.0,256,64,64,981,liboqs,iot
ECDSA,sign,588889,0.588889,0.72,0.0,256,64,64,982,liboqs,iot
ECDSA,sign,578095,0.578095,0.72,0.0,256,64,64,983,liboqs,iot
ECDSA,sign,595868,0.595868,0.71,0.0,256,64,64,984,liboqs,iot
ECDSA,sign,574553,0.574553,0.72,0.0,256,64,64,985,liboqs,iot
ECDSA,sign,574423,0.574423,0.72,0.0,256,64,64,986,liboqs,iot
ECDSA,sign,582328,0.582328,0.71,0.0,256,64,64,987,liboqs,iot
ECDSA,sign,578290,0.57829,0.71,0.0,256,64,64,988,liboqs,iot
ECDSA,sign,579853,0.579853,0.72,0.0,256,64,64,989,liboqs,iot
ECDSA,sign,574174,0.574174,0.72,0.0,256,64,64,990,liboqs,iot
ECDSA,sign,589586,0.589586,0.72,0.0,256,64,64,991,liboqs,iot
ECDSA,sign,580744,0.580744,0.72,0.0,256,64,64,992,liboqs,iot
ECDSA,sign,573340,0.57334,0.72,0.0,256,64,64,993,liboqs,iot
ECDSA,sign,599269,0.599269,0.71,0.0,256,64,64,994,liboqs,iot
ECDSA,sign,580256,0.580256,0.72,0.0,256,64,64,995,liboqs,iot
ECDSA,sign,584724,0.584724,0.71,0.0,256,64,64,996,liboqs,iot
ECDSA,sign,590669,0.590669,0.72,0.0,256,64,64,997,liboqs,iot
ECDSA,sign,574373,0.574373,0.72,0.0,256,64,64,998,liboqs,iot
ECDSA,sign,573747,0.573747,0.71,0.0,256,64,64,999,liboqs,iot
ECDSA,verify,229116,0.229116,1.05,0.0,256,64,64,0,liboqs,iot
ECDSA,verify,247839,0.247839,0.99,0.0,256,64,64,1,liboqs,iot
ECDSA,verify,247335,0.247335,0.99,0.0,256,64,64,2,liboqs,iot
ECDSA,verify,219649,0.219649,1.73,0.0,256,64,64,3,liboqs,iot
ECDSA,verify,208681,0.208681,0.99,0.0,256,64,64,4,liboqs,iot
ECDSA,verify,205780,0.20578,0.99,0.0,256,64,64,5,liboqs,iot
ECDSA,verify,202172,0.202172,0.99,0.0,256,64,64,6,liboqs,iot
ECDSA,verify,201977,0.201977,0.99,0.0,256,64,64,7,liboqs,iot
ECDSA,verify,216141,0.216141,0.99,0.0,256,64,64,8,liboqs,iot
ECDSA,verify,242581,0.242581,0.99,0.0,256,64,64,9,liboqs,iot
ECDSA,verify,248579,0.248579,0.99,0.0,256,64,64,10,liboqs,iot
ECDSA,verify,216412,0.216412,0.99,0.0,256,64,64,11,liboqs,iot
ECDSA,verify,206426,0.206426,0.99,0.0,256,64,64,12,liboqs,iot
ECDSA,verify,210262,0.210262,0.99,0.0,256,64,64,13,liboqs,iot
ECDSA,verify,384507,0.384507,0.99,0.0,256,64,64,14,liboqs,iot
ECDSA,verify,214698,0.214698,0.99,0.0,256,64,64,15,liboqs,iot
ECDSA,verify,207494,0.207494,0.99,0.0,256,64,64,16,liboqs,iot
ECDSA,verify,206803,0.206803,0.99,0.0,256,64,64,17,liboqs,iot
ECDSA,verify,204476,0.204476,0.99,0.0,256,64,64,18,liboqs,iot
ECDSA,verify,200639,0.200639,0.99,0.0,256,64,64,19,liboqs,iot
ECDSA,verify,201424,0.201424,0.99,0.0,256,64,64,20,liboqs,iot
ECDSA,verify,219780,0.21978,0.99,0.0,256,64,64,21,liboqs,iot
ECDSA,verify,212111,0.212111,0.99,0.0,256,64,64,22,liboqs,iot
ECDSA,verify,202230,0.20223,0.99,0.0,256,64,64,23,liboqs,iot
ECDSA,verify,200288,0.200288,0.99,0.0,256,64,64,24,liboqs,iot
ECDSA,verify,201212,0.201212,0.99,0.0,256,64,64,25,liboqs,iot
ECDSA,verify,208626,0.208626,0.99,0.0,256,64,64,26,liboqs,iot
ECDSA,verify,206245,0.206245,0.99,0.0,256,64,64,27,liboqs,iot
ECDSA,verify,202276,0.202276,0.99,0.0,256,64,64,28,liboqs,iot
ECDSA,verify,200315,0.200315,0.99,0.0,256,64,64,29,liboqs,iot
ECDSA,verify,216901,0.216901,0.99,0.0,256,64,64,30,liboqs,iot
ECDSA,verify,202105,0.202105,0.99,0.0,256,64,64,31,liboqs,iot
ECDSA,verify,201257,0.201257,0.99,0.0,256,64,64,32,liboqs,iot
ECDSA,verify,200854,0.200854,0.99,0.0,256,64,64,33,liboqs,iot
ECDSA,verify,201477,0.201477,0.99,0.0,256,64,64,34,liboqs,iot
ECDSA,verify,202097,0.202097,0.99,0.0,256,64,64,35,liboqs,iot
ECDSA,verify,202109,0.202109,0.99,0.0,256,64,64,36,liboqs,iot
ECDSA,verify,201864,0.201864,0.99,0.0,256,64,64,37,liboqs,iot
ECDSA,verify,209748,0.209748,0.99,0.0,256,64,64,38,liboqs,iot
ECDSA,verify,207649,0.207649,0.99,0.0,256,64,64,39,liboqs,iot
ECDSA,verify,201817,0.201817,0.99,0.0,256,64,64,40,liboqs,iot
ECDSA,verify,200498,0.200498,0.99,0.0,256,64,64,41,liboqs,iot
ECDSA,verify,201700,0.2017,0.99,0.0,256,64,64,42,liboqs,iot
ECDSA,verify,200353,0.200353,0.99,0.0,256,64,64,43,liboqs,iot
ECDSA,verify,200086,0.200086,0.99,0.0,256,64,64,44,liboqs,iot
ECDSA,verify,213686,0.213686,0.99,0.0,256,64,64,45,liboqs,iot
ECDSA,verify,210201,0.210201,0.99,0.0,256,64,64,46,liboqs,iot
ECDSA,verify,203069,0.203069,0.99,0.0,256,64,64,47,liboqs,iot
ECDSA,verify,210611,0.210611,0.99,0.0,256,64,64,48,liboqs,iot
ECDSA,verify,223856,0.223856,0.99,0.0,256,64,64,49,liboqs,iot
ECDSA,verify,207884,0.207884,0.99,0.0,256,64,64,50,liboqs,iot
ECDSA,verify,202689,0.202689,0.99,0.0,256,64,64,51,liboqs,iot
ECDSA,verify,200753,0.200753,0.99,0.0,256,64,64,52,liboqs,iot
ECDSA,verify,203076,0.203076,0.99,0.0,256,64,64,53,liboqs,iot
ECDSA,verify,201925,0.201925,0.99,0.0,256,64,64,54,liboqs,iot
ECDSA,verify,201887,0.201887,0.99,0.0,256,64,64,55,liboqs,iot
ECDSA,verify,200692,0.200692,0.99,0.0,256,64,64,56,liboqs,iot
ECDSA,verify,211079,0.211079,0.99,0.0,256,64,64,57,liboqs,iot
ECDSA,verify,208216,0.208216,0.99,0.0,256,64,64,58,liboqs,iot
ECDSA,verify,203944,0.203944,0.99,0.0,256,64,64,59,liboqs,iot
ECDSA,verify,202842,0.202842,0.99,0.0,256,64,64,60,liboqs,iot
ECDSA,verify,200363,0.200363,0.99,0.0,256,64,64,61,liboqs,iot
ECDSA,verify,200226,0.200226,0.99,0.0,256,64,64,62,liboqs,iot
ECDSA,verify,202596,0.202596,0.99,0.0,256,64,64,63,liboqs,iot
ECDSA,verify,200623,0.200623,0.99,0.0,256,64,64,64,liboqs,iot
ECDSA,verify,207554,0.207554,0.99,0.0,256,64,64,65,liboqs,iot
ECDSA,verify,205233,0.205233,0.99,0.0,256,64,64,66,liboqs,iot
ECDSA,verify,210879,0.210879,0.99,0.0,256,64,64,67,liboqs,iot
ECDSA,verify,207298,0.207298,0.99,0.0,256,64,64,68,liboqs,iot
ECDSA,verify,202783,0.202783,0.99,0.0,256,64,64,69,liboqs,iot
ECDSA,verify,201392,0.201392,0.99,0.0,256,64,64,70,liboqs,iot
ECDSA,verify,200359,0.200359,0.99,0.0,256,64,64,71,liboqs,iot
ECDSA,verify,200395,0.200395,0.99,0.0,256,64,64,72,liboqs,iot
ECDSA,verify,200589,0.200589,0.99,0.0,256,64,64,73,liboqs,iot
ECDSA,verify,199611,0.199611,0.99,0.0,256,64,64,74,liboqs,iot
ECDSA,verify,201622,0.201622,0.99,0.0,256,64,64,75,liboqs,iot
ECDSA,verify,215171,0.215171,0.99,0.0,256,64,64,76,liboqs,iot
ECDSA,verify,202496,0.202496,0.99,0.0,256,64,64,77,liboqs,iot
ECDSA,verify,201337,0.201337,0.99,0.0,256,64,64,78,liboqs,iot
ECDSA,verify,200994,0.200994,0.99,0.0,256,64,64,79,liboqs,iot
ECDSA,verify,211773,0.211773,0.99,0.0,256,64,64,80,liboqs,iot
ECDSA,verify,209020,0.20902,0.99,0.0,256,64,64,81,liboqs,iot
ECDSA,verify,202904,0.202904,0.99,0.0,256,64,64,82,liboqs,iot
ECDSA,verify,201590,0.20159,0.99,0.0,256,64,64,83,liboqs,iot
ECDSA,verify,206254,0.206254,0.99,0.0,256,64,64,84,liboqs,iot
ECDSA,verify,215069,0.215069,0.99,0.0,256,64,64,85,liboqs,iot
ECDSA,verify,208182,0.208182,0.99,0.0,256,64,64,86,liboqs,iot
ECDSA,verify,235442,0.235442,0.99,0.0,256,64,64,87,liboqs,iot
ECDSA,verify,248848,0.248848,0.99,0.0,256,64,64,88,liboqs,iot
ECDSA,verify,216735,0.216735,0.99,0.0,256,64,64,89,liboqs,iot
ECDSA,verify,208262,0.208262,0.99,0.0,256,64,64,90,liboqs,iot
ECDSA,verify,203666,0.203666,0.99,0.0,256,64,64,91,liboqs,iot
ECDSA,verify,202996,0.202996,0.99,0.0,256,64,64,92,liboqs,iot
ECDSA,verify,204864,0.204864,0.99,0.0,256,64,64,93,liboqs,iot
ECDSA,verify,202376,0.202376,0.99,0.0,256,64,64,94,liboqs,iot
ECDSA,verify,215640,0.21564,0.99,0.0,256,64,64,95,liboqs,iot
ECDSA,verify,211833,0.211833,0.99,0.0,256,64,64,96,liboqs,iot
ECDSA,verify,203591,0.203591,0.99,0.0,256,64,64,97,liboqs,iot
ECDSA,verify,204079,0.204079,0.99,0.0,256,64,64,98,liboqs,iot
ECDSA,verify,201670,0.20167,0.99,0.0,256,64,64,99,liboqs,iot
ECDSA,verify,203720,0.20372,0.99,0.0,256,64,64,100,liboqs,iot
ECDSA,verify,204815,0.204815,0.99,0.0,256,64,64,101,liboqs,iot
ECDSA,verify,201843,0.201843,0.99,0.0,256,64,64,102,liboqs,iot
ECDSA,verify,221603,0.221603,0.99,0.0,256,64,64,103,liboqs,iot
ECDSA,verify,209793,0.209793,0.99,0.0,256,64,64,104,liboqs,iot
ECDSA,verify,215578,0.215578,0.99,0.0,256,64,64,105,liboqs,iot
ECDSA,verify,213690,0.21369,0.99,0.0,256,64,64,106,liboqs,iot
ECDSA,verify,210538,0.210538,0.99,0.0,256,64,64,107,liboqs,iot
ECDSA,verify,209877,0.209877,0.99,0.0,256,64,64,108,liboqs,iot
ECDSA,verify,201923,0.201923,0.99,0.0,256,64,64,109,liboqs,iot
ECDSA,verify,200048,0.200048,0.99,0.0,256,64,64,110,liboqs,iot
ECDSA,verify,201301,0.201301,0.99,0.0,256,64,64,111,liboqs,iot
ECDSA,verify,201632,0.201632,0.99,0.0,256,64,64,112,liboqs,iot
ECDSA,verify,215172,0.215172,0.99,0.0,256,64,64,113,liboqs,iot
ECDSA,verify,217009,0.217009,0.99,0.0,256,64,64,114,liboqs,iot
ECDSA,verify,221329,0.221329,0.99,0.0,256,64,64,115,liboqs,iot
ECDSA,verify,204355,0.204355,0.99,0.0,256,64,64,116,liboqs,iot
ECDSA,verify,200948,0.200948,0.99,0.0,256,64,64,117,liboqs,iot
ECDSA,verify,202131,0.202131,0.99,0.0,256,64,64,118,liboqs,iot
ECDSA,verify,202346,0.202346,0.99,0.0,256,64,64,119,liboqs,iot
ECDSA,verify,203064,0.203064,0.99,0.0,256,64,64,120,liboqs,iot
ECDSA,verify,202103,0.202103,0.99,0.0,256,64,64,121,liboqs,iot
ECDSA,verify,208318,0.208318,0.99,0.0,256,64,64,122,liboqs,iot
ECDSA,verify,252419,0.252419,0.99,0.0,256,64,64,123,liboqs,iot
ECDSA,verify,222623,0.222623,0.99,0.0,256,64,64,124,liboqs,iot
ECDSA,verify,211539,0.211539,0.99,0.0,256,64,64,125,liboqs,iot
ECDSA,verify,202552,0.202552,0.99,0.0,256,64,64,126,liboqs,iot
ECDSA,verify,200941,0.200941,0.99,0.0,256,64,64,127,liboqs,iot
ECDSA,verify,200868,0.200868,0.99,0.0,256,64,64,128,liboqs,iot
ECDSA,verify,202288,0.202288,0.99,0.0,256,64,64,129,liboqs,iot
ECDSA,verify,203051,0.203051,0.99,0.0,256,64,64,130,liboqs,iot
ECDSA,verify,200648,0.200648,0.99,0.0,256,64,64,131,liboqs,iot
ECDSA,verify,212316,0.212316,0.99,0.0,256,64,64,132,liboqs,iot
ECDSA,verify,210972,0.210972,0.99,0.0,256,64,64,133,liboqs,iot
ECDSA,verify,225431,0.225431,0.99,0.0,256,64,64,134,liboqs,iot
ECDSA,verify,212600,0.2126,0.99,0.0,256,64,64,135,liboqs,iot
ECDSA,verify,203457,0.203457,0.99,0.0,256,64,64,136,liboqs,iot
ECDSA,verify,203821,0.203821,0.99,0.0,256,64,64,137,liboqs,iot
ECDSA,verify,202812,0.202812,0.99,0.0,256,64,64,138,liboqs,iot
ECDSA,verify,205829,0.205829,0.99,0.0,256,64,64,139,liboqs,iot
ECDSA,verify,211179,0.211179,0.99,0.0,256,64,64,140,liboqs,iot
ECDSA,verify,217361,0.217361,0.99,0.0,256,64,64,141,liboqs,iot
ECDSA,verify,207330,0.20733,0.99,0.0,256,64,64,142,liboqs,iot
ECDSA,verify,203061,0.203061,0.99,0.0,256,64,64,143,liboqs,iot
ECDSA,verify,201329,0.201329,0.99,0.0,256,64,64,144,liboqs,iot
ECDSA,verify,203632,0.203632,0.99,0.0,256,64,64,145,liboqs,iot
ECDSA,verify,199323,0.199323,0.99,0.0,256,64,64,146,liboqs,iot
ECDSA,verify,201196,0.201196,0.99,0.0,256,64,64,147,liboqs,iot
ECDSA,verify,200307,0.200307,0.99,0.0,256,64,64,148,liboqs,iot
ECDSA,verify,208976,0.208976,0.99,0.0,256,64,64,149,liboqs,iot
ECDSA,verify,218152,0.218152,0.99,0.0,256,64,64,150,liboqs,iot
ECDSA,verify,210881,0.210881,0.99,0.0,256,64,64,151,liboqs,iot
ECDSA,verify,205670,0.20567,0.99,0.0,256,64,64,152,liboqs,iot
ECDSA,verify,205109,0.205109,0.99,0.0,256,64,64,153,liboqs,iot
ECDSA,verify,202705,0.202705,0.99,0.0,256,64,64,154,liboqs,iot
ECDSA,verify,202279,0.202279,0.99,0.0,256,64,64,155,liboqs,iot
ECDSA,verify,200331,0.200331,0.99,0.0,256,64,64,156,liboqs,iot
ECDSA,verify,212230,0.21223,0.99,0.0,256,64,64,157,liboqs,iot
ECDSA,verify,210179,0.210179,0.99,0.0,256,64,64,158,liboqs,iot
ECDSA,verify,202287,0.202287,0.99,0.0,256,64,64,159,liboqs,iot
ECDSA,verify,223513,0.223513,0.99,0.0,256,64,64,160,liboqs,iot
ECDSA,verify,210559,0.210559,0.99,0.0,256,64,64,161,liboqs,iot
ECDSA,verify,208295,0.208295,0.99,0.0,256,64,64,162,liboqs,iot
ECDSA,verify,212675,0.212675,0.99,0.0,256,64,64,163,liboqs,iot
ECDSA,verify,205578,0.205578,0.99,0.0,256,64,64,164,liboqs,iot
ECDSA,verify,205373,0.205373,0.99,0.0,256,64,64,165,liboqs,iot
ECDSA,verify,210804,0.210804,0.99,0.0,256,64,64,166,liboqs,iot
ECDSA,verify,218397,0.218397,0.99,0.0,256,64,64,167,liboqs,iot
ECDSA,verify,208275,0.208275,0.99,0.0,256,64,64,168,liboqs,iot
ECDSA,verify,208555,0.208555,0.99,0.0,256,64,64,169,liboqs,iot
ECDSA,verify,206756,0.206756,0.99,0.0,256,64,64,170,liboqs,iot
ECDSA,verify,208329,0.208329,0.99,0.0,256,64,64,171,liboqs,iot
ECDSA,verify,207329,0.207329,0.99,0.0,256,64,64,172,liboqs,iot
ECDSA,verify,202412,0.202412,0.99,0.0,256,64,64,173,liboqs,iot
ECDSA,verify,202800,0.2028,0.99,0.0,256,64,64,174,liboqs,iot
ECDSA,verify,213225,0.213225,0.99,0.0,256,64,64,175,liboqs,iot
ECDSA,verify,215493,0.215493,0.99,0.0,256,64,64,176,liboqs,iot
ECDSA,verify,209252,0.209252,0.99,0.0,256,64,64,177,liboqs,iot
ECDSA,verify,206699,0.206699,0.99,0.0,256,64,64,178,liboqs,iot
ECDSA,verify,211747,0.211747,0.99,0.0,256,64,64,179,liboqs,iot
ECDSA,verify,208459,0.208459,0.99,0.0,256,64,64,180,liboqs,iot
ECDSA,verify,206034,0.206034,0.99,0.0,256,64,64,181,liboqs,iot
ECDSA,verify,203244,0.203244,0.99,0.0,256,64,64,182,liboqs,iot
ECDSA,verify,220786,0.220786,0.99,0.0,256,64,64,183,liboqs,iot
ECDSA,verify,211783,0.211783,0.99,0.0,256,64,64,184,liboqs,iot
ECDSA,verify,204838,0.204838,0.99,0.0,256,64,64,185,liboqs,iot
ECDSA,verify,204704,0.204704,0.99,0.0,256,64,64,186,liboqs,iot
ECDSA,verify,216894,0.216894,0.99,0.0,256,64,64,187,liboqs,iot
ECDSA,verify,217545,0.217545,0.99,0.0,256,64,64,188,liboqs,iot
ECDSA,verify,206479,0.206479,0.99,0.0,256,64,64,189,liboqs,iot
ECDSA,verify,266887,0.266887,0.99,0.0,256,64,64,190,liboqs,iot
ECDSA,verify,260155,0.260155,0.99,0.0,256,64,64,191,liboqs,iot
ECDSA,verify,220521,0.220521,0.99,0.0,256,64,64,192,liboqs,iot
ECDSA,verify,229385,0.229385,0.99,0.0,256,64,64,193,liboqs,iot
ECDSA,verify,235577,0.235577,0.99,0.0,256,64,64,194,liboqs,iot
ECDSA,verify,212324,0.212324,0.99,0.0,256,64,64,195,liboqs,iot
ECDSA,verify,202213,0.202213,0.99,0.0,256,64,64,196,liboqs,iot
ECDSA,verify,223642,0.223642,0.99,0.0,256,64,64,197,liboqs,iot
ECDSA,verify,280307,0.280307,0.99,0.0,256,64,64,198,liboqs,iot
ECDSA,verify,258667,0.258667,0.99,0.0,256,64,64,199,liboqs,iot
ECDSA,verify,213252,0.213252,0.99,0.0,256,64,64,200,liboqs,iot
ECDSA,verify,213937,0.213937,0.99,0.0,256,64,64,201,liboqs,iot
ECDSA,verify,241927,0.241927,0.99,0.0,256,64,64,202,liboqs,iot
ECDSA,verify,218322,0.218322,0.99,0.0,256,64,64,203,liboqs,iot
ECDSA,verify,203976,0.203976,0.99,0.0,256,64,64,204,liboqs,iot
ECDSA,verify,215132,0.215132,0.99,0.0,256,64,64,205,liboqs,iot
ECDSA,verify,210134,0.210134,0.99,0.0,256,64,64,206,liboqs,iot
ECDSA,verify,204447,0.204447,0.99,0.0,256,64,64,207,liboqs,iot
ECDSA,verify,201168,0.201168,0.99,0.0,256,64,64,208,liboqs,iot
ECDSA,verify,200400,0.2004,0.99,0.0,256,64,64,209,liboqs,iot
ECDSA,verify,201797,0.201797,0.99,0.0,256,64,64,210,liboqs,iot
ECDSA,verify,237091,0.237091,0.99,0.0,256,64,64,211,liboqs,iot
ECDSA,verify,209885,0.209885,0.99,0.0,256,64,64,212,liboqs,iot
ECDSA,verify,202073,0.202073,0.99,0.0,256,64,64,213,liboqs,iot
ECDSA,verify,374551,0.374551,0.99,0.0,256,64,64,214,liboqs,iot
ECDSA,verify,282946,0.282946,0.99,0.0,256,64,64,215,liboqs,iot
ECDSA,verify,226609,0.226609,0.99,0.0,256,64,64,216,liboqs,iot
ECDSA,verify,257041,0.257041,0.99,0.0,256,64,64,217,liboqs,iot
ECDSA,verify,327551,0.327551,0.99,0.0,256,64,64,218,liboqs,iot
ECDSA,verify,314943,0.314943,0.99,0.0,256,64,64,219,liboqs,iot
ECDSA,verify,271112,0.271112,0.99,0.0,256,64,64,220,liboqs,iot
ECDSA,verify,264954,0.264954,0.99,0.0,256,64,64,221,liboqs,iot
ECDSA,verify,219832,0.219832,0.99,0.0,256,64,64,222,liboqs,iot
ECDSA,verify,211556,0.211556,0.99,0.0,256,64,64,223,liboqs,iot
ECDSA,verify,202297,0.202297,0.99,0.0,256,64,64,224,liboqs,iot
ECDSA,verify,204171,0.204171,0.99,0.0,256,64,64,225,liboqs,iot
ECDSA,verify,201817,0.201817,0.99,0.0,256,64,64,226,liboqs,iot
ECDSA,verify,201608,0.201608,0.99,0.0,256,64,64,227,liboqs,iot
ECDSA,verify,201208,0.201208,0.99,0.0,256,64,64,228,liboqs,iot
ECDSA,verify,214665,0.214665,0.99,0.0,256,64,64,229,liboqs,iot
ECDSA,verify,209939,0.209939,0.99,0.0,256,64,64,230,liboqs,iot
ECDSA,verify,210491,0.210491,0.99,0.0,256,64,64,231,liboqs,iot
ECDSA,verify,203445,0.203445,0.99,0.0,256,64,64,232,liboqs,iot
ECDSA,verify,201369,0.201369,0.99,0.0,256,64,64,233,liboqs,iot
ECDSA,verify,201283,0.201283,0.99,0.0,256,64,64,234,liboqs,iot
ECDSA,verify,202237,0.202237,0.99,0.0,256,64,64,235,liboqs,iot
ECDSA,verify,201132,0.201132,0.99,0.0,256,64,64,236,liboqs,iot
ECDSA,verify,201041,0.201041,0.99,0.0,256,64,64,237,liboqs,iot
ECDSA,verify,208492,0.208492,0.99,0.0,256,64,64,238,liboqs,iot
ECDSA,verify,210482,0.210482,0.99,0.0,256,64,64,239,liboqs,iot
ECDSA,verify,204485,0.204485,0.99,0.0,256,64,64,240,liboqs,iot
ECDSA,verify,205602,0.205602,0.99,0.0,256,64,64,241,liboqs,iot
ECDSA,verify,202651,0.202651,0.99,0.0,256,64,64,242,liboqs,iot
ECDSA,verify,200792,0.200792,0.99,0.0,256,64,64,243,liboqs,iot
ECDSA,verify,200648,0.200648,0.99,0.0,256,64,64,244,liboqs,iot
ECDSA,verify,200469,0.200469,0.99,0.0,256,64,64,245,liboqs,iot
ECDSA,verify,200977,0.200977,0.99,0.0,256,64,64,246,liboqs,iot
ECDSA,verify,220199,0.220199,0.99,0.0,256,64,64,247,liboqs,iot
ECDSA,verify,218315,0.218315,0.99,0.0,256,64,64,248,liboqs,iot
ECDSA,verify,210252,0.210252,0.99,0.0,256,64,64,249,liboqs,iot
ECDSA,verify,227231,0.227231,0.99,0.0,256,64,64,250,liboqs,iot
ECDSA,verify,211659,0.211659,0.99,0.0,256,64,64,251,liboqs,iot
ECDSA,verify,206241,0.206241,0.99,0.0,256,64,64,252,liboqs,iot
ECDSA,verify,265739,0.265739,0.99,0.0,256,64,64,253,liboqs,iot
ECDSA,verify,306183,0.306183,0.99,0.0,256,64,64,254,liboqs,iot
ECDSA,verify,249905,0.249905,0.99,0.0,256,64,64,255,liboqs,iot
ECDSA,verify,286120,0.28612,0.99,0.0,256,64,64,256,liboqs,iot
ECDSA,verify,247549,0.247549,0.99,0.0,256,64,64,257,liboqs,iot
ECDSA,verify,213800,0.2138,0.99,0.0,256,64,64,258,liboqs,iot
ECDSA,verify,206517,0.206517,0.99,0.0,256,64,64,259,liboqs,iot
ECDSA,verify,213584,0.213584,0.99,0.0,256,64,64,260,liboqs,iot
ECDSA,verify,204953,0.204953,0.99,0.0,256,64,64,261,liboqs,iot
ECDSA,verify,202580,0.20258,0.99,0.0,256,64,64,262,liboqs,iot
ECDSA,verify,199775,0.199775,0.99,0.0,256,64,64,263,liboqs,iot
ECDSA,verify,213735,0.213735,0.99,0.0,256,64,64,264,liboqs,iot
ECDSA,verify,210722,0.210722,0.99,0.0,256,64,64,265,liboqs,iot
ECDSA,verify,202325,0.202325,0.99,0.0,256,64,64,266,liboqs,iot
ECDSA,verify,212664,0.212664,0.99,0.0,256,64,64,267,liboqs,iot
ECDSA,verify,206847,0.206847,0.99,0.0,256,64,64,268,liboqs,iot
ECDSA,verify,202917,0.202917,0.99,0.0,256,64,64,269,liboqs,iot
ECDSA,verify,205663,0.205663,0.99,0.0,256,64,64,270,liboqs,iot
ECDSA,verify,215022,0.215022,0.99,0.0,256,64,64,271,liboqs,iot
ECDSA,verify,210472,0.210472,0.99,0.0,256,64,64,272,liboqs,iot
ECDSA,verify,229133,0.229133,0.99,0.0,256,64,64,273,liboqs,iot
ECDSA,verify,211247,0.211247,0.99,0.0,256,64,64,274,liboqs,iot
ECDSA,verify,204391,0.204391,0.99,0.0,256,64,64,275,liboqs,iot
ECDSA,verify,201293,0.201293,0.99,0.0,256,64,64,276,liboqs,iot
ECDSA,verify,201164,0.201164,0.99,0.0,256,64,64,277,liboqs,iot
ECDSA,verify,210432,0.210432,0.99,0.0,256,64,64,278,liboqs,iot
ECDSA,verify,209617,0.209617,0.99,0.0,256,64,64,279,liboqs,iot
ECDSA,verify,201127,0.201127,0.99,0.0,256,64,64,280,liboqs,iot
ECDSA,verify,201389,0.201389,0.99,0.0,256,64,64,281,liboqs,iot
ECDSA,verify,212432,0.212432,0.99,0.0,256,64,64,282,liboqs,iot
ECDSA,verify,208792,0.208792,0.99,0.0,256,64,64,283,liboqs,iot
ECDSA,verify,203289,0.203289,0.99,0.0,256,64,64,284,liboqs,iot
ECDSA,verify,201918,0.201918,0.99,0.0,256,64,64,285,liboqs,iot
ECDSA,verify,207313,0.207313,0.99,0.0,256,64,64,286,liboqs,iot
ECDSA,verify,206323,0.206323,0.99,0.0,256,64,64,287,liboqs,iot
ECDSA,verify,356529,0.356529,0.99,0.0,256,64,64,288,liboqs,iot
ECDSA,verify,246536,0.246536,0.99,0.0,256,64,64,289,liboqs,iot
ECDSA,verify,213458,0.213458,0.99,0.0,256,64,64,290,liboqs,iot
ECDSA,verify,207912,0.207912,0.99,0.0,256,64,64,291,liboqs,iot
ECDSA,verify,203776,0.203776,0.99,0.0,256,64,64,292,liboqs,iot
ECDSA,verify,202760,0.20276,0.99,0.0,256,64,64,293,liboqs,iot
ECDSA,verify,201762,0.201762,0.99,0.0,256,64,64,294,liboqs,iot
ECDSA,verify,201404,0.201404,0.99,0.0,256,64,64,295,liboqs,iot
ECDSA,verify,211882,0.211882,0.99,0.0,256,64,64,296,liboqs,iot
ECDSA,verify,208621,0.208621,0.99,0.0,256,64,64,297,liboqs,iot
ECDSA,verify,203477,0.203477,0.99,0.0,256,64,64,298,liboqs,iot
ECDSA,verify,201823,0.201823,0.99,0.0,256,64,64,299,liboqs,iot
ECDSA,verify,201748,0.201748,0.99,0.0,256,64,64,300,liboqs,iot
ECDSA,verify,202068,0.202068,0.99,0.0,256,64,64,301,liboqs,iot
ECDSA,verify,200367,0.200367,0.99,0.0,256,64,64,302,liboqs,iot
ECDSA,verify,200289,0.200289,0.99,0.0,256,64,64,303,liboqs,iot
ECDSA,verify,208915,0.208915,0.99,0.0,256,64,64,304,liboqs,iot
ECDSA,verify,207101,0.207101,0.99,0.0,256,64,64,305,liboqs,iot
ECDSA,verify,211354,0.211354,0.99,0.0,256,64,64,306,liboqs,iot
ECDSA,verify,206927,0.206927,0.99,0.0,256,64,64,307,liboqs,iot
ECDSA,verify,202309,0.202309,0.99,0.0,256,64,64,308,liboqs,iot
ECDSA,verify,200003,0.200003,0.99,0.0,256,64,64,309,liboqs,iot
ECDSA,verify,201520,0.20152,0.99,0.0,256,64,64,310,liboqs,iot
ECDSA,verify,200391,0.200391,0.99,0.0,256,64,64,311,liboqs,iot
ECDSA,verify,200102,0.200102,0.99,0.0,256,64,64,312,liboqs,iot
ECDSA,verify,206958,0.206958,0.99,0.0,256,64,64,313,liboqs,iot
ECDSA,verify,209181,0.209181,0.99,0.0,256,64,64,314,liboqs,iot
ECDSA,verify,204712,0.204712,0.99,0.0,256,64,64,315,liboqs,iot
ECDSA,verify,209137,0.209137,0.99,0.0,256,64,64,316,liboqs,iot
ECDSA,verify,208943,0.208943,0.99,0.0,256,64,64,317,liboqs,iot
ECDSA,verify,213498,0.213498,0.99,0.0,256,64,64,318,liboqs,iot
ECDSA,verify,206806,0.206806,0.99,0.0,256,64,64,319,liboqs,iot
ECDSA,verify,213214,0.213214,0.99,0.0,256,64,64,320,liboqs,iot
ECDSA,verify,202449,0.202449,0.99,0.0,256,64,64,321,liboqs,iot
ECDSA,verify,202522,0.202522,0.99,0.0,256,64,64,322,liboqs,iot
ECDSA,verify,205754,0.205754,0.99,0.0,256,64,64,323,liboqs,iot
ECDSA,verify,217643,0.217643,0.99,0.0,256,64,64,324,liboqs,iot
ECDSA,verify,210062,0.210062,0.99,0.0,256,64,64,325,liboqs,iot
ECDSA,verify,201997,0.201997,0.99,0.0,256,64,64,326,liboqs,iot
ECDSA,verify,203318,0.203318,0.99,0.0,256,64,64,327,liboqs,iot
ECDSA,verify,199370,0.19937,0.99,0.0,256,64,64,328,liboqs,iot
ECDSA,verify,201755,0.201755,0.99,0.0,256,64,64,329,liboqs,iot
ECDSA,verify,277953,0.277953,0.99,0.0,256,64,64,330,liboqs,iot
ECDSA,verify,209749,0.209749,0.99,0.0,256,64,64,331,liboqs,iot
ECDSA,verify,216097,0.216097,0.99,0.0,256,64,64,332,liboqs,iot
ECDSA,verify,208559,0.208559,0.99,0.0,256,64,64,333,liboqs,iot
ECDSA,verify,204670,0.20467,0.99,0.0,256,64,64,334,liboqs,iot
ECDSA,verify,202582,0.202582,0.99,0.0,256,64,64,335,liboqs,iot
ECDSA,verify,200319,0.200319,0.99,0.0,256,64,64,336,liboqs,iot
ECDSA,verify,198343,0.198343,0.99,0.0,256,64,64,337,liboqs,iot
ECDSA,verify,200008,0.200008,0.99,0.0,256,64,64,338,liboqs,iot
ECDSA,verify,200191,0.200191,0.99,0.0,256,64,64,339,liboqs,iot
ECDSA,verify,200613,0.200613,0.99,0.0,256,64,64,340,liboqs,iot
ECDSA,verify,200291,0.200291,0.99,0.0,256,64,64,341,liboqs,iot
ECDSA,verify,215569,0.215569,0.99,0.0,256,64,64,342,liboqs,iot
ECDSA,verify,208610,0.20861,0.99,0.0,256,64,64,343,liboqs,iot
ECDSA,verify,212588,0.212588,0.99,0.0,256,64,64,344,liboqs,iot
ECDSA,verify,236536,0.236536,0.99,0.0,256,64,64,345,liboqs,iot
ECDSA,verify,285997,0.285997,0.99,0.0,256,64,64,346,liboqs,iot
ECDSA,verify,223529,0.223529,0.99,0.0,256,64,64,347,liboqs,iot
ECDSA,verify,242985,0.242985,0.99,0.0,256,64,64,348,liboqs,iot
ECDSA,verify,246799,0.246799,0.99,0.0,256,64,64,349,liboqs,iot
ECDSA,verify,214701,0.214701,0.99,0.0,256,64,64,350,liboqs,iot
ECDSA,verify,205741,0.205741,0.99,0.0,256,64,64,351,liboqs,iot
ECDSA,verify,203031,0.203031,0.99,0.0,256,64,64,352,liboqs,iot
ECDSA,verify,208608,0.208608,0.99,0.0,256,64,64,353,liboqs,iot
ECDSA,verify,202134,0.202134,0.99,0.0,256,64,64,354,liboqs,iot
ECDSA,verify,202489,0.202489,0.99,0.0,256,64,64,355,liboqs,iot
ECDSA,verify,214360,0.21436,0.99,0.0,256,64,64,356,liboqs,iot
ECDSA,verify,209336,0.209336,0.99,0.0,256,64,64,357,liboqs,iot
ECDSA,verify,203715,0.203715,0.99,0.0,256,64,64,358,liboqs,iot
ECDSA,verify,201492,0.201492,0.99,0.0,256,64,64,359,liboqs,iot
ECDSA,verify,210105,0.210105,0.99,0.0,256,64,64,360,liboqs,iot
ECDSA,verify,206743,0.206743,0.99,0.0,256,64,64,361,liboqs,iot
ECDSA,verify,202170,0.20217,0.99,0.0,256,64,64,362,liboqs,iot
ECDSA,verify,202579,0.202579,0.99,0.0,256,64,64,363,liboqs,iot
ECDSA,verify,200811,0.200811,0.99,0.0,256,64,64,364,liboqs,iot
ECDSA,verify,219410,0.21941,0.99,0.0,256,64,64,365,liboqs,iot
ECDSA,verify,210554,0.210554,0.99,0.0,256,64,64,366,liboqs,iot
ECDSA,verify,391429,0.391429,0.99,0.0,256,64,64,367,liboqs,iot
ECDSA,verify,214170,0.21417,0.99,0.0,256,64,64,368,liboqs,iot
ECDSA,verify,219746,0.219746,0.99,0.0,256,64,64,369,liboqs,iot
ECDSA,verify,207794,0.207794,0.99,0.0,256,64,64,370,liboqs,iot
ECDSA,verify,203413,0.203413,0.99,0.0,256,64,64,371,liboqs,iot
ECDSA,verify,200768,0.200768,0.99,0.0,256,64,64,372,liboqs,iot
ECDSA,verify,240099,0.240099,0.99,0.0,256,64,64,373,liboqs,iot
ECDSA,verify,222075,0.222075,0.99,0.0,256,64,64,374,liboqs,iot
ECDSA,verify,238184,0.238184,0.99,0.0,256,64,64,375,liboqs,iot
ECDSA,verify,245235,0.245235,0.99,0.0,256,64,64,376,liboqs,iot
ECDSA,verify,212610,0.21261,0.99,0.0,256,64,64,377,liboqs,iot
ECDSA,verify,217682,0.217682,0.99,0.0,256,64,64,378,liboqs,iot
ECDSA,verify,209561,0.209561,0.99,0.0,256,64,64,379,liboqs,iot
ECDSA,verify,203169,0.203169,0.99,0.0,256,64,64,380,liboqs,iot
ECDSA,verify,202383,0.202383,0.99,0.0,256,64,64,381,liboqs,iot
ECDSA,verify,202910,0.20291,0.99,0.0,256,64,64,382,liboqs,iot
ECDSA,verify,218948,0.218948,0.99,0.0,256,64,64,383,liboqs,iot
ECDSA,verify,210250,0.21025,0.99,0.0,256,64,64,384,liboqs,iot
ECDSA,verify,203927,0.203927,0.99,0.0,256,64,64,385,liboqs,iot
ECDSA,verify,202532,0.202532,0.99,0.0,256,64,64,386,liboqs,iot
ECDSA,verify,199885,0.199885,0.99,0.0,256,64,64,387,liboqs,iot
ECDSA,verify,200221,0.200221,0.99,0.0,256,64,64,388,liboqs,iot
ECDSA,verify,201220,0.20122,0.99,0.0,256,64,64,389,liboqs,iot
ECDSA,verify,201844,0.201844,0.99,0.0,256,64,64,390,liboqs,iot
ECDSA,verify,200980,0.20098,0.99,0.0,256,64,64,391,liboqs,iot
ECDSA,verify,199683,0.199683,0.99,0.0,256,64,64,392,liboqs,iot
ECDSA,verify,213427,0.213427,0.99,0.0,256,64,64,393,liboqs,iot
ECDSA,verify,207533,0.207533,0.99,0.0,256,64,64,394,liboqs,iot
ECDSA,verify,203124,0.203124,0.99,0.0,256,64,64,395,liboqs,iot
ECDSA,verify,210782,0.210782,0.99,0.0,256,64,64,396,liboqs,iot
ECDSA,verify,215815,0.215815,0.99,0.0,256,64,64,397,liboqs,iot
ECDSA,verify,206890,0.20689,0.99,0.0,256,64,64,398,liboqs,iot
ECDSA,verify,204883,0.204883,0.99,0.0,256,64,64,399,liboqs,iot
ECDSA,verify,201510,0.20151,0.99,0.0,256,64,64,400,liboqs,iot
ECDSA,verify,210759,0.210759,0.99,0.0,256,64,64,401,liboqs,iot
ECDSA,verify,212204,0.212204,0.99,0.0,256,64,64,402,liboqs,iot
ECDSA,verify,200866,0.200866,0.99,0.0,256,64,64,403,liboqs,iot
ECDSA,verify,200291,0.200291,0.99,0.0,256,64,64,404,liboqs,iot
ECDSA,verify,202697,0.202697,0.99,0.0,256,64,64,405,liboqs,iot
ECDSA,verify,200540,0.20054,0.99,0.0,256,64,64,406,liboqs,iot
ECDSA,verify,200667,0.200667,0.99,0.0,256,64,64,407,liboqs,iot
ECDSA,verify,200748,0.200748,0.99,0.0,256,64,64,408,liboqs,iot
ECDSA,verify,200908,0.200908,0.99,0.0,256,64,64,409,liboqs,iot
ECDSA,verify,200457,0.200457,0.99,0.0,256,64,64,410,liboqs,iot
ECDSA,verify,209596,0.209596,0.99,0.0,256,64,64,411,liboqs,iot
ECDSA,verify,223337,0.223337,0.99,0.0,256,64,64,412,liboqs,iot
ECDSA,verify,213254,0.213254,0.99,0.0,256,64,64,413,liboqs,iot
ECDSA,verify,203914,0.203914,0.99,0.0,256,64,64,414,liboqs,iot
ECDSA,verify,201785,0.201785,0.99,0.0,256,64,64,415,liboqs,iot
ECDSA,verify,211363,0.211363,0.99,0.0,256,64,64,416,liboqs,iot
ECDSA,verify,207693,0.207693,0.99,0.0,256,64,64,417,liboqs,iot
ECDSA,verify,203520,0.20352,0.99,0.0,256,64,64,418,liboqs,iot
ECDSA,verify,201749,0.201749,0.99,0.0,256,64,64,419,liboqs,iot
ECDSA,verify,214062,0.214062,0.99,0.0,256,64,64,420,liboqs,iot
ECDSA,verify,208322,0.208322,0.99,0.0,256,64,64,421,liboqs,iot
ECDSA,verify,203433,0.203433,0.99,0.0,256,64,64,422,liboqs,iot
ECDSA,verify,202882,0.202882,0.99,0.0,256,64,64,423,liboqs,iot
ECDSA,verify,199413,0.199413,0.99,0.0,256,64,64,424,liboqs,iot
ECDSA,verify,202452,0.202452,0.99,0.0,256,64,64,425,liboqs,iot
ECDSA,verify,200339,0.200339,0.99,0.0,256,64,64,426,liboqs,iot
ECDSA,verify,201314,0.201314,0.99,0.0,256,64,64,427,liboqs,iot
ECDSA,verify,200560,0.20056,0.99,0.0,256,64,64,428,liboqs,iot
ECDSA,verify,210005,0.210005,0.99,0.0,256,64,64,429,liboqs,iot
ECDSA,verify,210672,0.210672,0.99,0.0,256,64,64,430,liboqs,iot
ECDSA,verify,202456,0.202456,0.99,0.0,256,64,64,431,liboqs,iot
ECDSA,verify,225008,0.225008,0.99,0.0,256,64,64,432,liboqs,iot
ECDSA,verify,209109,0.209109,0.99,0.0,256,64,64,433,liboqs,iot
ECDSA,verify,201927,0.201927,0.99,0.0,256,64,64,434,liboqs,iot
ECDSA,verify,203189,0.203189,0.99,0.0,256,64,64,435,liboqs,iot
ECDSA,verify,208824,0.208824,0.99,0.0,256,64,64,436,liboqs,iot
ECDSA,verify,213962,0.213962,0.99,0.0,256,64,64,437,liboqs,iot
ECDSA,verify,209153,0.209153,0.99,0.0,256,64,64,438,liboqs,iot
ECDSA,verify,202318,0.202318,0.99,0.0,256,64,64,439,liboqs,iot
ECDSA,verify,202930,0.20293,0.99,0.0,256,64,64,440,liboqs,iot
ECDSA,verify,202281,0.202281,0.99,0.0,256,64,64,441,liboqs,iot
ECDSA,verify,200996,0.200996,0.99,0.0,256,64,64,442,liboqs,iot
ECDSA,verify,199540,0.19954,0.99,0.0,256,64,64,443,liboqs,iot
ECDSA,verify,200198,0.200198,0.99,0.0,256,64,64,444,liboqs,iot
ECDSA,verify,207778,0.207778,0.99,0.0,256,64,64,445,liboqs,iot
ECDSA,verify,211539,0.211539,0.99,0.0,256,64,64,446,liboqs,iot
ECDSA,verify,204741,0.204741,0.99,0.0,256,64,64,447,liboqs,iot
ECDSA,verify,377178,0.377178,0.99,0.0,256,64,64,448,liboqs,iot
ECDSA,verify,391711,0.391711,0.99,0.0,256,64,64,449,liboqs,iot
ECDSA,verify,219411,0.219411,0.99,0.0,256,64,64,450,liboqs,iot
ECDSA,verify,215724,0.215724,0.99,0.0,256,64,64,451,liboqs,iot
ECDSA,verify,216242,0.216242,0.99,0.0,256,64,64,452,liboqs,iot
ECDSA,verify,223677,0.223677,0.99,0.0,256,64,64,453,liboqs,iot
ECDSA,verify,210219,0.210219,0.99,0.0,256,64,64,454,liboqs,iot
ECDSA,verify,203306,0.203306,0.99,0.0,256,64,64,455,liboqs,iot
ECDSA,verify,202552,0.202552,0.99,0.0,256,64,64,456,liboqs,iot
ECDSA,verify,215524,0.215524,0.99,0.0,256,64,64,457,liboqs,iot
ECDSA,verify,216022,0.216022,0.99,0.0,256,64,64,458,liboqs,iot
ECDSA,verify,205025,0.205025,0.99,0.0,256,64,64,459,liboqs,iot
ECDSA,verify,203381,0.203381,0.99,0.0,256,64,64,460,liboqs,iot
ECDSA,verify,216858,0.216858,0.99,0.0,256,64,64,461,liboqs,iot
ECDSA,verify,210952,0.210952,0.99,0.0,256,64,64,462,liboqs,iot
ECDSA,verify,213109,0.213109,0.99,0.0,256,64,64,463,liboqs,iot
ECDSA,verify,203211,0.203211,0.99,0.0,256,64,64,464,liboqs,iot
ECDSA,verify,202786,0.202786,0.99,0.0,256,64,64,465,liboqs,iot
ECDSA,verify,288582,0.288582,0.99,0.0,256,64,64,466,liboqs,iot
ECDSA,verify,212212,0.212212,0.99,0.0,256,64,64,467,liboqs,iot
ECDSA,verify,202716,0.202716,0.99,0.0,256,64,64,468,liboqs,iot
ECDSA,verify,202805,0.202805,0.99,0.0,256,64,64,469,liboqs,iot
ECDSA,verify,216606,0.216606,0.99,0.0,256,64,64,470,liboqs,iot
ECDSA,verify,219677,0.219677,0.99,0.0,256,64,64,471,liboqs,iot
ECDSA,verify,207305,0.207305,0.99,0.0,256,64,64,472,liboqs,iot
ECDSA,verify,212147,0.212147,0.99,0.0,256,64,64,473,liboqs,iot
ECDSA,verify,209052,0.209052,0.99,0.0,256,64,64,474,liboqs,iot
ECDSA,verify,203802,0.203802,0.99,0.0,256,64,64,475,liboqs,iot
ECDSA,verify,201202,0.201202,0.99,0.0,256,64,64,476,liboqs,iot
ECDSA,verify,211014,0.211014,0.99,0.0,256,64,64,477,liboqs,iot
ECDSA,verify,211261,0.211261,0.99,0.0,256,64,64,478,liboqs,iot
ECDSA,verify,207729,0.207729,0.99,0.0,256,64,64,479,liboqs,iot
ECDSA,verify,203243,0.203243,0.99,0.0,256,64,64,480,liboqs,iot
ECDSA,verify,201961,0.201961,0.99,0.0,256,64,64,481,liboqs,iot
ECDSA,verify,209963,0.209963,0.99,0.0,256,64,64,482,liboqs,iot
ECDSA,verify,210325,0.210325,0.99,0.0,256,64,64,483,liboqs,iot
ECDSA,verify,204830,0.20483,0.99,0.0,256,64,64,484,liboqs,iot
ECDSA,verify,203041,0.203041,0.99,0.0,256,64,64,485,liboqs,iot
ECDSA,verify,201300,0.2013,0.99,0.0,256,64,64,486,liboqs,iot
ECDSA,verify,218780,0.21878,0.99,0.0,256,64,64,487,liboqs,iot
ECDSA,verify,209666,0.209666,0.99,0.0,256,64,64,488,liboqs,iot
ECDSA,verify,223039,0.223039,0.99,0.0,256,64,64,489,liboqs,iot
ECDSA,verify,219246,0.219246,0.99,0.0,256,64,64,490,liboqs,iot
ECDSA,verify,209116,0.209116,0.99,0.0,256,64,64,491,liboqs,iot
ECDSA,verify,203582,0.203582,0.99,0.0,256,64,64,492,liboqs,iot
ECDSA,verify,203721,0.203721,0.99,0.0,256,64,64,493,liboqs,iot
ECDSA,verify,213278,0.213278,0.99,0.0,256,64,64,494,liboqs,iot
ECDSA,verify,212659,0.212659,0.99,0.0,256,64,64,495,liboqs,iot
ECDSA,verify,202708,0.202708,0.99,0.0,256,64,64,496,liboqs,iot
ECDSA,verify,210098,0.210098,0.99,0.0,256,64,64,497,liboqs,iot
ECDSA,verify,206870,0.20687,0.99,0.0,256,64,64,498,liboqs,iot
ECDSA,verify,212211,0.212211,0.99,0.0,256,64,64,499,liboqs,iot
ECDSA,verify,210067,0.210067,0.99,0.0,256,64,64,500,liboqs,iot
ECDSA,verify,206214,0.206214,0.99,0.0,256,64,64,501,liboqs,iot
ECDSA,verify,204390,0.20439,0.99,0.0,256,64,64,502,liboqs,iot
ECDSA,verify,201480,0.20148,0.99,0.0,256,64,64,503,liboqs,iot
ECDSA,verify,219180,0.21918,0.99,0.0,256,64,64,504,liboqs,iot
ECDSA,verify,205966,0.205966,0.99,0.0,256,64,64,505,liboqs,iot
ECDSA,verify,201301,0.201301,0.99,0.0,256,64,64,506,liboqs,iot
ECDSA,verify,201012,0.201012,0.99,0.0,256,64,64,507,liboqs,iot
ECDSA,verify,213109,0.213109,0.99,0.0,256,64,64,508,liboqs,iot
ECDSA,verify,215630,0.21563,0.99,0.0,256,64,64,509,liboqs,iot
ECDSA,verify,207659,0.207659,0.99,0.0,256,64,64,510,liboqs,iot
ECDSA,verify,201657,0.201657,0.99,0.0,256,64,64,511,liboqs,iot
ECDSA,verify,201129,0.201129,0.99,0.0,256,64,64,512,liboqs,iot
ECDSA,verify,211918,0.211918,0.99,0.0,256,64,64,513,liboqs,iot
ECDSA,verify,208672,0.208672,0.99,0.0,256,64,64,514,liboqs,iot
ECDSA,verify,203194,0.203194,0.99,0.0,256,64,64,515,liboqs,iot
ECDSA,verify,201097,0.201097,0.99,0.0,256,64,64,516,liboqs,iot
ECDSA,verify,201742,0.201742,0.99,0.0,256,64,64,517,liboqs,iot
ECDSA,verify,260708,0.260708,0.99,0.0,256,64,64,518,liboqs,iot
ECDSA,verify,211111,0.211111,0.99,0.0,256,64,64,519,liboqs,iot
ECDSA,verify,223378,0.223378,0.99,0.0,256,64,64,520,liboqs,iot
ECDSA,verify,212126,0.212126,0.99,0.0,256,64,64,521,liboqs,iot
ECDSA,verify,205493,0.205493,0.99,0.0,256,64,64,522,liboqs,iot
ECDSA,verify,203105,0.203105,0.99,0.0,256,64,64,523,liboqs,iot
ECDSA,verify,205233,0.205233,0.99,0.0,256,64,64,524,liboqs,iot
ECDSA,verify,217786,0.217786,0.99,0.0,256,64,64,525,liboqs,iot
ECDSA,verify,210384,0.210384,0.99,0.0,256,64,64,526,liboqs,iot
ECDSA,verify,203463,0.203463,0.99,0.0,256,64,64,527,liboqs,iot
ECDSA,verify,210521,0.210521,0.99,0.0,256,64,64,528,liboqs,iot
ECDSA,verify,208684,0.208684,0.99,0.0,256,64,64,529,liboqs,iot
ECDSA,verify,218682,0.218682,0.99,0.0,256,64,64,530,liboqs,iot
ECDSA,verify,224769,0.224769,0.99,0.0,256,64,64,531,liboqs,iot
ECDSA,verify,214030,0.21403,0.99,0.0,256,64,64,532,liboqs,iot
ECDSA,verify,207122,0.207122,0.99,0.0,256,64,64,533,liboqs,iot
ECDSA,verify,212450,0.21245,0.99,0.0,256,64,64,534,liboqs,iot
ECDSA,verify,215099,0.215099,0.99,0.0,256,64,64,535,liboqs,iot
ECDSA,verify,203843,0.203843,0.99,0.0,256,64,64,536,liboqs,iot
ECDSA,verify,203470,0.20347,0.99,0.0,256,64,64,537,liboqs,iot
ECDSA,verify,205290,0.20529,0.99,0.0,256,64,64,538,liboqs,iot
ECDSA,verify,257571,0.257571,0.99,0.0,256,64,64,539,liboqs,iot
ECDSA,verify,294509,0.294509,0.99,0.0,256,64,64,540,liboqs,iot
ECDSA,verify,224421,0.224421,0.99,0.0,256,64,64,541,liboqs,iot
ECDSA,verify,211027,0.211027,0.99,0.0,256,64,64,542,liboqs,iot
ECDSA,verify,205779,0.205779,0.99,0.0,256,64,64,543,liboqs,iot
ECDSA,verify,205845,0.205845,0.99,0.0,256,64,64,544,liboqs,iot
ECDSA,verify,203060,0.20306,0.99,0.0,256,64,64,545,liboqs,iot
ECDSA,verify,213724,0.213724,0.99,0.0,256,64,64,546,liboqs,iot
ECDSA,verify,224857,0.224857,0.99,0.0,256,64,64,547,liboqs,iot
ECDSA,verify,205409,0.205409,0.99,0.0,256,64,64,548,liboqs,iot
ECDSA,verify,202606,0.202606,0.99,0.0,256,64,64,549,liboqs,iot
ECDSA,verify,205007,0.205007,0.99,0.0,256,64,64,550,liboqs,iot
ECDSA,verify,202923,0.202923,0.99,0.0,256,64,64,551,liboqs,iot
ECDSA,verify,201573,0.201573,0.99,0.0,256,64,64,552,liboqs,iot
ECDSA,verify,237690,0.23769,0.99,0.0,256,64,64,553,liboqs,iot
ECDSA,verify,246254,0.246254,0.99,0.0,256,64,64,554,liboqs,iot
ECDSA,verify,213622,0.213622,0.99,0.0,256,64,64,555,liboqs,iot
ECDSA,verify,204299,0.204299,0.99,0.0,256,64,64,556,liboqs,iot
ECDSA,verify,202622,0.202622,0.99,0.0,256,64,64,557,liboqs,iot
ECDSA,verify,202829,0.202829,0.99,0.0,256,64,64,558,liboqs,iot
ECDSA,verify,213273,0.213273,0.99,0.0,256,64,64,559,liboqs,iot
ECDSA,verify,215593,0.215593,0.99,0.0,256,64,64,560,liboqs,iot
ECDSA,verify,217347,0.217347,0.99,0.0,256,64,64,561,liboqs,iot
ECDSA,verify,210077,0.210077,0.99,0.0,256,64,64,562,liboqs,iot
ECDSA,verify,206480,0.20648,0.99,0.0,256,64,64,563,liboqs,iot
ECDSA,verify,202204,0.202204,0.99,0.0,256,64,64,564,liboqs,iot
ECDSA,verify,211214,0.211214,0.99,0.0,256,64,64,565,liboqs,iot
ECDSA,verify,207209,0.207209,0.99,0.0,256,64,64,566,liboqs,iot
ECDSA,verify,203122,0.203122,0.99,0.0,256,64,64,567,liboqs,iot
ECDSA,verify,200793,0.200793,0.99,0.0,256,64,64,568,liboqs,iot
ECDSA,verify,291995,0.291995,0.99,0.0,256,64,64,569,liboqs,iot
ECDSA,verify,250408,0.250408,0.99,0.0,256,64,64,570,liboqs,iot
ECDSA,verify,251101,0.251101,0.99,0.0,256,64,64,571,liboqs,iot
ECDSA,verify,213158,0.213158,0.99,0.0,256,64,64,572,liboqs,iot
ECDSA,verify,202061,0.202061,0.99,0.0,256,64,64,573,liboqs,iot
ECDSA,verify,202200,0.2022,0.99,0.0,256,64,64,574,liboqs,iot
ECDSA,verify,203279,0.203279,0.99,0.0,256,64,64,575,liboqs,iot
ECDSA,verify,202132,0.202132,0.99,0.0,256,64,64,576,liboqs,iot
ECDSA,verify,201163,0.201163,0.99,0.0,256,64,64,577,liboqs,iot
ECDSA,verify,211859,0.211859,0.99,0.0,256,64,64,578,liboqs,iot
ECDSA,verify,207501,0.207501,0.99,0.0,256,64,64,579,liboqs,iot
ECDSA,verify,202481,0.202481,0.99,0.0,256,64,64,580,liboqs,iot
ECDSA,verify,202404,0.202404,0.99,0.0,256,64,64,581,liboqs,iot
ECDSA,verify,201269,0.201269,0.99,0.0,256,64,64,582,liboqs,iot
ECDSA,verify,209445,0.209445,0.99,0.0,256,64,64,583,liboqs,iot
ECDSA,verify,204711,0.204711,0.99,0.0,256,64,64,584,liboqs,iot
ECDSA,verify,200672,0.200672,0.99,0.0,256,64,64,585,liboqs,iot
ECDSA,verify,202573,0.202573,0.99,0.0,256,64,64,586,liboqs,iot
ECDSA,verify,211671,0.211671,0.99,0.0,256,64,64,587,liboqs,iot
ECDSA,verify,218124,0.218124,0.99,0.0,256,64,64,588,liboqs,iot
ECDSA,verify,210482,0.210482,0.99,0.0,256,64,64,589,liboqs,iot
ECDSA,verify,203814,0.203814,0.99,0.0,256,64,64,590,liboqs,iot
ECDSA,verify,201609,0.201609,0.99,0.0,256,64,64,591,liboqs,iot
ECDSA,verify,201484,0.201484,0.99,0.0,256,64,64,592,liboqs,iot
ECDSA,verify,201386,0.201386,0.99,0.0,256,64,64,593,liboqs,iot
ECDSA,verify,201786,0.201786,0.99,0.0,256,64,64,594,liboqs,iot
ECDSA,verify,202529,0.202529,0.99,0.0,256,64,64,595,liboqs,iot
ECDSA,verify,210091,0.210091,0.99,0.0,256,64,64,596,liboqs,iot
ECDSA,verify,207720,0.20772,0.99,0.0,256,64,64,597,liboqs,iot
ECDSA,verify,201857,0.201857,0.99,0.0,256,64,64,598,liboqs,iot
ECDSA,verify,215670,0.21567,0.99,0.0,256,64,64,599,liboqs,iot
ECDSA,verify,210245,0.210245,0.99,0.0,256,64,64,600,liboqs,iot
ECDSA,verify,202676,0.202676,0.99,0.0,256,64,64,601,liboqs,iot
ECDSA,verify,357210,0.35721,0.99,0.0,256,64,64,602,liboqs,iot
ECDSA,verify,245834,0.245834,0.99,0.0,256,64,64,603,liboqs,iot
ECDSA,verify,284565,0.284565,0.99,0.0,256,64,64,604,liboqs,iot
ECDSA,verify,215461,0.215461,0.99,0.0,256,64,64,605,liboqs,iot
ECDSA,verify,205602,0.205602,0.99,0.0,256,64,64,606,liboqs,iot
ECDSA,verify,202951,0.202951,0.99,0.0,256,64,64,607,liboqs,iot
ECDSA,verify,202694,0.202694,0.99,0.0,256,64,64,608,liboqs,iot
ECDSA,verify,201456,0.201456,0.99,0.0,256,64,64,609,liboqs,iot
ECDSA,verify,210953,0.210953,0.99,0.0,256,64,64,610,liboqs,iot
ECDSA,verify,216870,0.21687,0.99,0.0,256,64,64,611,liboqs,iot
ECDSA,verify,244026,0.244026,0.99,0.0,256,64,64,612,liboqs,iot
ECDSA,verify,211088,0.211088,0.99,0.0,256,64,64,613,liboqs,iot
ECDSA,verify,204483,0.204483,0.99,0.0,256,64,64,614,liboqs,iot
ECDSA,verify,203820,0.20382,0.99,0.0,256,64,64,615,liboqs,iot
ECDSA,verify,201790,0.20179,0.99,0.0,256,64,64,616,liboqs,iot
ECDSA,verify,211352,0.211352,0.99,0.0,256,64,64,617,liboqs,iot
ECDSA,verify,268020,0.26802,0.99,0.0,256,64,64,618,liboqs,iot
ECDSA,verify,433968,0.433968,0.99,0.0,256,64,64,619,liboqs,iot
ECDSA,verify,247054,0.247054,0.99,0.0,256,64,64,620,liboqs,iot
ECDSA,verify,255694,0.255694,0.99,0.0,256,64,64,621,liboqs,iot
ECDSA,verify,221730,0.22173,0.99,0.0,256,64,64,622,liboqs,iot
ECDSA,verify,206149,0.206149,0.99,0.0,256,64,64,623,liboqs,iot
ECDSA,verify,203321,0.203321,0.99,0.0,256,64,64,624,liboqs,iot
ECDSA,verify,203721,0.203721,0.99,0.0,256,64,64,625,liboqs,iot
ECDSA,verify,203486,0.203486,0.99,0.0,256,64,64,626,liboqs,iot
ECDSA,verify,219857,0.219857,0.99,0.0,256,64,64,627,liboqs,iot
ECDSA,verify,473923,0.473923,0.99,0.0,256,64,64,628,liboqs,iot
ECDSA,verify,268841,0.268841,0.99,0.0,256,64,64,629,liboqs,iot
ECDSA,verify,246078,0.246078,0.99,0.0,256,64,64,630,liboqs,iot
ECDSA,verify,240447,0.240447,0.99,0.0,256,64,64,631,liboqs,iot
ECDSA,verify,252048,0.252048,0.99,0.0,256,64,64,632,liboqs,iot
ECDSA,verify,427516,0.427516,0.99,0.0,256,64,64,633,liboqs,iot
ECDSA,verify,286594,0.286594,0.99,0.0,256,64,64,634,liboqs,iot
ECDSA,verify,249149,0.249149,0.99,0.0,256,64,64,635,liboqs,iot
ECDSA,verify,263028,0.263028,0.99,0.0,256,64,64,636,liboqs,iot
ECDSA,verify,224728,0.224728,0.99,0.0,256,64,64,637,liboqs,iot
ECDSA,verify,213833,0.213833,0.99,0.0,256,64,64,638,liboqs,iot
ECDSA,verify,206503,0.206503,0.99,0.0,256,64,64,639,liboqs,iot
ECDSA,verify,262976,0.262976,0.99,0.0,256,64,64,640,liboqs,iot
ECDSA,verify,233355,0.233355,0.99,0.0,256,64,64,641,liboqs,iot
ECDSA,verify,212612,0.212612,0.99,0.0,256,64,64,642,liboqs,iot
ECDSA,verify,210374,0.210374,0.99,0.0,256,64,64,643,liboqs,iot
ECDSA,verify,251521,0.251521,0.99,0.0,256,64,64,644,liboqs,iot
ECDSA,verify,232277,0.232277,0.99,0.0,256,64,64,645,liboqs,iot
ECDSA,verify,212800,0.2128,0.99,0.0,256,64,64,646,liboqs,iot
ECDSA,verify,203836,0.203836,0.99,0.0,256,64,64,647,liboqs,iot
ECDSA,verify,204936,0.204936,0.99,0.0,256,64,64,648,liboqs,iot
ECDSA,verify,275376,0.275376,0.99,0.0,256,64,64,649,liboqs,iot
ECDSA,verify,333408,0.333408,0.99,0.0,256,64,64,650,liboqs,iot
ECDSA,verify,244974,0.244974,0.99,0.0,256,64,64,651,liboqs,iot
ECDSA,verify,257470,0.25747,0.99,0.0,256,64,64,652,liboqs,iot
ECDSA,verify,273402,0.273402,0.99,0.0,256,64,64,653,liboqs,iot
ECDSA,verify,242889,0.242889,0.99,0.0,256,64,64,654,liboqs,iot
ECDSA,verify,214438,0.214438,0.99,0.0,256,64,64,655,liboqs,iot
ECDSA,verify,208326,0.208326,0.99,0.0,256,64,64,656,liboqs,iot
ECDSA,verify,204637,0.204637,0.99,0.0,256,64,64,657,liboqs,iot
ECDSA,verify,203525,0.203525,0.99,0.0,256,64,64,658,liboqs,iot
ECDSA,verify,203063,0.203063,0.99,0.0,256,64,64,659,liboqs,iot
ECDSA,verify,202956,0.202956,0.99,0.0,256,64,64,660,liboqs,iot
ECDSA,verify,216753,0.216753,0.99,0.0,256,64,64,661,liboqs,iot
ECDSA,verify,213164,0.213164,0.99,0.0,256,64,64,662,liboqs,iot
ECDSA,verify,203506,0.203506,0.99,0.0,256,64,64,663,liboqs,iot
ECDSA,verify,202043,0.202043,0.99,0.0,256,64,64,664,liboqs,iot
ECDSA,verify,201542,0.201542,0.99,0.0,256,64,64,665,liboqs,iot
ECDSA,verify,203059,0.203059,0.99,0.0,256,64,64,666,liboqs,iot
ECDSA,verify,354224,0.354224,0.99,0.0,256,64,64,667,liboqs,iot
ECDSA,verify,213077,0.213077,0.99,0.0,256,64,64,668,liboqs,iot
ECDSA,verify,217027,0.217027,0.99,0.0,256,64,64,669,liboqs,iot
ECDSA,verify,214937,0.214937,0.99,0.0,256,64,64,670,liboqs,iot
ECDSA,verify,208085,0.208085,0.99,0.0,256,64,64,671,liboqs,iot
ECDSA,verify,201071,0.201071,0.99,0.0,256,64,64,672,liboqs,iot
ECDSA,verify,201371,0.201371,0.99,0.0,256,64,64,673,liboqs,iot
ECDSA,verify,201403,0.201403,0.99,0.0,256,64,64,674,liboqs,iot
ECDSA,verify,203565,0.203565,0.99,0.0,256,64,64,675,liboqs,iot
ECDSA,verify,211475,0.211475,0.99,0.0,256,64,64,676,liboqs,iot
ECDSA,verify,212657,0.212657,0.99,0.0,256,64,64,677,liboqs,iot
ECDSA,verify,215043,0.215043,0.99,0.0,256,64,64,678,liboqs,iot
ECDSA,verify,210337,0.210337,0.99,0.0,256,64,64,679,liboqs,iot
ECDSA,verify,206484,0.206484,0.99,0.0,256,64,64,680,liboqs,iot
ECDSA,verify,205813,0.205813,0.99,0.0,256,64,64,681,liboqs,iot
ECDSA,verify,202091,0.202091,0.99,0.0,256,64,64,682,liboqs,iot
ECDSA,verify,206521,0.206521,0.99,0.0,256,64,64,683,liboqs,iot
ECDSA,verify,227373,0.227373,0.99,0.0,256,64,64,684,liboqs,iot
ECDSA,verify,214516,0.214516,0.99,0.0,256,64,64,685,liboqs,iot
ECDSA,verify,216967,0.216967,0.99,0.0,256,64,64,686,liboqs,iot
ECDSA,verify,220542,0.220542,0.99,0.0,256,64,64,687,liboqs,iot
ECDSA,verify,213580,0.21358,0.99,0.0,256,64,64,688,liboqs,iot
ECDSA,verify,205011,0.205011,0.99,0.0,256,64,64,689,liboqs,iot
ECDSA,verify,205060,0.20506,0.99,0.0,256,64,64,690,liboqs,iot
ECDSA,verify,246282,0.246282,0.99,0.0,256,64,64,691,liboqs,iot
ECDSA,verify,212548,0.212548,0.99,0.0,256,64,64,692,liboqs,iot
ECDSA,verify,203865,0.203865,0.99,0.0,256,64,64,693,liboqs,iot
ECDSA,verify,202114,0.202114,0.99,0.0,256,64,64,694,liboqs,iot
ECDSA,verify,203404,0.203404,0.99,0.0,256,64,64,695,liboqs,iot
ECDSA,verify,211767,0.211767,0.99,0.0,256,64,64,696,liboqs,iot
ECDSA,verify,210396,0.210396,0.99,0.0,256,64,64,697,liboqs,iot
ECDSA,verify,207775,0.207775,0.99,0.0,256,64,64,698,liboqs,iot
ECDSA,verify,205556,0.205556,0.99,0.0,256,64,64,699,liboqs,iot
ECDSA,verify,205650,0.20565,0.99,0.0,256,64,64,700,liboqs,iot
ECDSA,verify,206319,0.206319,0.99,0.0,256,64,64,701,liboqs,iot
ECDSA,verify,217935,0.217935,0.99,0.0,256,64,64,702,liboqs,iot
ECDSA,verify,210996,0.210996,0.99,0.0,256,64,64,703,liboqs,iot
ECDSA,verify,208183,0.208183,0.99,0.0,256,64,64,704,liboqs,iot
ECDSA,verify,211499,0.211499,0.99,0.0,256,64,64,705,liboqs,iot
ECDSA,verify,215029,0.215029,0.99,0.0,256,64,64,706,liboqs,iot
ECDSA,verify,211693,0.211693,0.99,0.0,256,64,64,707,liboqs,iot
ECDSA,verify,250481,0.250481,0.99,0.0,256,64,64,708,liboqs,iot
ECDSA,verify,257125,0.257125,0.99,0.0,256,64,64,709,liboqs,iot
ECDSA,verify,265643,0.265643,0.99,0.0,256,64,64,710,liboqs,iot
ECDSA,verify,280459,0.280459,0.99,0.0,256,64,64,711,liboqs,iot
ECDSA,verify,240789,0.240789,0.99,0.0,256,64,64,712,liboqs,iot
ECDSA,verify,215733,0.215733,0.99,0.0,256,64,64,713,liboqs,iot
ECDSA,verify,226809,0.226809,0.99,0.0,256,64,64,714,liboqs,iot
ECDSA,verify,231021,0.231021,0.99,0.0,256,64,64,715,liboqs,iot
ECDSA,verify,280992,0.280992,0.99,0.0,256,64,64,716,liboqs,iot
ECDSA,verify,224098,0.224098,0.99,0.0,256,64,64,717,liboqs,iot
ECDSA,verify,240235,0.240235,0.99,0.0,256,64,64,718,liboqs,iot
ECDSA,verify,255971,0.255971,0.99,0.0,256,64,64,719,liboqs,iot
ECDSA,verify,276835,0.276835,0.99,0.0,256,64,64,720,liboqs,iot
ECDSA,verify,241000,0.241,0.99,0.0,256,64,64,721,liboqs,iot
ECDSA,verify,211069,0.211069,0.99,0.0,256,64,64,722,liboqs,iot
ECDSA,verify,234832,0.234832,0.99,0.0,256,64,64,723,liboqs,iot
ECDSA,verify,291185,0.291185,0.99,0.0,256,64,64,724,liboqs,iot
ECDSA,verify,308083,0.308083,0.99,0.0,256,64,64,725,liboqs,iot
ECDSA,verify,311527,0.311527,0.99,0.0,256,64,64,726,liboqs,iot
ECDSA,verify,307107,0.307107,0.99,0.0,256,64,64,727,liboqs,iot
ECDSA,verify,297469,0.297469,0.99,0.0,256,64,64,728,liboqs,iot
ECDSA,verify,288646,0.288646,0.99,0.0,256,64,64,729,liboqs,iot
ECDSA,verify,264247,0.264247,0.99,0.0,256,64,64,730,liboqs,iot
ECDSA,verify,227168,0.227168,0.99,0.0,256,64,64,731,liboqs,iot
ECDSA,verify,206651,0.206651,0.99,0.0,256,64,64,732,liboqs,iot
ECDSA,verify,204995,0.204995,0.99,0.0,256,64,64,733,liboqs,iot
ECDSA,verify,205885,0.205885,0.99,0.0,256,64,64,734,liboqs,iot
ECDSA,verify,205586,0.205586,0.99,0.0,256,64,64,735,liboqs,iot
ECDSA,verify,211573,0.211573,0.99,0.0,256,64,64,736,liboqs,iot
ECDSA,verify,236583,0.236583,0.99,0.0,256,64,64,737,liboqs,iot
ECDSA,verify,241333,0.241333,0.99,0.0,256,64,64,738,liboqs,iot
ECDSA,verify,262704,0.262704,0.99,0.0,256,64,64,739,liboqs,iot
ECDSA,verify,261867,0.261867,0.99,0.0,256,64,64,740,liboqs,iot
ECDSA,verify,226588,0.226588,0.99,0.0,256,64,64,741,liboqs,iot
ECDSA,verify,276198,0.276198,0.99,0.0,256,64,64,742,liboqs,iot
ECDSA,verify,239187,0.239187,0.99,0.0,256,64,64,743,liboqs,iot
ECDSA,verify,225790,0.22579,0.99,0.0,256,64,64,744,liboqs,iot
ECDSA,verify,213181,0.213181,0.99,0.0,256,64,64,745,liboqs,iot
ECDSA,verify,267718,0.267718,0.99,0.0,256,64,64,746,liboqs,iot
ECDSA,verify,225491,0.225491,0.99,0.0,256,64,64,747,liboqs,iot
ECDSA,verify,224054,0.224054,0.99,0.0,256,64,64,748,liboqs,iot
ECDSA,verify,223527,0.223527,0.99,0.0,256,64,64,749,liboqs,iot
ECDSA,verify,266532,0.266532,0.99,0.0,256,64,64,750,liboqs,iot
ECDSA,verify,257518,0.257518,0.99,0.0,256,64,64,751,liboqs,iot
ECDSA,verify,213758,0.213758,0.99,0.0,256,64,64,752,liboqs,iot
ECDSA,verify,223393,0.223393,0.99,0.0,256,64,64,753,liboqs,iot
ECDSA,verify,253871,0.253871,0.99,0.0,256,64,64,754,liboqs,iot
ECDSA,verify,211705,0.211705,0.99,0.0,256,64,64,755,liboqs,iot
ECDSA,verify,276506,0.276506,0.99,0.0,256,64,64,756,liboqs,iot
ECDSA,verify,225204,0.225204,0.99,0.0,256,64,64,757,liboqs,iot
ECDSA,verify,261654,0.261654,0.99,0.0,256,64,64,758,liboqs,iot
ECDSA,verify,233428,0.233428,0.99,0.0,256,64,64,759,liboqs,iot
ECDSA,verify,231364,0.231364,0.99,0.0,256,64,64,760,liboqs,iot
ECDSA,verify,235363,0.235363,0.99,0.0,256,64,64,761,liboqs,iot
ECDSA,verify,265029,0.265029,0.99,0.0,256,64,64,762,liboqs,iot
ECDSA,verify,232898,0.232898,0.99,0.0,256,64,64,763,liboqs,iot
ECDSA,verify,207837,0.207837,0.99,0.0,256,64,64,764,liboqs,iot
ECDSA,verify,233650,0.23365,0.99,0.0,256,64,64,765,liboqs,iot
ECDSA,verify,276173,0.276173,0.99,0.0,256,64,64,766,liboqs,iot
ECDSA,verify,243568,0.243568,0.99,0.0,256,64,64,767,liboqs,iot
ECDSA,verify,211918,0.211918,0.99,0.0,256,64,64,768,liboqs,iot
ECDSA,verify,228584,0.228584,0.99,0.0,256,64,64,769,liboqs,iot
ECDSA,verify,260223,0.260223,0.99,0.0,256,64,64,770,liboqs,iot
ECDSA,verify,255069,0.255069,0.99,0.0,256,64,64,771,liboqs,iot
ECDSA,verify,256763,0.256763,0.99,0.0,256,64,64,772,liboqs,iot
ECDSA,verify,240565,0.240565,0.99,0.0,256,64,64,773,liboqs,iot
ECDSA,verify,276349,0.276349,0.99,0.0,256,64,64,774,liboqs,iot
ECDSA,verify,273855,0.273855,0.99,0.0,256,64,64,775,liboqs,iot
ECDSA,verify,254874,0.254874,0.99,0.0,256,64,64,776,liboqs,iot
ECDSA,verify,261859,0.261859,0.99,0.0,256,64,64,777,liboqs,iot
ECDSA,verify,246965,0.246965,0.99,0.0,256,64,64,778,liboqs,iot
ECDSA,verify,227738,0.227738,0.99,0.0,256,64,64,779,liboqs,iot
ECDSA,verify,251773,0.251773,0.99,0.0,256,64,64,780,liboqs,iot
ECDSA,verify,238686,0.238686,0.99,0.0,256,64,64,781,liboqs,iot
ECDSA,verify,263619,0.263619,0.99,0.0,256,64,64,782,liboqs,iot
ECDSA,verify,252177,0.252177,0.99,0.0,256,64,64,783,liboqs,iot
ECDSA,verify,212064,0.212064,0.99,0.0,256,64,64,784,liboqs,iot
ECDSA,verify,281428,0.281428,0.99,0.0,256,64,64,785,liboqs,iot
ECDSA,verify,238112,0.238112,0.99,0.0,256,64,64,786,liboqs,iot
ECDSA,verify,238854,0.238854,0.99,0.0,256,64,64,787,liboqs,iot
ECDSA,verify,247980,0.24798,0.99,0.0,256,64,64,788,liboqs,iot
ECDSA,verify,253903,0.253903,0.99,0.0,256,64,64,789,liboqs,iot
ECDSA,verify,253532,0.253532,0.99,0.0,256,64,64,790,liboqs,iot
ECDSA,verify,263641,0.263641,0.99,0.0,256,64,64,791,liboqs,iot
ECDSA,verify,232070,0.23207,0.99,0.0,256,64,64,792,liboqs,iot
ECDSA,verify,240546,0.240546,0.99,0.0,256,64,64,793,liboqs,iot
ECDSA,verify,230706,0.230706,0.99,0.0,256,64,64,794,liboqs,iot
ECDSA,verify,211493,0.211493,0.99,0.0,256,64,64,795,liboqs,iot
ECDSA,verify,271409,0.271409,0.99,0.0,256,64,64,796,liboqs,iot
ECDSA,verify,268394,0.268394,0.99,0.0,256,64,64,797,liboqs,iot
ECDSA,verify,221636,0.221636,0.99,0.0,256,64,64,798,liboqs,iot
ECDSA,verify,212102,0.212102,0.99,0.0,256,64,64,799,liboqs,iot
ECDSA,verify,232396,0.232396,0.99,0.0,256,64,64,800,liboqs,iot
ECDSA,verify,265268,0.265268,0.99,0.0,256,64,64,801,liboqs,iot
ECDSA,verify,219313,0.219313,0.99,0.0,256,64,64,802,liboqs,iot
ECDSA,verify,223110,0.22311,0.99,0.0,256,64,64,803,liboqs,iot
ECDSA,verify,238240,0.23824,0.99,0.0,256,64,64,804,liboqs,iot
ECDSA,verify,250235,0.250235,0.99,0.0,256,64,64,805,liboqs,iot
ECDSA,verify,286768,0.286768,0.99,0.0,256,64,64,806,liboqs,iot
ECDSA,verify,250571,0.250571,0.99,0.0,256,64,64,807,liboqs,iot
ECDSA,verify,220222,0.220222,0.99,0.0,256,64,64,808,liboqs,iot
ECDSA,verify,207510,0.20751,0.99,0.0,256,64,64,809,liboqs,iot
ECDSA,verify,205135,0.205135,0.99,0.0,256,64,64,810,liboqs,iot
ECDSA,verify,201260,0.20126,0.99,0.0,256,64,64,811,liboqs,iot
ECDSA,verify,202731,0.202731,0.99,0.0,256,64,64,812,liboqs,iot
ECDSA,verify,201522,0.201522,0.99,0.0,256,64,64,813,liboqs,iot
ECDSA,verify,216173,0.216173,0.99,0.0,256,64,64,814,liboqs,iot
ECDSA,verify,210621,0.210621,0.99,0.0,256,64,64,815,liboqs,iot
ECDSA,verify,203528,0.203528,0.99,0.0,256,64,64,816,liboqs,iot
ECDSA,verify,203235,0.203235,0.99,0.0,256,64,64,817,liboqs,iot
ECDSA,verify,201761,0.201761,0.99,0.0,256,64,64,818,liboqs,iot
ECDSA,verify,215235,0.215235,0.99,0.0,256,64,64,819,liboqs,iot
ECDSA,verify,207300,0.2073,0.99,0.0,256,64,64,820,liboqs,iot
ECDSA,verify,202120,0.20212,0.99,0.0,256,64,64,821,liboqs,iot
ECDSA,verify,201343,0.201343,0.99,0.0,256,64,64,822,liboqs,iot
ECDSA,verify,200508,0.200508,0.99,0.0,256,64,64,823,liboqs,iot
ECDSA,verify,214349,0.214349,0.99,0.0,256,64,64,824,liboqs,iot
ECDSA,verify,204341,0.204341,0.99,0.0,256,64,64,825,liboqs,iot
ECDSA,verify,202810,0.20281,0.99,0.0,256,64,64,826,liboqs,iot
ECDSA,verify,199815,0.199815,0.99,0.0,256,64,64,827,liboqs,iot
ECDSA,verify,201416,0.201416,0.99,0.0,256,64,64,828,liboqs,iot
ECDSA,verify,202131,0.202131,0.99,0.0,256,64,64,829,liboqs,iot
ECDSA,verify,201391,0.201391,0.99,0.0,256,64,64,830,liboqs,iot
ECDSA,verify,208018,0.208018,0.99,0.0,256,64,64,831,liboqs,iot
ECDSA,verify,209055,0.209055,0.99,0.0,256,64,64,832,liboqs,iot
ECDSA,verify,213266,0.213266,0.99,0.0,256,64,64,833,liboqs,iot
ECDSA,verify,211953,0.211953,0.99,0.0,256,64,64,834,liboqs,iot
ECDSA,verify,204820,0.20482,0.99,0.0,256,64,64,835,liboqs,iot
ECDSA,verify,202378,0.202378,0.99,0.0,256,64,64,836,liboqs,iot
ECDSA,verify,215931,0.215931,0.99,0.0,256,64,64,837,liboqs,iot
ECDSA,verify,214655,0.214655,0.99,0.0,256,64,64,838,liboqs,iot
ECDSA,verify,206937,0.206937,0.99,0.0,256,64,64,839,liboqs,iot
ECDSA,verify,201729,0.201729,0.99,0.0,256,64,64,840,liboqs,iot
ECDSA,verify,201610,0.20161,0.99,0.0,256,64,64,841,liboqs,iot
ECDSA,verify,201853,0.201853,0.99,0.0,256,64,64,842,liboqs,iot
ECDSA,verify,210624,0.210624,0.99,0.0,256,64,64,843,liboqs,iot
ECDSA,verify,209814,0.209814,0.99,0.0,256,64,64,844,liboqs,iot
ECDSA,verify,203927,0.203927,0.99,0.0,256,64,64,845,liboqs,iot
ECDSA,verify,201150,0.20115,0.99,0.0,256,64,64,846,liboqs,iot
ECDSA,verify,202070,0.20207,0.99,0.0,256,64,64,847,liboqs,iot
ECDSA,verify,200247,0.200247,0.99,0.0,256,64,64,848,liboqs,iot
ECDSA,verify,201761,0.201761,0.99,0.0,256,64,64,849,liboqs,iot
ECDSA,verify,202889,0.202889,0.99,0.0,256,64,64,850,liboqs,iot
ECDSA,verify,202132,0.202132,0.99,0.0,256,64,64,851,liboqs,iot
ECDSA,verify,200921,0.200921,0.99,0.0,256,64,64,852,liboqs,iot
ECDSA,verify,209562,0.209562,0.99,0.0,256,64,64,853,liboqs,iot
ECDSA,verify,202445,0.202445,0.99,0.0,256,64,64,854,liboqs,iot
ECDSA,verify,202598,0.202598,0.99,0.0,256,64,64,855,liboqs,iot
ECDSA,verify,202830,0.20283,0.99,0.0,256,64,64,856,liboqs,iot
ECDSA,verify,210852,0.210852,0.99,0.0,256,64,64,857,liboqs,iot
ECDSA,verify,207965,0.207965,0.99,0.0,256,64,64,858,liboqs,iot
ECDSA,verify,238914,0.238914,0.99,0.0,256,64,64,859,liboqs,iot
ECDSA,verify,211247,0.211247,0.99,0.0,256,64,64,860,liboqs,iot
ECDSA,verify,203552,0.203552,0.99,0.0,256,64,64,861,liboqs,iot
ECDSA,verify,210614,0.210614,0.99,0.0,256,64,64,862,liboqs,iot
ECDSA,verify,224830,0.22483,0.99,0.0,256,64,64,863,liboqs,iot
ECDSA,verify,209948,0.209948,0.99,0.0,256,64,64,864,liboqs,iot
ECDSA,verify,204057,0.204057,0.99,0.0,256,64,64,865,liboqs,iot
ECDSA,verify,208607,0.208607,0.99,0.0,256,64,64,866,liboqs,iot
ECDSA,verify,209065,0.209065,0.99,0.0,256,64,64,867,liboqs,iot
ECDSA,verify,205938,0.205938,0.99,0.0,256,64,64,868,liboqs,iot
ECDSA,verify,203333,0.203333,0.99,0.0,256,64,64,869,liboqs,iot
ECDSA,verify,201560,0.20156,0.99,0.0,256,64,64,870,liboqs,iot
ECDSA,verify,208037,0.208037,0.99,0.0,256,64,64,871,liboqs,iot
ECDSA,verify,210650,0.21065,0.99,0.0,256,64,64,872,liboqs,iot
ECDSA,verify,202419,0.202419,0.99,0.0,256,64,64,873,liboqs,iot
ECDSA,verify,202977,0.202977,0.99,0.0,256,64,64,874,liboqs,iot
ECDSA,verify,201869,0.201869,0.99,0.0,256,64,64,875,liboqs,iot
ECDSA,verify,209258,0.209258,0.99,0.0,256,64,64,876,liboqs,iot
ECDSA,verify,202512,0.202512,0.99,0.0,256,64,64,877,liboqs,iot
ECDSA,verify,207045,0.207045,0.99,0.0,256,64,64,878,liboqs,iot
ECDSA,verify,202099,0.202099,0.99,0.0,256,64,64,879,liboqs,iot
ECDSA,verify,210168,0.210168,0.99,0.0,256,64,64,880,liboqs,iot
ECDSA,verify,210237,0.210237,0.99,0.0,256,64,64,881,liboqs,iot
ECDSA,verify,201907,0.201907,0.99,0.0,256,64,64,882,liboqs,iot
ECDSA,verify,203010,0.20301,0.99,0.0,256,64,64,883,liboqs,iot
ECDSA,verify,201231,0.201231,0.99,0.0,256,64,64,884,liboqs,iot
ECDSA,verify,207784,0.207784,0.99,0.0,256,64,64,885,liboqs,iot
ECDSA,verify,204859,0.204859,0.99,0.0,256,64,64,886,liboqs,iot
ECDSA,verify,202413,0.202413,0.99,0.0,256,64,64,887,liboqs,iot
ECDSA,verify,211519,0.211519,0.99,0.0,256,64,64,888,liboqs,iot
ECDSA,verify,208272,0.208272,0.99,0.0,256,64,64,889,liboqs,iot
ECDSA,verify,204167,0.204167,0.99,0.0,256,64,64,890,liboqs,iot
ECDSA,verify,202338,0.202338,0.99,0.0,256,64,64,891,liboqs,iot
ECDSA,verify,201265,0.201265,0.99,0.0,256,64,64,892,liboqs,iot
ECDSA,verify,201635,0.201635,0.99,0.0,256,64,64,893,liboqs,iot
ECDSA,verify,201036,0.201036,0.99,0.0,256,64,64,894,liboqs,iot
ECDSA,verify,203545,0.203545,0.99,0.0,256,64,64,895,liboqs,iot
ECDSA,verify,211055,0.211055,0.99,0.0,256,64,64,896,liboqs,iot
ECDSA,verify,203887,0.203887,0.99,0.0,256,64,64,897,liboqs,iot
ECDSA,verify,209965,0.209965,0.99,0.0,256,64,64,898,liboqs,iot
ECDSA,verify,209412,0.209412,0.99,0.0,256,64,64,899,liboqs,iot
ECDSA,verify,204642,0.204642,0.99,0.0,256,64,64,900,liboqs,iot
ECDSA,verify,235538,0.235538,0.99,0.0,256,64,64,901,liboqs,iot
ECDSA,verify,248463,0.248463,0.99,0.0,256,64,64,902,liboqs,iot
ECDSA,verify,220980,0.22098,0.99,0.0,256,64,64,903,liboqs,iot
ECDSA,verify,205645,0.205645,0.99,0.0,256,64,64,904,liboqs,iot
ECDSA,verify,203726,0.203726,0.99,0.0,256,64,64,905,liboqs,iot
ECDSA,verify,203250,0.20325,0.99,0.0,256,64,64,906,liboqs,iot
ECDSA,verify,200128,0.200128,0.99,0.0,256,64,64,907,liboqs,iot
ECDSA,verify,199822,0.199822,0.99,0.0,256,64,64,908,liboqs,iot
ECDSA,verify,214112,0.214112,0.99,0.0,256,64,64,909,liboqs,iot
ECDSA,verify,209980,0.20998,0.99,0.0,256,64,64,910,liboqs,iot
ECDSA,verify,203900,0.2039,0.99,0.0,256,64,64,911,liboqs,iot
ECDSA,verify,200922,0.200922,0.99,0.0,256,64,64,912,liboqs,iot
ECDSA,verify,202075,0.202075,0.99,0.0,256,64,64,913,liboqs,iot
ECDSA,verify,211752,0.211752,0.99,0.0,256,64,64,914,liboqs,iot
ECDSA,verify,207953,0.207953,0.99,0.0,256,64,64,915,liboqs,iot
ECDSA,verify,202684,0.202684,0.99,0.0,256,64,64,916,liboqs,iot
ECDSA,verify,200035,0.200035,0.99,0.0,256,64,64,917,liboqs,iot
ECDSA,verify,201840,0.20184,0.99,0.0,256,64,64,918,liboqs,iot
ECDSA,verify,215380,0.21538,0.99,0.0,256,64,64,919,liboqs,iot
ECDSA,verify,204755,0.204755,0.99,0.0,256,64,64,920,liboqs,iot
ECDSA,verify,200961,0.200961,0.99,0.0,256,64,64,921,liboqs,iot
ECDSA,verify,201677,0.201677,0.99,0.0,256,64,64,922,liboqs,iot
ECDSA,verify,200850,0.20085,0.99,0.0,256,64,64,923,liboqs,iot
ECDSA,verify,200670,0.20067,0.99,0.0,256,64,64,924,liboqs,iot
ECDSA,verify,200364,0.200364,0.99,0.0,256,64,64,925,liboqs,iot
ECDSA,verify,200006,0.200006,0.99,0.0,256,64,64,926,liboqs,iot
ECDSA,verify,201562,0.201562,0.99,0.0,256,64,64,927,liboqs,iot
ECDSA,verify,209418,0.209418,0.99,0.0,256,64,64,928,liboqs,iot
ECDSA,verify,208960,0.20896,0.99,0.0,256,64,64,929,liboqs,iot
ECDSA,verify,204552,0.204552,0.99,0.0,256,64,64,930,liboqs,iot
ECDSA,verify,203457,0.203457,0.99,0.0,256,64,64,931,liboqs,iot
ECDSA,verify,200723,0.200723,0.99,0.0,256,64,64,932,liboqs,iot
ECDSA,verify,202161,0.202161,0.99,0.0,256,64,64,933,liboqs,iot
ECDSA,verify,231417,0.231417,0.99,0.0,256,64,64,934,liboqs,iot
ECDSA,verify,253377,0.253377,0.99,0.0,256,64,64,935,liboqs,iot
ECDSA,verify,257685,0.257685,0.99,0.0,256,64,64,936,liboqs,iot
ECDSA,verify,211736,0.211736,0.99,0.0,256,64,64,937,liboqs,iot
ECDSA,verify,208804,0.208804,0.99,0.0,256,64,64,938,liboqs,iot
ECDSA,verify,204632,0.204632,0.99,0.0,256,64,64,939,liboqs,iot
ECDSA,verify,204414,0.204414,0.99,0.0,256,64,64,940,liboqs,iot
ECDSA,verify,204403,0.204403,0.99,0.0,256,64,64,941,liboqs,iot
ECDSA,verify,214345,0.214345,0.99,0.0,256,64,64,942,liboqs,iot
ECDSA,verify,210945,0.210945,0.99,0.0,256,64,64,943,liboqs,iot
ECDSA,verify,204474,0.204474,0.99,0.0,256,64,64,944,liboqs,iot
ECDSA,verify,204385,0.204385,0.99,0.0,256,64,64,945,liboqs,iot
ECDSA,verify,203715,0.203715,0.99,0.0,256,64,64,946,liboqs,iot
ECDSA,verify,203349,0.203349,0.99,0.0,256,64,64,947,liboqs,iot
ECDSA,verify,202211,0.202211,0.99,0.0,256,64,64,948,liboqs,iot
ECDSA,verify,201733,0.201733,0.99,0.0,256,64,64,949,liboqs,iot
ECDSA,verify,203270,0.20327,0.99,0.0,256,64,64,950,liboqs,iot
ECDSA,verify,201570,0.20157,0.99,0.0,256,64,64,951,liboqs,iot
ECDSA,verify,220562,0.220562,0.99,0.0,256,64,64,952,liboqs,iot
ECDSA,verify,231844,0.231844,0.99,0.0,256,64,64,953,liboqs,iot
ECDSA,verify,210674,0.210674,0.99,0.0,256,64,64,954,liboqs,iot
ECDSA,verify,205955,0.205955,0.99,0.0,256,64,64,955,liboqs,iot
ECDSA,verify,205157,0.205157,0.99,0.0,256,64,64,956,liboqs,iot
ECDSA,verify,203038,0.203038,0.99,0.0,256,64,64,957,liboqs,iot
ECDSA,verify,204736,0.204736,0.99,0.0,256,64,64,958,liboqs,iot
ECDSA,verify,201333,0.201333,0.99,0.0,256,64,64,959,liboqs,iot
ECDSA,verify,215073,0.215073,0.99,0.0,256,64,64,960,liboqs,iot
ECDSA,verify,210477,0.210477,0.99,0.0,256,64,64,961,liboqs,iot
ECDSA,verify,205592,0.205592,0.99,0.0,256,64,64,962,liboqs,iot
ECDSA,verify,200920,0.20092,0.99,0.0,256,64,64,963,liboqs,iot
ECDSA,verify,199852,0.199852,0.99,0.0,256,64,64,964,liboqs,iot
ECDSA,verify,200881,0.200881,0.99,0.0,256,64,64,965,liboqs,iot
ECDSA,verify,204165,0.204165,0.99,0.0,256,64,64,966,liboqs,iot
ECDSA,verify,203888,0.203888,0.99,0.0,256,64,64,967,liboqs,iot
ECDSA,verify,205584,0.205584,0.99,0.0,256,64,64,968,liboqs,iot
ECDSA,verify,211975,0.211975,0.99,0.0,256,64,64,969,liboqs,iot
ECDSA,verify,223574,0.223574,0.99,0.0,256,64,64,970,liboqs,iot
ECDSA,verify,214762,0.214762,0.99,0.0,256,64,64,971,liboqs,iot
ECDSA,verify,208041,0.208041,0.99,0.0,256,64,64,972,liboqs,iot
ECDSA,verify,201614,0.201614,0.99,0.0,256,64,64,973,liboqs,iot
ECDSA,verify,202536,0.202536,0.99,0.0,256,64,64,974,liboqs,iot
ECDSA,verify,202335,0.202335,0.99,0.0,256,64,64,975,liboqs,iot
ECDSA,verify,205149,0.205149,0.99,0.0,256,64,64,976,liboqs,iot
ECDSA,verify,204063,0.204063,0.99,0.0,256,64,64,977,liboqs,iot
ECDSA,verify,201373,0.201373,0.99,0.0,256,64,64,978,liboqs,iot
ECDSA,verify,209912,0.209912,0.99,0.0,256,64,64,979,liboqs,iot
ECDSA,verify,212023,0.212023,0.99,0.0,256,64,64,980,liboqs,iot
ECDSA,verify,202244,0.202244,0.99,0.0,256,64,64,981,liboqs,iot
ECDSA,verify,201836,0.201836,0.99,0.0,256,64,64,982,liboqs,iot
ECDSA,verify,200818,0.200818,0.99,0.0,256,64,64,983,liboqs,iot
ECDSA,verify,199970,0.19997,0.99,0.0,256,64,64,984,liboqs,iot
ECDSA,verify,200602,0.200602,0.99,0.0,256,64,64,985,liboqs,iot
ECDSA,verify,201465,0.201465,0.99,0.0,256,64,64,986,liboqs,iot
ECDSA,verify,200074,0.200074,0.99,0.0,256,64,64,987,liboqs,iot
ECDSA,verify,203755,0.203755,0.99,0.0,256,64,64,988,liboqs,iot
ECDSA,verify,208062,0.208062,0.99,0.0,256,64,64,989,liboqs,iot
ECDSA,verify,212485,0.212485,0.99,0.0,256,64,64,990,liboqs,iot
ECDSA,verify,209329,0.209329,0.99,0.0,256,64,64,991,liboqs,iot
ECDSA,verify,203956,0.203956,0.99,0.0,256,64,64,992,liboqs,iot
ECDSA,verify,203548,0.203548,0.99,0.0,256,64,64,993,liboqs,iot
ECDSA,verify,199605,0.199605,0.99,0.0,256,64,64,994,liboqs,iot
ECDSA,verify,202016,0.202016,0.99,0.0,256,64,64,995,liboqs,iot
ECDSA,verify,200903,0.200903,0.99,0.0,256,64,64,996,liboqs,iot
ECDSA,verify,207302,0.207302,0.99,0.0,256,64,64,997,liboqs,iot
ECDSA,verify,207387,0.207387,0.99,0.0,256,64,64,998,liboqs,iot
ECDSA,verify,201880,0.20188,0.99,0.0,256,64,64,999,liboqs,iot
Dilithium2,keygen,97165,0.097165,7.72,0.0,256,1312,0,0,liboqs,iot
Dilithium2,keygen,55586,0.055586,7.72,0.0,256,1312,0,1,liboqs,iot
Dilithium2,keygen,35114,0.035114,7.72,0.0,256,1312,0,2,liboqs,iot
Dilithium2,keygen,34301,0.034301,8.33,0.0,256,1312,0,3,liboqs,iot
Dilithium2,keygen,32086,0.032086,7.78,0.0,256,1312,0,4,liboqs,iot
Dilithium2,keygen,30997,0.030997,7.78,0.0,256,1312,0,5,liboqs,iot
Dilithium2,keygen,29924,0.029924,7.78,0.0,256,1312,0,6,liboqs,iot
Dilithium2,keygen,29635,0.029635,7.78,0.0,256,1312,0,7,liboqs,iot
Dilithium2,keygen,59200,0.0592,7.78,0.0,256,1312,0,8,liboqs,iot
Dilithium2,keygen,34998,0.034998,7.78,0.0,256,1312,0,9,liboqs,iot
Dilithium2,keygen,30493,0.030493,7.78,0.0,256,1312,0,10,liboqs,iot
Dilithium2,keygen,29627,0.029627,7.78,0.0,256,1312,0,11,liboqs,iot
Dilithium2,keygen,32333,0.032333,7.78,0.0,256,1312,0,12,liboqs,iot
Dilithium2,keygen,29260,0.02926,7.78,0.0,256,1312,0,13,liboqs,iot
Dilithium2,keygen,29475,0.029475,7.78,0.0,256,1312,0,14,liboqs,iot
Dilithium2,keygen,28680,0.02868,7.78,0.0,256,1312,0,15,liboqs,iot
Dilithium2,keygen,28001,0.028001,7.78,0.0,256,1312,0,16,liboqs,iot
Dilithium2,keygen,28248,0.028248,7.78,0.0,256,1312,0,17,liboqs,iot
Dilithium2,keygen,28686,0.028686,7.78,0.0,256,1312,0,18,liboqs,iot
Dilithium2,keygen,28046,0.028046,7.78,0.0,256,1312,0,19,liboqs,iot
Dilithium2,keygen,28785,0.028785,7.78,0.0,256,1312,0,20,liboqs,iot
Dilithium2,keygen,28195,0.028195,7.78,0.0,256,1312,0,21,liboqs,iot
Dilithium2,keygen,28058,0.028058,7.78,0.0,256,1312,0,22,liboqs,iot
Dilithium2,keygen,28592,0.028592,7.78,0.0,256,1312,0,23,liboqs,iot
Dilithium2,keygen,28264,0.028264,7.78,0.0,256,1312,0,24,liboqs,iot
Dilithium2,keygen,28294,0.028294,7.78,0.0,256,1312,0,25,liboqs,iot
Dilithium2,keygen,28266,0.028266,7.78,0.0,256,1312,0,26,liboqs,iot
Dilithium2,keygen,28477,0.028477,7.78,0.0,256,1312,0,27,liboqs,iot
Dilithium2,keygen,28578,0.028578,7.78,0.0,256,1312,0,28,liboqs,iot
Dilithium2,keygen,28284,0.028284,7.78,0.0,256,1312,0,29,liboqs,iot
Dilithium2,keygen,28145,0.028145,7.78,0.0,256,1312,0,30,liboqs,iot
Dilithium2,keygen,28114,0.028114,7.78,0.0,256,1312,0,31,liboqs,iot
Dilithium2,keygen,27800,0.0278,7.78,0.0,256,1312,0,32,liboqs,iot
Dilithium2,keygen,30295,0.030295,7.78,0.0,256,1312,0,33,liboqs,iot
Dilithium2,keygen,29160,0.02916,7.78,0.0,256,1312,0,34,liboqs,iot
Dilithium2,keygen,29523,0.029523,7.78,0.0,256,1312,0,35,liboqs,iot
Dilithium2,keygen,28889,0.028889,7.78,0.0,256,1312,0,36,liboqs,iot
Dilithium2,keygen,30419,0.030419,7.78,0.0,256,1312,0,37,liboqs,iot
Dilithium2,keygen,30243,0.030243,7.78,0.0,256,1312,0,38,liboqs,iot
Dilithium2,keygen,28722,0.028722,7.78,0.0,256,1312,0,39,liboqs,iot
Dilithium2,keygen,29785,0.029785,7.78,0.0,256,1312,0,40,liboqs,iot
Dilithium2,keygen,28790,0.02879,7.78,0.0,256,1312,0,41,liboqs,iot
Dilithium2,keygen,59609,0.059609,7.78,0.0,256,1312,0,42,liboqs,iot
Dilithium2,keygen,35974,0.035974,7.78,0.0,256,1312,0,43,liboqs,iot
Dilithium2,keygen,30270,0.03027,7.78,0.0,256,1312,0,44,liboqs,iot
Dilithium2,keygen,31578,0.031578,7.78,0.0,256,1312,0,45,liboqs,iot
Dilithium2,keygen,28842,0.028842,7.78,0.0,256,1312,0,46,liboqs,iot
Dilithium2,keygen,28697,0.028697,7.78,0.0,256,1312,0,47,liboqs,iot
Dilithium2,keygen,30664,0.030664,7.78,0.0,256,1312,0,48,liboqs,iot
Dilithium2,keygen,40545,0.040545,7.78,0.0,256,1312,0,49,liboqs,iot
Dilithium2,keygen,35617,0.035617,7.78,0.0,256,1312,0,50,liboqs,iot
Dilithium2,keygen,33306,0.033306,7.78,0.0,256,1312,0,51,liboqs,iot
Dilithium2,keygen,29402,0.029402,7.78,0.0,256,1312,0,52,liboqs,iot
Dilithium2,keygen,30045,0.030045,7.78,0.0,256,1312,0,53,liboqs,iot
Dilithium2,keygen,28731,0.028731,7.78,0.0,256,1312,0,54,liboqs,iot
Dilithium2,keygen,29850,0.02985,7.78,0.0,256,1312,0,55,liboqs,iot
Dilithium2,keygen,28415,0.028415,7.78,0.0,256,1312,0,56,liboqs,iot
Dilithium2,keygen,29130,0.02913,7.78,0.0,256,1312,0,57,liboqs,iot
Dilithium2,keygen,29222,0.029222,7.78,0.0,256,1312,0,58,liboqs,iot
Dilithium2,keygen,28344,0.028344,7.78,0.0,256,1312,0,59,liboqs,iot
Dilithium2,keygen,28999,0.028999,7.78,0.0,256,1312,0,60,liboqs,iot
Dilithium2,keygen,28374,0.028374,7.78,0.0,256,1312,0,61,liboqs,iot
Dilithium2,keygen,28514,0.028514,7.78,0.0,256,1312,0,62,liboqs,iot
Dilithium2,keygen,28686,0.028686,7.78,0.0,256,1312,0,63,liboqs,iot
Dilithium2,keygen,28784,0.028784,7.78,0.0,256,1312,0,64,liboqs,iot
Dilithium2,keygen,29244,0.029244,7.78,0.0,256,1312,0,65,liboqs,iot
Dilithium2,keygen,28397,0.028397,7.78,0.0,256,1312,0,66,liboqs,iot
Dilithium2,keygen,28165,0.028165,7.78,0.0,256,1312,0,67,liboqs,iot
Dilithium2,keygen,28766,0.028766,7.78,0.0,256,1312,0,68,liboqs,iot
Dilithium2,keygen,29223,0.029223,7.78,0.0,256,1312,0,69,liboqs,iot
Dilithium2,keygen,27901,0.027901,7.78,0.0,256,1312,0,70,liboqs,iot
Dilithium2,keygen,28805,0.028805,7.78,0.0,256,1312,0,71,liboqs,iot
Dilithium2,keygen,28375,0.028375,7.78,0.0,256,1312,0,72,liboqs,iot
Dilithium2,keygen,29762,0.029762,7.78,0.0,256,1312,0,73,liboqs,iot
Dilithium2,keygen,28968,0.028968,7.78,0.0,256,1312,0,74,liboqs,iot
Dilithium2,keygen,29447,0.029447,7.78,0.0,256,1312,0,75,liboqs,iot
Dilithium2,keygen,28832,0.028832,7.78,0.0,256,1312,0,76,liboqs,iot
Dilithium2,keygen,29374,0.029374,7.78,0.0,256,1312,0,77,liboqs,iot
Dilithium2,keygen,28282,0.028282,7.78,0.0,256,1312,0,78,liboqs,iot
Dilithium2,keygen,28005,0.028005,7.78,0.0,256,1312,0,79,liboqs,iot
Dilithium2,keygen,28212,0.028212,7.78,0.0,256,1312,0,80,liboqs,iot
Dilithium2,keygen,28940,0.02894,7.78,0.0,256,1312,0,81,liboqs,iot
Dilithium2,keygen,27630,0.02763,7.78,0.0,256,1312,0,82,liboqs,iot
Dilithium2,keygen,28710,0.02871,7.78,0.0,256,1312,0,83,liboqs,iot
Dilithium2,keygen,46842,0.046842,7.78,0.0,256,1312,0,84,liboqs,iot
Dilithium2,keygen,35766,0.035766,7.78,0.0,256,1312,0,85,liboqs,iot
Dilithium2,keygen,32253,0.032253,7.78,0.0,256,1312,0,86,liboqs,iot
Dilithium2,keygen,29705,0.029705,7.78,0.0,256,1312,0,87,liboqs,iot
Dilithium2,keygen,29234,0.029234,7.78,0.0,256,1312,0,88,liboqs,iot
Dilithium2,keygen,28762,0.028762,7.78,0.0,256,1312,0,89,liboqs,iot
Dilithium2,keygen,29305,0.029305,7.78,0.0,256,1312,0,90,liboqs,iot
Dilithium2,keygen,29563,0.029563,7.78,0.0,256,1312,0,91,liboqs,iot
Dilithium2,keygen,28551,0.028551,7.78,0.0,256,1312,0,92,liboqs,iot
Dilithium2,keygen,29103,0.029103,7.78,0.0,256,1312,0,93,liboqs,iot
Dilithium2,keygen,30200,0.0302,7.78,0.0,256,1312,0,94,liboqs,iot
Dilithium2,keygen,29375,0.029375,7.78,0.0,256,1312,0,95,liboqs,iot
Dilithium2,keygen,27567,0.027567,7.78,0.0,256,1312,0,96,liboqs,iot
Dilithium2,keygen,28187,0.028187,7.78,0.0,256,1312,0,97,liboqs,iot
Dilithium2,keygen,28998,0.028998,7.78,0.0,256,1312,0,98,liboqs,iot
Dilithium2,keygen,28867,0.028867,7.78,0.0,256,1312,0,99,liboqs,iot
Dilithium2,keygen,28366,0.028366,7.78,0.0,256,1312,0,100,liboqs,iot
Dilithium2,keygen,27771,0.027771,7.78,0.0,256,1312,0,101,liboqs,iot
Dilithium2,keygen,27678,0.027678,7.78,0.0,256,1312,0,102,liboqs,iot
Dilithium2,keygen,28981,0.028981,7.78,0.0,256,1312,0,103,liboqs,iot
Dilithium2,keygen,27574,0.027574,7.78,0.0,256,1312,0,104,liboqs,iot
Dilithium2,keygen,27935,0.027935,7.78,0.0,256,1312,0,105,liboqs,iot
Dilithium2,keygen,27748,0.027748,7.78,0.0,256,1312,0,106,liboqs,iot
Dilithium2,keygen,28461,0.028461,7.78,0.0,256,1312,0,107,liboqs,iot
Dilithium2,keygen,27645,0.027645,7.78,0.0,256,1312,0,108,liboqs,iot
Dilithium2,keygen,28534,0.028534,7.78,0.0,256,1312,0,109,liboqs,iot
Dilithium2,keygen,27985,0.027985,7.78,0.0,256,1312,0,110,liboqs,iot
Dilithium2,keygen,28483,0.028483,7.78,0.0,256,1312,0,111,liboqs,iot
Dilithium2,keygen,27620,0.02762,7.78,0.0,256,1312,0,112,liboqs,iot
Dilithium2,keygen,42898,0.042898,7.78,0.0,256,1312,0,113,liboqs,iot
Dilithium2,keygen,33453,0.033453,7.78,0.0,256,1312,0,114,liboqs,iot
Dilithium2,keygen,30679,0.030679,7.78,0.0,256,1312,0,115,liboqs,iot
Dilithium2,keygen,29860,0.02986,7.78,0.0,256,1312,0,116,liboqs,iot
Dilithium2,keygen,29195,0.029195,7.78,0.0,256,1312,0,117,liboqs,iot
Dilithium2,keygen,27838,0.027838,7.78,0.0,256,1312,0,118,liboqs,iot
Dilithium2,keygen,28364,0.028364,7.78,0.0,256,1312,0,119,liboqs,iot
Dilithium2,keygen,28298,0.028298,7.78,0.0,256,1312,0,120,liboqs,iot
Dilithium2,keygen,27920,0.02792,7.78,0.0,256,1312,0,121,liboqs,iot
Dilithium2,keygen,29313,0.029313,7.78,0.0,256,1312,0,122,liboqs,iot
Dilithium2,keygen,28795,0.028795,7.78,0.0,256,1312,0,123,liboqs,iot
Dilithium2,keygen,28224,0.028224,7.78,0.0,256,1312,0,124,liboqs,iot
Dilithium2,keygen,29346,0.029346,7.78,0.0,256,1312,0,125,liboqs,iot
Dilithium2,keygen,27955,0.027955,7.78,0.0,256,1312,0,126,liboqs,iot
Dilithium2,keygen,27552,0.027552,7.78,0.0,256,1312,0,127,liboqs,iot
Dilithium2,keygen,27853,0.027853,7.78,0.0,256,1312,0,128,liboqs,iot
Dilithium2,keygen,29786,0.029786,7.78,0.0,256,1312,0,129,liboqs,iot
Dilithium2,keygen,28707,0.028707,7.78,0.0,256,1312,0,130,liboqs,iot
Dilithium2,keygen,31362,0.031362,7.78,0.0,256,1312,0,131,liboqs,iot
Dilithium2,keygen,47957,0.047957,7.78,0.0,256,1312,0,132,liboqs,iot
Dilithium2,keygen,34418,0.034418,7.78,0.0,256,1312,0,133,liboqs,iot
Dilithium2,keygen,29187,0.029187,7.78,0.0,256,1312,0,134,liboqs,iot
Dilithium2,keygen,30020,0.03002,7.78,0.0,256,1312,0,135,liboqs,iot
Dilithium2,keygen,28229,0.028229,7.78,0.0,256,1312,0,136,liboqs,iot
Dilithium2,keygen,28274,0.028274,7.78,0.0,256,1312,0,137,liboqs,iot
Dilithium2,keygen,28084,0.028084,7.78,0.0,256,1312,0,138,liboqs,iot
Dilithium2,keygen,30979,0.030979,7.78,0.0,256,1312,0,139,liboqs,iot
Dilithium2,keygen,27559,0.027559,7.78,0.0,256,1312,0,140,liboqs,iot
Dilithium2,keygen,28168,0.028168,7.78,0.0,256,1312,0,141,liboqs,iot
Dilithium2,keygen,28060,0.02806,7.78,0.0,256,1312,0,142,liboqs,iot
Dilithium2,keygen,29128,0.029128,7.78,0.0,256,1312,0,143,liboqs,iot
Dilithium2,keygen,27819,0.027819,7.78,0.0,256,1312,0,144,liboqs,iot
Dilithium2,keygen,27883,0.027883,7.78,0.0,256,1312,0,145,liboqs,iot
Dilithium2,keygen,28052,0.028052,7.78,0.0,256,1312,0,146,liboqs,iot
Dilithium2,keygen,28969,0.028969,7.78,0.0,256,1312,0,147,liboqs,iot
Dilithium2,keygen,28071,0.028071,7.78,0.0,256,1312,0,148,liboqs,iot
Dilithium2,keygen,28859,0.028859,7.78,0.0,256,1312,0,149,liboqs,iot
Dilithium2,keygen,28465,0.028465,7.78,0.0,256,1312,0,150,liboqs,iot
Dilithium2,keygen,32268,0.032268,7.78,0.0,256,1312,0,151,liboqs,iot
Dilithium2,keygen,27787,0.027787,7.78,0.0,256,1312,0,152,liboqs,iot
Dilithium2,keygen,28790,0.02879,7.78,0.0,256,1312,0,153,liboqs,iot
Dilithium2,keygen,28339,0.028339,7.78,0.0,256,1312,0,154,liboqs,iot
Dilithium2,keygen,30656,0.030656,7.78,0.0,256,1312,0,155,liboqs,iot
Dilithium2,keygen,28442,0.028442,7.78,0.0,256,1312,0,156,liboqs,iot
Dilithium2,keygen,28851,0.028851,7.78,0.0,256,1312,0,157,liboqs,iot
Dilithium2,keygen,28959,0.028959,7.78,0.0,256,1312,0,158,liboqs,iot
Dilithium2,keygen,29361,0.029361,7.78,0.0,256,1312,0,159,liboqs,iot
Dilithium2,keygen,28472,0.028472,7.78,0.0,256,1312,0,160,liboqs,iot
Dilithium2,keygen,29287,0.029287,7.78,0.0,256,1312,0,161,liboqs,iot
Dilithium2,keygen,29665,0.029665,7.78,0.0,256,1312,0,162,liboqs,iot
Dilithium2,keygen,28810,0.02881,7.78,0.0,256,1312,0,163,liboqs,iot
Dilithium2,keygen,28468,0.028468,7.78,0.0,256,1312,0,164,liboqs,iot
Dilithium2,keygen,27891,0.027891,7.78,0.0,256,1312,0,165,liboqs,iot
Dilithium2,keygen,30394,0.030394,7.78,0.0,256,1312,0,166,liboqs,iot
Dilithium2,keygen,37722,0.037722,7.78,0.0,256,1312,0,167,liboqs,iot
Dilithium2,keygen,35408,0.035408,7.78,0.0,256,1312,0,168,liboqs,iot
Dilithium2,keygen,30975,0.030975,7.78,0.0,256,1312,0,169,liboqs,iot
Dilithium2,keygen,29032,0.029032,7.78,0.0,256,1312,0,170,liboqs,iot
Dilithium2,keygen,29375,0.029375,7.78,0.0,256,1312,0,171,liboqs,iot
Dilithium2,keygen,46701,0.046701,7.78,0.0,256,1312,0,172,liboqs,iot
Dilithium2,keygen,35860,0.03586,7.78,0.0,256,1312,0,173,liboqs,iot
Dilithium2,keygen,30578,0.030578,7.78,0.0,256,1312,0,174,liboqs,iot
Dilithium2,keygen,30213,0.030213,7.78,0.0,256,1312,0,175,liboqs,iot
Dilithium2,keygen,28813,0.028813,7.78,0.0,256,1312,0,176,liboqs,iot
Dilithium2,keygen,31382,0.031382,7.78,0.0,256,1312,0,177,liboqs,iot
Dilithium2,keygen,31527,0.031527,7.78,0.0,256,1312,0,178,liboqs,iot
Dilithium2,keygen,28320,0.02832,7.78,0.0,256,1312,0,179,liboqs,iot
Dilithium2,keygen,29538,0.029538,7.78,0.0,256,1312,0,180,liboqs,iot
Dilithium2,keygen,28778,0.028778,7.78,0.0,256,1312,0,181,liboqs,iot
Dilithium2,keygen,29240,0.02924,7.78,0.0,256,1312,0,182,liboqs,iot
Dilithium2,keygen,28177,0.028177,7.78,0.0,256,1312,0,183,liboqs,iot
Dilithium2,keygen,28826,0.028826,7.78,0.0,256,1312,0,184,liboqs,iot
Dilithium2,keygen,28387,0.028387,7.78,0.0,256,1312,0,185,liboqs,iot
Dilithium2,keygen,28551,0.028551,7.78,0.0,256,1312,0,186,liboqs,iot
Dilithium2,keygen,29749,0.029749,7.78,0.0,256,1312,0,187,liboqs,iot
Dilithium2,keygen,27636,0.027636,7.78,0.0,256,1312,0,188,liboqs,iot
Dilithium2,keygen,28875,0.028875,7.78,0.0,256,1312,0,189,liboqs,iot
Dilithium2,keygen,29036,0.029036,7.78,0.0,256,1312,0,190,liboqs,iot
Dilithium2,keygen,27684,0.027684,7.78,0.0,256,1312,0,191,liboqs,iot
Dilithium2,keygen,28591,0.028591,7.78,0.0,256,1312,0,192,liboqs,iot
Dilithium2,keygen,27897,0.027897,7.78,0.0,256,1312,0,193,liboqs,iot
Dilithium2,keygen,28568,0.028568,7.78,0.0,256,1312,0,194,liboqs,iot
Dilithium2,keygen,29642,0.029642,7.78,0.0,256,1312,0,195,liboqs,iot
Dilithium2,keygen,28175,0.028175,7.78,0.0,256,1312,0,196,liboqs,iot
Dilithium2,keygen,29532,0.029532,7.78,0.0,256,1312,0,197,liboqs,iot
Dilithium2,keygen,28071,0.028071,7.78,0.0,256,1312,0,198,liboqs,iot
Dilithium2,keygen,28598,0.028598,7.78,0.0,256,1312,0,199,liboqs,iot
Dilithium2,keygen,29182,0.029182,7.78,0.0,256,1312,0,200,liboqs,iot
Dilithium2,keygen,28909,0.028909,7.78,0.0,256,1312,0,201,liboqs,iot
Dilithium2,keygen,36119,0.036119,7.78,0.0,256,1312,0,202,liboqs,iot
Dilithium2,keygen,31335,0.031335,7.78,0.0,256,1312,0,203,liboqs,iot
Dilithium2,keygen,30020,0.03002,7.78,0.0,256,1312,0,204,liboqs,iot
Dilithium2,keygen,28172,0.028172,7.78,0.0,256,1312,0,205,liboqs,iot
Dilithium2,keygen,28831,0.028831,7.78,0.0,256,1312,0,206,liboqs,iot
Dilithium2,keygen,28289,0.028289,7.78,0.0,256,1312,0,207,liboqs,iot
Dilithium2,keygen,29580,0.02958,7.78,0.0,256,1312,0,208,liboqs,iot
Dilithium2,keygen,29304,0.029304,7.78,0.0,256,1312,0,209,liboqs,iot
Dilithium2,keygen,28017,0.028017,7.78,0.0,256,1312,0,210,liboqs,iot
Dilithium2,keygen,28324,0.028324,7.78,0.0,256,1312,0,211,liboqs,iot
Dilithium2,keygen,28102,0.028102,7.78,0.0,256,1312,0,212,liboqs,iot
Dilithium2,keygen,27939,0.027939,7.78,0.0,256,1312,0,213,liboqs,iot
Dilithium2,keygen,28267,0.028267,7.78,0.0,256,1312,0,214,liboqs,iot
Dilithium2,keygen,29519,0.029519,7.78,0.0,256,1312,0,215,liboqs,iot
Dilithium2,keygen,28126,0.028126,7.78,0.0,256,1312,0,216,liboqs,iot
Dilithium2,keygen,28332,0.028332,7.78,0.0,256,1312,0,217,liboqs,iot
Dilithium2,keygen,27957,0.027957,7.78,0.0,256,1312,0,218,liboqs,iot
Dilithium2,keygen,27689,0.027689,7.78,0.0,256,1312,0,219,liboqs,iot
Dilithium2,keygen,46584,0.046584,7.78,0.0,256,1312,0,220,liboqs,iot
Dilithium2,keygen,36894,0.036894,7.78,0.0,256,1312,0,221,liboqs,iot
Dilithium2,keygen,30423,0.030423,7.78,0.0,256,1312,0,222,liboqs,iot
Dilithium2,keygen,29121,0.029121,7.78,0.0,256,1312,0,223,liboqs,iot
Dilithium2,keygen,28680,0.02868,7.78,0.0,256,1312,0,224,liboqs,iot
Dilithium2,keygen,28454,0.028454,7.78,0.0,256,1312,0,225,liboqs,iot
Dilithium2,keygen,29277,0.029277,7.78,0.0,256,1312,0,226,liboqs,iot
Dilithium2,keygen,28572,0.028572,7.78,0.0,256,1312,0,227,liboqs,iot
Dilithium2,keygen,29458,0.029458,7.78,0.0,256,1312,0,228,liboqs,iot
Dilithium2,keygen,39056,0.039056,7.78,0.0,256,1312,0,229,liboqs,iot
Dilithium2,keygen,34034,0.034034,7.78,0.0,256,1312,0,230,liboqs,iot
Dilithium2,keygen,30710,0.03071,7.78,0.0,256,1312,0,231,liboqs,iot
Dilithium2,keygen,29909,0.029909,7.78,0.0,256,1312,0,232,liboqs,iot
Dilithium2,keygen,29681,0.029681,7.78,0.0,256,1312,0,233,liboqs,iot
Dilithium2,keygen,28460,0.02846,7.78,0.0,256,1312,0,234,liboqs,iot
Dilithium2,keygen,28242,0.028242,7.78,0.0,256,1312,0,235,liboqs,iot
Dilithium2,keygen,28841,0.028841,7.78,0.0,256,1312,0,236,liboqs,iot
Dilithium2,keygen,28010,0.02801,7.78,0.0,256,1312,0,237,liboqs,iot
Dilithium2,keygen,27694,0.027694,7.78,0.0,256,1312,0,238,liboqs,iot
Dilithium2,keygen,27769,0.027769,7.78,0.0,256,1312,0,239,liboqs,iot
Dilithium2,keygen,27926,0.027926,7.78,0.0,256,1312,0,240,liboqs,iot
Dilithium2,keygen,28878,0.028878,7.78,0.0,256,1312,0,241,liboqs,iot
Dilithium2,keygen,28116,0.028116,7.78,0.0,256,1312,0,242,liboqs,iot
Dilithium2,keygen,28606,0.028606,7.78,0.0,256,1312,0,243,liboqs,iot
Dilithium2,keygen,29154,0.029154,7.78,0.0,256,1312,0,244,liboqs,iot
Dilithium2,keygen,27814,0.027814,7.78,0.0,256,1312,0,245,liboqs,iot
Dilithium2,keygen,27991,0.027991,7.78,0.0,256,1312,0,246,liboqs,iot
Dilithium2,keygen,28090,0.02809,7.78,0.0,256,1312,0,247,liboqs,iot
Dilithium2,keygen,28119,0.028119,7.78,0.0,256,1312,0,248,liboqs,iot
Dilithium2,keygen,28281,0.028281,7.78,0.0,256,1312,0,249,liboqs,iot
Dilithium2,keygen,29064,0.029064,7.78,0.0,256,1312,0,250,liboqs,iot
Dilithium2,keygen,28633,0.028633,7.78,0.0,256,1312,0,251,liboqs,iot
Dilithium2,keygen,28041,0.028041,7.78,0.0,256,1312,0,252,liboqs,iot
Dilithium2,keygen,28486,0.028486,7.78,0.0,256,1312,0,253,liboqs,iot
Dilithium2,keygen,28568,0.028568,7.78,0.0,256,1312,0,254,liboqs,iot
Dilithium2,keygen,28034,0.028034,7.78,0.0,256,1312,0,255,liboqs,iot
Dilithium2,keygen,35610,0.03561,7.78,0.0,256,1312,0,256,liboqs,iot
Dilithium2,keygen,29415,0.029415,7.78,0.0,256,1312,0,257,liboqs,iot
Dilithium2,keygen,29301,0.029301,7.78,0.0,256,1312,0,258,liboqs,iot
Dilithium2,keygen,29291,0.029291,7.78,0.0,256,1312,0,259,liboqs,iot
Dilithium2,keygen,28194,0.028194,7.78,0.0,256,1312,0,260,liboqs,iot
Dilithium2,keygen,28166,0.028166,7.78,0.0,256,1312,0,261,liboqs,iot
Dilithium2,keygen,45054,0.045054,7.78,0.0,256,1312,0,262,liboqs,iot
Dilithium2,keygen,33698,0.033698,7.78,0.0,256,1312,0,263,liboqs,iot
Dilithium2,keygen,51374,0.051374,7.78,0.0,256,1312,0,264,liboqs,iot
Dilithium2,keygen,33001,0.033001,7.78,0.0,256,1312,0,265,liboqs,iot
Dilithium2,keygen,31143,0.031143,7.78,0.0,256,1312,0,266,liboqs,iot
Dilithium2,keygen,29261,0.029261,7.78,0.0,256,1312,0,267,liboqs,iot
Dilithium2,keygen,28526,0.028526,7.78,0.0,256,1312,0,268,liboqs,iot
Dilithium2,keygen,31460,0.03146,7.78,0.0,256,1312,0,269,liboqs,iot
Dilithium2,keygen,28765,0.028765,7.78,0.0,256,1312,0,270,liboqs,iot
Dilithium2,keygen,28461,0.028461,7.78,0.0,256,1312,0,271,liboqs,iot
Dilithium2,keygen,31035,0.031035,7.78,0.0,256,1312,0,272,liboqs,iot
Dilithium2,keygen,28454,0.028454,7.78,0.0,256,1312,0,273,liboqs,iot
Dilithium2,keygen,28581,0.028581,7.78,0.0,256,1312,0,274,liboqs,iot
Dilithium2,keygen,30222,0.030222,7.78,0.0,256,1312,0,275,liboqs,iot
Dilithium2,keygen,29950,0.02995,7.78,0.0,256,1312,0,276,liboqs,iot
Dilithium2,keygen,29716,0.029716,7.78,0.0,256,1312,0,277,liboqs,iot
Dilithium2,keygen,28481,0.028481,7.78,0.0,256,1312,0,278,liboqs,iot
Dilithium2,keygen,28174,0.028174,7.78,0.0,256,1312,0,279,liboqs,iot
Dilithium2,keygen,29484,0.029484,7.78,0.0,256,1312,0,280,liboqs,iot
Dilithium2,keygen,29792,0.029792,7.78,0.0,256,1312,0,281,liboqs,iot
Dilithium2,keygen,27610,0.02761,7.78,0.0,256,1312,0,282,liboqs,iot
Dilithium2,keygen,29058,0.029058,7.78,0.0,256,1312,0,283,liboqs,iot
Dilithium2,keygen,28145,0.028145,7.78,0.0,256,1312,0,284,liboqs,iot
Dilithium2,keygen,28771,0.028771,7.78,0.0,256,1312,0,285,liboqs,iot
Dilithium2,keygen,27607,0.027607,7.78,0.0,256,1312,0,286,liboqs,iot
Dilithium2,keygen,29044,0.029044,7.78,0.0,256,1312,0,287,liboqs,iot
Dilithium2,keygen,28996,0.028996,7.78,0.0,256,1312,0,288,liboqs,iot
Dilithium2,keygen,29181,0.029181,7.78,0.0,256,1312,0,289,liboqs,iot
Dilithium2,keygen,28147,0.028147,7.78,0.0,256,1312,0,290,liboqs,iot
Dilithium2,keygen,28874,0.028874,7.78,0.0,256,1312,0,291,liboqs,iot
Dilithium2,keygen,39317,0.039317,7.78,0.0,256,1312,0,292,liboqs,iot
Dilithium2,keygen,33856,0.033856,7.78,0.0,256,1312,0,293,liboqs,iot
Dilithium2,keygen,31170,0.03117,7.78,0.0,256,1312,0,294,liboqs,iot
Dilithium2,keygen,29073,0.029073,7.78,0.0,256,1312,0,295,liboqs,iot
Dilithium2,keygen,29463,0.029463,7.78,0.0,256,1312,0,296,liboqs,iot
Dilithium2,keygen,30197,0.030197,7.78,0.0,256,1312,0,297,liboqs,iot
Dilithium2,keygen,28535,0.028535,7.78,0.0,256,1312,0,298,liboqs,iot
Dilithium2,keygen,29273,0.029273,7.78,0.0,256,1312,0,299,liboqs,iot
Dilithium2,keygen,28157,0.028157,7.78,0.0,256,1312,0,300,liboqs,iot
Dilithium2,keygen,29283,0.029283,7.78,0.0,256,1312,0,301,liboqs,iot
Dilithium2,keygen,29797,0.029797,7.78,0.0,256,1312,0,302,liboqs,iot
Dilithium2,keygen,28160,0.02816,7.78,0.0,256,1312,0,303,liboqs,iot
Dilithium2,keygen,29090,0.02909,7.78,0.0,256,1312,0,304,liboqs,iot
Dilithium2,keygen,27956,0.027956,7.78,0.0,256,1312,0,305,liboqs,iot
Dilithium2,keygen,51701,0.051701,7.78,0.0,256,1312,0,306,liboqs,iot
Dilithium2,keygen,34537,0.034537,7.78,0.0,256,1312,0,307,liboqs,iot
Dilithium2,keygen,29782,0.029782,7.78,0.0,256,1312,0,308,liboqs,iot
Dilithium2,keygen,30721,0.030721,7.78,0.0,256,1312,0,309,liboqs,iot
Dilithium2,keygen,29169,0.029169,7.78,0.0,256,1312,0,310,liboqs,iot
Dilithium2,keygen,29690,0.02969,7.78,0.0,256,1312,0,311,liboqs,iot
Dilithium2,keygen,28635,0.028635,7.78,0.0,256,1312,0,312,liboqs,iot
Dilithium2,keygen,30423,0.030423,7.78,0.0,256,1312,0,313,liboqs,iot
Dilithium2,keygen,30471,0.030471,7.78,0.0,256,1312,0,314,liboqs,iot
Dilithium2,keygen,28545,0.028545,7.78,0.0,256,1312,0,315,liboqs,iot
Dilithium2,keygen,28257,0.028257,7.78,0.0,256,1312,0,316,liboqs,iot
Dilithium2,keygen,29779,0.029779,7.78,0.0,256,1312,0,317,liboqs,iot
Dilithium2,keygen,29334,0.029334,7.78,0.0,256,1312,0,318,liboqs,iot
Dilithium2,keygen,28263,0.028263,7.78,0.0,256,1312,0,319,liboqs,iot
Dilithium2,keygen,28974,0.028974,7.78,0.0,256,1312,0,320,liboqs,iot
Dilithium2,keygen,28147,0.028147,7.78,0.0,256,1312,0,321,liboqs,iot
Dilithium2,keygen,30300,0.0303,7.78,0.0,256,1312,0,322,liboqs,iot
Dilithium2,keygen,28465,0.028465,7.78,0.0,256,1312,0,323,liboqs,iot
Dilithium2,keygen,29199,0.029199,7.78,0.0,256,1312,0,324,liboqs,iot
Dilithium2,keygen,28096,0.028096,7.78,0.0,256,1312,0,325,liboqs,iot
Dilithium2,keygen,28923,0.028923,7.78,0.0,256,1312,0,326,liboqs,iot
Dilithium2,keygen,28348,0.028348,7.78,0.0,256,1312,0,327,liboqs,iot
Dilithium2,keygen,31560,0.03156,7.78,0.0,256,1312,0,328,liboqs,iot
Dilithium2,keygen,28443,0.028443,7.78,0.0,256,1312,0,329,liboqs,iot
Dilithium2,keygen,29032,0.029032,7.78,0.0,256,1312,0,330,liboqs,iot
Dilithium2,keygen,28546,0.028546,7.78,0.0,256,1312,0,331,liboqs,iot
Dilithium2,keygen,28073,0.028073,7.78,0.0,256,1312,0,332,liboqs,iot
Dilithium2,keygen,30196,0.030196,7.78,0.0,256,1312,0,333,liboqs,iot
Dilithium2,keygen,27685,0.027685,7.78,0.0,256,1312,0,334,liboqs,iot
Dilithium2,keygen,29107,0.029107,7.78,0.0,256,1312,0,335,liboqs,iot
Dilithium2,keygen,27998,0.027998,7.78,0.0,256,1312,0,336,liboqs,iot
Dilithium2,keygen,28238,0.028238,7.78,0.0,256,1312,0,337,liboqs,iot
Dilithium2,keygen,28363,0.028363,7.78,0.0,256,1312,0,338,liboqs,iot
Dilithium2,keygen,29103,0.029103,7.78,0.0,256,1312,0,339,liboqs,iot
Dilithium2,keygen,41219,0.041219,7.78,0.0,256,1312,0,340,liboqs,iot
Dilithium2,keygen,52019,0.052019,9.99,0.0,256,1312,0,341,liboqs,iot
Dilithium2,keygen,31436,0.031436,7.78,0.0,256,1312,0,342,liboqs,iot
Dilithium2,keygen,30850,0.03085,7.78,0.0,256,1312,0,343,liboqs,iot
Dilithium2,keygen,31392,0.031392,7.78,0.0,256,1312,0,344,liboqs,iot
Dilithium2,keygen,42452,0.042452,7.78,0.0,256,1312,0,345,liboqs,iot
Dilithium2,keygen,34768,0.034768,7.78,0.0,256,1312,0,346,liboqs,iot
Dilithium2,keygen,31311,0.031311,7.78,0.0,256,1312,0,347,liboqs,iot
Dilithium2,keygen,29230,0.02923,7.78,0.0,256,1312,0,348,liboqs,iot
Dilithium2,keygen,29116,0.029116,7.78,0.0,256,1312,0,349,liboqs,iot
Dilithium2,keygen,50555,0.050555,7.78,0.0,256,1312,0,350,liboqs,iot
Dilithium2,keygen,36035,0.036035,7.78,0.0,256,1312,0,351,liboqs,iot
Dilithium2,keygen,30673,0.030673,7.78,0.0,256,1312,0,352,liboqs,iot
Dilithium2,keygen,32608,0.032608,7.78,0.0,256,1312,0,353,liboqs,iot
Dilithium2,keygen,29767,0.029767,7.78,0.0,256,1312,0,354,liboqs,iot
Dilithium2,keygen,28805,0.028805,7.78,0.0,256,1312,0,355,liboqs,iot
Dilithium2,keygen,28140,0.02814,7.78,0.0,256,1312,0,356,liboqs,iot
Dilithium2,keygen,28674,0.028674,7.78,0.0,256,1312,0,357,liboqs,iot
Dilithium2,keygen,28371,0.028371,7.78,0.0,256,1312,0,358,liboqs,iot
Dilithium2,keygen,30207,0.030207,7.78,0.0,256,1312,0,359,liboqs,iot
Dilithium2,keygen,29547,0.029547,7.78,0.0,256,1312,0,360,liboqs,iot
Dilithium2,keygen,28220,0.02822,7.78,0.0,256,1312,0,361,liboqs,iot
Dilithium2,keygen,27770,0.02777,7.78,0.0,256,1312,0,362,liboqs,iot
Dilithium2,keygen,27829,0.027829,7.78,0.0,256,1312,0,363,liboqs,iot
Dilithium2,keygen,27999,0.027999,7.78,0.0,256,1312,0,364,liboqs,iot
Dilithium2,keygen,28162,0.028162,7.78,0.0,256,1312,0,365,liboqs,iot
Dilithium2,keygen,29034,0.029034,7.78,0.0,256,1312,0,366,liboqs,iot
Dilithium2,keygen,28323,0.028323,7.78,0.0,256,1312,0,367,liboqs,iot
Dilithium2,keygen,27862,0.027862,7.78,0.0,256,1312,0,368,liboqs,iot
Dilithium2,keygen,28048,0.028048,7.78,0.0,256,1312,0,369,liboqs,iot
Dilithium2,keygen,28357,0.028357,7.78,0.0,256,1312,0,370,liboqs,iot
Dilithium2,keygen,27694,0.027694,7.78,0.0,256,1312,0,371,liboqs,iot
Dilithium2,keygen,27491,0.027491,7.78,0.0,256,1312,0,372,liboqs,iot
Dilithium2,keygen,27960,0.02796,7.78,0.0,256,1312,0,373,liboqs,iot
Dilithium2,keygen,28847,0.028847,7.78,0.0,256,1312,0,374,liboqs,iot
Dilithium2,keygen,27878,0.027878,7.78,0.0,256,1312,0,375,liboqs,iot
Dilithium2,keygen,27312,0.027312,7.78,0.0,256,1312,0,376,liboqs,iot
Dilithium2,keygen,27523,0.027523,7.78,0.0,256,1312,0,377,liboqs,iot
Dilithium2,keygen,38868,0.038868,7.78,0.0,256,1312,0,378,liboqs,iot
Dilithium2,keygen,30464,0.030464,7.78,0.0,256,1312,0,379,liboqs,iot
Dilithium2,keygen,28046,0.028046,7.78,0.0,256,1312,0,380,liboqs,iot
Dilithium2,keygen,27881,0.027881,7.78,0.0,256,1312,0,381,liboqs,iot
Dilithium2,keygen,28736,0.028736,7.78,0.0,256,1312,0,382,liboqs,iot
Dilithium2,keygen,28277,0.028277,7.78,0.0,256,1312,0,383,liboqs,iot
Dilithium2,keygen,27724,0.027724,7.78,0.0,256,1312,0,384,liboqs,iot
Dilithium2,keygen,27634,0.027634,7.78,0.0,256,1312,0,385,liboqs,iot
Dilithium2,keygen,29325,0.029325,7.78,0.0,256,1312,0,386,liboqs,iot
Dilithium2,keygen,27618,0.027618,7.78,0.0,256,1312,0,387,liboqs,iot
Dilithium2,keygen,28402,0.028402,7.78,0.0,256,1312,0,388,liboqs,iot
Dilithium2,keygen,27425,0.027425,7.78,0.0,256,1312,0,389,liboqs,iot
Dilithium2,keygen,27558,0.027558,7.78,0.0,256,1312,0,390,liboqs,iot
Dilithium2,keygen,27631,0.027631,7.78,0.0,256,1312,0,391,liboqs,iot
Dilithium2,keygen,31167,0.031167,7.78,0.0,256,1312,0,392,liboqs,iot
Dilithium2,keygen,27765,0.027765,7.78,0.0,256,1312,0,393,liboqs,iot
Dilithium2,keygen,29489,0.029489,7.78,0.0,256,1312,0,394,liboqs,iot
Dilithium2,keygen,38739,0.038739,7.78,0.0,256,1312,0,395,liboqs,iot
Dilithium2,keygen,32348,0.032348,7.78,0.0,256,1312,0,396,liboqs,iot
Dilithium2,keygen,30662,0.030662,7.78,0.0,256,1312,0,397,liboqs,iot
Dilithium2,keygen,35626,0.035626,7.78,0.0,256,1312,0,398,liboqs,iot
Dilithium2,keygen,37651,0.037651,7.78,0.0,256,1312,0,399,liboqs,iot
Dilithium2,keygen,32173,0.032173,7.78,0.0,256,1312,0,400,liboqs,iot
Dilithium2,keygen,31170,0.03117,7.78,0.0,256,1312,0,401,liboqs,iot
Dilithium2,keygen,30205,0.030205,7.78,0.0,256,1312,0,402,liboqs,iot
Dilithium2,keygen,30493,0.030493,7.78,0.0,256,1312,0,403,liboqs,iot
Dilithium2,keygen,29096,0.029096,7.78,0.0,256,1312,0,404,liboqs,iot
Dilithium2,keygen,28853,0.028853,7.78,0.0,256,1312,0,405,liboqs,iot
Dilithium2,keygen,30338,0.030338,7.78,0.0,256,1312,0,406,liboqs,iot
Dilithium2,keygen,28525,0.028525,7.78,0.0,256,1312,0,407,liboqs,iot
Dilithium2,keygen,28505,0.028505,7.78,0.0,256,1312,0,408,liboqs,iot
Dilithium2,keygen,29550,0.02955,7.78,0.0,256,1312,0,409,liboqs,iot
Dilithium2,keygen,37886,0.037886,7.78,0.0,256,1312,0,410,liboqs,iot
Dilithium2,keygen,36542,0.036542,7.78,0.0,256,1312,0,411,liboqs,iot
Dilithium2,keygen,29319,0.029319,7.78,0.0,256,1312,0,412,liboqs,iot
Dilithium2,keygen,29503,0.029503,7.78,0.0,256,1312,0,413,liboqs,iot
Dilithium2,keygen,29974,0.029974,7.78,0.0,256,1312,0,414,liboqs,iot
Dilithium2,keygen,29009,0.029009,7.78,0.0,256,1312,0,415,liboqs,iot
Dilithium2,keygen,29189,0.029189,7.78,0.0,256,1312,0,416,liboqs,iot
Dilithium2,keygen,28327,0.028327,7.78,0.0,256,1312,0,417,liboqs,iot
Dilithium2,keygen,29057,0.029057,7.78,0.0,256,1312,0,418,liboqs,iot
Dilithium2,keygen,27908,0.027908,7.78,0.0,256,1312,0,419,liboqs,iot
Dilithium2,keygen,28932,0.028932,7.78,0.0,256,1312,0,420,liboqs,iot
Dilithium2,keygen,28142,0.028142,7.78,0.0,256,1312,0,421,liboqs,iot
Dilithium2,keygen,28553,0.028553,7.78,0.0,256,1312,0,422,liboqs,iot
Dilithium2,keygen,29602,0.029602,7.78,0.0,256,1312,0,423,liboqs,iot
Dilithium2,keygen,28911,0.028911,7.78,0.0,256,1312,0,424,liboqs,iot
Dilithium2,keygen,28163,0.028163,7.78,0.0,256,1312,0,425,liboqs,iot
Dilithium2,keygen,28811,0.028811,7.78,0.0,256,1312,0,426,liboqs,iot
Dilithium2,keygen,29556,0.029556,7.78,0.0,256,1312,0,427,liboqs,iot
Dilithium2,keygen,27885,0.027885,7.78,0.0,256,1312,0,428,liboqs,iot
Dilithium2,keygen,29204,0.029204,7.78,0.0,256,1312,0,429,liboqs,iot
Dilithium2,keygen,28296,0.028296,7.78,0.0,256,1312,0,430,liboqs,iot
Dilithium2,keygen,28653,0.028653,7.78,0.0,256,1312,0,431,liboqs,iot
Dilithium2,keygen,30043,0.030043,7.78,0.0,256,1312,0,432,liboqs,iot
Dilithium2,keygen,28738,0.028738,7.78,0.0,256,1312,0,433,liboqs,iot
Dilithium2,keygen,28226,0.028226,7.78,0.0,256,1312,0,434,liboqs,iot
Dilithium2,keygen,46893,0.046893,7.78,0.0,256,1312,0,435,liboqs,iot
Dilithium2,keygen,35824,0.035824,7.78,0.0,256,1312,0,436,liboqs,iot
Dilithium2,keygen,30894,0.030894,7.78,0.0,256,1312,0,437,liboqs,iot
Dilithium2,keygen,30612,0.030612,7.78,0.0,256,1312,0,438,liboqs,iot
Dilithium2,keygen,29820,0.02982,7.78,0.0,256,1312,0,439,liboqs,iot
Dilithium2,keygen,29112,0.029112,7.78,0.0,256,1312,0,440,liboqs,iot
Dilithium2,keygen,29693,0.029693,7.78,0.0,256,1312,0,441,liboqs,iot
Dilithium2,keygen,30265,0.030265,7.78,0.0,256,1312,0,442,liboqs,iot
Dilithium2,keygen,28758,0.028758,7.78,0.0,256,1312,0,443,liboqs,iot
Dilithium2,keygen,28864,0.028864,7.78,0.0,256,1312,0,444,liboqs,iot
Dilithium2,keygen,28338,0.028338,7.78,0.0,256,1312,0,445,liboqs,iot
Dilithium2,keygen,28876,0.028876,7.78,0.0,256,1312,0,446,liboqs,iot
Dilithium2,keygen,28302,0.028302,7.78,0.0,256,1312,0,447,liboqs,iot
Dilithium2,keygen,29480,0.02948,7.78,0.0,256,1312,0,448,liboqs,iot
Dilithium2,keygen,29710,0.02971,7.78,0.0,256,1312,0,449,liboqs,iot
Dilithium2,keygen,28216,0.028216,7.78,0.0,256,1312,0,450,liboqs,iot
Dilithium2,keygen,28218,0.028218,7.78,0.0,256,1312,0,451,liboqs,iot
Dilithium2,keygen,39488,0.039488,7.78,0.0,256,1312,0,452,liboqs,iot
Dilithium2,keygen,34360,0.03436,7.78,0.0,256,1312,0,453,liboqs,iot
Dilithium2,keygen,32482,0.032482,7.78,0.0,256,1312,0,454,liboqs,iot
Dilithium2,keygen,28859,0.028859,7.78,0.0,256,1312,0,455,liboqs,iot
Dilithium2,keygen,28624,0.028624,7.78,0.0,256,1312,0,456,liboqs,iot
Dilithium2,keygen,29405,0.029405,7.78,0.0,256,1312,0,457,liboqs,iot
Dilithium2,keygen,28433,0.028433,7.78,0.0,256,1312,0,458,liboqs,iot
Dilithium2,keygen,29746,0.029746,7.78,0.0,256,1312,0,459,liboqs,iot
Dilithium2,keygen,28446,0.028446,7.78,0.0,256,1312,0,460,liboqs,iot
Dilithium2,keygen,27891,0.027891,7.78,0.0,256,1312,0,461,liboqs,iot
Dilithium2,keygen,27756,0.027756,7.78,0.0,256,1312,0,462,liboqs,iot
Dilithium2,keygen,28703,0.028703,7.78,0.0,256,1312,0,463,liboqs,iot
Dilithium2,keygen,28093,0.028093,7.78,0.0,256,1312,0,464,liboqs,iot
Dilithium2,keygen,29600,0.0296,7.78,0.0,256,1312,0,465,liboqs,iot
Dilithium2,keygen,27734,0.027734,7.78,0.0,256,1312,0,466,liboqs,iot
Dilithium2,keygen,28098,0.028098,7.78,0.0,256,1312,0,467,liboqs,iot
Dilithium2,keygen,28851,0.028851,7.78,0.0,256,1312,0,468,liboqs,iot
Dilithium2,keygen,28093,0.028093,7.78,0.0,256,1312,0,469,liboqs,iot
Dilithium2,keygen,28061,0.028061,7.78,0.0,256,1312,0,470,liboqs,iot
Dilithium2,keygen,28461,0.028461,7.78,0.0,256,1312,0,471,liboqs,iot
Dilithium2,keygen,28015,0.028015,7.78,0.0,256,1312,0,472,liboqs,iot
Dilithium2,keygen,28797,0.028797,7.78,0.0,256,1312,0,473,liboqs,iot
Dilithium2,keygen,28062,0.028062,7.78,0.0,256,1312,0,474,liboqs,iot
Dilithium2,keygen,29150,0.02915,7.78,0.0,256,1312,0,475,liboqs,iot
Dilithium2,keygen,28738,0.028738,7.78,0.0,256,1312,0,476,liboqs,iot
Dilithium2,keygen,28669,0.028669,7.78,0.0,256,1312,0,477,liboqs,iot
Dilithium2,keygen,27915,0.027915,7.78,0.0,256,1312,0,478,liboqs,iot
Dilithium2,keygen,28158,0.028158,7.78,0.0,256,1312,0,479,liboqs,iot
Dilithium2,keygen,28336,0.028336,7.78,0.0,256,1312,0,480,liboqs,iot
Dilithium2,keygen,44797,0.044797,7.78,0.0,256,1312,0,481,liboqs,iot
Dilithium2,keygen,34259,0.034259,7.78,0.0,256,1312,0,482,liboqs,iot
Dilithium2,keygen,29131,0.029131,7.78,0.0,256,1312,0,483,liboqs,iot
Dilithium2,keygen,28295,0.028295,7.78,0.0,256,1312,0,484,liboqs,iot
Dilithium2,keygen,28293,0.028293,7.78,0.0,256,1312,0,485,liboqs,iot
Dilithium2,keygen,28399,0.028399,7.78,0.0,256,1312,0,486,liboqs,iot
Dilithium2,keygen,29653,0.029653,7.78,0.0,256,1312,0,487,liboqs,iot
Dilithium2,keygen,29910,0.02991,7.78,0.0,256,1312,0,488,liboqs,iot
Dilithium2,keygen,28854,0.028854,7.78,0.0,256,1312,0,489,liboqs,iot
Dilithium2,keygen,27854,0.027854,7.78,0.0,256,1312,0,490,liboqs,iot
Dilithium2,keygen,28158,0.028158,7.78,0.0,256,1312,0,491,liboqs,iot
Dilithium2,keygen,29219,0.029219,7.78,0.0,256,1312,0,492,liboqs,iot
Dilithium2,keygen,29999,0.029999,7.78,0.0,256,1312,0,493,liboqs,iot
Dilithium2,keygen,29123,0.029123,7.78,0.0,256,1312,0,494,liboqs,iot
Dilithium2,keygen,29191,0.029191,7.78,0.0,256,1312,0,495,liboqs,iot
Dilithium2,keygen,28654,0.028654,7.78,0.0,256,1312,0,496,liboqs,iot
Dilithium2,keygen,28506,0.028506,7.78,0.0,256,1312,0,497,liboqs,iot
Dilithium2,keygen,28124,0.028124,7.78,0.0,256,1312,0,498,liboqs,iot
Dilithium2,keygen,30811,0.030811,7.78,0.0,256,1312,0,499,liboqs,iot
Dilithium2,keygen,28231,0.028231,7.78,0.0,256,1312,0,500,liboqs,iot
Dilithium2,keygen,28242,0.028242,7.78,0.0,256,1312,0,501,liboqs,iot
Dilithium2,keygen,27742,0.027742,7.78,0.0,256,1312,0,502,liboqs,iot
Dilithium2,keygen,38627,0.038627,7.78,0.0,256,1312,0,503,liboqs,iot
Dilithium2,keygen,29245,0.029245,7.78,0.0,256,1312,0,504,liboqs,iot
Dilithium2,keygen,30499,0.030499,7.78,0.0,256,1312,0,505,liboqs,iot
Dilithium2,keygen,28595,0.028595,7.78,0.0,256,1312,0,506,liboqs,iot
Dilithium2,keygen,28264,0.028264,7.78,0.0,256,1312,0,507,liboqs,iot
Dilithium2,keygen,28045,0.028045,7.78,0.0,256,1312,0,508,liboqs,iot
Dilithium2,keygen,28925,0.028925,7.78,0.0,256,1312,0,509,liboqs,iot
Dilithium2,keygen,28258,0.028258,7.78,0.0,256,1312,0,510,liboqs,iot
Dilithium2,keygen,28343,0.028343,7.78,0.0,256,1312,0,511,liboqs,iot
Dilithium2,keygen,27989,0.027989,7.78,0.0,256,1312,0,512,liboqs,iot
Dilithium2,keygen,30315,0.030315,7.78,0.0,256,1312,0,513,liboqs,iot
Dilithium2,keygen,27742,0.027742,7.78,0.0,256,1312,0,514,liboqs,iot
Dilithium2,keygen,29713,0.029713,7.78,0.0,256,1312,0,515,liboqs,iot
Dilithium2,keygen,43932,0.043932,7.78,0.0,256,1312,0,516,liboqs,iot
Dilithium2,keygen,32727,0.032727,7.78,0.0,256,1312,0,517,liboqs,iot
Dilithium2,keygen,29303,0.029303,7.78,0.0,256,1312,0,518,liboqs,iot
Dilithium2,keygen,30513,0.030513,7.78,0.0,256,1312,0,519,liboqs,iot
Dilithium2,keygen,31218,0.031218,7.78,0.0,256,1312,0,520,liboqs,iot
Dilithium2,keygen,40162,0.040162,7.78,0.0,256,1312,0,521,liboqs,iot
Dilithium2,keygen,31926,0.031926,7.78,0.0,256,1312,0,522,liboqs,iot
Dilithium2,keygen,30361,0.030361,7.78,0.0,256,1312,0,523,liboqs,iot
Dilithium2,keygen,29603,0.029603,7.78,0.0,256,1312,0,524,liboqs,iot
Dilithium2,keygen,28947,0.028947,7.78,0.0,256,1312,0,525,liboqs,iot
Dilithium2,keygen,29192,0.029192,7.78,0.0,256,1312,0,526,liboqs,iot
Dilithium2,keygen,28121,0.028121,7.78,0.0,256,1312,0,527,liboqs,iot
Dilithium2,keygen,30344,0.030344,7.78,0.0,256,1312,0,528,liboqs,iot
Dilithium2,keygen,28702,0.028702,7.78,0.0,256,1312,0,529,liboqs,iot
Dilithium2,keygen,27736,0.027736,7.78,0.0,256,1312,0,530,liboqs,iot
Dilithium2,keygen,29969,0.029969,7.78,0.0,256,1312,0,531,liboqs,iot
Dilithium2,keygen,28527,0.028527,7.78,0.0,256,1312,0,532,liboqs,iot
Dilithium2,keygen,29184,0.029184,7.78,0.0,256,1312,0,533,liboqs,iot
Dilithium2,keygen,29471,0.029471,7.78,0.0,256,1312,0,534,liboqs,iot
Dilithium2,keygen,28215,0.028215,7.78,0.0,256,1312,0,535,liboqs,iot
Dilithium2,keygen,27869,0.027869,7.78,0.0,256,1312,0,536,liboqs,iot
Dilithium2,keygen,28889,0.028889,7.78,0.0,256,1312,0,537,liboqs,iot
Dilithium2,keygen,28977,0.028977,7.78,0.0,256,1312,0,538,liboqs,iot
Dilithium2,keygen,28004,0.028004,7.78,0.0,256,1312,0,539,liboqs,iot
Dilithium2,keygen,27987,0.027987,7.78,0.0,256,1312,0,540,liboqs,iot
Dilithium2,keygen,29563,0.029563,7.78,0.0,256,1312,0,541,liboqs,iot
Dilithium2,keygen,29414,0.029414,7.78,0.0,256,1312,0,542,liboqs,iot
Dilithium2,keygen,28723,0.028723,7.78,0.0,256,1312,0,543,liboqs,iot
Dilithium2,keygen,27885,0.027885,7.78,0.0,256,1312,0,544,liboqs,iot
Dilithium2,keygen,29055,0.029055,7.78,0.0,256,1312,0,545,liboqs,iot
Dilithium2,keygen,29468,0.029468,7.78,0.0,256,1312,0,546,liboqs,iot
Dilithium2,keygen,28036,0.028036,7.78,0.0,256,1312,0,547,liboqs,iot
Dilithium2,keygen,28251,0.028251,7.78,0.0,256,1312,0,548,liboqs,iot
Dilithium2,keygen,27712,0.027712,7.78,0.0,256,1312,0,549,liboqs,iot
Dilithium2,keygen,28579,0.028579,7.78,0.0,256,1312,0,550,liboqs,iot
Dilithium2,keygen,28680,0.02868,7.78,0.0,256,1312,0,551,liboqs,iot
Dilithium2,keygen,29223,0.029223,7.78,0.0,256,1312,0,552,liboqs,iot
Dilithium2,keygen,28300,0.0283,7.78,0.0,256,1312,0,553,liboqs,iot
Dilithium2,keygen,27835,0.027835,7.78,0.0,256,1312,0,554,liboqs,iot
Dilithium2,keygen,29257,0.029257,7.78,0.0,256,1312,0,555,liboqs,iot
Dilithium2,keygen,29853,0.029853,7.78,0.0,256,1312,0,556,liboqs,iot
Dilithium2,keygen,27750,0.02775,7.78,0.0,256,1312,0,557,liboqs,iot
Dilithium2,keygen,28537,0.028537,7.78,0.0,256,1312,0,558,liboqs,iot
Dilithium2,keygen,29374,0.029374,7.78,0.0,256,1312,0,559,liboqs,iot
Dilithium2,keygen,29010,0.02901,7.78,0.0,256,1312,0,560,liboqs,iot
Dilithium2,keygen,29091,0.029091,7.78,0.0,256,1312,0,561,liboqs,iot
Dilithium2,keygen,30915,0.030915,7.78,0.0,256,1312,0,562,liboqs,iot
Dilithium2,keygen,29899,0.029899,7.78,0.0,256,1312,0,563,liboqs,iot
Dilithium2,keygen,28090,0.02809,7.78,0.0,256,1312,0,564,liboqs,iot
Dilithium2,keygen,27984,0.027984,7.78,0.0,256,1312,0,565,liboqs,iot
Dilithium2,keygen,28824,0.028824,7.78,0.0,256,1312,0,566,liboqs,iot
Dilithium2,keygen,27927,0.027927,7.78,0.0,256,1312,0,567,liboqs,iot
Dilithium2,keygen,46694,0.046694,7.78,0.0,256,1312,0,568,liboqs,iot
Dilithium2,keygen,45973,0.045973,7.78,0.0,256,1312,0,569,liboqs,iot
Dilithium2,keygen,38342,0.038342,7.78,0.0,256,1312,0,570,liboqs,iot
Dilithium2,keygen,31965,0.031965,7.78,0.0,256,1312,0,571,liboqs,iot
Dilithium2,keygen,29603,0.029603,7.78,0.0,256,1312,0,572,liboqs,iot
Dilithium2,keygen,30029,0.030029,7.78,0.0,256,1312,0,573,liboqs,iot
Dilithium2,keygen,28821,0.028821,7.78,0.0,256,1312,0,574,liboqs,iot
Dilithium2,keygen,29622,0.029622,7.78,0.0,256,1312,0,575,liboqs,iot
Dilithium2,keygen,28715,0.028715,7.78,0.0,256,1312,0,576,liboqs,iot
Dilithium2,keygen,29983,0.029983,7.78,0.0,256,1312,0,577,liboqs,iot
Dilithium2,keygen,28039,0.028039,7.78,0.0,256,1312,0,578,liboqs,iot
Dilithium2,keygen,28600,0.0286,7.78,0.0,256,1312,0,579,liboqs,iot
Dilithium2,keygen,28111,0.028111,7.78,0.0,256,1312,0,580,liboqs,iot
Dilithium2,keygen,27888,0.027888,7.78,0.0,256,1312,0,581,liboqs,iot
Dilithium2,keygen,27843,0.027843,7.78,0.0,256,1312,0,582,liboqs,iot
Dilithium2,keygen,29232,0.029232,7.78,0.0,256,1312,0,583,liboqs,iot
Dilithium2,keygen,29660,0.02966,7.78,0.0,256,1312,0,584,liboqs,iot
Dilithium2,keygen,28301,0.028301,7.78,0.0,256,1312,0,585,liboqs,iot
Dilithium2,keygen,28063,0.028063,7.78,0.0,256,1312,0,586,liboqs,iot
Dilithium2,keygen,28300,0.0283,7.78,0.0,256,1312,0,587,liboqs,iot
Dilithium2,keygen,29233,0.029233,7.78,0.0,256,1312,0,588,liboqs,iot
Dilithium2,keygen,27595,0.027595,7.78,0.0,256,1312,0,589,liboqs,iot
Dilithium2,keygen,27758,0.027758,7.78,0.0,256,1312,0,590,liboqs,iot
Dilithium2,keygen,27878,0.027878,7.78,0.0,256,1312,0,591,liboqs,iot
Dilithium2,keygen,28753,0.028753,7.78,0.0,256,1312,0,592,liboqs,iot
Dilithium2,keygen,29049,0.029049,7.78,0.0,256,1312,0,593,liboqs,iot
Dilithium2,keygen,28028,0.028028,7.78,0.0,256,1312,0,594,liboqs,iot
Dilithium2,keygen,28460,0.02846,7.78,0.0,256,1312,0,595,liboqs,iot
Dilithium2,keygen,28163,0.028163,7.78,0.0,256,1312,0,596,liboqs,iot
Dilithium2,keygen,27909,0.027909,7.78,0.0,256,1312,0,597,liboqs,iot
Dilithium2,keygen,28025,0.028025,7.78,0.0,256,1312,0,598,liboqs,iot
Dilithium2,keygen,27911,0.027911,7.78,0.0,256,1312,0,599,liboqs,iot
Dilithium2,keygen,29315,0.029315,7.78,0.0,256,1312,0,600,liboqs,iot
Dilithium2,keygen,27675,0.027675,7.78,0.0,256,1312,0,601,liboqs,iot
Dilithium2,keygen,27985,0.027985,7.78,0.0,256,1312,0,602,liboqs,iot
Dilithium2,keygen,27915,0.027915,7.78,0.0,256,1312,0,603,liboqs,iot
Dilithium2,keygen,27681,0.027681,7.78,0.0,256,1312,0,604,liboqs,iot
Dilithium2,keygen,30003,0.030003,7.78,0.0,256,1312,0,605,liboqs,iot
Dilithium2,keygen,28140,0.02814,7.78,0.0,256,1312,0,606,liboqs,iot
Dilithium2,keygen,28700,0.0287,7.78,0.0,256,1312,0,607,liboqs,iot
Dilithium2,keygen,43460,0.04346,7.78,0.0,256,1312,0,608,liboqs,iot
Dilithium2,keygen,34626,0.034626,7.78,0.0,256,1312,0,609,liboqs,iot
Dilithium2,keygen,28978,0.028978,7.78,0.0,256,1312,0,610,liboqs,iot
Dilithium2,keygen,28843,0.028843,7.78,0.0,256,1312,0,611,liboqs,iot
Dilithium2,keygen,28465,0.028465,7.78,0.0,256,1312,0,612,liboqs,iot
Dilithium2,keygen,28492,0.028492,7.78,0.0,256,1312,0,613,liboqs,iot
Dilithium2,keygen,28998,0.028998,7.78,0.0,256,1312,0,614,liboqs,iot
Dilithium2,keygen,28507,0.028507,7.78,0.0,256,1312,0,615,liboqs,iot
Dilithium2,keygen,28185,0.028185,7.78,0.0,256,1312,0,616,liboqs,iot
Dilithium2,keygen,28565,0.028565,7.78,0.0,256,1312,0,617,liboqs,iot
Dilithium2,keygen,29041,0.029041,7.78,0.0,256,1312,0,618,liboqs,iot
Dilithium2,keygen,28304,0.028304,7.78,0.0,256,1312,0,619,liboqs,iot
Dilithium2,keygen,36480,0.03648,7.78,0.0,256,1312,0,620,liboqs,iot
Dilithium2,keygen,28912,0.028912,7.78,0.0,256,1312,0,621,liboqs,iot
Dilithium2,keygen,38683,0.038683,7.78,0.0,256,1312,0,622,liboqs,iot
Dilithium2,keygen,34426,0.034426,7.78,0.0,256,1312,0,623,liboqs,iot
Dilithium2,keygen,29316,0.029316,7.78,0.0,256,1312,0,624,liboqs,iot
Dilithium2,keygen,28880,0.02888,7.78,0.0,256,1312,0,625,liboqs,iot
Dilithium2,keygen,28476,0.028476,7.78,0.0,256,1312,0,626,liboqs,iot
Dilithium2,keygen,36014,0.036014,7.78,0.0,256,1312,0,627,liboqs,iot
Dilithium2,keygen,31185,0.031185,7.78,0.0,256,1312,0,628,liboqs,iot
Dilithium2,keygen,28466,0.028466,7.78,0.0,256,1312,0,629,liboqs,iot
Dilithium2,keygen,28216,0.028216,7.78,0.0,256,1312,0,630,liboqs,iot
Dilithium2,keygen,28974,0.028974,7.78,0.0,256,1312,0,631,liboqs,iot
Dilithium2,keygen,38910,0.03891,7.78,0.0,256,1312,0,632,liboqs,iot
Dilithium2,keygen,34153,0.034153,7.78,0.0,256,1312,0,633,liboqs,iot
Dilithium2,keygen,30462,0.030462,7.78,0.0,256,1312,0,634,liboqs,iot
Dilithium2,keygen,31118,0.031118,7.78,0.0,256,1312,0,635,liboqs,iot
Dilithium2,keygen,28447,0.028447,7.78,0.0,256,1312,0,636,liboqs,iot
Dilithium2,keygen,29821,0.029821,7.78,0.0,256,1312,0,637,liboqs,iot
Dilithium2,keygen,28655,0.028655,7.78,0.0,256,1312,0,638,liboqs,iot
Dilithium2,keygen,29901,0.029901,7.78,0.0,256,1312,0,639,liboqs,iot
Dilithium2,keygen,28301,0.028301,7.78,0.0,256,1312,0,640,liboqs,iot
Dilithium2,keygen,28865,0.028865,7.78,0.0,256,1312,0,641,liboqs,iot
Dilithium2,keygen,28400,0.0284,7.78,0.0,256,1312,0,642,liboqs,iot
Dilithium2,keygen,29593,0.029593,7.78,0.0,256,1312,0,643,liboqs,iot
Dilithium2,keygen,29420,0.02942,7.78,0.0,256,1312,0,644,liboqs,iot
Dilithium2,keygen,28137,0.028137,7.78,0.0,256,1312,0,645,liboqs,iot
Dilithium2,keygen,28660,0.02866,7.78,0.0,256,1312,0,646,liboqs,iot
Dilithium2,keygen,29207,0.029207,7.78,0.0,256,1312,0,647,liboqs,iot
Dilithium2,keygen,28159,0.028159,7.78,0.0,256,1312,0,648,liboqs,iot
Dilithium2,keygen,29714,0.029714,7.78,0.0,256,1312,0,649,liboqs,iot
Dilithium2,keygen,28082,0.028082,7.78,0.0,256,1312,0,650,liboqs,iot
Dilithium2,keygen,27819,0.027819,7.78,0.0,256,1312,0,651,liboqs,iot
Dilithium2,keygen,29868,0.029868,7.78,0.0,256,1312,0,652,liboqs,iot
Dilithium2,keygen,28385,0.028385,7.78,0.0,256,1312,0,653,liboqs,iot
Dilithium2,keygen,28500,0.0285,7.78,0.0,256,1312,0,654,liboqs,iot
Dilithium2,keygen,45086,0.045086,7.78,0.0,256,1312,0,655,liboqs,iot
Dilithium2,keygen,37112,0.037112,7.78,0.0,256,1312,0,656,liboqs,iot
Dilithium2,keygen,31869,0.031869,7.78,0.0,256,1312,0,657,liboqs,iot
Dilithium2,keygen,30900,0.0309,7.78,0.0,256,1312,0,658,liboqs,iot
Dilithium2,keygen,29355,0.029355,7.78,0.0,256,1312,0,659,liboqs,iot
Dilithium2,keygen,29407,0.029407,7.78,0.0,256,1312,0,660,liboqs,iot
Dilithium2,keygen,28656,0.028656,7.78,0.0,256,1312,0,661,liboqs,iot
Dilithium2,keygen,29317,0.029317,7.78,0.0,256,1312,0,662,liboqs,iot
Dilithium2,keygen,29009,0.029009,7.78,0.0,256,1312,0,663,liboqs,iot
Dilithium2,keygen,28075,0.028075,7.78,0.0,256,1312,0,664,liboqs,iot
Dilithium2,keygen,29087,0.029087,7.78,0.0,256,1312,0,665,liboqs,iot
Dilithium2,keygen,28113,0.028113,7.78,0.0,256,1312,0,666,liboqs,iot
Dilithium2,keygen,29578,0.029578,7.78,0.0,256,1312,0,667,liboqs,iot
Dilithium2,keygen,29325,0.029325,7.78,0.0,256,1312,0,668,liboqs,iot
Dilithium2,keygen,29071,0.029071,7.78,0.0,256,1312,0,669,liboqs,iot
Dilithium2,keygen,29641,0.029641,7.78,0.0,256,1312,0,670,liboqs,iot
Dilithium2,keygen,29416,0.029416,7.78,0.0,256,1312,0,671,liboqs,iot
Dilithium2,keygen,28764,0.028764,7.78,0.0,256,1312,0,672,liboqs,iot
Dilithium2,keygen,29140,0.02914,7.78,0.0,256,1312,0,673,liboqs,iot
Dilithium2,keygen,28454,0.028454,7.78,0.0,256,1312,0,674,liboqs,iot
Dilithium2,keygen,28442,0.028442,7.78,0.0,256,1312,0,675,liboqs,iot
Dilithium2,keygen,28195,0.028195,7.78,0.0,256,1312,0,676,liboqs,iot
Dilithium2,keygen,28102,0.028102,7.78,0.0,256,1312,0,677,liboqs,iot
Dilithium2,keygen,28796,0.028796,7.78,0.0,256,1312,0,678,liboqs,iot
Dilithium2,keygen,27739,0.027739,7.78,0.0,256,1312,0,679,liboqs,iot
Dilithium2,keygen,29850,0.02985,7.78,0.0,256,1312,0,680,liboqs,iot
Dilithium2,keygen,28563,0.028563,7.78,0.0,256,1312,0,681,liboqs,iot
Dilithium2,keygen,27846,0.027846,7.78,0.0,256,1312,0,682,liboqs,iot
Dilithium2,keygen,28805,0.028805,7.78,0.0,256,1312,0,683,liboqs,iot
Dilithium2,keygen,39930,0.03993,7.78,0.0,256,1312,0,684,liboqs,iot
Dilithium2,keygen,49036,0.049036,9.99,0.0,256,1312,0,685,liboqs,iot
Dilithium2,keygen,29188,0.029188,7.78,0.0,256,1312,0,686,liboqs,iot
Dilithium2,keygen,30332,0.030332,7.78,0.0,256,1312,0,687,liboqs,iot
Dilithium2,keygen,28427,0.028427,7.78,0.0,256,1312,0,688,liboqs,iot
Dilithium2,keygen,29262,0.029262,7.78,0.0,256,1312,0,689,liboqs,iot
Dilithium2,keygen,29358,0.029358,7.78,0.0,256,1312,0,690,liboqs,iot
Dilithium2,keygen,28685,0.028685,7.78,0.0,256,1312,0,691,liboqs,iot
Dilithium2,keygen,28184,0.028184,7.78,0.0,256,1312,0,692,liboqs,iot
Dilithium2,keygen,51505,0.051505,7.78,0.0,256,1312,0,693,liboqs,iot
Dilithium2,keygen,37773,0.037773,7.78,0.0,256,1312,0,694,liboqs,iot
Dilithium2,keygen,31688,0.031688,7.78,0.0,256,1312,0,695,liboqs,iot
Dilithium2,keygen,29430,0.02943,7.78,0.0,256,1312,0,696,liboqs,iot
Dilithium2,keygen,30650,0.03065,7.78,0.0,256,1312,0,697,liboqs,iot
Dilithium2,keygen,28733,0.028733,7.78,0.0,256,1312,0,698,liboqs,iot
Dilithium2,keygen,28768,0.028768,7.78,0.0,256,1312,0,699,liboqs,iot
Dilithium2,keygen,28157,0.028157,7.78,0.0,256,1312,0,700,liboqs,iot
Dilithium2,keygen,28226,0.028226,7.78,0.0,256,1312,0,701,liboqs,iot
Dilithium2,keygen,27842,0.027842,7.78,0.0,256,1312,0,702,liboqs,iot
Dilithium2,keygen,29267,0.029267,7.78,0.0,256,1312,0,703,liboqs,iot
Dilithium2,keygen,27996,0.027996,7.78,0.0,256,1312,0,704,liboqs,iot
Dilithium2,keygen,27718,0.027718,7.78,0.0,256,1312,0,705,liboqs,iot
Dilithium2,keygen,29038,0.029038,7.78,0.0,256,1312,0,706,liboqs,iot
Dilithium2,keygen,28226,0.028226,7.78,0.0,256,1312,0,707,liboqs,iot
Dilithium2,keygen,28013,0.028013,7.78,0.0,256,1312,0,708,liboqs,iot
Dilithium2,keygen,28201,0.028201,7.78,0.0,256,1312,0,709,liboqs,iot
Dilithium2,keygen,27761,0.027761,7.78,0.0,256,1312,0,710,liboqs,iot
Dilithium2,keygen,29405,0.029405,7.78,0.0,256,1312,0,711,liboqs,iot
Dilithium2,keygen,29102,0.029102,7.78,0.0,256,1312,0,712,liboqs,iot
Dilithium2,keygen,27956,0.027956,7.78,0.0,256,1312,0,713,liboqs,iot
Dilithium2,keygen,27907,0.027907,7.78,0.0,256,1312,0,714,liboqs,iot
Dilithium2,keygen,28013,0.028013,7.78,0.0,256,1312,0,715,liboqs,iot
Dilithium2,keygen,27881,0.027881,7.78,0.0,256,1312,0,716,liboqs,iot
Dilithium2,keygen,29332,0.029332,7.78,0.0,256,1312,0,717,liboqs,iot
Dilithium2,keygen,27400,0.0274,7.78,0.0,256,1312,0,718,liboqs,iot
Dilithium2,keygen,27712,0.027712,7.78,0.0,256,1312,0,719,liboqs,iot
Dilithium2,keygen,27420,0.02742,7.78,0.0,256,1312,0,720,liboqs,iot
Dilithium2,keygen,28861,0.028861,7.78,0.0,256,1312,0,721,liboqs,iot
Dilithium2,keygen,27763,0.027763,7.78,0.0,256,1312,0,722,liboqs,iot
Dilithium2,keygen,27873,0.027873,7.78,0.0,256,1312,0,723,liboqs,iot
Dilithium2,keygen,27507,0.027507,7.78,0.0,256,1312,0,724,liboqs,iot
Dilithium2,keygen,28566,0.028566,7.78,0.0,256,1312,0,725,liboqs,iot
Dilithium2,keygen,27334,0.027334,7.78,0.0,256,1312,0,726,liboqs,iot
Dilithium2,keygen,27353,0.027353,7.78,0.0,256,1312,0,727,liboqs,iot
Dilithium2,keygen,27433,0.027433,7.78,0.0,256,1312,0,728,liboqs,iot
Dilithium2,keygen,28586,0.028586,7.78,0.0,256,1312,0,729,liboqs,iot
Dilithium2,keygen,27675,0.027675,7.78,0.0,256,1312,0,730,liboqs,iot
Dilithium2,keygen,26987,0.026987,7.78,0.0,256,1312,0,731,liboqs,iot
Dilithium2,keygen,28667,0.028667,7.78,0.0,256,1312,0,732,liboqs,iot
Dilithium2,keygen,28595,0.028595,7.78,0.0,256,1312,0,733,liboqs,iot
Dilithium2,keygen,26960,0.02696,7.78,0.0,256,1312,0,734,liboqs,iot
Dilithium2,keygen,27436,0.027436,7.78,0.0,256,1312,0,735,liboqs,iot
Dilithium2,keygen,26946,0.026946,7.78,0.0,256,1312,0,736,liboqs,iot
Dilithium2,keygen,28319,0.028319,7.78,0.0,256,1312,0,737,liboqs,iot
Dilithium2,keygen,27416,0.027416,7.78,0.0,256,1312,0,738,liboqs,iot
Dilithium2,keygen,27617,0.027617,7.78,0.0,256,1312,0,739,liboqs,iot
Dilithium2,keygen,27574,0.027574,7.78,0.0,256,1312,0,740,liboqs,iot
Dilithium2,keygen,28835,0.028835,7.78,0.0,256,1312,0,741,liboqs,iot
Dilithium2,keygen,46347,0.046347,7.78,0.0,256,1312,0,742,liboqs,iot
Dilithium2,keygen,35280,0.03528,7.78,0.0,256,1312,0,743,liboqs,iot
Dilithium2,keygen,31108,0.031108,7.78,0.0,256,1312,0,744,liboqs,iot
Dilithium2,keygen,30497,0.030497,7.78,0.0,256,1312,0,745,liboqs,iot
Dilithium2,keygen,28888,0.028888,7.78,0.0,256,1312,0,746,liboqs,iot
Dilithium2,keygen,28331,0.028331,7.78,0.0,256,1312,0,747,liboqs,iot
Dilithium2,keygen,28440,0.02844,7.78,0.0,256,1312,0,748,liboqs,iot
Dilithium2,keygen,34524,0.034524,7.78,0.0,256,1312,0,749,liboqs,iot
Dilithium2,keygen,38951,0.038951,7.78,0.0,256,1312,0,750,liboqs,iot
Dilithium2,keygen,34872,0.034872,7.78,0.0,256,1312,0,751,liboqs,iot
Dilithium2,keygen,35425,0.035425,7.78,0.0,256,1312,0,752,liboqs,iot
Dilithium2,keygen,31722,0.031722,7.78,0.0,256,1312,0,753,liboqs,iot
Dilithium2,keygen,29112,0.029112,7.78,0.0,256,1312,0,754,liboqs,iot
Dilithium2,keygen,32134,0.032134,7.78,0.0,256,1312,0,755,liboqs,iot
Dilithium2,keygen,29081,0.029081,7.78,0.0,256,1312,0,756,liboqs,iot
Dilithium2,keygen,30169,0.030169,7.78,0.0,256,1312,0,757,liboqs,iot
Dilithium2,keygen,28796,0.028796,7.78,0.0,256,1312,0,758,liboqs,iot
Dilithium2,keygen,30916,0.030916,7.78,0.0,256,1312,0,759,liboqs,iot
Dilithium2,keygen,28657,0.028657,7.78,0.0,256,1312,0,760,liboqs,iot
Dilithium2,keygen,30641,0.030641,7.78,0.0,256,1312,0,761,liboqs,iot
Dilithium2,keygen,28736,0.028736,7.78,0.0,256,1312,0,762,liboqs,iot
Dilithium2,keygen,29077,0.029077,7.78,0.0,256,1312,0,763,liboqs,iot
Dilithium2,keygen,28548,0.028548,7.78,0.0,256,1312,0,764,liboqs,iot
Dilithium2,keygen,29584,0.029584,7.78,0.0,256,1312,0,765,liboqs,iot
Dilithium2,keygen,28963,0.028963,7.78,0.0,256,1312,0,766,liboqs,iot
Dilithium2,keygen,28371,0.028371,7.78,0.0,256,1312,0,767,liboqs,iot
Dilithium2,keygen,29255,0.029255,7.78,0.0,256,1312,0,768,liboqs,iot
Dilithium2,keygen,27611,0.027611,7.78,0.0,256,1312,0,769,liboqs,iot
Dilithium2,keygen,28156,0.028156,7.78,0.0,256,1312,0,770,liboqs,iot
Dilithium2,keygen,28866,0.028866,7.78,0.0,256,1312,0,771,liboqs,iot
Dilithium2,keygen,29210,0.02921,7.78,0.0,256,1312,0,772,liboqs,iot
Dilithium2,keygen,28157,0.028157,7.78,0.0,256,1312,0,773,liboqs,iot
Dilithium2,keygen,28078,0.028078,7.78,0.0,256,1312,0,774,liboqs,iot
Dilithium2,keygen,30488,0.030488,7.78,0.0,256,1312,0,775,liboqs,iot
Dilithium2,keygen,29612,0.029612,7.78,0.0,256,1312,0,776,liboqs,iot
Dilithium2,keygen,29119,0.029119,7.78,0.0,256,1312,0,777,liboqs,iot
Dilithium2,keygen,27899,0.027899,7.78,0.0,256,1312,0,778,liboqs,iot
Dilithium2,keygen,28804,0.028804,7.78,0.0,256,1312,0,779,liboqs,iot
Dilithium2,keygen,28121,0.028121,7.78,0.0,256,1312,0,780,liboqs,iot
Dilithium2,keygen,29197,0.029197,7.78,0.0,256,1312,0,781,liboqs,iot
Dilithium2,keygen,28187,0.028187,7.78,0.0,256,1312,0,782,liboqs,iot
Dilithium2,keygen,27853,0.027853,7.78,0.0,256,1312,0,783,liboqs,iot
Dilithium2,keygen,29452,0.029452,7.78,0.0,256,1312,0,784,liboqs,iot
Dilithium2,keygen,38199,0.038199,7.78,0.0,256,1312,0,785,liboqs,iot
Dilithium2,keygen,30063,0.030063,7.78,0.0,256,1312,0,786,liboqs,iot
Dilithium2,keygen,29530,0.02953,7.78,0.0,256,1312,0,787,liboqs,iot
Dilithium2,keygen,30168,0.030168,7.78,0.0,256,1312,0,788,liboqs,iot
Dilithium2,keygen,30303,0.030303,7.78,0.0,256,1312,0,789,liboqs,iot
Dilithium2,keygen,28565,0.028565,7.78,0.0,256,1312,0,790,liboqs,iot
Dilithium2,keygen,29206,0.029206,7.78,0.0,256,1312,0,791,liboqs,iot
Dilithium2,keygen,28556,0.028556,7.78,0.0,256,1312,0,792,liboqs,iot
Dilithium2,keygen,27782,0.027782,7.78,0.0,256,1312,0,793,liboqs,iot
Dilithium2,keygen,28561,0.028561,7.78,0.0,256,1312,0,794,liboqs,iot
Dilithium2,keygen,29568,0.029568,7.78,0.0,256,1312,0,795,liboqs,iot
Dilithium2,keygen,28995,0.028995,7.78,0.0,256,1312,0,796,liboqs,iot
Dilithium2,keygen,28534,0.028534,7.78,0.0,256,1312,0,797,liboqs,iot
Dilithium2,keygen,28866,0.028866,7.78,0.0,256,1312,0,798,liboqs,iot
Dilithium2,keygen,28638,0.028638,7.78,0.0,256,1312,0,799,liboqs,iot
Dilithium2,keygen,29244,0.029244,7.78,0.0,256,1312,0,800,liboqs,iot
Dilithium2,keygen,28093,0.028093,7.78,0.0,256,1312,0,801,liboqs,iot
Dilithium2,keygen,28664,0.028664,7.78,0.0,256,1312,0,802,liboqs,iot
Dilithium2,keygen,27744,0.027744,7.78,0.0,256,1312,0,803,liboqs,iot
Dilithium2,keygen,40440,0.04044,7.78,0.0,256,1312,0,804,liboqs,iot
Dilithium2,keygen,31991,0.031991,7.78,0.0,256,1312,0,805,liboqs,iot
Dilithium2,keygen,29311,0.029311,7.78,0.0,256,1312,0,806,liboqs,iot
Dilithium2,keygen,30046,0.030046,7.78,0.0,256,1312,0,807,liboqs,iot
Dilithium2,keygen,29977,0.029977,7.78,0.0,256,1312,0,808,liboqs,iot
Dilithium2,keygen,28276,0.028276,7.78,0.0,256,1312,0,809,liboqs,iot
Dilithium2,keygen,28695,0.028695,7.78,0.0,256,1312,0,810,liboqs,iot
Dilithium2,keygen,27979,0.027979,7.78,0.0,256,1312,0,811,liboqs,iot
Dilithium2,keygen,29230,0.02923,7.78,0.0,256,1312,0,812,liboqs,iot
Dilithium2,keygen,29633,0.029633,7.78,0.0,256,1312,0,813,liboqs,iot
Dilithium2,keygen,29416,0.029416,7.78,0.0,256,1312,0,814,liboqs,iot
Dilithium2,keygen,28055,0.028055,7.78,0.0,256,1312,0,815,liboqs,iot
Dilithium2,keygen,28076,0.028076,7.78,0.0,256,1312,0,816,liboqs,iot
Dilithium2,keygen,28881,0.028881,7.78,0.0,256,1312,0,817,liboqs,iot
Dilithium2,keygen,36276,0.036276,7.78,0.0,256,1312,0,818,liboqs,iot
Dilithium2,keygen,29685,0.029685,7.78,0.0,256,1312,0,819,liboqs,iot
Dilithium2,keygen,28931,0.028931,7.78,0.0,256,1312,0,820,liboqs,iot
Dilithium2,keygen,28971,0.028971,7.78,0.0,256,1312,0,821,liboqs,iot
Dilithium2,keygen,27916,0.027916,7.78,0.0,256,1312,0,822,liboqs,iot
Dilithium2,keygen,28126,0.028126,7.78,0.0,256,1312,0,823,liboqs,iot
Dilithium2,keygen,28849,0.028849,7.78,0.0,256,1312,0,824,liboqs,iot
Dilithium2,keygen,27793,0.027793,7.78,0.0,256,1312,0,825,liboqs,iot
Dilithium2,keygen,28078,0.028078,7.78,0.0,256,1312,0,826,liboqs,iot
Dilithium2,keygen,28239,0.028239,7.78,0.0,256,1312,0,827,liboqs,iot
Dilithium2,keygen,29097,0.029097,7.78,0.0,256,1312,0,828,liboqs,iot
Dilithium2,keygen,43585,0.043585,7.78,0.0,256,1312,0,829,liboqs,iot
Dilithium2,keygen,34407,0.034407,7.78,0.0,256,1312,0,830,liboqs,iot
Dilithium2,keygen,29364,0.029364,7.78,0.0,256,1312,0,831,liboqs,iot
Dilithium2,keygen,27970,0.02797,7.78,0.0,256,1312,0,832,liboqs,iot
Dilithium2,keygen,27767,0.027767,7.78,0.0,256,1312,0,833,liboqs,iot
Dilithium2,keygen,27656,0.027656,7.78,0.0,256,1312,0,834,liboqs,iot
Dilithium2,keygen,28516,0.028516,7.78,0.0,256,1312,0,835,liboqs,iot
Dilithium2,keygen,29174,0.029174,7.78,0.0,256,1312,0,836,liboqs,iot
Dilithium2,keygen,27762,0.027762,7.78,0.0,256,1312,0,837,liboqs,iot
Dilithium2,keygen,28103,0.028103,7.78,0.0,256,1312,0,838,liboqs,iot
Dilithium2,keygen,29553,0.029553,7.78,0.0,256,1312,0,839,liboqs,iot
Dilithium2,keygen,29146,0.029146,7.78,0.0,256,1312,0,840,liboqs,iot
Dilithium2,keygen,29244,0.029244,7.78,0.0,256,1312,0,841,liboqs,iot
Dilithium2,keygen,28017,0.028017,7.78,0.0,256,1312,0,842,liboqs,iot
Dilithium2,keygen,28151,0.028151,7.78,0.0,256,1312,0,843,liboqs,iot
Dilithium2,keygen,27749,0.027749,7.78,0.0,256,1312,0,844,liboqs,iot
Dilithium2,keygen,27912,0.027912,7.78,0.0,256,1312,0,845,liboqs,iot
Dilithium2,keygen,27618,0.027618,7.78,0.0,256,1312,0,846,liboqs,iot
Dilithium2,keygen,28142,0.028142,7.78,0.0,256,1312,0,847,liboqs,iot
Dilithium2,keygen,28766,0.028766,7.78,0.0,256,1312,0,848,liboqs,iot
Dilithium2,keygen,28766,0.028766,7.78,0.0,256,1312,0,849,liboqs,iot
Dilithium2,keygen,27705,0.027705,7.78,0.0,256,1312,0,850,liboqs,iot
Dilithium2,keygen,27807,0.027807,7.78,0.0,256,1312,0,851,liboqs,iot
Dilithium2,keygen,27944,0.027944,7.78,0.0,256,1312,0,852,liboqs,iot
Dilithium2,keygen,29009,0.029009,7.78,0.0,256,1312,0,853,liboqs,iot
Dilithium2,keygen,27444,0.027444,7.78,0.0,256,1312,0,854,liboqs,iot
Dilithium2,keygen,27812,0.027812,7.78,0.0,256,1312,0,855,liboqs,iot
Dilithium2,keygen,27223,0.027223,7.78,0.0,256,1312,0,856,liboqs,iot
Dilithium2,keygen,27478,0.027478,7.78,0.0,256,1312,0,857,liboqs,iot
Dilithium2,keygen,29042,0.029042,7.78,0.0,256,1312,0,858,liboqs,iot
Dilithium2,keygen,38305,0.038305,7.78,0.0,256,1312,0,859,liboqs,iot
Dilithium2,keygen,34314,0.034314,7.78,0.0,256,1312,0,860,liboqs,iot
Dilithium2,keygen,31114,0.031114,7.78,0.0,256,1312,0,861,liboqs,iot
Dilithium2,keygen,29497,0.029497,7.78,0.0,256,1312,0,862,liboqs,iot
Dilithium2,keygen,28672,0.028672,7.78,0.0,256,1312,0,863,liboqs,iot
Dilithium2,keygen,29776,0.029776,7.78,0.0,256,1312,0,864,liboqs,iot
Dilithium2,keygen,27940,0.02794,7.78,0.0,256,1312,0,865,liboqs,iot
Dilithium2,keygen,27976,0.027976,7.78,0.0,256,1312,0,866,liboqs,iot
Dilithium2,keygen,28379,0.028379,7.78,0.0,256,1312,0,867,liboqs,iot
Dilithium2,keygen,27549,0.027549,7.78,0.0,256,1312,0,868,liboqs,iot
Dilithium2,keygen,30395,0.030395,7.78,0.0,256,1312,0,869,liboqs,iot
Dilithium2,keygen,28537,0.028537,7.78,0.0,256,1312,0,870,liboqs,iot
Dilithium2,keygen,27665,0.027665,7.78,0.0,256,1312,0,871,liboqs,iot
Dilithium2,keygen,44983,0.044983,7.78,0.0,256,1312,0,872,liboqs,iot
Dilithium2,keygen,37723,0.037723,7.78,0.0,256,1312,0,873,liboqs,iot
Dilithium2,keygen,29831,0.029831,7.78,0.0,256,1312,0,874,liboqs,iot
Dilithium2,keygen,30568,0.030568,7.78,0.0,256,1312,0,875,liboqs,iot
Dilithium2,keygen,29095,0.029095,7.78,0.0,256,1312,0,876,liboqs,iot
Dilithium2,keygen,28547,0.028547,7.78,0.0,256,1312,0,877,liboqs,iot
Dilithium2,keygen,38689,0.038689,7.78,0.0,256,1312,0,878,liboqs,iot
Dilithium2,keygen,30450,0.03045,7.78,0.0,256,1312,0,879,liboqs,iot
Dilithium2,keygen,28324,0.028324,7.78,0.0,256,1312,0,880,liboqs,iot
Dilithium2,keygen,29116,0.029116,7.78,0.0,256,1312,0,881,liboqs,iot
Dilithium2,keygen,28781,0.028781,7.78,0.0,256,1312,0,882,liboqs,iot
Dilithium2,keygen,30707,0.030707,7.78,0.0,256,1312,0,883,liboqs,iot
Dilithium2,keygen,28723,0.028723,7.78,0.0,256,1312,0,884,liboqs,iot
Dilithium2,keygen,28081,0.028081,7.78,0.0,256,1312,0,885,liboqs,iot
Dilithium2,keygen,29041,0.029041,7.78,0.0,256,1312,0,886,liboqs,iot
Dilithium2,keygen,29323,0.029323,7.78,0.0,256,1312,0,887,liboqs,iot
Dilithium2,keygen,27981,0.027981,7.78,0.0,256,1312,0,888,liboqs,iot
Dilithium2,keygen,29085,0.029085,7.78,0.0,256,1312,0,889,liboqs,iot
Dilithium2,keygen,29243,0.029243,7.78,0.0,256,1312,0,890,liboqs,iot
Dilithium2,keygen,28130,0.02813,7.78,0.0,256,1312,0,891,liboqs,iot
Dilithium2,keygen,29565,0.029565,7.78,0.0,256,1312,0,892,liboqs,iot
Dilithium2,keygen,28038,0.028038,7.78,0.0,256,1312,0,893,liboqs,iot
Dilithium2,keygen,28680,0.02868,7.78,0.0,256,1312,0,894,liboqs,iot
Dilithium2,keygen,29534,0.029534,7.78,0.0,256,1312,0,895,liboqs,iot
Dilithium2,keygen,28319,0.028319,7.78,0.0,256,1312,0,896,liboqs,iot
Dilithium2,keygen,28766,0.028766,7.78,0.0,256,1312,0,897,liboqs,iot
Dilithium2,keygen,27877,0.027877,7.78,0.0,256,1312,0,898,liboqs,iot
Dilithium2,keygen,28782,0.028782,7.78,0.0,256,1312,0,899,liboqs,iot
Dilithium2,keygen,29101,0.029101,7.78,0.0,256,1312,0,900,liboqs,iot
Dilithium2,keygen,28092,0.028092,7.78,0.0,256,1312,0,901,liboqs,iot
Dilithium2,keygen,29968,0.029968,7.78,0.0,256,1312,0,902,liboqs,iot
Dilithium2,keygen,28120,0.02812,7.78,0.0,256,1312,0,903,liboqs,iot
Dilithium2,keygen,27204,0.027204,7.78,0.0,256,1312,0,904,liboqs,iot
Dilithium2,keygen,29439,0.029439,7.78,0.0,256,1312,0,905,liboqs,iot
Dilithium2,keygen,28436,0.028436,7.78,0.0,256,1312,0,906,liboqs,iot
Dilithium2,keygen,27990,0.02799,7.78,0.0,256,1312,0,907,liboqs,iot
Dilithium2,keygen,29631,0.029631,7.78,0.0,256,1312,0,908,liboqs,iot
Dilithium2,keygen,27828,0.027828,7.78,0.0,256,1312,0,909,liboqs,iot
Dilithium2,keygen,28355,0.028355,7.78,0.0,256,1312,0,910,liboqs,iot
Dilithium2,keygen,28017,0.028017,7.78,0.0,256,1312,0,911,liboqs,iot
Dilithium2,keygen,29190,0.02919,7.78,0.0,256,1312,0,912,liboqs,iot
Dilithium2,keygen,28870,0.02887,7.78,0.0,256,1312,0,913,liboqs,iot
Dilithium2,keygen,27518,0.027518,7.78,0.0,256,1312,0,914,liboqs,iot
Dilithium2,keygen,28673,0.028673,7.78,0.0,256,1312,0,915,liboqs,iot
Dilithium2,keygen,29463,0.029463,7.78,0.0,256,1312,0,916,liboqs,iot
Dilithium2,keygen,45876,0.045876,7.78,0.0,256,1312,0,917,liboqs,iot
Dilithium2,keygen,51696,0.051696,7.78,0.0,256,1312,0,918,liboqs,iot
Dilithium2,keygen,37765,0.037765,7.78,0.0,256,1312,0,919,liboqs,iot
Dilithium2,keygen,39602,0.039602,7.78,0.0,256,1312,0,920,liboqs,iot
Dilithium2,keygen,36652,0.036652,7.78,0.0,256,1312,0,921,liboqs,iot
Dilithium2,keygen,32399,0.032399,7.78,0.0,256,1312,0,922,liboqs,iot
Dilithium2,keygen,30854,0.030854,7.78,0.0,256,1312,0,923,liboqs,iot
Dilithium2,keygen,31214,0.031214,7.78,0.0,256,1312,0,924,liboqs,iot
Dilithium2,keygen,29538,0.029538,7.78,0.0,256,1312,0,925,liboqs,iot
Dilithium2,keygen,29446,0.029446,7.78,0.0,256,1312,0,926,liboqs,iot
Dilithium2,keygen,28444,0.028444,7.78,0.0,256,1312,0,927,liboqs,iot
Dilithium2,keygen,28410,0.02841,7.78,0.0,256,1312,0,928,liboqs,iot
Dilithium2,keygen,29132,0.029132,7.78,0.0,256,1312,0,929,liboqs,iot
Dilithium2,keygen,29301,0.029301,7.78,0.0,256,1312,0,930,liboqs,iot
Dilithium2,keygen,27988,0.027988,7.78,0.0,256,1312,0,931,liboqs,iot
Dilithium2,keygen,28566,0.028566,7.78,0.0,256,1312,0,932,liboqs,iot
Dilithium2,keygen,30249,0.030249,7.78,0.0,256,1312,0,933,liboqs,iot
Dilithium2,keygen,27877,0.027877,7.78,0.0,256,1312,0,934,liboqs,iot
Dilithium2,keygen,28640,0.02864,7.78,0.0,256,1312,0,935,liboqs,iot
Dilithium2,keygen,28360,0.02836,7.78,0.0,256,1312,0,936,liboqs,iot
Dilithium2,keygen,28149,0.028149,7.78,0.0,256,1312,0,937,liboqs,iot
Dilithium2,keygen,29354,0.029354,7.78,0.0,256,1312,0,938,liboqs,iot
Dilithium2,keygen,27546,0.027546,7.78,0.0,256,1312,0,939,liboqs,iot
Dilithium2,keygen,27882,0.027882,7.78,0.0,256,1312,0,940,liboqs,iot
Dilithium2,keygen,29206,0.029206,7.78,0.0,256,1312,0,941,liboqs,iot
Dilithium2,keygen,28231,0.028231,7.78,0.0,256,1312,0,942,liboqs,iot
Dilithium2,keygen,28081,0.028081,7.78,0.0,256,1312,0,943,liboqs,iot
Dilithium2,keygen,29008,0.029008,7.78,0.0,256,1312,0,944,liboqs,iot
Dilithium2,keygen,30321,0.030321,7.78,0.0,256,1312,0,945,liboqs,iot
Dilithium2,keygen,28021,0.028021,7.78,0.0,256,1312,0,946,liboqs,iot
Dilithium2,keygen,28187,0.028187,7.78,0.0,256,1312,0,947,liboqs,iot
Dilithium2,keygen,28926,0.028926,7.78,0.0,256,1312,0,948,liboqs,iot
Dilithium2,keygen,27685,0.027685,7.78,0.0,256,1312,0,949,liboqs,iot
Dilithium2,keygen,27556,0.027556,7.78,0.0,256,1312,0,950,liboqs,iot
Dilithium2,keygen,30087,0.030087,7.78,0.0,256,1312,0,951,liboqs,iot
Dilithium2,keygen,27681,0.027681,7.78,0.0,256,1312,0,952,liboqs,iot
Dilithium2,keygen,28334,0.028334,7.78,0.0,256,1312,0,953,liboqs,iot
Dilithium2,keygen,27836,0.027836,7.78,0.0,256,1312,0,954,liboqs,iot
Dilithium2,keygen,27422,0.027422,7.78,0.0,256,1312,0,955,liboqs,iot
Dilithium2,keygen,28809,0.028809,7.78,0.0,256,1312,0,956,liboqs,iot
Dilithium2,keygen,28143,0.028143,7.78,0.0,256,1312,0,957,liboqs,iot
Dilithium2,keygen,27618,0.027618,7.78,0.0,256,1312,0,958,liboqs,iot
Dilithium2,keygen,28064,0.028064,7.78,0.0,256,1312,0,959,liboqs,iot
Dilithium2,keygen,45784,0.045784,7.78,0.0,256,1312,0,960,liboqs,iot
Dilithium2,keygen,34294,0.034294,7.78,0.0,256,1312,0,961,liboqs,iot
Dilithium2,keygen,29401,0.029401,7.78,0.0,256,1312,0,962,liboqs,iot
Dilithium2,keygen,28700,0.0287,7.78,0.0,256,1312,0,963,liboqs,iot
Dilithium2,keygen,28955,0.028955,7.78,0.0,256,1312,0,964,liboqs,iot
Dilithium2,keygen,28469,0.028469,7.78,0.0,256,1312,0,965,liboqs,iot
Dilithium2,keygen,28582,0.028582,7.78,0.0,256,1312,0,966,liboqs,iot
Dilithium2,keygen,28482,0.028482,7.78,0.0,256,1312,0,967,liboqs,iot
Dilithium2,keygen,29213,0.029213,7.78,0.0,256,1312,0,968,liboqs,iot
Dilithium2,keygen,28162,0.028162,7.78,0.0,256,1312,0,969,liboqs,iot
Dilithium2,keygen,27890,0.02789,7.78,0.0,256,1312,0,970,liboqs,iot
Dilithium2,keygen,27690,0.02769,7.78,0.0,256,1312,0,971,liboqs,iot
Dilithium2,keygen,28524,0.028524,7.78,0.0,256,1312,0,972,liboqs,iot
Dilithium2,keygen,30013,0.030013,7.78,0.0,256,1312,0,973,liboqs,iot
Dilithium2,keygen,28537,0.028537,7.78,0.0,256,1312,0,974,liboqs,iot
Dilithium2,keygen,28096,0.028096,7.78,0.0,256,1312,0,975,liboqs,iot
Dilithium2,keygen,28106,0.028106,7.78,0.0,256,1312,0,976,liboqs,iot
Dilithium2,keygen,28403,0.028403,7.78,0.0,256,1312,0,977,liboqs,iot
Dilithium2,keygen,28070,0.02807,7.78,0.0,256,1312,0,978,liboqs,iot
Dilithium2,keygen,29682,0.029682,7.78,0.0,256,1312,0,979,liboqs,iot
Dilithium2,keygen,27872,0.027872,7.78,0.0,256,1312,0,980,liboqs,iot
Dilithium2,keygen,32803,0.032803,8.53,0.0,256,1312,0,981,liboqs,iot
Dilithium2,keygen,29652,0.029652,7.78,0.0,256,1312,0,982,liboqs,iot
Dilithium2,keygen,29247,0.029247,7.78,0.0,256,1312,0,983,liboqs,iot
Dilithium2,keygen,39717,0.039717,7.78,0.0,256,1312,0,984,liboqs,iot
Dilithium2,keygen,33360,0.03336,7.78,0.0,256,1312,0,985,liboqs,iot
Dilithium2,keygen,29982,0.029982,7.78,0.0,256,1312,0,986,liboqs,iot
Dilithium2,keygen,29490,0.02949,7.78,0.0,256,1312,0,987,liboqs,iot
Dilithium2,keygen,28064,0.028064,7.78,0.0,256,1312,0,988,liboqs,iot
Dilithium2,keygen,29833,0.029833,7.78,0.0,256,1312,0,989,liboqs,iot
Dilithium2,keygen,28710,0.02871,7.78,0.0,256,1312,0,990,liboqs,iot
Dilithium2,keygen,29382,0.029382,7.78,0.0,256,1312,0,991,liboqs,iot
Dilithium2,keygen,28112,0.028112,7.78,0.0,256,1312,0,992,liboqs,iot
Dilithium2,keygen,30072,0.030072,7.78,0.0,256,1312,0,993,liboqs,iot
Dilithium2,keygen,28120,0.02812,7.78,0.0,256,1312,0,994,liboqs,iot
Dilithium2,keygen,27722,0.027722,7.78,0.0,256,1312,0,995,liboqs,iot
Dilithium2,keygen,30211,0.030211,7.78,0.0,256,1312,0,996,liboqs,iot
Dilithium2,keygen,30104,0.030104,7.78,0.0,256,1312,0,997,liboqs,iot
Dilithium2,keygen,31799,0.031799,7.78,0.0,256,1312,0,998,liboqs,iot
Dilithium2,keygen,30107,0.030107,7.78,0.0,256,1312,0,999,liboqs,iot
Dilithium2,sign,76141,0.076141,12.84,0.0,256,1312,2420,0,liboqs,iot
Dilithium2,sign,72355,0.072355,9.19,0.0,256,1312,2420,1,liboqs,iot
Dilithium2,sign,79079,0.079079,9.19,0.0,256,1312,2420,2,liboqs,iot
Dilithium2,sign,95944,0.095944,10.01,0.0,256,1312,2420,3,liboqs,iot
Dilithium2,sign,84378,0.084378,9.25,0.0,256,1312,2420,4,liboqs,iot
Dilithium2,sign,84818,0.084818,9.25,0.0,256,1312,2420,5,liboqs,iot
Dilithium2,sign,112147,0.112147,9.25,0.0,256,1312,2420,6,liboqs,iot
Dilithium2,sign,54568,0.054568,9.25,0.0,256,1312,2420,7,liboqs,iot
Dilithium2,sign,42859,0.042859,9.25,0.0,256,1312,2420,8,liboqs,iot
Dilithium2,sign,50432,0.050432,9.25,0.0,256,1312,2420,9,liboqs,iot
Dilithium2,sign,43650,0.04365,9.25,0.0,256,1312,2420,10,liboqs,iot
Dilithium2,sign,38322,0.038322,9.25,0.0,256,1312,2420,11,liboqs,iot
Dilithium2,sign,42153,0.042153,9.25,0.0,256,1312,2420,12,liboqs,iot
Dilithium2,sign,80293,0.080293,9.25,0.0,256,1312,2420,13,liboqs,iot
Dilithium2,sign,45682,0.045682,9.25,0.0,256,1312,2420,14,liboqs,iot
Dilithium2,sign,50567,0.050567,9.25,0.0,256,1312,2420,15,liboqs,iot
Dilithium2,sign,60305,0.060305,9.25,0.0,256,1312,2420,16,liboqs,iot
Dilithium2,sign,38887,0.038887,9.25,0.0,256,1312,2420,17,liboqs,iot
Dilithium2,sign,136240,0.13624,9.25,0.0,256,1312,2420,18,liboqs,iot
Dilithium2,sign,55219,0.055219,9.25,0.0,256,1312,2420,19,liboqs,iot
Dilithium2,sign,37283,0.037283,9.25,0.0,256,1312,2420,20,liboqs,iot
Dilithium2,sign,42176,0.042176,9.25,0.0,256,1312,2420,21,liboqs,iot
Dilithium2,sign,70202,0.070202,11.65,0.0,256,1312,2420,22,liboqs,iot
Dilithium2,sign,83402,0.083402,11.41,0.0,256,1312,2420,23,liboqs,iot
Dilithium2,sign,48547,0.048547,9.19,0.0,256,1312,2420,24,liboqs,iot
Dilithium2,sign,83371,0.083371,9.25,0.0,256,1312,2420,25,liboqs,iot
Dilithium2,sign,51809,0.051809,9.25,0.0,256,1312,2420,26,liboqs,iot
Dilithium2,sign,37515,0.037515,9.25,0.0,256,1312,2420,27,liboqs,iot
Dilithium2,sign,100121,0.100121,9.25,0.0,256,1312,2420,28,liboqs,iot
Dilithium2,sign,126863,0.126863,9.25,0.0,256,1312,2420,29,liboqs,iot
Dilithium2,sign,69037,0.069037,9.25,0.0,256,1312,2420,30,liboqs,iot
Dilithium2,sign,44892,0.044892,9.25,0.0,256,1312,2420,31,liboqs,iot
Dilithium2,sign,74793,0.074793,9.25,0.0,256,1312,2420,32,liboqs,iot
Dilithium2,sign,37350,0.03735,9.25,0.0,256,1312,2420,33,liboqs,iot
Dilithium2,sign,69653,0.069653,9.25,0.0,256,1312,2420,34,liboqs,iot
Dilithium2,sign,39699,0.039699,9.25,0.0,256,1312,2420,35,liboqs,iot
Dilithium2,sign,83804,0.083804,9.25,0.0,256,1312,2420,36,liboqs,iot
Dilithium2,sign,35679,0.035679,9.25,0.0,256,1312,2420,37,liboqs,iot
Dilithium2,sign,101857,0.101857,9.25,0.0,256,1312,2420,38,liboqs,iot
Dilithium2,sign,42092,0.042092,9.25,0.0,256,1312,2420,39,liboqs,iot
Dilithium2,sign,35856,0.035856,9.25,0.0,256,1312,2420,40,liboqs,iot
Dilithium2,sign,38331,0.038331,9.25,0.0,256,1312,2420,41,liboqs,iot
Dilithium2,sign,63303,0.063303,9.25,0.0,256,1312,2420,42,liboqs,iot
Dilithium2,sign,62750,0.06275,9.25,0.0,256,1312,2420,43,liboqs,iot
Dilithium2,sign,72714,0.072714,9.25,0.0,256,1312,2420,44,liboqs,iot
Dilithium2,sign,52759,0.052759,9.25,0.0,256,1312,2420,45,liboqs,iot
Dilithium2,sign,43419,0.043419,9.25,0.0,256,1312,2420,46,liboqs,iot
Dilithium2,sign,110618,0.110618,9.25,0.0,256,1312,2420,47,liboqs,iot
Dilithium2,sign,62374,0.062374,9.25,0.0,256,1312,2420,48,liboqs,iot
Dilithium2,sign,77388,0.077388,9.25,0.0,256,1312,2420,49,liboqs,iot
Dilithium2,sign,41328,0.041328,9.25,0.0,256,1312,2420,50,liboqs,iot
Dilithium2,sign,37801,0.037801,9.25,0.0,256,1312,2420,51,liboqs,iot
Dilithium2,sign,70765,0.070765,9.25,0.0,256,1312,2420,52,liboqs,iot
Dilithium2,sign,144013,0.144013,9.25,0.0,256,1312,2420,53,liboqs,iot
Dilithium2,sign,56442,0.056442,9.25,0.0,256,1312,2420,54,liboqs,iot
Dilithium2,sign,34954,0.034954,9.25,0.0,256,1312,2420,55,liboqs,iot
Dilithium2,sign,41369,0.041369,9.25,0.0,256,1312,2420,56,liboqs,iot
Dilithium2,sign,48755,0.048755,9.25,0.0,256,1312,2420,57,liboqs,iot
Dilithium2,sign,49867,0.049867,9.25,0.0,256,1312,2420,58,liboqs,iot
Dilithium2,sign,48288,0.048288,9.25,0.0,256,1312,2420,59,liboqs,iot
Dilithium2,sign,48975,0.048975,9.25,0.0,256,1312,2420,60,liboqs,iot
Dilithium2,sign,41720,0.04172,9.25,0.0,256,1312,2420,61,liboqs,iot
Dilithium2,sign,43170,0.04317,9.25,0.0,256,1312,2420,62,liboqs,iot
Dilithium2,sign,66980,0.06698,9.25,0.0,256,1312,2420,63,liboqs,iot
Dilithium2,sign,62778,0.062778,9.25,0.0,256,1312,2420,64,liboqs,iot
Dilithium2,sign,41935,0.041935,9.25,0.0,256,1312,2420,65,liboqs,iot
Dilithium2,sign,48680,0.04868,9.25,0.0,256,1312,2420,66,liboqs,iot
Dilithium2,sign,68098,0.068098,9.25,0.0,256,1312,2420,67,liboqs,iot
Dilithium2,sign,77734,0.077734,9.25,0.0,256,1312,2420,68,liboqs,iot
Dilithium2,sign,54410,0.05441,9.25,0.0,256,1312,2420,69,liboqs,iot
Dilithium2,sign,88909,0.088909,9.25,0.0,256,1312,2420,70,liboqs,iot
Dilithium2,sign,96194,0.096194,9.25,0.0,256,1312,2420,71,liboqs,iot
Dilithium2,sign,37744,0.037744,9.25,0.0,256,1312,2420,72,liboqs,iot
Dilithium2,sign,35173,0.035173,9.25,0.0,256,1312,2420,73,liboqs,iot
Dilithium2,sign,35854,0.035854,9.25,0.0,256,1312,2420,74,liboqs,iot
Dilithium2,sign,34726,0.034726,9.25,0.0,256,1312,2420,75,liboqs,iot
Dilithium2,sign,48935,0.048935,9.25,0.0,256,1312,2420,76,liboqs,iot
Dilithium2,sign,80717,0.080717,9.25,0.0,256,1312,2420,77,liboqs,iot
Dilithium2,sign,51404,0.051404,9.25,0.0,256,1312,2420,78,liboqs,iot
Dilithium2,sign,108148,0.108148,9.25,0.0,256,1312,2420,79,liboqs,iot
Dilithium2,sign,36538,0.036538,9.25,0.0,256,1312,2420,80,liboqs,iot
Dilithium2,sign,106157,0.106157,9.25,0.0,256,1312,2420,81,liboqs,iot
Dilithium2,sign,42832,0.042832,9.25,0.0,256,1312,2420,82,liboqs,iot
Dilithium2,sign,96869,0.096869,9.25,0.0,256,1312,2420,83,liboqs,iot
Dilithium2,sign,56708,0.056708,9.25,0.0,256,1312,2420,84,liboqs,iot
Dilithium2,sign,37205,0.037205,9.25,0.0,256,1312,2420,85,liboqs,iot
Dilithium2,sign,153767,0.153767,9.25,0.0,256,1312,2420,86,liboqs,iot
Dilithium2,sign,49584,0.049584,9.25,0.0,256,1312,2420,87,liboqs,iot
Dilithium2,sign,43717,0.043717,9.25,0.0,256,1312,2420,88,liboqs,iot
Dilithium2,sign,64703,0.064703,9.25,0.0,256,1312,2420,89,liboqs,iot
Dilithium2,sign,57813,0.057813,9.25,0.0,256,1312,2420,90,liboqs,iot
Dilithium2,sign,116871,0.116871,9.25,0.0,256,1312,2420,91,liboqs,iot
Dilithium2,sign,93765,0.093765,9.25,0.0,256,1312,2420,92,liboqs,iot
Dilithium2,sign,43307,0.043307,9.25,0.0,256,1312,2420,93,liboqs,iot
Dilithium2,sign,136406,0.136406,9.25,0.0,256,1312,2420,94,liboqs,iot
Dilithium2,sign,68265,0.068265,9.25,0.0,256,1312,2420,95,liboqs,iot
Dilithium2,sign,62415,0.062415,9.25,0.0,256,1312,2420,96,liboqs,iot
Dilithium2,sign,48967,0.048967,9.25,0.0,256,1312,2420,97,liboqs,iot
Dilithium2,sign,34571,0.034571,9.25,0.0,256,1312,2420,98,liboqs,iot
Dilithium2,sign,34006,0.034006,9.25,0.0,256,1312,2420,99,liboqs,iot
Dilithium2,sign,35377,0.035377,9.25,0.0,256,1312,2420,100,liboqs,iot
Dilithium2,sign,64963,0.064963,9.25,0.0,256,1312,2420,101,liboqs,iot
Dilithium2,sign,41382,0.041382,9.25,0.0,256,1312,2420,102,liboqs,iot
Dilithium2,sign,62367,0.062367,9.25,0.0,256,1312,2420,103,liboqs,iot
Dilithium2,sign,41307,0.041307,9.25,0.0,256,1312,2420,104,liboqs,iot
Dilithium2,sign,162289,0.162289,9.25,0.0,256,1312,2420,105,liboqs,iot
Dilithium2,sign,82360,0.08236,9.25,0.0,256,1312,2420,106,liboqs,iot
Dilithium2,sign,48399,0.048399,9.25,0.0,256,1312,2420,107,liboqs,iot
Dilithium2,sign,46090,0.04609,9.25,0.0,256,1312,2420,108,liboqs,iot
Dilithium2,sign,35695,0.035695,9.25,0.0,256,1312,2420,109,liboqs,iot
Dilithium2,sign,36506,0.036506,9.25,0.0,256,1312,2420,110,liboqs,iot
Dilithium2,sign,110961,0.110961,9.25,0.0,256,1312,2420,111,liboqs,iot
Dilithium2,sign,91915,0.091915,9.25,0.0,256,1312,2420,112,liboqs,iot
Dilithium2,sign,64064,0.064064,9.25,0.0,256,1312,2420,113,liboqs,iot
Dilithium2,sign,46751,0.046751,9.25,0.0,256,1312,2420,114,liboqs,iot
Dilithium2,sign,68308,0.068308,9.25,0.0,256,1312,2420,115,liboqs,iot
Dilithium2,sign,42003,0.042003,9.25,0.0,256,1312,2420,116,liboqs,iot
Dilithium2,sign,56437,0.056437,9.25,0.0,256,1312,2420,117,liboqs,iot
Dilithium2,sign,90981,0.090981,9.25,0.0,256,1312,2420,118,liboqs,iot
Dilithium2,sign,71026,0.071026,9.25,0.0,256,1312,2420,119,liboqs,iot
Dilithium2,sign,107884,0.107884,9.25,0.0,256,1312,2420,120,liboqs,iot
Dilithium2,sign,49730,0.04973,9.25,0.0,256,1312,2420,121,liboqs,iot
Dilithium2,sign,74099,0.074099,9.25,0.0,256,1312,2420,122,liboqs,iot
Dilithium2,sign,60677,0.060677,9.25,0.0,256,1312,2420,123,liboqs,iot
Dilithium2,sign,81786,0.081786,9.25,0.0,256,1312,2420,124,liboqs,iot
Dilithium2,sign,76556,0.076556,9.25,0.0,256,1312,2420,125,liboqs,iot
Dilithium2,sign,102967,0.102967,9.25,0.0,256,1312,2420,126,liboqs,iot
Dilithium2,sign,38448,0.038448,9.25,0.0,256,1312,2420,127,liboqs,iot
Dilithium2,sign,56874,0.056874,9.25,0.0,256,1312,2420,128,liboqs,iot
Dilithium2,sign,36677,0.036677,9.25,0.0,256,1312,2420,129,liboqs,iot
Dilithium2,sign,98493,0.098493,9.25,0.0,256,1312,2420,130,liboqs,iot
Dilithium2,sign,35588,0.035588,9.25,0.0,256,1312,2420,131,liboqs,iot
Dilithium2,sign,51607,0.051607,9.25,0.0,256,1312,2420,132,liboqs,iot
Dilithium2,sign,63799,0.063799,9.25,0.0,256,1312,2420,133,liboqs,iot
Dilithium2,sign,106450,0.10645,9.25,0.0,256,1312,2420,134,liboqs,iot
Dilithium2,sign,117540,0.11754,9.25,0.0,256,1312,2420,135,liboqs,iot
Dilithium2,sign,44316,0.044316,9.25,0.0,256,1312,2420,136,liboqs,iot
Dilithium2,sign,90653,0.090653,9.25,0.0,256,1312,2420,137,liboqs,iot
Dilithium2,sign,45309,0.045309,9.25,0.0,256,1312,2420,138,liboqs,iot
Dilithium2,sign,48891,0.048891,9.25,0.0,256,1312,2420,139,liboqs,iot
Dilithium2,sign,35800,0.0358,9.25,0.0,256,1312,2420,140,liboqs,iot
Dilithium2,sign,43360,0.04336,9.25,0.0,256,1312,2420,141,liboqs,iot
Dilithium2,sign,57301,0.057301,9.25,0.0,256,1312,2420,142,liboqs,iot
Dilithium2,sign,34631,0.034631,9.25,0.0,256,1312,2420,143,liboqs,iot
Dilithium2,sign,50369,0.050369,9.25,0.0,256,1312,2420,144,liboqs,iot
Dilithium2,sign,44974,0.044974,9.25,0.0,256,1312,2420,145,liboqs,iot
Dilithium2,sign,60692,0.060692,9.25,0.0,256,1312,2420,146,liboqs,iot
Dilithium2,sign,35431,0.035431,9.25,0.0,256,1312,2420,147,liboqs,iot
Dilithium2,sign,37601,0.037601,9.25,0.0,256,1312,2420,148,liboqs,iot
Dilithium2,sign,89320,0.08932,9.25,0.0,256,1312,2420,149,liboqs,iot
Dilithium2,sign,48729,0.048729,9.25,0.0,256,1312,2420,150,liboqs,iot
Dilithium2,sign,48433,0.048433,9.25,0.0,256,1312,2420,151,liboqs,iot
Dilithium2,sign,55314,0.055314,9.25,0.0,256,1312,2420,152,liboqs,iot
Dilithium2,sign,99768,0.099768,9.25,0.0,256,1312,2420,153,liboqs,iot
Dilithium2,sign,116667,0.116667,9.25,0.0,256,1312,2420,154,liboqs,iot
Dilithium2,sign,67960,0.06796,9.25,0.0,256,1312,2420,155,liboqs,iot
Dilithium2,sign,42409,0.042409,9.25,0.0,256,1312,2420,156,liboqs,iot
Dilithium2,sign,48324,0.048324,9.25,0.0,256,1312,2420,157,liboqs,iot
Dilithium2,sign,58962,0.058962,9.25,0.0,256,1312,2420,158,liboqs,iot
Dilithium2,sign,113352,0.113352,9.25,0.0,256,1312,2420,159,liboqs,iot
Dilithium2,sign,48774,0.048774,9.25,0.0,256,1312,2420,160,liboqs,iot
Dilithium2,sign,91795,0.091795,9.25,0.0,256,1312,2420,161,liboqs,iot
Dilithium2,sign,35142,0.035142,9.25,0.0,256,1312,2420,162,liboqs,iot
Dilithium2,sign,40686,0.040686,9.25,0.0,256,1312,2420,163,liboqs,iot
Dilithium2,sign,68588,0.068588,9.25,0.0,256,1312,2420,164,liboqs,iot
Dilithium2,sign,35281,0.035281,9.25,0.0,256,1312,2420,165,liboqs,iot
Dilithium2,sign,34701,0.034701,9.25,0.0,256,1312,2420,166,liboqs,iot
Dilithium2,sign,47728,0.047728,9.25,0.0,256,1312,2420,167,liboqs,iot
Dilithium2,sign,64965,0.064965,9.25,0.0,256,1312,2420,168,liboqs,iot
Dilithium2,sign,41957,0.041957,9.25,0.0,256,1312,2420,169,liboqs,iot
Dilithium2,sign,97687,0.097687,9.25,0.0,256,1312,2420,170,liboqs,iot
Dilithium2,sign,64755,0.064755,9.25,0.0,256,1312,2420,171,liboqs,iot
Dilithium2,sign,203655,0.203655,9.25,0.0,256,1312,2420,172,liboqs,iot
Dilithium2,sign,136639,0.136639,9.25,0.0,256,1312,2420,173,liboqs,iot
Dilithium2,sign,131413,0.131413,9.25,0.0,256,1312,2420,174,liboqs,iot
Dilithium2,sign,77457,0.077457,9.25,0.0,256,1312,2420,175,liboqs,iot
Dilithium2,sign,40629,0.040629,9.25,0.0,256,1312,2420,176,liboqs,iot
Dilithium2,sign,37964,0.037964,9.25,0.0,256,1312,2420,177,liboqs,iot
Dilithium2,sign,56166,0.056166,9.25,0.0,256,1312,2420,178,liboqs,iot
Dilithium2,sign,164830,0.16483,9.25,0.0,256,1312,2420,179,liboqs,iot
Dilithium2,sign,114363,0.114363,9.25,0.0,256,1312,2420,180,liboqs,iot
Dilithium2,sign,39414,0.039414,9.25,0.0,256,1312,2420,181,liboqs,iot
Dilithium2,sign,45348,0.045348,9.25,0.0,256,1312,2420,182,liboqs,iot
Dilithium2,sign,76366,0.076366,9.25,0.0,256,1312,2420,183,liboqs,iot
Dilithium2,sign,43735,0.043735,9.25,0.0,256,1312,2420,184,liboqs,iot
Dilithium2,sign,52355,0.052355,9.25,0.0,256,1312,2420,185,liboqs,iot
Dilithium2,sign,48152,0.048152,9.25,0.0,256,1312,2420,186,liboqs,iot
Dilithium2,sign,71053,0.071053,9.25,0.0,256,1312,2420,187,liboqs,iot
Dilithium2,sign,49533,0.049533,9.25,0.0,256,1312,2420,188,liboqs,iot
Dilithium2,sign,140856,0.140856,9.25,0.0,256,1312,2420,189,liboqs,iot
Dilithium2,sign,35629,0.035629,9.25,0.0,256,1312,2420,190,liboqs,iot
Dilithium2,sign,34957,0.034957,9.25,0.0,256,1312,2420,191,liboqs,iot
Dilithium2,sign,52933,0.052933,9.25,0.0,256,1312,2420,192,liboqs,iot
Dilithium2,sign,41982,0.041982,9.25,0.0,256,1312,2420,193,liboqs,iot
Dilithium2,sign,53005,0.053005,9.25,0.0,256,1312,2420,194,liboqs,iot
Dilithium2,sign,35606,0.035606,9.25,0.0,256,1312,2420,195,liboqs,iot
Dilithium2,sign,58914,0.058914,9.25,0.0,256,1312,2420,196,liboqs,iot
Dilithium2,sign,68322,0.068322,9.25,0.0,256,1312,2420,197,liboqs,iot
Dilithium2,sign,89019,0.089019,9.25,0.0,256,1312,2420,198,liboqs,iot
Dilithium2,sign,36781,0.036781,9.25,0.0,256,1312,2420,199,liboqs,iot
Dilithium2,sign,43043,0.043043,9.25,0.0,256,1312,2420,200,liboqs,iot
Dilithium2,sign,112754,0.112754,9.25,0.0,256,1312,2420,201,liboqs,iot
Dilithium2,sign,79222,0.079222,9.25,0.0,256,1312,2420,202,liboqs,iot
Dilithium2,sign,49068,0.049068,9.25,0.0,256,1312,2420,203,liboqs,iot
Dilithium2,sign,111663,0.111663,9.25,0.0,256,1312,2420,204,liboqs,iot
Dilithium2,sign,92563,0.092563,9.25,0.0,256,1312,2420,205,liboqs,iot
Dilithium2,sign,93910,0.09391,9.25,0.0,256,1312,2420,206,liboqs,iot
Dilithium2,sign,53649,0.053649,9.25,0.0,256,1312,2420,207,liboqs,iot
Dilithium2,sign,60655,0.060655,9.25,0.0,256,1312,2420,208,liboqs,iot
Dilithium2,sign,70240,0.07024,9.25,0.0,256,1312,2420,209,liboqs,iot
Dilithium2,sign,364252,0.364252,9.25,0.0,256,1312,2420,210,liboqs,iot
Dilithium2,sign,108358,0.108358,9.25,0.0,256,1312,2420,211,liboqs,iot
Dilithium2,sign,57525,0.057525,9.25,0.0,256,1312,2420,212,liboqs,iot
Dilithium2,sign,75780,0.07578,9.25,0.0,256,1312,2420,213,liboqs,iot
Dilithium2,sign,94650,0.09465,9.25,0.0,256,1312,2420,214,liboqs,iot
Dilithium2,sign,34948,0.034948,9.25,0.0,256,1312,2420,215,liboqs,iot
Dilithium2,sign,46890,0.04689,9.25,0.0,256,1312,2420,216,liboqs,iot
Dilithium2,sign,51429,0.051429,9.25,0.0,256,1312,2420,217,liboqs,iot
Dilithium2,sign,63060,0.06306,9.25,0.0,256,1312,2420,218,liboqs,iot
Dilithium2,sign,83935,0.083935,9.25,0.0,256,1312,2420,219,liboqs,iot
Dilithium2,sign,56886,0.056886,9.25,0.0,256,1312,2420,220,liboqs,iot
Dilithium2,sign,163184,0.163184,9.25,0.0,256,1312,2420,221,liboqs,iot
Dilithium2,sign,104412,0.104412,9.25,0.0,256,1312,2420,222,liboqs,iot
Dilithium2,sign,63348,0.063348,9.25,0.0,256,1312,2420,223,liboqs,iot
Dilithium2,sign,262703,0.262703,9.25,0.0,256,1312,2420,224,liboqs,iot
Dilithium2,sign,70944,0.070944,9.25,0.0,256,1312,2420,225,liboqs,iot
Dilithium2,sign,57132,0.057132,9.25,0.0,256,1312,2420,226,liboqs,iot
Dilithium2,sign,56304,0.056304,9.25,0.0,256,1312,2420,227,liboqs,iot
Dilithium2,sign,119148,0.119148,9.25,0.0,256,1312,2420,228,liboqs,iot
Dilithium2,sign,53270,0.05327,9.25,0.0,256,1312,2420,229,liboqs,iot
Dilithium2,sign,45096,0.045096,9.25,0.0,256,1312,2420,230,liboqs,iot
Dilithium2,sign,43428,0.043428,9.25,0.0,256,1312,2420,231,liboqs,iot
Dilithium2,sign,44268,0.044268,9.25,0.0,256,1312,2420,232,liboqs,iot
Dilithium2,sign,81986,0.081986,9.25,0.0,256,1312,2420,233,liboqs,iot
Dilithium2,sign,81874,0.081874,9.25,0.0,256,1312,2420,234,liboqs,iot
Dilithium2,sign,114230,0.11423,9.25,0.0,256,1312,2420,235,liboqs,iot
Dilithium2,sign,35498,0.035498,9.25,0.0,256,1312,2420,236,liboqs,iot
Dilithium2,sign,36087,0.036087,9.25,0.0,256,1312,2420,237,liboqs,iot
Dilithium2,sign,48451,0.048451,9.25,0.0,256,1312,2420,238,liboqs,iot
Dilithium2,sign,55220,0.05522,9.25,0.0,256,1312,2420,239,liboqs,iot
Dilithium2,sign,74223,0.074223,9.25,0.0,256,1312,2420,240,liboqs,iot
Dilithium2,sign,36111,0.036111,9.25,0.0,256,1312,2420,241,liboqs,iot
Dilithium2,sign,112297,0.112297,9.25,0.0,256,1312,2420,242,liboqs,iot
Dilithium2,sign,35869,0.035869,9.25,0.0,256,1312,2420,243,liboqs,iot
Dilithium2,sign,56292,0.056292,9.25,0.0,256,1312,2420,244,liboqs,iot
Dilithium2,sign,46852,0.046852,9.25,0.0,256,1312,2420,245,liboqs,iot
Dilithium2,sign,53999,0.053999,9.25,0.0,256,1312,2420,246,liboqs,iot
Dilithium2,sign,36867,0.036867,9.25,0.0,256,1312,2420,247,liboqs,iot
Dilithium2,sign,61354,0.061354,9.25,0.0,256,1312,2420,248,liboqs,iot
Dilithium2,sign,77763,0.077763,9.25,0.0,256,1312,2420,249,liboqs,iot
Dilithium2,sign,50642,0.050642,9.25,0.0,256,1312,2420,250,liboqs,iot
Dilithium2,sign,63160,0.06316,9.25,0.0,256,1312,2420,251,liboqs,iot
Dilithium2,sign,56626,0.056626,9.25,0.0,256,1312,2420,252,liboqs,iot
Dilithium2,sign,35803,0.035803,9.25,0.0,256,1312,2420,253,liboqs,iot
Dilithium2,sign,35652,0.035652,9.25,0.0,256,1312,2420,254,liboqs,iot
Dilithium2,sign,36806,0.036806,9.25,0.0,256,1312,2420,255,liboqs,iot
Dilithium2,sign,66351,0.066351,9.25,0.0,256,1312,2420,256,liboqs,iot
Dilithium2,sign,37539,0.037539,9.25,0.0,256,1312,2420,257,liboqs,iot
Dilithium2,sign,36115,0.036115,9.25,0.0,256,1312,2420,258,liboqs,iot
Dilithium2,sign,39367,0.039367,9.25,0.0,256,1312,2420,259,liboqs,iot
Dilithium2,sign,43188,0.043188,9.25,0.0,256,1312,2420,260,liboqs,iot
Dilithium2,sign,47141,0.047141,9.25,0.0,256,1312,2420,261,liboqs,iot
Dilithium2,sign,69866,0.069866,9.25,0.0,256,1312,2420,262,liboqs,iot
Dilithium2,sign,37249,0.037249,9.25,0.0,256,1312,2420,263,liboqs,iot
Dilithium2,sign,68227,0.068227,9.25,0.0,256,1312,2420,264,liboqs,iot
Dilithium2,sign,57302,0.057302,9.25,0.0,256,1312,2420,265,liboqs,iot
Dilithium2,sign,34632,0.034632,9.25,0.0,256,1312,2420,266,liboqs,iot
Dilithium2,sign,35806,0.035806,9.25,0.0,256,1312,2420,267,liboqs,iot
Dilithium2,sign,60805,0.060805,9.25,0.0,256,1312,2420,268,liboqs,iot
Dilithium2,sign,47068,0.047068,9.25,0.0,256,1312,2420,269,liboqs,iot
Dilithium2,sign,48954,0.048954,9.25,0.0,256,1312,2420,270,liboqs,iot
Dilithium2,sign,36466,0.036466,9.25,0.0,256,1312,2420,271,liboqs,iot
Dilithium2,sign,34950,0.03495,9.25,0.0,256,1312,2420,272,liboqs,iot
Dilithium2,sign,41806,0.041806,9.25,0.0,256,1312,2420,273,liboqs,iot
Dilithium2,sign,35908,0.035908,9.25,0.0,256,1312,2420,274,liboqs,iot
Dilithium2,sign,34661,0.034661,9.25,0.0,256,1312,2420,275,liboqs,iot
Dilithium2,sign,122701,0.122701,9.25,0.0,256,1312,2420,276,liboqs,iot
Dilithium2,sign,57447,0.057447,9.25,0.0,256,1312,2420,277,liboqs,iot
Dilithium2,sign,113509,0.113509,9.25,0.0,256,1312,2420,278,liboqs,iot
Dilithium2,sign,41949,0.041949,9.25,0.0,256,1312,2420,279,liboqs,iot
Dilithium2,sign,78163,0.078163,9.25,0.0,256,1312,2420,280,liboqs,iot
Dilithium2,sign,36207,0.036207,9.25,0.0,256,1312,2420,281,liboqs,iot
Dilithium2,sign,48687,0.048687,9.25,0.0,256,1312,2420,282,liboqs,iot
Dilithium2,sign,40654,0.040654,9.25,0.0,256,1312,2420,283,liboqs,iot
Dilithium2,sign,83731,0.083731,9.25,0.0,256,1312,2420,284,liboqs,iot
Dilithium2,sign,54353,0.054353,9.25,0.0,256,1312,2420,285,liboqs,iot
Dilithium2,sign,45917,0.045917,9.25,0.0,256,1312,2420,286,liboqs,iot
Dilithium2,sign,36717,0.036717,9.25,0.0,256,1312,2420,287,liboqs,iot
Dilithium2,sign,55735,0.055735,9.25,0.0,256,1312,2420,288,liboqs,iot
Dilithium2,sign,67006,0.067006,9.25,0.0,256,1312,2420,289,liboqs,iot
Dilithium2,sign,73057,0.073057,9.25,0.0,256,1312,2420,290,liboqs,iot
Dilithium2,sign,43007,0.043007,9.25,0.0,256,1312,2420,291,liboqs,iot
Dilithium2,sign,63648,0.063648,9.25,0.0,256,1312,2420,292,liboqs,iot
Dilithium2,sign,35205,0.035205,9.25,0.0,256,1312,2420,293,liboqs,iot
Dilithium2,sign,60057,0.060057,9.25,0.0,256,1312,2420,294,liboqs,iot
Dilithium2,sign,35032,0.035032,9.25,0.0,256,1312,2420,295,liboqs,iot
Dilithium2,sign,49328,0.049328,9.25,0.0,256,1312,2420,296,liboqs,iot
Dilithium2,sign,41997,0.041997,9.25,0.0,256,1312,2420,297,liboqs,iot
Dilithium2,sign,36799,0.036799,9.25,0.0,256,1312,2420,298,liboqs,iot
Dilithium2,sign,34829,0.034829,9.25,0.0,256,1312,2420,299,liboqs,iot
Dilithium2,sign,49948,0.049948,9.25,0.0,256,1312,2420,300,liboqs,iot
Dilithium2,sign,72043,0.072043,9.25,0.0,256,1312,2420,301,liboqs,iot
Dilithium2,sign,71328,0.071328,9.25,0.0,256,1312,2420,302,liboqs,iot
Dilithium2,sign,60702,0.060702,9.25,0.0,256,1312,2420,303,liboqs,iot
Dilithium2,sign,119116,0.119116,9.25,0.0,256,1312,2420,304,liboqs,iot
Dilithium2,sign,115976,0.115976,9.25,0.0,256,1312,2420,305,liboqs,iot
Dilithium2,sign,39332,0.039332,9.25,0.0,256,1312,2420,306,liboqs,iot
Dilithium2,sign,57901,0.057901,9.25,0.0,256,1312,2420,307,liboqs,iot
Dilithium2,sign,60882,0.060882,9.25,0.0,256,1312,2420,308,liboqs,iot
Dilithium2,sign,82480,0.08248,9.25,0.0,256,1312,2420,309,liboqs,iot
Dilithium2,sign,118799,0.118799,9.25,0.0,256,1312,2420,310,liboqs,iot
Dilithium2,sign,70132,0.070132,9.25,0.0,256,1312,2420,311,liboqs,iot
Dilithium2,sign,36714,0.036714,9.25,0.0,256,1312,2420,312,liboqs,iot
Dilithium2,sign,81053,0.081053,9.25,0.0,256,1312,2420,313,liboqs,iot
Dilithium2,sign,65440,0.06544,9.25,0.0,256,1312,2420,314,liboqs,iot
Dilithium2,sign,34959,0.034959,9.25,0.0,256,1312,2420,315,liboqs,iot
Dilithium2,sign,104326,0.104326,9.25,0.0,256,1312,2420,316,liboqs,iot
Dilithium2,sign,61846,0.061846,9.25,0.0,256,1312,2420,317,liboqs,iot
Dilithium2,sign,63723,0.063723,9.25,0.0,256,1312,2420,318,liboqs,iot
Dilithium2,sign,129906,0.129906,9.25,0.0,256,1312,2420,319,liboqs,iot
Dilithium2,sign,49787,0.049787,9.25,0.0,256,1312,2420,320,liboqs,iot
Dilithium2,sign,35119,0.035119,9.25,0.0,256,1312,2420,321,liboqs,iot
Dilithium2,sign,90129,0.090129,9.25,0.0,256,1312,2420,322,liboqs,iot
Dilithium2,sign,42192,0.042192,9.25,0.0,256,1312,2420,323,liboqs,iot
Dilithium2,sign,50024,0.050024,9.25,0.0,256,1312,2420,324,liboqs,iot
Dilithium2,sign,34678,0.034678,9.25,0.0,256,1312,2420,325,liboqs,iot
Dilithium2,sign,42635,0.042635,9.25,0.0,256,1312,2420,326,liboqs,iot
Dilithium2,sign,62029,0.062029,9.25,0.0,256,1312,2420,327,liboqs,iot
Dilithium2,sign,115902,0.115902,9.25,0.0,256,1312,2420,328,liboqs,iot
Dilithium2,sign,88700,0.0887,9.25,0.0,256,1312,2420,329,liboqs,iot
Dilithium2,sign,138025,0.138025,9.25,0.0,256,1312,2420,330,liboqs,iot
Dilithium2,sign,44944,0.044944,9.25,0.0,256,1312,2420,331,liboqs,iot
Dilithium2,sign,64857,0.064857,9.25,0.0,256,1312,2420,332,liboqs,iot
Dilithium2,sign,73236,0.073236,9.25,0.0,256,1312,2420,333,liboqs,iot
Dilithium2,sign,42185,0.042185,9.25,0.0,256,1312,2420,334,liboqs,iot
Dilithium2,sign,41441,0.041441,9.25,0.0,256,1312,2420,335,liboqs,iot
Dilithium2,sign,37369,0.037369,9.25,0.0,256,1312,2420,336,liboqs,iot
Dilithium2,sign,36906,0.036906,9.25,0.0,256,1312,2420,337,liboqs,iot
Dilithium2,sign,62798,0.062798,9.25,0.0,256,1312,2420,338,liboqs,iot
Dilithium2,sign,92274,0.092274,9.25,0.0,256,1312,2420,339,liboqs,iot
Dilithium2,sign,76147,0.076147,9.25,0.0,256,1312,2420,340,liboqs,iot
Dilithium2,sign,72954,0.072954,9.25,0.0,256,1312,2420,341,liboqs,iot
Dilithium2,sign,47744,0.047744,9.25,0.0,256,1312,2420,342,liboqs,iot
Dilithium2,sign,44915,0.044915,9.25,0.0,256,1312,2420,343,liboqs,iot
Dilithium2,sign,35314,0.035314,9.25,0.0,256,1312,2420,344,liboqs,iot
Dilithium2,sign,34624,0.034624,9.25,0.0,256,1312,2420,345,liboqs,iot
Dilithium2,sign,55562,0.055562,9.25,0.0,256,1312,2420,346,liboqs,iot
Dilithium2,sign,58456,0.058456,9.25,0.0,256,1312,2420,347,liboqs,iot
Dilithium2,sign,64784,0.064784,9.25,0.0,256,1312,2420,348,liboqs,iot
Dilithium2,sign,104215,0.104215,9.25,0.0,256,1312,2420,349,liboqs,iot
Dilithium2,sign,36861,0.036861,9.25,0.0,256,1312,2420,350,liboqs,iot
Dilithium2,sign,42062,0.042062,9.25,0.0,256,1312,2420,351,liboqs,iot
Dilithium2,sign,70313,0.070313,9.25,0.0,256,1312,2420,352,liboqs,iot
Dilithium2,sign,35364,0.035364,9.25,0.0,256,1312,2420,353,liboqs,iot
Dilithium2,sign,42410,0.04241,9.25,0.0,256,1312,2420,354,liboqs,iot
Dilithium2,sign,75048,0.075048,9.25,0.0,256,1312,2420,355,liboqs,iot
Dilithium2,sign,63265,0.063265,9.25,0.0,256,1312,2420,356,liboqs,iot
Dilithium2,sign,55272,0.055272,9.25,0.0,256,1312,2420,357,liboqs,iot
Dilithium2,sign,63341,0.063341,9.25,0.0,256,1312,2420,358,liboqs,iot
Dilithium2,sign,58369,0.058369,9.25,0.0,256,1312,2420,359,liboqs,iot
Dilithium2,sign,53880,0.05388,9.25,0.0,256,1312,2420,360,liboqs,iot
Dilithium2,sign,41176,0.041176,9.25,0.0,256,1312,2420,361,liboqs,iot
Dilithium2,sign,104438,0.104438,9.25,0.0,256,1312,2420,362,liboqs,iot
Dilithium2,sign,68392,0.068392,9.25,0.0,256,1312,2420,363,liboqs,iot
Dilithium2,sign,106001,0.106001,11.65,0.0,256,1312,2420,364,liboqs,iot
Dilithium2,sign,72132,0.072132,11.41,0.0,256,1312,2420,365,liboqs,iot
Dilithium2,sign,39795,0.039795,9.19,0.0,256,1312,2420,366,liboqs,iot
Dilithium2,sign,52356,0.052356,9.25,0.0,256,1312,2420,367,liboqs,iot
Dilithium2,sign,55320,0.05532,9.25,0.0,256,1312,2420,368,liboqs,iot
Dilithium2,sign,57611,0.057611,9.25,0.0,256,1312,2420,369,liboqs,iot
Dilithium2,sign,101037,0.101037,9.25,0.0,256,1312,2420,370,liboqs,iot
Dilithium2,sign,37620,0.03762,9.25,0.0,256,1312,2420,371,liboqs,iot
Dilithium2,sign,36157,0.036157,9.25,0.0,256,1312,2420,372,liboqs,iot
Dilithium2,sign,72982,0.072982,9.25,0.0,256,1312,2420,373,liboqs,iot
Dilithium2,sign,313466,0.313466,9.25,0.0,256,1312,2420,374,liboqs,iot
Dilithium2,sign,77138,0.077138,9.25,0.0,256,1312,2420,375,liboqs,iot
Dilithium2,sign,131716,0.131716,9.25,0.0,256,1312,2420,376,liboqs,iot
Dilithium2,sign,65635,0.065635,9.25,0.0,256,1312,2420,377,liboqs,iot
Dilithium2,sign,65543,0.065543,9.25,0.0,256,1312,2420,378,liboqs,iot
Dilithium2,sign,44960,0.04496,9.25,0.0,256,1312,2420,379,liboqs,iot
Dilithium2,sign,49161,0.049161,9.25,0.0,256,1312,2420,380,liboqs,iot
Dilithium2,sign,54764,0.054764,9.25,0.0,256,1312,2420,381,liboqs,iot
Dilithium2,sign,38503,0.038503,9.25,0.0,256,1312,2420,382,liboqs,iot
Dilithium2,sign,36191,0.036191,9.25,0.0,256,1312,2420,383,liboqs,iot
Dilithium2,sign,42433,0.042433,9.25,0.0,256,1312,2420,384,liboqs,iot
Dilithium2,sign,75465,0.075465,9.25,0.0,256,1312,2420,385,liboqs,iot
Dilithium2,sign,48146,0.048146,9.25,0.0,256,1312,2420,386,liboqs,iot
Dilithium2,sign,48041,0.048041,9.25,0.0,256,1312,2420,387,liboqs,iot
Dilithium2,sign,54978,0.054978,9.25,0.0,256,1312,2420,388,liboqs,iot
Dilithium2,sign,49074,0.049074,9.25,0.0,256,1312,2420,389,liboqs,iot
Dilithium2,sign,63149,0.063149,9.25,0.0,256,1312,2420,390,liboqs,iot
Dilithium2,sign,61794,0.061794,9.25,0.0,256,1312,2420,391,liboqs,iot
Dilithium2,sign,35003,0.035003,9.25,0.0,256,1312,2420,392,liboqs,iot
Dilithium2,sign,57436,0.057436,9.25,0.0,256,1312,2420,393,liboqs,iot
Dilithium2,sign,119824,0.119824,9.25,0.0,256,1312,2420,394,liboqs,iot
Dilithium2,sign,86599,0.086599,9.25,0.0,256,1312,2420,395,liboqs,iot
Dilithium2,sign,107866,0.107866,9.25,0.0,256,1312,2420,396,liboqs,iot
Dilithium2,sign,83311,0.083311,9.25,0.0,256,1312,2420,397,liboqs,iot
Dilithium2,sign,64235,0.064235,9.25,0.0,256,1312,2420,398,liboqs,iot
Dilithium2,sign,47717,0.047717,9.25,0.0,256,1312,2420,399,liboqs,iot
Dilithium2,sign,43044,0.043044,9.25,0.0,256,1312,2420,400,liboqs,iot
Dilithium2,sign,36023,0.036023,9.25,0.0,256,1312,2420,401,liboqs,iot
Dilithium2,sign,90813,0.090813,9.25,0.0,256,1312,2420,402,liboqs,iot
Dilithium2,sign,63449,0.063449,9.25,0.0,256,1312,2420,403,liboqs,iot
Dilithium2,sign,62592,0.062592,9.25,0.0,256,1312,2420,404,liboqs,iot
Dilithium2,sign,37114,0.037114,9.25,0.0,256,1312,2420,405,liboqs,iot
Dilithium2,sign,55200,0.0552,9.25,0.0,256,1312,2420,406,liboqs,iot
Dilithium2,sign,110231,0.110231,9.25,0.0,256,1312,2420,407,liboqs,iot
Dilithium2,sign,61829,0.061829,9.25,0.0,256,1312,2420,408,liboqs,iot
Dilithium2,sign,34687,0.034687,9.25,0.0,256,1312,2420,409,liboqs,iot
Dilithium2,sign,42723,0.042723,9.25,0.0,256,1312,2420,410,liboqs,iot
Dilithium2,sign,70555,0.070555,9.25,0.0,256,1312,2420,411,liboqs,iot
Dilithium2,sign,52876,0.052876,9.25,0.0,256,1312,2420,412,liboqs,iot
Dilithium2,sign,92466,0.092466,9.25,0.0,256,1312,2420,413,liboqs,iot
Dilithium2,sign,38119,0.038119,9.25,0.0,256,1312,2420,414,liboqs,iot
Dilithium2,sign,70416,0.070416,9.25,0.0,256,1312,2420,415,liboqs,iot
Dilithium2,sign,52509,0.052509,9.25,0.0,256,1312,2420,416,liboqs,iot
Dilithium2,sign,44370,0.04437,9.25,0.0,256,1312,2420,417,liboqs,iot
Dilithium2,sign,36160,0.03616,9.25,0.0,256,1312,2420,418,liboqs,iot
Dilithium2,sign,236377,0.236377,9.25,0.0,256,1312,2420,419,liboqs,iot
Dilithium2,sign,55283,0.055283,9.25,0.0,256,1312,2420,420,liboqs,iot
Dilithium2,sign,69786,0.069786,9.25,0.0,256,1312,2420,421,liboqs,iot
Dilithium2,sign,46988,0.046988,9.25,0.0,256,1312,2420,422,liboqs,iot
Dilithium2,sign,35459,0.035459,9.25,0.0,256,1312,2420,423,liboqs,iot
Dilithium2,sign,70246,0.070246,9.25,0.0,256,1312,2420,424,liboqs,iot
Dilithium2,sign,134684,0.134684,9.25,0.0,256,1312,2420,425,liboqs,iot
Dilithium2,sign,84996,0.084996,9.25,0.0,256,1312,2420,426,liboqs,iot
Dilithium2,sign,54686,0.054686,9.25,0.0,256,1312,2420,427,liboqs,iot
Dilithium2,sign,96553,0.096553,9.25,0.0,256,1312,2420,428,liboqs,iot
Dilithium2,sign,51437,0.051437,9.25,0.0,256,1312,2420,429,liboqs,iot
Dilithium2,sign,82808,0.082808,9.25,0.0,256,1312,2420,430,liboqs,iot
Dilithium2,sign,49282,0.049282,9.25,0.0,256,1312,2420,431,liboqs,iot
Dilithium2,sign,42760,0.04276,9.25,0.0,256,1312,2420,432,liboqs,iot
Dilithium2,sign,78024,0.078024,9.25,0.0,256,1312,2420,433,liboqs,iot
Dilithium2,sign,67467,0.067467,9.25,0.0,256,1312,2420,434,liboqs,iot
Dilithium2,sign,90889,0.090889,9.25,0.0,256,1312,2420,435,liboqs,iot
Dilithium2,sign,90080,0.09008,9.25,0.0,256,1312,2420,436,liboqs,iot
Dilithium2,sign,208506,0.208506,9.25,0.0,256,1312,2420,437,liboqs,iot
Dilithium2,sign,84247,0.084247,9.25,0.0,256,1312,2420,438,liboqs,iot
Dilithium2,sign,110839,0.110839,9.25,0.0,256,1312,2420,439,liboqs,iot
Dilithium2,sign,47199,0.047199,9.25,0.0,256,1312,2420,440,liboqs,iot
Dilithium2,sign,69388,0.069388,9.25,0.0,256,1312,2420,441,liboqs,iot
Dilithium2,sign,101532,0.101532,9.25,0.0,256,1312,2420,442,liboqs,iot
Dilithium2,sign,37612,0.037612,9.25,0.0,256,1312,2420,443,liboqs,iot
Dilithium2,sign,44067,0.044067,9.25,0.0,256,1312,2420,444,liboqs,iot
Dilithium2,sign,36286,0.036286,9.25,0.0,256,1312,2420,445,liboqs,iot
Dilithium2,sign,94562,0.094562,9.25,0.0,256,1312,2420,446,liboqs,iot
Dilithium2,sign,115502,0.115502,9.25,0.0,256,1312,2420,447,liboqs,iot
Dilithium2,sign,81794,0.081794,9.25,0.0,256,1312,2420,448,liboqs,iot
Dilithium2,sign,42848,0.042848,9.25,0.0,256,1312,2420,449,liboqs,iot
Dilithium2,sign,63243,0.063243,9.25,0.0,256,1312,2420,450,liboqs,iot
Dilithium2,sign,42568,0.042568,9.25,0.0,256,1312,2420,451,liboqs,iot
Dilithium2,sign,116639,0.116639,9.25,0.0,256,1312,2420,452,liboqs,iot
Dilithium2,sign,90748,0.090748,9.25,0.0,256,1312,2420,453,liboqs,iot
Dilithium2,sign,59283,0.059283,9.25,0.0,256,1312,2420,454,liboqs,iot
Dilithium2,sign,38550,0.03855,9.25,0.0,256,1312,2420,455,liboqs,iot
Dilithium2,sign,110687,0.110687,9.25,0.0,256,1312,2420,456,liboqs,iot
Dilithium2,sign,36425,0.036425,9.25,0.0,256,1312,2420,457,liboqs,iot
Dilithium2,sign,43163,0.043163,9.25,0.0,256,1312,2420,458,liboqs,iot
Dilithium2,sign,49082,0.049082,9.25,0.0,256,1312,2420,459,liboqs,iot
Dilithium2,sign,41312,0.041312,9.25,0.0,256,1312,2420,460,liboqs,iot
Dilithium2,sign,44536,0.044536,9.25,0.0,256,1312,2420,461,liboqs,iot
Dilithium2,sign,36911,0.036911,9.25,0.0,256,1312,2420,462,liboqs,iot
Dilithium2,sign,42491,0.042491,9.25,0.0,256,1312,2420,463,liboqs,iot
Dilithium2,sign,72460,0.07246,9.25,0.0,256,1312,2420,464,liboqs,iot
Dilithium2,sign,121598,0.121598,9.25,0.0,256,1312,2420,465,liboqs,iot
Dilithium2,sign,45692,0.045692,9.25,0.0,256,1312,2420,466,liboqs,iot
Dilithium2,sign,43265,0.043265,9.25,0.0,256,1312,2420,467,liboqs,iot
Dilithium2,sign,44244,0.044244,9.25,0.0,256,1312,2420,468,liboqs,iot
Dilithium2,sign,57664,0.057664,9.25,0.0,256,1312,2420,469,liboqs,iot
Dilithium2,sign,63308,0.063308,9.25,0.0,256,1312,2420,470,liboqs,iot
Dilithium2,sign,48457,0.048457,9.25,0.0,256,1312,2420,471,liboqs,iot
Dilithium2,sign,36833,0.036833,9.25,0.0,256,1312,2420,472,liboqs,iot
Dilithium2,sign,34786,0.034786,9.25,0.0,256,1312,2420,473,liboqs,iot
Dilithium2,sign,61561,0.061561,9.25,0.0,256,1312,2420,474,liboqs,iot
Dilithium2,sign,70386,0.070386,9.25,0.0,256,1312,2420,475,liboqs,iot
Dilithium2,sign,50361,0.050361,9.25,0.0,256,1312,2420,476,liboqs,iot
Dilithium2,sign,41748,0.041748,9.25,0.0,256,1312,2420,477,liboqs,iot
Dilithium2,sign,51045,0.051045,9.25,0.0,256,1312,2420,478,liboqs,iot
Dilithium2,sign,62906,0.062906,9.25,0.0,256,1312,2420,479,liboqs,iot
Dilithium2,sign,41614,0.041614,9.25,0.0,256,1312,2420,480,liboqs,iot
Dilithium2,sign,42192,0.042192,9.25,0.0,256,1312,2420,481,liboqs,iot
Dilithium2,sign,47237,0.047237,9.25,0.0,256,1312,2420,482,liboqs,iot
Dilithium2,sign,42486,0.042486,9.25,0.0,256,1312,2420,483,liboqs,iot
Dilithium2,sign,45271,0.045271,9.25,0.0,256,1312,2420,484,liboqs,iot
Dilithium2,sign,89211,0.089211,9.25,0.0,256,1312,2420,485,liboqs,iot
Dilithium2,sign,53783,0.053783,9.25,0.0,256,1312,2420,486,liboqs,iot
Dilithium2,sign,36491,0.036491,9.25,0.0,256,1312,2420,487,liboqs,iot
Dilithium2,sign,50863,0.050863,9.25,0.0,256,1312,2420,488,liboqs,iot
Dilithium2,sign,35098,0.035098,9.25,0.0,256,1312,2420,489,liboqs,iot
Dilithium2,sign,95025,0.095025,9.25,0.0,256,1312,2420,490,liboqs,iot
Dilithium2,sign,75307,0.075307,9.25,0.0,256,1312,2420,491,liboqs,iot
Dilithium2,sign,60514,0.060514,9.25,0.0,256,1312,2420,492,liboqs,iot
Dilithium2,sign,42061,0.042061,9.25,0.0,256,1312,2420,493,liboqs,iot
Dilithium2,sign,75796,0.075796,9.25,0.0,256,1312,2420,494,liboqs,iot
Dilithium2,sign,82570,0.08257,9.25,0.0,256,1312,2420,495,liboqs,iot
Dilithium2,sign,76904,0.076904,9.25,0.0,256,1312,2420,496,liboqs,iot
Dilithium2,sign,49246,0.049246,9.25,0.0,256,1312,2420,497,liboqs,iot
Dilithium2,sign,71456,0.071456,9.25,0.0,256,1312,2420,498,liboqs,iot
Dilithium2,sign,62698,0.062698,9.25,0.0,256,1312,2420,499,liboqs,iot
Dilithium2,sign,37342,0.037342,9.25,0.0,256,1312,2420,500,liboqs,iot
Dilithium2,sign,89485,0.089485,9.25,0.0,256,1312,2420,501,liboqs,iot
Dilithium2,sign,49135,0.049135,9.25,0.0,256,1312,2420,502,liboqs,iot
Dilithium2,sign,49350,0.04935,9.25,0.0,256,1312,2420,503,liboqs,iot
Dilithium2,sign,41333,0.041333,9.25,0.0,256,1312,2420,504,liboqs,iot
Dilithium2,sign,112515,0.112515,9.25,0.0,256,1312,2420,505,liboqs,iot
Dilithium2,sign,56460,0.05646,9.25,0.0,256,1312,2420,506,liboqs,iot
Dilithium2,sign,34473,0.034473,9.25,0.0,256,1312,2420,507,liboqs,iot
Dilithium2,sign,42026,0.042026,9.25,0.0,256,1312,2420,508,liboqs,iot
Dilithium2,sign,103659,0.103659,9.25,0.0,256,1312,2420,509,liboqs,iot
Dilithium2,sign,85737,0.085737,9.25,0.0,256,1312,2420,510,liboqs,iot
Dilithium2,sign,54293,0.054293,9.25,0.0,256,1312,2420,511,liboqs,iot
Dilithium2,sign,35522,0.035522,9.25,0.0,256,1312,2420,512,liboqs,iot
Dilithium2,sign,49307,0.049307,9.25,0.0,256,1312,2420,513,liboqs,iot
Dilithium2,sign,72886,0.072886,9.25,0.0,256,1312,2420,514,liboqs,iot
Dilithium2,sign,55360,0.05536,9.25,0.0,256,1312,2420,515,liboqs,iot
Dilithium2,sign,61964,0.061964,9.25,0.0,256,1312,2420,516,liboqs,iot
Dilithium2,sign,34367,0.034367,9.25,0.0,256,1312,2420,517,liboqs,iot
Dilithium2,sign,34719,0.034719,9.25,0.0,256,1312,2420,518,liboqs,iot
Dilithium2,sign,65544,0.065544,9.25,0.0,256,1312,2420,519,liboqs,iot
Dilithium2,sign,41712,0.041712,9.25,0.0,256,1312,2420,520,liboqs,iot
Dilithium2,sign,34933,0.034933,9.25,0.0,256,1312,2420,521,liboqs,iot
Dilithium2,sign,75401,0.075401,9.25,0.0,256,1312,2420,522,liboqs,iot
Dilithium2,sign,50568,0.050568,9.25,0.0,256,1312,2420,523,liboqs,iot
Dilithium2,sign,41504,0.041504,9.25,0.0,256,1312,2420,524,liboqs,iot
Dilithium2,sign,45243,0.045243,9.25,0.0,256,1312,2420,525,liboqs,iot
Dilithium2,sign,226588,0.226588,9.25,0.0,256,1312,2420,526,liboqs,iot
Dilithium2,sign,48399,0.048399,9.25,0.0,256,1312,2420,527,liboqs,iot
Dilithium2,sign,46787,0.046787,9.25,0.0,256,1312,2420,528,liboqs,iot
Dilithium2,sign,56040,0.05604,9.25,0.0,256,1312,2420,529,liboqs,iot
Dilithium2,sign,54513,0.054513,9.25,0.0,256,1312,2420,530,liboqs,iot
Dilithium2,sign,34648,0.034648,9.25,0.0,256,1312,2420,531,liboqs,iot
Dilithium2,sign,36531,0.036531,9.25,0.0,256,1312,2420,532,liboqs,iot
Dilithium2,sign,41139,0.041139,9.25,0.0,256,1312,2420,533,liboqs,iot
Dilithium2,sign,73103,0.073103,9.25,0.0,256,1312,2420,534,liboqs,iot
Dilithium2,sign,34434,0.034434,9.25,0.0,256,1312,2420,535,liboqs,iot
Dilithium2,sign,99566,0.099566,9.25,0.0,256,1312,2420,536,liboqs,iot
Dilithium2,sign,49792,0.049792,9.25,0.0,256,1312,2420,537,liboqs,iot
Dilithium2,sign,70115,0.070115,9.25,0.0,256,1312,2420,538,liboqs,iot
Dilithium2,sign,85624,0.085624,9.25,0.0,256,1312,2420,539,liboqs,iot
Dilithium2,sign,66975,0.066975,9.25,0.0,256,1312,2420,540,liboqs,iot
Dilithium2,sign,72689,0.072689,9.25,0.0,256,1312,2420,541,liboqs,iot
Dilithium2,sign,56276,0.056276,9.25,0.0,256,1312,2420,542,liboqs,iot
Dilithium2,sign,61848,0.061848,9.25,0.0,256,1312,2420,543,liboqs,iot
Dilithium2,sign,86725,0.086725,9.25,0.0,256,1312,2420,544,liboqs,iot
Dilithium2,sign,72562,0.072562,9.25,0.0,256,1312,2420,545,liboqs,iot
Dilithium2,sign,38878,0.038878,9.25,0.0,256,1312,2420,546,liboqs,iot
Dilithium2,sign,34759,0.034759,9.25,0.0,256,1312,2420,547,liboqs,iot
Dilithium2,sign,102143,0.102143,9.25,0.0,256,1312,2420,548,liboqs,iot
Dilithium2,sign,42124,0.042124,9.25,0.0,256,1312,2420,549,liboqs,iot
Dilithium2,sign,48590,0.04859,9.25,0.0,256,1312,2420,550,liboqs,iot
Dilithium2,sign,62187,0.062187,9.25,0.0,256,1312,2420,551,liboqs,iot
Dilithium2,sign,56702,0.056702,9.25,0.0,256,1312,2420,552,liboqs,iot
Dilithium2,sign,34645,0.034645,9.25,0.0,256,1312,2420,553,liboqs,iot
Dilithium2,sign,84689,0.084689,9.25,0.0,256,1312,2420,554,liboqs,iot
Dilithium2,sign,116768,0.116768,9.25,0.0,256,1312,2420,555,liboqs,iot
Dilithium2,sign,178308,0.178308,9.25,0.0,256,1312,2420,556,liboqs,iot
Dilithium2,sign,64686,0.064686,9.25,0.0,256,1312,2420,557,liboqs,iot
Dilithium2,sign,43932,0.043932,9.25,0.0,256,1312,2420,558,liboqs,iot
Dilithium2,sign,78001,0.078001,9.25,0.0,256,1312,2420,559,liboqs,iot
Dilithium2,sign,72294,0.072294,9.25,0.0,256,1312,2420,560,liboqs,iot
Dilithium2,sign,56220,0.05622,9.25,0.0,256,1312,2420,561,liboqs,iot
Dilithium2,sign,92657,0.092657,9.25,0.0,256,1312,2420,562,liboqs,iot
Dilithium2,sign,60760,0.06076,9.25,0.0,256,1312,2420,563,liboqs,iot
Dilithium2,sign,49419,0.049419,9.25,0.0,256,1312,2420,564,liboqs,iot
Dilithium2,sign,52092,0.052092,9.25,0.0,256,1312,2420,565,liboqs,iot
Dilithium2,sign,69444,0.069444,9.25,0.0,256,1312,2420,566,liboqs,iot
Dilithium2,sign,43315,0.043315,9.25,0.0,256,1312,2420,567,liboqs,iot
Dilithium2,sign,60321,0.060321,9.25,0.0,256,1312,2420,568,liboqs,iot
Dilithium2,sign,38927,0.038927,9.25,0.0,256,1312,2420,569,liboqs,iot
Dilithium2,sign,90908,0.090908,9.25,0.0,256,1312,2420,570,liboqs,iot
Dilithium2,sign,39061,0.039061,9.25,0.0,256,1312,2420,571,liboqs,iot
Dilithium2,sign,41383,0.041383,9.25,0.0,256,1312,2420,572,liboqs,iot
Dilithium2,sign,108201,0.108201,9.25,0.0,256,1312,2420,573,liboqs,iot
Dilithium2,sign,146211,0.146211,9.25,0.0,256,1312,2420,574,liboqs,iot
Dilithium2,sign,110988,0.110988,9.25,0.0,256,1312,2420,575,liboqs,iot
Dilithium2,sign,130595,0.130595,9.25,0.0,256,1312,2420,576,liboqs,iot
Dilithium2,sign,42299,0.042299,9.25,0.0,256,1312,2420,577,liboqs,iot
Dilithium2,sign,50058,0.050058,9.25,0.0,256,1312,2420,578,liboqs,iot
Dilithium2,sign,80052,0.080052,9.25,0.0,256,1312,2420,579,liboqs,iot
Dilithium2,sign,44405,0.044405,9.25,0.0,256,1312,2420,580,liboqs,iot
Dilithium2,sign,44112,0.044112,9.25,0.0,256,1312,2420,581,liboqs,iot
Dilithium2,sign,69513,0.069513,9.25,0.0,256,1312,2420,582,liboqs,iot
Dilithium2,sign,48775,0.048775,9.25,0.0,256,1312,2420,583,liboqs,iot
Dilithium2,sign,74727,0.074727,9.25,0.0,256,1312,2420,584,liboqs,iot
Dilithium2,sign,99060,0.09906,9.25,0.0,256,1312,2420,585,liboqs,iot
Dilithium2,sign,35212,0.035212,9.25,0.0,256,1312,2420,586,liboqs,iot
Dilithium2,sign,55565,0.055565,9.25,0.0,256,1312,2420,587,liboqs,iot
Dilithium2,sign,41459,0.041459,9.25,0.0,256,1312,2420,588,liboqs,iot
Dilithium2,sign,34486,0.034486,9.25,0.0,256,1312,2420,589,liboqs,iot
Dilithium2,sign,34983,0.034983,9.25,0.0,256,1312,2420,590,liboqs,iot
Dilithium2,sign,34584,0.034584,9.25,0.0,256,1312,2420,591,liboqs,iot
Dilithium2,sign,59516,0.059516,9.25,0.0,256,1312,2420,592,liboqs,iot
Dilithium2,sign,199493,0.199493,9.25,0.0,256,1312,2420,593,liboqs,iot
Dilithium2,sign,37716,0.037716,9.25,0.0,256,1312,2420,594,liboqs,iot
Dilithium2,sign,72702,0.072702,9.25,0.0,256,1312,2420,595,liboqs,iot
Dilithium2,sign,58669,0.058669,9.25,0.0,256,1312,2420,596,liboqs,iot
Dilithium2,sign,68586,0.068586,9.25,0.0,256,1312,2420,597,liboqs,iot
Dilithium2,sign,43657,0.043657,9.25,0.0,256,1312,2420,598,liboqs,iot
Dilithium2,sign,42730,0.04273,9.25,0.0,256,1312,2420,599,liboqs,iot
Dilithium2,sign,70079,0.070079,9.25,0.0,256,1312,2420,600,liboqs,iot
Dilithium2,sign,68914,0.068914,9.25,0.0,256,1312,2420,601,liboqs,iot
Dilithium2,sign,47944,0.047944,9.25,0.0,256,1312,2420,602,liboqs,iot
Dilithium2,sign,37022,0.037022,9.25,0.0,256,1312,2420,603,liboqs,iot
Dilithium2,sign,36333,0.036333,9.25,0.0,256,1312,2420,604,liboqs,iot
Dilithium2,sign,55168,0.055168,9.25,0.0,256,1312,2420,605,liboqs,iot
Dilithium2,sign,65657,0.065657,9.25,0.0,256,1312,2420,606,liboqs,iot
Dilithium2,sign,34246,0.034246,9.25,0.0,256,1312,2420,607,liboqs,iot
Dilithium2,sign,41601,0.041601,9.25,0.0,256,1312,2420,608,liboqs,iot
Dilithium2,sign,73062,0.073062,9.25,0.0,256,1312,2420,609,liboqs,iot
Dilithium2,sign,34476,0.034476,9.25,0.0,256,1312,2420,610,liboqs,iot
Dilithium2,sign,72344,0.072344,9.25,0.0,256,1312,2420,611,liboqs,iot
Dilithium2,sign,47910,0.04791,9.25,0.0,256,1312,2420,612,liboqs,iot
Dilithium2,sign,81532,0.081532,9.25,0.0,256,1312,2420,613,liboqs,iot
Dilithium2,sign,44178,0.044178,9.25,0.0,256,1312,2420,614,liboqs,iot
Dilithium2,sign,105995,0.105995,9.25,0.0,256,1312,2420,615,liboqs,iot
Dilithium2,sign,51663,0.051663,9.25,0.0,256,1312,2420,616,liboqs,iot
Dilithium2,sign,51639,0.051639,9.25,0.0,256,1312,2420,617,liboqs,iot
Dilithium2,sign,60819,0.060819,9.25,0.0,256,1312,2420,618,liboqs,iot
Dilithium2,sign,42148,0.042148,9.25,0.0,256,1312,2420,619,liboqs,iot
Dilithium2,sign,35542,0.035542,9.25,0.0,256,1312,2420,620,liboqs,iot
Dilithium2,sign,54663,0.054663,9.25,0.0,256,1312,2420,621,liboqs,iot
Dilithium2,sign,42470,0.04247,9.25,0.0,256,1312,2420,622,liboqs,iot
Dilithium2,sign,46484,0.046484,9.25,0.0,256,1312,2420,623,liboqs,iot
Dilithium2,sign,55460,0.05546,9.25,0.0,256,1312,2420,624,liboqs,iot
Dilithium2,sign,65556,0.065556,9.25,0.0,256,1312,2420,625,liboqs,iot
Dilithium2,sign,78892,0.078892,9.25,0.0,256,1312,2420,626,liboqs,iot
Dilithium2,sign,67061,0.067061,9.25,0.0,256,1312,2420,627,liboqs,iot
Dilithium2,sign,48507,0.048507,9.25,0.0,256,1312,2420,628,liboqs,iot
Dilithium2,sign,57558,0.057558,9.25,0.0,256,1312,2420,629,liboqs,iot
Dilithium2,sign,98979,0.098979,9.25,0.0,256,1312,2420,630,liboqs,iot
Dilithium2,sign,36393,0.036393,9.25,0.0,256,1312,2420,631,liboqs,iot
Dilithium2,sign,80126,0.080126,9.25,0.0,256,1312,2420,632,liboqs,iot
Dilithium2,sign,41842,0.041842,9.25,0.0,256,1312,2420,633,liboqs,iot
Dilithium2,sign,47700,0.0477,9.25,0.0,256,1312,2420,634,liboqs,iot
Dilithium2,sign,75531,0.075531,9.25,0.0,256,1312,2420,635,liboqs,iot
Dilithium2,sign,149254,0.149254,9.25,0.0,256,1312,2420,636,liboqs,iot
Dilithium2,sign,91373,0.091373,9.25,0.0,256,1312,2420,637,liboqs,iot
Dilithium2,sign,47621,0.047621,9.25,0.0,256,1312,2420,638,liboqs,iot
Dilithium2,sign,34402,0.034402,9.25,0.0,256,1312,2420,639,liboqs,iot
Dilithium2,sign,60719,0.060719,9.25,0.0,256,1312,2420,640,liboqs,iot
Dilithium2,sign,60389,0.060389,9.25,0.0,256,1312,2420,641,liboqs,iot
Dilithium2,sign,99296,0.099296,9.25,0.0,256,1312,2420,642,liboqs,iot
Dilithium2,sign,52937,0.052937,9.25,0.0,256,1312,2420,643,liboqs,iot
Dilithium2,sign,40062,0.040062,9.25,0.0,256,1312,2420,644,liboqs,iot
Dilithium2,sign,147345,0.147345,9.25,0.0,256,1312,2420,645,liboqs,iot
Dilithium2,sign,36775,0.036775,9.25,0.0,256,1312,2420,646,liboqs,iot
Dilithium2,sign,35537,0.035537,9.25,0.0,256,1312,2420,647,liboqs,iot
Dilithium2,sign,41406,0.041406,9.25,0.0,256,1312,2420,648,liboqs,iot
Dilithium2,sign,119730,0.11973,9.25,0.0,256,1312,2420,649,liboqs,iot
Dilithium2,sign,54777,0.054777,9.25,0.0,256,1312,2420,650,liboqs,iot
Dilithium2,sign,34430,0.03443,9.25,0.0,256,1312,2420,651,liboqs,iot
Dilithium2,sign,41416,0.041416,9.25,0.0,256,1312,2420,652,liboqs,iot
Dilithium2,sign,52833,0.052833,9.25,0.0,256,1312,2420,653,liboqs,iot
Dilithium2,sign,34521,0.034521,9.25,0.0,256,1312,2420,654,liboqs,iot
Dilithium2,sign,138891,0.138891,9.25,0.0,256,1312,2420,655,liboqs,iot
Dilithium2,sign,70085,0.070085,9.25,0.0,256,1312,2420,656,liboqs,iot
Dilithium2,sign,42362,0.042362,9.25,0.0,256,1312,2420,657,liboqs,iot
Dilithium2,sign,119378,0.119378,9.25,0.0,256,1312,2420,658,liboqs,iot
Dilithium2,sign,69469,0.069469,9.25,0.0,256,1312,2420,659,liboqs,iot
Dilithium2,sign,37770,0.03777,9.25,0.0,256,1312,2420,660,liboqs,iot
Dilithium2,sign,43623,0.043623,9.25,0.0,256,1312,2420,661,liboqs,iot
Dilithium2,sign,37024,0.037024,9.25,0.0,256,1312,2420,662,liboqs,iot
Dilithium2,sign,119386,0.119386,9.25,0.0,256,1312,2420,663,liboqs,iot
Dilithium2,sign,49073,0.049073,9.25,0.0,256,1312,2420,664,liboqs,iot
Dilithium2,sign,42846,0.042846,9.25,0.0,256,1312,2420,665,liboqs,iot
Dilithium2,sign,48107,0.048107,9.25,0.0,256,1312,2420,666,liboqs,iot
Dilithium2,sign,48690,0.04869,9.25,0.0,256,1312,2420,667,liboqs,iot
Dilithium2,sign,54742,0.054742,9.25,0.0,256,1312,2420,668,liboqs,iot
Dilithium2,sign,59992,0.059992,9.25,0.0,256,1312,2420,669,liboqs,iot
Dilithium2,sign,66349,0.066349,9.25,0.0,256,1312,2420,670,liboqs,iot
Dilithium2,sign,44895,0.044895,9.25,0.0,256,1312,2420,671,liboqs,iot
Dilithium2,sign,48657,0.048657,9.25,0.0,256,1312,2420,672,liboqs,iot
Dilithium2,sign,36003,0.036003,9.25,0.0,256,1312,2420,673,liboqs,iot
Dilithium2,sign,48317,0.048317,9.25,0.0,256,1312,2420,674,liboqs,iot
Dilithium2,sign,104827,0.104827,9.25,0.0,256,1312,2420,675,liboqs,iot
Dilithium2,sign,81542,0.081542,9.25,0.0,256,1312,2420,676,liboqs,iot
Dilithium2,sign,35660,0.03566,9.25,0.0,256,1312,2420,677,liboqs,iot
Dilithium2,sign,66945,0.066945,9.25,0.0,256,1312,2420,678,liboqs,iot
Dilithium2,sign,87503,0.087503,9.25,0.0,256,1312,2420,679,liboqs,iot
Dilithium2,sign,93232,0.093232,9.25,0.0,256,1312,2420,680,liboqs,iot
Dilithium2,sign,503054,0.503054,9.25,0.0,256,1312,2420,681,liboqs,iot
Dilithium2,sign,157484,0.157484,9.25,0.0,256,1312,2420,682,liboqs,iot
Dilithium2,sign,91699,0.091699,9.25,0.0,256,1312,2420,683,liboqs,iot
Dilithium2,sign,73102,0.073102,9.25,0.0,256,1312,2420,684,liboqs,iot
Dilithium2,sign,103370,0.10337,9.25,0.0,256,1312,2420,685,liboqs,iot
Dilithium2,sign,69424,0.069424,9.25,0.0,256,1312,2420,686,liboqs,iot
Dilithium2,sign,53841,0.053841,9.25,0.0,256,1312,2420,687,liboqs,iot
Dilithium2,sign,85931,0.085931,9.25,0.0,256,1312,2420,688,liboqs,iot
Dilithium2,sign,97704,0.097704,9.25,0.0,256,1312,2420,689,liboqs,iot
Dilithium2,sign,52335,0.052335,9.25,0.0,256,1312,2420,690,liboqs,iot
Dilithium2,sign,38706,0.038706,9.25,0.0,256,1312,2420,691,liboqs,iot
Dilithium2,sign,38944,0.038944,9.25,0.0,256,1312,2420,692,liboqs,iot
Dilithium2,sign,44382,0.044382,9.25,0.0,256,1312,2420,693,liboqs,iot
Dilithium2,sign,36358,0.036358,9.25,0.0,256,1312,2420,694,liboqs,iot
Dilithium2,sign,71437,0.071437,9.25,0.0,256,1312,2420,695,liboqs,iot
Dilithium2,sign,72340,0.07234,9.25,0.0,256,1312,2420,696,liboqs,iot
Dilithium2,sign,64352,0.064352,9.25,0.0,256,1312,2420,697,liboqs,iot
Dilithium2,sign,51823,0.051823,9.25,0.0,256,1312,2420,698,liboqs,iot
Dilithium2,sign,36403,0.036403,9.25,0.0,256,1312,2420,699,liboqs,iot
Dilithium2,sign,83081,0.083081,9.25,0.0,256,1312,2420,700,liboqs,iot
Dilithium2,sign,87915,0.087915,9.25,0.0,256,1312,2420,701,liboqs,iot
Dilithium2,sign,41687,0.041687,9.25,0.0,256,1312,2420,702,liboqs,iot
Dilithium2,sign,35885,0.035885,9.25,0.0,256,1312,2420,703,liboqs,iot
Dilithium2,sign,113674,0.113674,9.25,0.0,256,1312,2420,704,liboqs,iot
Dilithium2,sign,41044,0.041044,9.25,0.0,256,1312,2420,705,liboqs,iot
Dilithium2,sign,87293,0.087293,11.65,0.0,256,1312,2420,706,liboqs,iot
Dilithium2,sign,75841,0.075841,11.41,0.0,256,1312,2420,707,liboqs,iot
Dilithium2,sign,40964,0.040964,9.19,0.0,256,1312,2420,708,liboqs,iot
Dilithium2,sign,90907,0.090907,9.25,0.0,256,1312,2420,709,liboqs,iot
Dilithium2,sign,40574,0.040574,9.25,0.0,256,1312,2420,710,liboqs,iot
Dilithium2,sign,55742,0.055742,9.25,0.0,256,1312,2420,711,liboqs,iot
Dilithium2,sign,36659,0.036659,9.25,0.0,256,1312,2420,712,liboqs,iot
Dilithium2,sign,35940,0.03594,9.25,0.0,256,1312,2420,713,liboqs,iot
Dilithium2,sign,87952,0.087952,9.25,0.0,256,1312,2420,714,liboqs,iot
Dilithium2,sign,92475,0.092475,9.25,0.0,256,1312,2420,715,liboqs,iot
Dilithium2,sign,49931,0.049931,9.25,0.0,256,1312,2420,716,liboqs,iot
Dilithium2,sign,34959,0.034959,9.25,0.0,256,1312,2420,717,liboqs,iot
Dilithium2,sign,36445,0.036445,9.25,0.0,256,1312,2420,718,liboqs,iot
Dilithium2,sign,34655,0.034655,9.25,0.0,256,1312,2420,719,liboqs,iot
Dilithium2,sign,34922,0.034922,9.25,0.0,256,1312,2420,720,liboqs,iot
Dilithium2,sign,40499,0.040499,9.25,0.0,256,1312,2420,721,liboqs,iot
Dilithium2,sign,65482,0.065482,9.25,0.0,256,1312,2420,722,liboqs,iot
Dilithium2,sign,52535,0.052535,9.25,0.0,256,1312,2420,723,liboqs,iot
Dilithium2,sign,42960,0.04296,9.25,0.0,256,1312,2420,724,liboqs,iot
Dilithium2,sign,49012,0.049012,9.25,0.0,256,1312,2420,725,liboqs,iot
Dilithium2,sign,55102,0.055102,9.25,0.0,256,1312,2420,726,liboqs,iot
Dilithium2,sign,41729,0.041729,9.25,0.0,256,1312,2420,727,liboqs,iot
Dilithium2,sign,41659,0.041659,9.25,0.0,256,1312,2420,728,liboqs,iot
Dilithium2,sign,34870,0.03487,9.25,0.0,256,1312,2420,729,liboqs,iot
Dilithium2,sign,35862,0.035862,9.25,0.0,256,1312,2420,730,liboqs,iot
Dilithium2,sign,100700,0.1007,9.25,0.0,256,1312,2420,731,liboqs,iot
Dilithium2,sign,123258,0.123258,9.25,0.0,256,1312,2420,732,liboqs,iot
Dilithium2,sign,74592,0.074592,9.25,0.0,256,1312,2420,733,liboqs,iot
Dilithium2,sign,46926,0.046926,9.25,0.0,256,1312,2420,734,liboqs,iot
Dilithium2,sign,46734,0.046734,9.25,0.0,256,1312,2420,735,liboqs,iot
Dilithium2,sign,35443,0.035443,9.25,0.0,256,1312,2420,736,liboqs,iot
Dilithium2,sign,74521,0.074521,9.25,0.0,256,1312,2420,737,liboqs,iot
Dilithium2,sign,49196,0.049196,9.25,0.0,256,1312,2420,738,liboqs,iot
Dilithium2,sign,160101,0.160101,9.25,0.0,256,1312,2420,739,liboqs,iot
Dilithium2,sign,115917,0.115917,9.25,0.0,256,1312,2420,740,liboqs,iot
Dilithium2,sign,84192,0.084192,9.25,0.0,256,1312,2420,741,liboqs,iot
Dilithium2,sign,110957,0.110957,9.25,0.0,256,1312,2420,742,liboqs,iot
Dilithium2,sign,59482,0.059482,9.25,0.0,256,1312,2420,743,liboqs,iot
Dilithium2,sign,63540,0.06354,9.25,0.0,256,1312,2420,744,liboqs,iot
Dilithium2,sign,48461,0.048461,9.25,0.0,256,1312,2420,745,liboqs,iot
Dilithium2,sign,36799,0.036799,9.25,0.0,256,1312,2420,746,liboqs,iot
Dilithium2,sign,63228,0.063228,9.25,0.0,256,1312,2420,747,liboqs,iot
Dilithium2,sign,34734,0.034734,9.25,0.0,256,1312,2420,748,liboqs,iot
Dilithium2,sign,42110,0.04211,9.25,0.0,256,1312,2420,749,liboqs,iot
Dilithium2,sign,63672,0.063672,9.25,0.0,256,1312,2420,750,liboqs,iot
Dilithium2,sign,42600,0.0426,9.25,0.0,256,1312,2420,751,liboqs,iot
Dilithium2,sign,36334,0.036334,9.25,0.0,256,1312,2420,752,liboqs,iot
Dilithium2,sign,35184,0.035184,9.25,0.0,256,1312,2420,753,liboqs,iot
Dilithium2,sign,56763,0.056763,9.25,0.0,256,1312,2420,754,liboqs,iot
Dilithium2,sign,115763,0.115763,9.25,0.0,256,1312,2420,755,liboqs,iot
Dilithium2,sign,36650,0.03665,9.25,0.0,256,1312,2420,756,liboqs,iot
Dilithium2,sign,34965,0.034965,9.25,0.0,256,1312,2420,757,liboqs,iot
Dilithium2,sign,41677,0.041677,9.25,0.0,256,1312,2420,758,liboqs,iot
Dilithium2,sign,90693,0.090693,9.25,0.0,256,1312,2420,759,liboqs,iot
Dilithium2,sign,114738,0.114738,9.25,0.0,256,1312,2420,760,liboqs,iot
Dilithium2,sign,40796,0.040796,9.25,0.0,256,1312,2420,761,liboqs,iot
Dilithium2,sign,99346,0.099346,9.25,0.0,256,1312,2420,762,liboqs,iot
Dilithium2,sign,45109,0.045109,9.25,0.0,256,1312,2420,763,liboqs,iot
Dilithium2,sign,52598,0.052598,9.25,0.0,256,1312,2420,764,liboqs,iot
Dilithium2,sign,50849,0.050849,9.25,0.0,256,1312,2420,765,liboqs,iot
Dilithium2,sign,58542,0.058542,9.25,0.0,256,1312,2420,766,liboqs,iot
Dilithium2,sign,47777,0.047777,9.25,0.0,256,1312,2420,767,liboqs,iot
Dilithium2,sign,122194,0.122194,9.25,0.0,256,1312,2420,768,liboqs,iot
Dilithium2,sign,50136,0.050136,9.25,0.0,256,1312,2420,769,liboqs,iot
Dilithium2,sign,93601,0.093601,9.25,0.0,256,1312,2420,770,liboqs,iot
Dilithium2,sign,60478,0.060478,9.25,0.0,256,1312,2420,771,liboqs,iot
Dilithium2,sign,41043,0.041043,9.25,0.0,256,1312,2420,772,liboqs,iot
Dilithium2,sign,98908,0.098908,9.25,0.0,256,1312,2420,773,liboqs,iot
Dilithium2,sign,48999,0.048999,9.25,0.0,256,1312,2420,774,liboqs,iot
Dilithium2,sign,110532,0.110532,9.25,0.0,256,1312,2420,775,liboqs,iot
Dilithium2,sign,42523,0.042523,9.25,0.0,256,1312,2420,776,liboqs,iot
Dilithium2,sign,51156,0.051156,9.25,0.0,256,1312,2420,777,liboqs,iot
Dilithium2,sign,43142,0.043142,9.25,0.0,256,1312,2420,778,liboqs,iot
Dilithium2,sign,84829,0.084829,9.25,0.0,256,1312,2420,779,liboqs,iot
Dilithium2,sign,80297,0.080297,9.25,0.0,256,1312,2420,780,liboqs,iot
Dilithium2,sign,39499,0.039499,9.25,0.0,256,1312,2420,781,liboqs,iot
Dilithium2,sign,37141,0.037141,9.25,0.0,256,1312,2420,782,liboqs,iot
Dilithium2,sign,37706,0.037706,9.25,0.0,256,1312,2420,783,liboqs,iot
Dilithium2,sign,94561,0.094561,9.25,0.0,256,1312,2420,784,liboqs,iot
Dilithium2,sign,79867,0.079867,9.25,0.0,256,1312,2420,785,liboqs,iot
Dilithium2,sign,94343,0.094343,9.25,0.0,256,1312,2420,786,liboqs,iot
Dilithium2,sign,45738,0.045738,9.25,0.0,256,1312,2420,787,liboqs,iot
Dilithium2,sign,85846,0.085846,9.25,0.0,256,1312,2420,788,liboqs,iot
Dilithium2,sign,97736,0.097736,9.25,0.0,256,1312,2420,789,liboqs,iot
Dilithium2,sign,38560,0.03856,9.25,0.0,256,1312,2420,790,liboqs,iot
Dilithium2,sign,36546,0.036546,9.25,0.0,256,1312,2420,791,liboqs,iot
Dilithium2,sign,56004,0.056004,9.25,0.0,256,1312,2420,792,liboqs,iot
Dilithium2,sign,35778,0.035778,9.25,0.0,256,1312,2420,793,liboqs,iot
Dilithium2,sign,58314,0.058314,9.25,0.0,256,1312,2420,794,liboqs,iot
Dilithium2,sign,50419,0.050419,9.25,0.0,256,1312,2420,795,liboqs,iot
Dilithium2,sign,41364,0.041364,9.25,0.0,256,1312,2420,796,liboqs,iot
Dilithium2,sign,112656,0.112656,9.25,0.0,256,1312,2420,797,liboqs,iot
Dilithium2,sign,98333,0.098333,9.25,0.0,256,1312,2420,798,liboqs,iot
Dilithium2,sign,92920,0.09292,9.25,0.0,256,1312,2420,799,liboqs,iot
Dilithium2,sign,99861,0.099861,9.25,0.0,256,1312,2420,800,liboqs,iot
Dilithium2,sign,49958,0.049958,9.25,0.0,256,1312,2420,801,liboqs,iot
Dilithium2,sign,35615,0.035615,9.25,0.0,256,1312,2420,802,liboqs,iot
Dilithium2,sign,36281,0.036281,9.25,0.0,256,1312,2420,803,liboqs,iot
Dilithium2,sign,48710,0.04871,9.25,0.0,256,1312,2420,804,liboqs,iot
Dilithium2,sign,43819,0.043819,9.25,0.0,256,1312,2420,805,liboqs,iot
Dilithium2,sign,41316,0.041316,9.25,0.0,256,1312,2420,806,liboqs,iot
Dilithium2,sign,40193,0.040193,9.25,0.0,256,1312,2420,807,liboqs,iot
Dilithium2,sign,36646,0.036646,9.25,0.0,256,1312,2420,808,liboqs,iot
Dilithium2,sign,51580,0.05158,9.25,0.0,256,1312,2420,809,liboqs,iot
Dilithium2,sign,61850,0.06185,9.25,0.0,256,1312,2420,810,liboqs,iot
Dilithium2,sign,46812,0.046812,9.25,0.0,256,1312,2420,811,liboqs,iot
Dilithium2,sign,55308,0.055308,9.25,0.0,256,1312,2420,812,liboqs,iot
Dilithium2,sign,49148,0.049148,9.25,0.0,256,1312,2420,813,liboqs,iot
Dilithium2,sign,36427,0.036427,9.25,0.0,256,1312,2420,814,liboqs,iot
Dilithium2,sign,68286,0.068286,9.25,0.0,256,1312,2420,815,liboqs,iot
Dilithium2,sign,51072,0.051072,9.25,0.0,256,1312,2420,816,liboqs,iot
Dilithium2,sign,39155,0.039155,9.25,0.0,256,1312,2420,817,liboqs,iot
Dilithium2,sign,77235,0.077235,9.25,0.0,256,1312,2420,818,liboqs,iot
Dilithium2,sign,44274,0.044274,9.25,0.0,256,1312,2420,819,liboqs,iot
Dilithium2,sign,76457,0.076457,9.25,0.0,256,1312,2420,820,liboqs,iot
Dilithium2,sign,44627,0.044627,9.25,0.0,256,1312,2420,821,liboqs,iot
Dilithium2,sign,47950,0.04795,9.25,0.0,256,1312,2420,822,liboqs,iot
Dilithium2,sign,74485,0.074485,9.25,0.0,256,1312,2420,823,liboqs,iot
Dilithium2,sign,89288,0.089288,9.25,0.0,256,1312,2420,824,liboqs,iot
Dilithium2,sign,62958,0.062958,9.25,0.0,256,1312,2420,825,liboqs,iot
Dilithium2,sign,68173,0.068173,9.25,0.0,256,1312,2420,826,liboqs,iot
Dilithium2,sign,74191,0.074191,9.25,0.0,256,1312,2420,827,liboqs,iot
Dilithium2,sign,108994,0.108994,9.25,0.0,256,1312,2420,828,liboqs,iot
Dilithium2,sign,74758,0.074758,9.25,0.0,256,1312,2420,829,liboqs,iot
Dilithium2,sign,98783,0.098783,9.25,0.0,256,1312,2420,830,liboqs,iot
Dilithium2,sign,41784,0.041784,9.25,0.0,256,1312,2420,831,liboqs,iot
Dilithium2,sign,85152,0.085152,9.25,0.0,256,1312,2420,832,liboqs,iot
Dilithium2,sign,36932,0.036932,9.25,0.0,256,1312,2420,833,liboqs,iot
Dilithium2,sign,55039,0.055039,9.25,0.0,256,1312,2420,834,liboqs,iot
Dilithium2,sign,46814,0.046814,9.25,0.0,256,1312,2420,835,liboqs,iot
Dilithium2,sign,52659,0.052659,9.25,0.0,256,1312,2420,836,liboqs,iot
Dilithium2,sign,34707,0.034707,9.25,0.0,256,1312,2420,837,liboqs,iot
Dilithium2,sign,61236,0.061236,9.25,0.0,256,1312,2420,838,liboqs,iot
Dilithium2,sign,77009,0.077009,9.25,0.0,256,1312,2420,839,liboqs,iot
Dilithium2,sign,34464,0.034464,9.25,0.0,256,1312,2420,840,liboqs,iot
Dilithium2,sign,58046,0.058046,9.25,0.0,256,1312,2420,841,liboqs,iot
Dilithium2,sign,125738,0.125738,9.25,0.0,256,1312,2420,842,liboqs,iot
Dilithium2,sign,111837,0.111837,9.25,0.0,256,1312,2420,843,liboqs,iot
Dilithium2,sign,57863,0.057863,9.25,0.0,256,1312,2420,844,liboqs,iot
Dilithium2,sign,54927,0.054927,9.25,0.0,256,1312,2420,845,liboqs,iot
Dilithium2,sign,148805,0.148805,9.25,0.0,256,1312,2420,846,liboqs,iot
Dilithium2,sign,43199,0.043199,9.25,0.0,256,1312,2420,847,liboqs,iot
Dilithium2,sign,49914,0.049914,9.25,0.0,256,1312,2420,848,liboqs,iot
Dilithium2,sign,86047,0.086047,9.25,0.0,256,1312,2420,849,liboqs,iot
Dilithium2,sign,83231,0.083231,9.25,0.0,256,1312,2420,850,liboqs,iot
Dilithium2,sign,82673,0.082673,9.25,0.0,256,1312,2420,851,liboqs,iot
Dilithium2,sign,42905,0.042905,9.25,0.0,256,1312,2420,852,liboqs,iot
Dilithium2,sign,40768,0.040768,9.25,0.0,256,1312,2420,853,liboqs,iot
Dilithium2,sign,34304,0.034304,9.25,0.0,256,1312,2420,854,liboqs,iot
Dilithium2,sign,34526,0.034526,9.25,0.0,256,1312,2420,855,liboqs,iot
Dilithium2,sign,82498,0.082498,9.25,0.0,256,1312,2420,856,liboqs,iot
Dilithium2,sign,41202,0.041202,9.25,0.0,256,1312,2420,857,liboqs,iot
Dilithium2,sign,41809,0.041809,9.25,0.0,256,1312,2420,858,liboqs,iot
Dilithium2,sign,66764,0.066764,9.25,0.0,256,1312,2420,859,liboqs,iot
Dilithium2,sign,83638,0.083638,9.25,0.0,256,1312,2420,860,liboqs,iot
Dilithium2,sign,108320,0.10832,9.25,0.0,256,1312,2420,861,liboqs,iot
Dilithium2,sign,95369,0.095369,9.25,0.0,256,1312,2420,862,liboqs,iot
Dilithium2,sign,34780,0.03478,9.25,0.0,256,1312,2420,863,liboqs,iot
Dilithium2,sign,87395,0.087395,9.25,0.0,256,1312,2420,864,liboqs,iot
Dilithium2,sign,48721,0.048721,9.25,0.0,256,1312,2420,865,liboqs,iot
Dilithium2,sign,36242,0.036242,9.25,0.0,256,1312,2420,866,liboqs,iot
Dilithium2,sign,99616,0.099616,9.25,0.0,256,1312,2420,867,liboqs,iot
Dilithium2,sign,40615,0.040615,9.25,0.0,256,1312,2420,868,liboqs,iot
Dilithium2,sign,51867,0.051867,9.25,0.0,256,1312,2420,869,liboqs,iot
Dilithium2,sign,72102,0.072102,9.25,0.0,256,1312,2420,870,liboqs,iot
Dilithium2,sign,39690,0.03969,9.25,0.0,256,1312,2420,871,liboqs,iot
Dilithium2,sign,37457,0.037457,9.25,0.0,256,1312,2420,872,liboqs,iot
Dilithium2,sign,62374,0.062374,9.25,0.0,256,1312,2420,873,liboqs,iot
Dilithium2,sign,41728,0.041728,9.25,0.0,256,1312,2420,874,liboqs,iot
Dilithium2,sign,56019,0.056019,9.25,0.0,256,1312,2420,875,liboqs,iot
Dilithium2,sign,92932,0.092932,9.25,0.0,256,1312,2420,876,liboqs,iot
Dilithium2,sign,82362,0.082362,9.25,0.0,256,1312,2420,877,liboqs,iot
Dilithium2,sign,42313,0.042313,9.25,0.0,256,1312,2420,878,liboqs,iot
Dilithium2,sign,52960,0.05296,9.25,0.0,256,1312,2420,879,liboqs,iot
Dilithium2,sign,42010,0.04201,9.25,0.0,256,1312,2420,880,liboqs,iot
Dilithium2,sign,68761,0.068761,9.25,0.0,256,1312,2420,881,liboqs,iot
Dilithium2,sign,119349,0.119349,9.25,0.0,256,1312,2420,882,liboqs,iot
Dilithium2,sign,120048,0.120048,9.25,0.0,256,1312,2420,883,liboqs,iot
Dilithium2,sign,35548,0.035548,9.25,0.0,256,1312,2420,884,liboqs,iot
Dilithium2,sign,44036,0.044036,9.25,0.0,256,1312,2420,885,liboqs,iot
Dilithium2,sign,36741,0.036741,9.25,0.0,256,1312,2420,886,liboqs,iot
Dilithium2,sign,43032,0.043032,9.25,0.0,256,1312,2420,887,liboqs,iot
Dilithium2,sign,57798,0.057798,9.25,0.0,256,1312,2420,888,liboqs,iot
Dilithium2,sign,73481,0.073481,9.25,0.0,256,1312,2420,889,liboqs,iot
Dilithium2,sign,124744,0.124744,9.25,0.0,256,1312,2420,890,liboqs,iot
Dilithium2,sign,49856,0.049856,9.25,0.0,256,1312,2420,891,liboqs,iot
Dilithium2,sign,34593,0.034593,9.25,0.0,256,1312,2420,892,liboqs,iot
Dilithium2,sign,79439,0.079439,9.25,0.0,256,1312,2420,893,liboqs,iot
Dilithium2,sign,37545,0.037545,9.25,0.0,256,1312,2420,894,liboqs,iot
Dilithium2,sign,100756,0.100756,9.25,0.0,256,1312,2420,895,liboqs,iot
Dilithium2,sign,110622,0.110622,9.25,0.0,256,1312,2420,896,liboqs,iot
Dilithium2,sign,116043,0.116043,9.25,0.0,256,1312,2420,897,liboqs,iot
Dilithium2,sign,99802,0.099802,9.25,0.0,256,1312,2420,898,liboqs,iot
Dilithium2,sign,101310,0.10131,9.25,0.0,256,1312,2420,899,liboqs,iot
Dilithium2,sign,45531,0.045531,9.25,0.0,256,1312,2420,900,liboqs,iot
Dilithium2,sign,82828,0.082828,9.25,0.0,256,1312,2420,901,liboqs,iot
Dilithium2,sign,44980,0.04498,9.25,0.0,256,1312,2420,902,liboqs,iot
Dilithium2,sign,43418,0.043418,9.25,0.0,256,1312,2420,903,liboqs,iot
Dilithium2,sign,42417,0.042417,9.25,0.0,256,1312,2420,904,liboqs,iot
Dilithium2,sign,56238,0.056238,9.25,0.0,256,1312,2420,905,liboqs,iot
Dilithium2,sign,36273,0.036273,9.25,0.0,256,1312,2420,906,liboqs,iot
Dilithium2,sign,65800,0.0658,9.25,0.0,256,1312,2420,907,liboqs,iot
Dilithium2,sign,36181,0.036181,9.25,0.0,256,1312,2420,908,liboqs,iot
Dilithium2,sign,50273,0.050273,9.25,0.0,256,1312,2420,909,liboqs,iot
Dilithium2,sign,42090,0.04209,9.25,0.0,256,1312,2420,910,liboqs,iot
Dilithium2,sign,93216,0.093216,9.25,0.0,256,1312,2420,911,liboqs,iot
Dilithium2,sign,63791,0.063791,9.25,0.0,256,1312,2420,912,liboqs,iot
Dilithium2,sign,41092,0.041092,9.25,0.0,256,1312,2420,913,liboqs,iot
Dilithium2,sign,118725,0.118725,9.25,0.0,256,1312,2420,914,liboqs,iot
Dilithium2,sign,146308,0.146308,9.25,0.0,256,1312,2420,915,liboqs,iot
Dilithium2,sign,42795,0.042795,9.25,0.0,256,1312,2420,916,liboqs,iot
Dilithium2,sign,43145,0.043145,9.25,0.0,256,1312,2420,917,liboqs,iot
Dilithium2,sign,48629,0.048629,9.25,0.0,256,1312,2420,918,liboqs,iot
Dilithium2,sign,54522,0.054522,9.25,0.0,256,1312,2420,919,liboqs,iot
Dilithium2,sign,35957,0.035957,9.25,0.0,256,1312,2420,920,liboqs,iot
Dilithium2,sign,37684,0.037684,9.25,0.0,256,1312,2420,921,liboqs,iot
Dilithium2,sign,62641,0.062641,9.25,0.0,256,1312,2420,922,liboqs,iot
Dilithium2,sign,49350,0.04935,9.25,0.0,256,1312,2420,923,liboqs,iot
Dilithium2,sign,41368,0.041368,9.25,0.0,256,1312,2420,924,liboqs,iot
Dilithium2,sign,54282,0.054282,9.25,0.0,256,1312,2420,925,liboqs,iot
Dilithium2,sign,63634,0.063634,9.25,0.0,256,1312,2420,926,liboqs,iot
Dilithium2,sign,64198,0.064198,9.25,0.0,256,1312,2420,927,liboqs,iot
Dilithium2,sign,43486,0.043486,9.25,0.0,256,1312,2420,928,liboqs,iot
Dilithium2,sign,71227,0.071227,9.25,0.0,256,1312,2420,929,liboqs,iot
Dilithium2,sign,37267,0.037267,9.25,0.0,256,1312,2420,930,liboqs,iot
Dilithium2,sign,49964,0.049964,9.25,0.0,256,1312,2420,931,liboqs,iot
Dilithium2,sign,44382,0.044382,9.25,0.0,256,1312,2420,932,liboqs,iot
Dilithium2,sign,63095,0.063095,9.25,0.0,256,1312,2420,933,liboqs,iot
Dilithium2,sign,81426,0.081426,9.25,0.0,256,1312,2420,934,liboqs,iot
Dilithium2,sign,57424,0.057424,9.25,0.0,256,1312,2420,935,liboqs,iot
Dilithium2,sign,48811,0.048811,9.25,0.0,256,1312,2420,936,liboqs,iot
Dilithium2,sign,66576,0.066576,9.25,0.0,256,1312,2420,937,liboqs,iot
Dilithium2,sign,35197,0.035197,9.25,0.0,256,1312,2420,938,liboqs,iot
Dilithium2,sign,41682,0.041682,9.25,0.0,256,1312,2420,939,liboqs,iot
Dilithium2,sign,49842,0.049842,9.25,0.0,256,1312,2420,940,liboqs,iot
Dilithium2,sign,102912,0.102912,9.25,0.0,256,1312,2420,941,liboqs,iot
Dilithium2,sign,84051,0.084051,9.25,0.0,256,1312,2420,942,liboqs,iot
Dilithium2,sign,75706,0.075706,9.25,0.0,256,1312,2420,943,liboqs,iot
Dilithium2,sign,63933,0.063933,9.25,0.0,256,1312,2420,944,liboqs,iot
Dilithium2,sign,77147,0.077147,9.25,0.0,256,1312,2420,945,liboqs,iot
Dilithium2,sign,37802,0.037802,9.25,0.0,256,1312,2420,946,liboqs,iot
Dilithium2,sign,41629,0.041629,9.25,0.0,256,1312,2420,947,liboqs,iot
Dilithium2,sign,61023,0.061023,9.25,0.0,256,1312,2420,948,liboqs,iot
Dilithium2,sign,42974,0.042974,9.25,0.0,256,1312,2420,949,liboqs,iot
Dilithium2,sign,36906,0.036906,9.25,0.0,256,1312,2420,950,liboqs,iot
Dilithium2,sign,35101,0.035101,9.25,0.0,256,1312,2420,951,liboqs,iot
Dilithium2,sign,122211,0.122211,9.25,0.0,256,1312,2420,952,liboqs,iot
Dilithium2,sign,41580,0.04158,9.25,0.0,256,1312,2420,953,liboqs,iot
Dilithium2,sign,53699,0.053699,9.25,0.0,256,1312,2420,954,liboqs,iot
Dilithium2,sign,49256,0.049256,9.25,0.0,256,1312,2420,955,liboqs,iot
Dilithium2,sign,53303,0.053303,9.25,0.0,256,1312,2420,956,liboqs,iot
Dilithium2,sign,51157,0.051157,9.25,0.0,256,1312,2420,957,liboqs,iot
Dilithium2,sign,83022,0.083022,9.25,0.0,256,1312,2420,958,liboqs,iot
Dilithium2,sign,35862,0.035862,9.25,0.0,256,1312,2420,959,liboqs,iot
Dilithium2,sign,82894,0.082894,9.25,0.0,256,1312,2420,960,liboqs,iot
Dilithium2,sign,113846,0.113846,9.25,0.0,256,1312,2420,961,liboqs,iot
Dilithium2,sign,35043,0.035043,9.25,0.0,256,1312,2420,962,liboqs,iot
Dilithium2,sign,100551,0.100551,9.25,0.0,256,1312,2420,963,liboqs,iot
Dilithium2,sign,49432,0.049432,9.25,0.0,256,1312,2420,964,liboqs,iot
Dilithium2,sign,88556,0.088556,9.25,0.0,256,1312,2420,965,liboqs,iot
Dilithium2,sign,41879,0.041879,9.25,0.0,256,1312,2420,966,liboqs,iot
Dilithium2,sign,41490,0.04149,9.25,0.0,256,1312,2420,967,liboqs,iot
Dilithium2,sign,40054,0.040054,9.25,0.0,256,1312,2420,968,liboqs,iot
Dilithium2,sign,65935,0.065935,9.25,0.0,256,1312,2420,969,liboqs,iot
Dilithium2,sign,54011,0.054011,9.25,0.0,256,1312,2420,970,liboqs,iot
Dilithium2,sign,48357,0.048357,9.25,0.0,256,1312,2420,971,liboqs,iot
Dilithium2,sign,41164,0.041164,9.25,0.0,256,1312,2420,972,liboqs,iot
Dilithium2,sign,46367,0.046367,9.25,0.0,256,1312,2420,973,liboqs,iot
Dilithium2,sign,35011,0.035011,9.25,0.0,256,1312,2420,974,liboqs,iot
Dilithium2,sign,94706,0.094706,9.25,0.0,256,1312,2420,975,liboqs,iot
Dilithium2,sign,48170,0.04817,9.25,0.0,256,1312,2420,976,liboqs,iot
Dilithium2,sign,47941,0.047941,9.25,0.0,256,1312,2420,977,liboqs,iot
Dilithium2,sign,55217,0.055217,9.25,0.0,256,1312,2420,978,liboqs,iot
Dilithium2,sign,41669,0.041669,9.25,0.0,256,1312,2420,979,liboqs,iot
Dilithium2,sign,52428,0.052428,9.25,0.0,256,1312,2420,980,liboqs,iot
Dilithium2,sign,63988,0.063988,9.25,0.0,256,1312,2420,981,liboqs,iot
Dilithium2,sign,37113,0.037113,9.25,0.0,256,1312,2420,982,liboqs,iot
Dilithium2,sign,49345,0.049345,9.25,0.0,256,1312,2420,983,liboqs,iot
Dilithium2,sign,56216,0.056216,9.25,0.0,256,1312,2420,984,liboqs,iot
Dilithium2,sign,41181,0.041181,9.25,0.0,256,1312,2420,985,liboqs,iot
Dilithium2,sign,40406,0.040406,9.25,0.0,256,1312,2420,986,liboqs,iot
Dilithium2,sign,60996,0.060996,9.25,0.0,256,1312,2420,987,liboqs,iot
Dilithium2,sign,45670,0.04567,9.25,0.0,256,1312,2420,988,liboqs,iot
Dilithium2,sign,46749,0.046749,9.25,0.0,256,1312,2420,989,liboqs,iot
Dilithium2,sign,48696,0.048696,9.25,0.0,256,1312,2420,990,liboqs,iot
Dilithium2,sign,72798,0.072798,9.25,0.0,256,1312,2420,991,liboqs,iot
Dilithium2,sign,78387,0.078387,9.25,0.0,256,1312,2420,992,liboqs,iot
Dilithium2,sign,45909,0.045909,9.25,0.0,256,1312,2420,993,liboqs,iot
Dilithium2,sign,43345,0.043345,9.25,0.0,256,1312,2420,994,liboqs,iot
Dilithium2,sign,40800,0.0408,9.25,0.0,256,1312,2420,995,liboqs,iot
Dilithium2,sign,74939,0.074939,9.25,0.0,256,1312,2420,996,liboqs,iot
Dilithium2,sign,36104,0.036104,9.25,0.0,256,1312,2420,997,liboqs,iot
Dilithium2,sign,62665,0.062665,9.25,0.0,256,1312,2420,998,liboqs,iot
Dilithium2,sign,36626,0.036626,9.25,0.0,256,1312,2420,999,liboqs,iot
Dilithium2,verify,36365,0.036365,5.93,0.0,256,1312,2420,0,liboqs,iot
Dilithium2,verify,31922,0.031922,5.99,0.0,256,1312,2420,1,liboqs,iot
Dilithium2,verify,30222,0.030222,5.99,0.0,256,1312,2420,2,liboqs,iot
Dilithium2,verify,31995,0.031995,6.51,0.0,256,1312,2420,3,liboqs,iot
Dilithium2,verify,29864,0.029864,5.99,0.0,256,1312,2420,4,liboqs,iot
Dilithium2,verify,32764,0.032764,5.99,0.0,256,1312,2420,5,liboqs,iot
Dilithium2,verify,29409,0.029409,5.99,0.0,256,1312,2420,6,liboqs,iot
Dilithium2,verify,29865,0.029865,5.99,0.0,256,1312,2420,7,liboqs,iot
Dilithium2,verify,28934,0.028934,5.99,0.0,256,1312,2420,8,liboqs,iot
Dilithium2,verify,30684,0.030684,5.99,0.0,256,1312,2420,9,liboqs,iot
Dilithium2,verify,30192,0.030192,5.99,0.0,256,1312,2420,10,liboqs,iot
Dilithium2,verify,28926,0.028926,5.99,0.0,256,1312,2420,11,liboqs,iot
Dilithium2,verify,28967,0.028967,5.99,0.0,256,1312,2420,12,liboqs,iot
Dilithium2,verify,30593,0.030593,5.99,0.0,256,1312,2420,13,liboqs,iot
Dilithium2,verify,28560,0.02856,5.99,0.0,256,1312,2420,14,liboqs,iot
Dilithium2,verify,28742,0.028742,5.99,0.0,256,1312,2420,15,liboqs,iot
Dilithium2,verify,28871,0.028871,5.99,0.0,256,1312,2420,16,liboqs,iot
Dilithium2,verify,37373,0.037373,5.99,0.0,256,1312,2420,17,liboqs,iot
Dilithium2,verify,30746,0.030746,5.99,0.0,256,1312,2420,18,liboqs,iot
Dilithium2,verify,29232,0.029232,5.99,0.0,256,1312,2420,19,liboqs,iot
Dilithium2,verify,29275,0.029275,5.99,0.0,256,1312,2420,20,liboqs,iot
Dilithium2,verify,28635,0.028635,5.99,0.0,256,1312,2420,21,liboqs,iot
Dilithium2,verify,28610,0.02861,5.99,0.0,256,1312,2420,22,liboqs,iot
Dilithium2,verify,29107,0.029107,5.99,0.0,256,1312,2420,23,liboqs,iot
Dilithium2,verify,28336,0.028336,5.99,0.0,256,1312,2420,24,liboqs,iot
Dilithium2,verify,28696,0.028696,5.99,0.0,256,1312,2420,25,liboqs,iot
Dilithium2,verify,28404,0.028404,5.99,0.0,256,1312,2420,26,liboqs,iot
Dilithium2,verify,28041,0.028041,5.99,0.0,256,1312,2420,27,liboqs,iot
Dilithium2,verify,30366,0.030366,5.99,0.0,256,1312,2420,28,liboqs,iot
Dilithium2,verify,28327,0.028327,5.99,0.0,256,1312,2420,29,liboqs,iot
Dilithium2,verify,28230,0.02823,5.99,0.0,256,1312,2420,30,liboqs,iot
Dilithium2,verify,28032,0.028032,5.99,0.0,256,1312,2420,31,liboqs,iot
Dilithium2,verify,27994,0.027994,5.99,0.0,256,1312,2420,32,liboqs,iot
Dilithium2,verify,27541,0.027541,5.99,0.0,256,1312,2420,33,liboqs,iot
Dilithium2,verify,28020,0.02802,5.99,0.0,256,1312,2420,34,liboqs,iot
Dilithium2,verify,28261,0.028261,5.99,0.0,256,1312,2420,35,liboqs,iot
Dilithium2,verify,27863,0.027863,5.99,0.0,256,1312,2420,36,liboqs,iot
Dilithium2,verify,29746,0.029746,5.99,0.0,256,1312,2420,37,liboqs,iot
Dilithium2,verify,38016,0.038016,5.99,0.0,256,1312,2420,38,liboqs,iot
Dilithium2,verify,34779,0.034779,5.99,0.0,256,1312,2420,39,liboqs,iot
Dilithium2,verify,30226,0.030226,5.99,0.0,256,1312,2420,40,liboqs,iot
Dilithium2,verify,36964,0.036964,5.99,0.0,256,1312,2420,41,liboqs,iot
Dilithium2,verify,38779,0.038779,5.99,0.0,256,1312,2420,42,liboqs,iot
Dilithium2,verify,31032,0.031032,5.99,0.0,256,1312,2420,43,liboqs,iot
Dilithium2,verify,30052,0.030052,5.99,0.0,256,1312,2420,44,liboqs,iot
Dilithium2,verify,28643,0.028643,5.99,0.0,256,1312,2420,45,liboqs,iot
Dilithium2,verify,39596,0.039596,5.99,0.0,256,1312,2420,46,liboqs,iot
Dilithium2,verify,30613,0.030613,5.99,0.0,256,1312,2420,47,liboqs,iot
Dilithium2,verify,44584,0.044584,5.99,0.0,256,1312,2420,48,liboqs,iot
Dilithium2,verify,53884,0.053884,8.2,0.0,256,1312,2420,49,liboqs,iot
Dilithium2,verify,31810,0.03181,5.99,0.0,256,1312,2420,50,liboqs,iot
Dilithium2,verify,29466,0.029466,5.99,0.0,256,1312,2420,51,liboqs,iot
Dilithium2,verify,28986,0.028986,5.99,0.0,256,1312,2420,52,liboqs,iot
Dilithium2,verify,28669,0.028669,5.99,0.0,256,1312,2420,53,liboqs,iot
Dilithium2,verify,27889,0.027889,5.99,0.0,256,1312,2420,54,liboqs,iot
Dilithium2,verify,29598,0.029598,5.99,0.0,256,1312,2420,55,liboqs,iot
Dilithium2,verify,28255,0.028255,5.99,0.0,256,1312,2420,56,liboqs,iot
Dilithium2,verify,28521,0.028521,5.99,0.0,256,1312,2420,57,liboqs,iot
Dilithium2,verify,28693,0.028693,5.99,0.0,256,1312,2420,58,liboqs,iot
Dilithium2,verify,29160,0.02916,5.99,0.0,256,1312,2420,59,liboqs,iot
Dilithium2,verify,28405,0.028405,5.99,0.0,256,1312,2420,60,liboqs,iot
Dilithium2,verify,28206,0.028206,5.99,0.0,256,1312,2420,61,liboqs,iot
Dilithium2,verify,27739,0.027739,5.99,0.0,256,1312,2420,62,liboqs,iot
Dilithium2,verify,27798,0.027798,5.99,0.0,256,1312,2420,63,liboqs,iot
Dilithium2,verify,28928,0.028928,5.99,0.0,256,1312,2420,64,liboqs,iot
Dilithium2,verify,27978,0.027978,5.99,0.0,256,1312,2420,65,liboqs,iot
Dilithium2,verify,27860,0.02786,5.99,0.0,256,1312,2420,66,liboqs,iot
Dilithium2,verify,27781,0.027781,5.99,0.0,256,1312,2420,67,liboqs,iot
Dilithium2,verify,27652,0.027652,5.99,0.0,256,1312,2420,68,liboqs,iot
Dilithium2,verify,28927,0.028927,5.99,0.0,256,1312,2420,69,liboqs,iot
Dilithium2,verify,28774,0.028774,5.99,0.0,256,1312,2420,70,liboqs,iot
Dilithium2,verify,27689,0.027689,5.99,0.0,256,1312,2420,71,liboqs,iot
Dilithium2,verify,27499,0.027499,5.99,0.0,256,1312,2420,72,liboqs,iot
Dilithium2,verify,28919,0.028919,5.99,0.0,256,1312,2420,73,liboqs,iot
Dilithium2,verify,29125,0.029125,5.99,0.0,256,1312,2420,74,liboqs,iot
Dilithium2,verify,27845,0.027845,5.99,0.0,256,1312,2420,75,liboqs,iot
Dilithium2,verify,27961,0.027961,5.99,0.0,256,1312,2420,76,liboqs,iot
Dilithium2,verify,48278,0.048278,5.99,0.0,256,1312,2420,77,liboqs,iot
Dilithium2,verify,34380,0.03438,5.99,0.0,256,1312,2420,78,liboqs,iot
Dilithium2,verify,29726,0.029726,5.99,0.0,256,1312,2420,79,liboqs,iot
Dilithium2,verify,28637,0.028637,5.99,0.0,256,1312,2420,80,liboqs,iot
Dilithium2,verify,30542,0.030542,5.99,0.0,256,1312,2420,81,liboqs,iot
Dilithium2,verify,28139,0.028139,5.99,0.0,256,1312,2420,82,liboqs,iot
Dilithium2,verify,28210,0.02821,5.99,0.0,256,1312,2420,83,liboqs,iot
Dilithium2,verify,27765,0.027765,5.99,0.0,256,1312,2420,84,liboqs,iot
Dilithium2,verify,27599,0.027599,5.99,0.0,256,1312,2420,85,liboqs,iot
Dilithium2,verify,28898,0.028898,5.99,0.0,256,1312,2420,86,liboqs,iot
Dilithium2,verify,27757,0.027757,5.99,0.0,256,1312,2420,87,liboqs,iot
Dilithium2,verify,27454,0.027454,5.99,0.0,256,1312,2420,88,liboqs,iot
Dilithium2,verify,27480,0.02748,5.99,0.0,256,1312,2420,89,liboqs,iot
Dilithium2,verify,28710,0.02871,5.99,0.0,256,1312,2420,90,liboqs,iot
Dilithium2,verify,27815,0.027815,5.99,0.0,256,1312,2420,91,liboqs,iot
Dilithium2,verify,27679,0.027679,5.99,0.0,256,1312,2420,92,liboqs,iot
Dilithium2,verify,28259,0.028259,5.99,0.0,256,1312,2420,93,liboqs,iot
Dilithium2,verify,29059,0.029059,5.99,0.0,256,1312,2420,94,liboqs,iot
Dilithium2,verify,29332,0.029332,5.99,0.0,256,1312,2420,95,liboqs,iot
Dilithium2,verify,27833,0.027833,5.99,0.0,256,1312,2420,96,liboqs,iot
Dilithium2,verify,27518,0.027518,5.99,0.0,256,1312,2420,97,liboqs,iot
Dilithium2,verify,27294,0.027294,5.99,0.0,256,1312,2420,98,liboqs,iot
Dilithium2,verify,28130,0.02813,5.99,0.0,256,1312,2420,99,liboqs,iot
Dilithium2,verify,36100,0.0361,5.99,0.0,256,1312,2420,100,liboqs,iot
Dilithium2,verify,35784,0.035784,5.99,0.0,256,1312,2420,101,liboqs,iot
Dilithium2,verify,30121,0.030121,5.99,0.0,256,1312,2420,102,liboqs,iot
Dilithium2,verify,29043,0.029043,5.99,0.0,256,1312,2420,103,liboqs,iot
Dilithium2,verify,29734,0.029734,5.99,0.0,256,1312,2420,104,liboqs,iot
Dilithium2,verify,28011,0.028011,5.99,0.0,256,1312,2420,105,liboqs,iot
Dilithium2,verify,27869,0.027869,5.99,0.0,256,1312,2420,106,liboqs,iot
Dilithium2,verify,27980,0.02798,5.99,0.0,256,1312,2420,107,liboqs,iot
Dilithium2,verify,28946,0.028946,5.99,0.0,256,1312,2420,108,liboqs,iot
Dilithium2,verify,27478,0.027478,5.99,0.0,256,1312,2420,109,liboqs,iot
Dilithium2,verify,27839,0.027839,5.99,0.0,256,1312,2420,110,liboqs,iot
Dilithium2,verify,28096,0.028096,5.99,0.0,256,1312,2420,111,liboqs,iot
Dilithium2,verify,27579,0.027579,5.99,0.0,256,1312,2420,112,liboqs,iot
Dilithium2,verify,29855,0.029855,5.99,0.0,256,1312,2420,113,liboqs,iot
Dilithium2,verify,27783,0.027783,5.99,0.0,256,1312,2420,114,liboqs,iot
Dilithium2,verify,28048,0.028048,5.99,0.0,256,1312,2420,115,liboqs,iot
Dilithium2,verify,28537,0.028537,5.99,0.0,256,1312,2420,116,liboqs,iot
Dilithium2,verify,27525,0.027525,5.99,0.0,256,1312,2420,117,liboqs,iot
Dilithium2,verify,27496,0.027496,5.99,0.0,256,1312,2420,118,liboqs,iot
Dilithium2,verify,27224,0.027224,5.99,0.0,256,1312,2420,119,liboqs,iot
Dilithium2,verify,27547,0.027547,5.99,0.0,256,1312,2420,120,liboqs,iot
Dilithium2,verify,28675,0.028675,5.99,0.0,256,1312,2420,121,liboqs,iot
Dilithium2,verify,27489,0.027489,5.99,0.0,256,1312,2420,122,liboqs,iot
Dilithium2,verify,27802,0.027802,5.99,0.0,256,1312,2420,123,liboqs,iot
Dilithium2,verify,27832,0.027832,5.99,0.0,256,1312,2420,124,liboqs,iot
Dilithium2,verify,28995,0.028995,5.99,0.0,256,1312,2420,125,liboqs,iot
Dilithium2,verify,27522,0.027522,5.99,0.0,256,1312,2420,126,liboqs,iot
Dilithium2,verify,27410,0.02741,5.99,0.0,256,1312,2420,127,liboqs,iot
Dilithium2,verify,27310,0.02731,5.99,0.0,256,1312,2420,128,liboqs,iot
Dilithium2,verify,27243,0.027243,5.99,0.0,256,1312,2420,129,liboqs,iot
Dilithium2,verify,30784,0.030784,5.99,0.0,256,1312,2420,130,liboqs,iot
Dilithium2,verify,28305,0.028305,5.99,0.0,256,1312,2420,131,liboqs,iot
Dilithium2,verify,28241,0.028241,5.99,0.0,256,1312,2420,132,liboqs,iot
Dilithium2,verify,28064,0.028064,5.99,0.0,256,1312,2420,133,liboqs,iot
Dilithium2,verify,38058,0.038058,5.99,0.0,256,1312,2420,134,liboqs,iot
Dilithium2,verify,30241,0.030241,5.99,0.0,256,1312,2420,135,liboqs,iot
Dilithium2,verify,28956,0.028956,5.99,0.0,256,1312,2420,136,liboqs,iot
Dilithium2,verify,30273,0.030273,5.99,0.0,256,1312,2420,137,liboqs,iot
Dilithium2,verify,28472,0.028472,5.99,0.0,256,1312,2420,138,liboqs,iot
Dilithium2,verify,29389,0.029389,5.99,0.0,256,1312,2420,139,liboqs,iot
Dilithium2,verify,28484,0.028484,5.99,0.0,256,1312,2420,140,liboqs,iot
Dilithium2,verify,28171,0.028171,5.99,0.0,256,1312,2420,141,liboqs,iot
Dilithium2,verify,28454,0.028454,5.99,0.0,256,1312,2420,142,liboqs,iot
Dilithium2,verify,29242,0.029242,5.99,0.0,256,1312,2420,143,liboqs,iot
Dilithium2,verify,28583,0.028583,5.99,0.0,256,1312,2420,144,liboqs,iot
Dilithium2,verify,28211,0.028211,5.99,0.0,256,1312,2420,145,liboqs,iot
Dilithium2,verify,28033,0.028033,5.99,0.0,256,1312,2420,146,liboqs,iot
Dilithium2,verify,28104,0.028104,5.99,0.0,256,1312,2420,147,liboqs,iot
Dilithium2,verify,29037,0.029037,5.99,0.0,256,1312,2420,148,liboqs,iot
Dilithium2,verify,27924,0.027924,5.99,0.0,256,1312,2420,149,liboqs,iot
Dilithium2,verify,28203,0.028203,5.99,0.0,256,1312,2420,150,liboqs,iot
Dilithium2,verify,28135,0.028135,5.99,0.0,256,1312,2420,151,liboqs,iot
Dilithium2,verify,29044,0.029044,5.99,0.0,256,1312,2420,152,liboqs,iot
Dilithium2,verify,27679,0.027679,5.99,0.0,256,1312,2420,153,liboqs,iot
Dilithium2,verify,28297,0.028297,5.99,0.0,256,1312,2420,154,liboqs,iot
Dilithium2,verify,27893,0.027893,5.99,0.0,256,1312,2420,155,liboqs,iot
Dilithium2,verify,28062,0.028062,5.99,0.0,256,1312,2420,156,liboqs,iot
Dilithium2,verify,111701,0.111701,5.99,0.0,256,1312,2420,157,liboqs,iot
Dilithium2,verify,68452,0.068452,5.99,0.0,256,1312,2420,158,liboqs,iot
Dilithium2,verify,35686,0.035686,5.99,0.0,256,1312,2420,159,liboqs,iot
Dilithium2,verify,32018,0.032018,5.99,0.0,256,1312,2420,160,liboqs,iot
Dilithium2,verify,36309,0.036309,5.99,0.0,256,1312,2420,161,liboqs,iot
Dilithium2,verify,29587,0.029587,5.99,0.0,256,1312,2420,162,liboqs,iot
Dilithium2,verify,29356,0.029356,5.99,0.0,256,1312,2420,163,liboqs,iot
Dilithium2,verify,30712,0.030712,5.99,0.0,256,1312,2420,164,liboqs,iot
Dilithium2,verify,28980,0.02898,5.99,0.0,256,1312,2420,165,liboqs,iot
Dilithium2,verify,28804,0.028804,5.99,0.0,256,1312,2420,166,liboqs,iot
Dilithium2,verify,28659,0.028659,5.99,0.0,256,1312,2420,167,liboqs,iot
Dilithium2,verify,29104,0.029104,5.99,0.0,256,1312,2420,168,liboqs,iot
Dilithium2,verify,30221,0.030221,5.99,0.0,256,1312,2420,169,liboqs,iot
Dilithium2,verify,33029,0.033029,5.99,0.0,256,1312,2420,170,liboqs,iot
Dilithium2,verify,39530,0.03953,5.99,0.0,256,1312,2420,171,liboqs,iot
Dilithium2,verify,30647,0.030647,5.99,0.0,256,1312,2420,172,liboqs,iot
Dilithium2,verify,30003,0.030003,5.99,0.0,256,1312,2420,173,liboqs,iot
Dilithium2,verify,28129,0.028129,5.99,0.0,256,1312,2420,174,liboqs,iot
Dilithium2,verify,28768,0.028768,5.99,0.0,256,1312,2420,175,liboqs,iot
Dilithium2,verify,27990,0.02799,5.99,0.0,256,1312,2420,176,liboqs,iot
Dilithium2,verify,28217,0.028217,5.99,0.0,256,1312,2420,177,liboqs,iot
Dilithium2,verify,29716,0.029716,5.99,0.0,256,1312,2420,178,liboqs,iot
Dilithium2,verify,28281,0.028281,5.99,0.0,256,1312,2420,179,liboqs,iot
Dilithium2,verify,28069,0.028069,5.99,0.0,256,1312,2420,180,liboqs,iot
Dilithium2,verify,27997,0.027997,5.99,0.0,256,1312,2420,181,liboqs,iot
Dilithium2,verify,64703,0.064703,5.99,0.0,256,1312,2420,182,liboqs,iot
Dilithium2,verify,53238,0.053238,5.99,0.0,256,1312,2420,183,liboqs,iot
Dilithium2,verify,32306,0.032306,5.99,0.0,256,1312,2420,184,liboqs,iot
Dilithium2,verify,30060,0.03006,5.99,0.0,256,1312,2420,185,liboqs,iot
Dilithium2,verify,29450,0.02945,5.99,0.0,256,1312,2420,186,liboqs,iot
Dilithium2,verify,30363,0.030363,5.99,0.0,256,1312,2420,187,liboqs,iot
Dilithium2,verify,28487,0.028487,5.99,0.0,256,1312,2420,188,liboqs,iot
Dilithium2,verify,28463,0.028463,5.99,0.0,256,1312,2420,189,liboqs,iot
Dilithium2,verify,28249,0.028249,5.99,0.0,256,1312,2420,190,liboqs,iot
Dilithium2,verify,29721,0.029721,5.99,0.0,256,1312,2420,191,liboqs,iot
Dilithium2,verify,28273,0.028273,5.99,0.0,256,1312,2420,192,liboqs,iot
Dilithium2,verify,28105,0.028105,5.99,0.0,256,1312,2420,193,liboqs,iot
Dilithium2,verify,27835,0.027835,5.99,0.0,256,1312,2420,194,liboqs,iot
Dilithium2,verify,28169,0.028169,5.99,0.0,256,1312,2420,195,liboqs,iot
Dilithium2,verify,29495,0.029495,5.99,0.0,256,1312,2420,196,liboqs,iot
Dilithium2,verify,27974,0.027974,5.99,0.0,256,1312,2420,197,liboqs,iot
Dilithium2,verify,28997,0.028997,5.99,0.0,256,1312,2420,198,liboqs,iot
Dilithium2,verify,30000,0.03,5.99,0.0,256,1312,2420,199,liboqs,iot
Dilithium2,verify,30937,0.030937,5.99,0.0,256,1312,2420,200,liboqs,iot
Dilithium2,verify,30346,0.030346,5.99,0.0,256,1312,2420,201,liboqs,iot
Dilithium2,verify,27990,0.02799,5.99,0.0,256,1312,2420,202,liboqs,iot
Dilithium2,verify,28469,0.028469,5.99,0.0,256,1312,2420,203,liboqs,iot
Dilithium2,verify,29010,0.02901,5.99,0.0,256,1312,2420,204,liboqs,iot
Dilithium2,verify,27939,0.027939,5.99,0.0,256,1312,2420,205,liboqs,iot
Dilithium2,verify,28221,0.028221,5.99,0.0,256,1312,2420,206,liboqs,iot
Dilithium2,verify,28355,0.028355,5.99,0.0,256,1312,2420,207,liboqs,iot
Dilithium2,verify,44638,0.044638,5.99,0.0,256,1312,2420,208,liboqs,iot
Dilithium2,verify,32552,0.032552,5.99,0.0,256,1312,2420,209,liboqs,iot
Dilithium2,verify,29197,0.029197,5.99,0.0,256,1312,2420,210,liboqs,iot
Dilithium2,verify,28579,0.028579,5.99,0.0,256,1312,2420,211,liboqs,iot
Dilithium2,verify,27867,0.027867,5.99,0.0,256,1312,2420,212,liboqs,iot
Dilithium2,verify,28122,0.028122,5.99,0.0,256,1312,2420,213,liboqs,iot
Dilithium2,verify,28785,0.028785,5.99,0.0,256,1312,2420,214,liboqs,iot
Dilithium2,verify,27771,0.027771,5.99,0.0,256,1312,2420,215,liboqs,iot
Dilithium2,verify,27712,0.027712,5.99,0.0,256,1312,2420,216,liboqs,iot
Dilithium2,verify,27611,0.027611,5.99,0.0,256,1312,2420,217,liboqs,iot
Dilithium2,verify,28887,0.028887,5.99,0.0,256,1312,2420,218,liboqs,iot
Dilithium2,verify,27536,0.027536,5.99,0.0,256,1312,2420,219,liboqs,iot
Dilithium2,verify,27471,0.027471,5.99,0.0,256,1312,2420,220,liboqs,iot
Dilithium2,verify,28761,0.028761,5.99,0.0,256,1312,2420,221,liboqs,iot
Dilithium2,verify,27360,0.02736,5.99,0.0,256,1312,2420,222,liboqs,iot
Dilithium2,verify,27476,0.027476,5.99,0.0,256,1312,2420,223,liboqs,iot
Dilithium2,verify,27329,0.027329,5.99,0.0,256,1312,2420,224,liboqs,iot
Dilithium2,verify,27626,0.027626,5.99,0.0,256,1312,2420,225,liboqs,iot
Dilithium2,verify,28647,0.028647,5.99,0.0,256,1312,2420,226,liboqs,iot
Dilithium2,verify,27471,0.027471,5.99,0.0,256,1312,2420,227,liboqs,iot
Dilithium2,verify,27447,0.027447,5.99,0.0,256,1312,2420,228,liboqs,iot
Dilithium2,verify,27323,0.027323,5.99,0.0,256,1312,2420,229,liboqs,iot
Dilithium2,verify,27743,0.027743,5.99,0.0,256,1312,2420,230,liboqs,iot
Dilithium2,verify,46013,0.046013,5.99,0.0,256,1312,2420,231,liboqs,iot
Dilithium2,verify,35904,0.035904,5.99,0.0,256,1312,2420,232,liboqs,iot
Dilithium2,verify,30590,0.03059,5.99,0.0,256,1312,2420,233,liboqs,iot
Dilithium2,verify,29046,0.029046,5.99,0.0,256,1312,2420,234,liboqs,iot
Dilithium2,verify,30087,0.030087,5.99,0.0,256,1312,2420,235,liboqs,iot
Dilithium2,verify,28296,0.028296,5.99,0.0,256,1312,2420,236,liboqs,iot
Dilithium2,verify,27916,0.027916,5.99,0.0,256,1312,2420,237,liboqs,iot
Dilithium2,verify,27843,0.027843,5.99,0.0,256,1312,2420,238,liboqs,iot
Dilithium2,verify,27783,0.027783,5.99,0.0,256,1312,2420,239,liboqs,iot
Dilithium2,verify,29025,0.029025,5.99,0.0,256,1312,2420,240,liboqs,iot
Dilithium2,verify,27751,0.027751,5.99,0.0,256,1312,2420,241,liboqs,iot
Dilithium2,verify,27532,0.027532,5.99,0.0,256,1312,2420,242,liboqs,iot
Dilithium2,verify,27343,0.027343,5.99,0.0,256,1312,2420,243,liboqs,iot
Dilithium2,verify,28316,0.028316,5.99,0.0,256,1312,2420,244,liboqs,iot
Dilithium2,verify,27588,0.027588,5.99,0.0,256,1312,2420,245,liboqs,iot
Dilithium2,verify,27627,0.027627,5.99,0.0,256,1312,2420,246,liboqs,iot
Dilithium2,verify,27500,0.0275,5.99,0.0,256,1312,2420,247,liboqs,iot
Dilithium2,verify,27352,0.027352,5.99,0.0,256,1312,2420,248,liboqs,iot
Dilithium2,verify,28910,0.02891,5.99,0.0,256,1312,2420,249,liboqs,iot
Dilithium2,verify,27464,0.027464,5.99,0.0,256,1312,2420,250,liboqs,iot
Dilithium2,verify,27567,0.027567,5.99,0.0,256,1312,2420,251,liboqs,iot
Dilithium2,verify,27647,0.027647,5.99,0.0,256,1312,2420,252,liboqs,iot
Dilithium2,verify,28786,0.028786,5.99,0.0,256,1312,2420,253,liboqs,iot
Dilithium2,verify,27479,0.027479,5.99,0.0,256,1312,2420,254,liboqs,iot
Dilithium2,verify,27266,0.027266,5.99,0.0,256,1312,2420,255,liboqs,iot
Dilithium2,verify,27442,0.027442,5.99,0.0,256,1312,2420,256,liboqs,iot
Dilithium2,verify,27899,0.027899,5.99,0.0,256,1312,2420,257,liboqs,iot
Dilithium2,verify,29285,0.029285,5.99,0.0,256,1312,2420,258,liboqs,iot
Dilithium2,verify,27909,0.027909,5.99,0.0,256,1312,2420,259,liboqs,iot
Dilithium2,verify,27553,0.027553,5.99,0.0,256,1312,2420,260,liboqs,iot
Dilithium2,verify,28915,0.028915,5.99,0.0,256,1312,2420,261,liboqs,iot
Dilithium2,verify,30263,0.030263,5.99,0.0,256,1312,2420,262,liboqs,iot
Dilithium2,verify,28067,0.028067,5.99,0.0,256,1312,2420,263,liboqs,iot
Dilithium2,verify,27705,0.027705,5.99,0.0,256,1312,2420,264,liboqs,iot
Dilithium2,verify,28059,0.028059,5.99,0.0,256,1312,2420,265,liboqs,iot
Dilithium2,verify,29266,0.029266,5.99,0.0,256,1312,2420,266,liboqs,iot
Dilithium2,verify,27688,0.027688,5.99,0.0,256,1312,2420,267,liboqs,iot
Dilithium2,verify,27753,0.027753,5.99,0.0,256,1312,2420,268,liboqs,iot
Dilithium2,verify,27752,0.027752,5.99,0.0,256,1312,2420,269,liboqs,iot
Dilithium2,verify,28976,0.028976,5.99,0.0,256,1312,2420,270,liboqs,iot
Dilithium2,verify,27666,0.027666,5.99,0.0,256,1312,2420,271,liboqs,iot
Dilithium2,verify,27647,0.027647,5.99,0.0,256,1312,2420,272,liboqs,iot
Dilithium2,verify,37896,0.037896,5.99,0.0,256,1312,2420,273,liboqs,iot
Dilithium2,verify,30362,0.030362,5.99,0.0,256,1312,2420,274,liboqs,iot
Dilithium2,verify,29034,0.029034,5.99,0.0,256,1312,2420,275,liboqs,iot
Dilithium2,verify,28843,0.028843,5.99,0.0,256,1312,2420,276,liboqs,iot
Dilithium2,verify,28121,0.028121,5.99,0.0,256,1312,2420,277,liboqs,iot
Dilithium2,verify,35356,0.035356,5.99,0.0,256,1312,2420,278,liboqs,iot
Dilithium2,verify,36080,0.03608,5.99,0.0,256,1312,2420,279,liboqs,iot
Dilithium2,verify,31254,0.031254,5.99,0.0,256,1312,2420,280,liboqs,iot
Dilithium2,verify,29913,0.029913,5.99,0.0,256,1312,2420,281,liboqs,iot
Dilithium2,verify,29197,0.029197,5.99,0.0,256,1312,2420,282,liboqs,iot
Dilithium2,verify,29713,0.029713,5.99,0.0,256,1312,2420,283,liboqs,iot
Dilithium2,verify,28167,0.028167,5.99,0.0,256,1312,2420,284,liboqs,iot
Dilithium2,verify,28052,0.028052,5.99,0.0,256,1312,2420,285,liboqs,iot
Dilithium2,verify,27868,0.027868,5.99,0.0,256,1312,2420,286,liboqs,iot
Dilithium2,verify,27854,0.027854,5.99,0.0,256,1312,2420,287,liboqs,iot
Dilithium2,verify,28390,0.02839,5.99,0.0,256,1312,2420,288,liboqs,iot
Dilithium2,verify,28747,0.028747,5.99,0.0,256,1312,2420,289,liboqs,iot
Dilithium2,verify,28927,0.028927,5.99,0.0,256,1312,2420,290,liboqs,iot
Dilithium2,verify,28371,0.028371,5.99,0.0,256,1312,2420,291,liboqs,iot
Dilithium2,verify,28214,0.028214,5.99,0.0,256,1312,2420,292,liboqs,iot
Dilithium2,verify,28325,0.028325,5.99,0.0,256,1312,2420,293,liboqs,iot
Dilithium2,verify,75014,0.075014,5.99,0.0,256,1312,2420,294,liboqs,iot
Dilithium2,verify,85638,0.085638,5.99,0.0,256,1312,2420,295,liboqs,iot
Dilithium2,verify,40210,0.04021,5.99,0.0,256,1312,2420,296,liboqs,iot
Dilithium2,verify,32555,0.032555,5.99,0.0,256,1312,2420,297,liboqs,iot
Dilithium2,verify,31132,0.031132,5.99,0.0,256,1312,2420,298,liboqs,iot
Dilithium2,verify,32470,0.03247,5.99,0.0,256,1312,2420,299,liboqs,iot
Dilithium2,verify,34287,0.034287,5.99,0.0,256,1312,2420,300,liboqs,iot
Dilithium2,verify,29709,0.029709,5.99,0.0,256,1312,2420,301,liboqs,iot
Dilithium2,verify,28861,0.028861,5.99,0.0,256,1312,2420,302,liboqs,iot
Dilithium2,verify,29619,0.029619,5.99,0.0,256,1312,2420,303,liboqs,iot
Dilithium2,verify,29977,0.029977,5.99,0.0,256,1312,2420,304,liboqs,iot
Dilithium2,verify,30450,0.03045,5.99,0.0,256,1312,2420,305,liboqs,iot
Dilithium2,verify,29613,0.029613,5.99,0.0,256,1312,2420,306,liboqs,iot
Dilithium2,verify,29102,0.029102,5.99,0.0,256,1312,2420,307,liboqs,iot
Dilithium2,verify,29940,0.02994,5.99,0.0,256,1312,2420,308,liboqs,iot
Dilithium2,verify,28453,0.028453,5.99,0.0,256,1312,2420,309,liboqs,iot
Dilithium2,verify,28545,0.028545,5.99,0.0,256,1312,2420,310,liboqs,iot
Dilithium2,verify,29672,0.029672,5.99,0.0,256,1312,2420,311,liboqs,iot
Dilithium2,verify,28538,0.028538,5.99,0.0,256,1312,2420,312,liboqs,iot
Dilithium2,verify,28609,0.028609,5.99,0.0,256,1312,2420,313,liboqs,iot
Dilithium2,verify,28868,0.028868,5.99,0.0,256,1312,2420,314,liboqs,iot
Dilithium2,verify,28126,0.028126,5.99,0.0,256,1312,2420,315,liboqs,iot
Dilithium2,verify,28471,0.028471,5.99,0.0,256,1312,2420,316,liboqs,iot
Dilithium2,verify,29705,0.029705,5.99,0.0,256,1312,2420,317,liboqs,iot
Dilithium2,verify,28314,0.028314,5.99,0.0,256,1312,2420,318,liboqs,iot
Dilithium2,verify,28228,0.028228,5.99,0.0,256,1312,2420,319,liboqs,iot
Dilithium2,verify,29804,0.029804,5.99,0.0,256,1312,2420,320,liboqs,iot
Dilithium2,verify,28193,0.028193,5.99,0.0,256,1312,2420,321,liboqs,iot
Dilithium2,verify,28030,0.02803,5.99,0.0,256,1312,2420,322,liboqs,iot
Dilithium2,verify,66189,0.066189,5.99,0.0,256,1312,2420,323,liboqs,iot
Dilithium2,verify,66648,0.066648,5.99,0.0,256,1312,2420,324,liboqs,iot
Dilithium2,verify,52048,0.052048,5.99,0.0,256,1312,2420,325,liboqs,iot
Dilithium2,verify,36687,0.036687,5.99,0.0,256,1312,2420,326,liboqs,iot
Dilithium2,verify,30609,0.030609,5.99,0.0,256,1312,2420,327,liboqs,iot
Dilithium2,verify,30838,0.030838,5.99,0.0,256,1312,2420,328,liboqs,iot
Dilithium2,verify,64525,0.064525,5.99,0.0,256,1312,2420,329,liboqs,iot
Dilithium2,verify,35668,0.035668,5.99,0.0,256,1312,2420,330,liboqs,iot
Dilithium2,verify,31312,0.031312,5.99,0.0,256,1312,2420,331,liboqs,iot
Dilithium2,verify,29988,0.029988,5.99,0.0,256,1312,2420,332,liboqs,iot
Dilithium2,verify,34038,0.034038,5.99,0.0,256,1312,2420,333,liboqs,iot
Dilithium2,verify,31264,0.031264,5.99,0.0,256,1312,2420,334,liboqs,iot
Dilithium2,verify,29160,0.02916,5.99,0.0,256,1312,2420,335,liboqs,iot
Dilithium2,verify,29306,0.029306,5.99,0.0,256,1312,2420,336,liboqs,iot
Dilithium2,verify,29138,0.029138,5.99,0.0,256,1312,2420,337,liboqs,iot
Dilithium2,verify,30611,0.030611,5.99,0.0,256,1312,2420,338,liboqs,iot
Dilithium2,verify,28646,0.028646,5.99,0.0,256,1312,2420,339,liboqs,iot
Dilithium2,verify,28239,0.028239,5.99,0.0,256,1312,2420,340,liboqs,iot
Dilithium2,verify,28454,0.028454,5.99,0.0,256,1312,2420,341,liboqs,iot
Dilithium2,verify,29992,0.029992,5.99,0.0,256,1312,2420,342,liboqs,iot
Dilithium2,verify,28852,0.028852,5.99,0.0,256,1312,2420,343,liboqs,iot
Dilithium2,verify,28121,0.028121,5.99,0.0,256,1312,2420,344,liboqs,iot
Dilithium2,verify,28574,0.028574,5.99,0.0,256,1312,2420,345,liboqs,iot
Dilithium2,verify,28031,0.028031,5.99,0.0,256,1312,2420,346,liboqs,iot
Dilithium2,verify,30836,0.030836,5.99,0.0,256,1312,2420,347,liboqs,iot
Dilithium2,verify,28523,0.028523,5.99,0.0,256,1312,2420,348,liboqs,iot
Dilithium2,verify,27926,0.027926,5.99,0.0,256,1312,2420,349,liboqs,iot
Dilithium2,verify,27930,0.02793,5.99,0.0,256,1312,2420,350,liboqs,iot
Dilithium2,verify,28807,0.028807,5.99,0.0,256,1312,2420,351,liboqs,iot
Dilithium2,verify,27987,0.027987,5.99,0.0,256,1312,2420,352,liboqs,iot
Dilithium2,verify,28028,0.028028,5.99,0.0,256,1312,2420,353,liboqs,iot
Dilithium2,verify,27821,0.027821,5.99,0.0,256,1312,2420,354,liboqs,iot
Dilithium2,verify,27878,0.027878,5.99,0.0,256,1312,2420,355,liboqs,iot
Dilithium2,verify,29079,0.029079,5.99,0.0,256,1312,2420,356,liboqs,iot
Dilithium2,verify,27881,0.027881,5.99,0.0,256,1312,2420,357,liboqs,iot
Dilithium2,verify,27715,0.027715,5.99,0.0,256,1312,2420,358,liboqs,iot
Dilithium2,verify,28050,0.02805,5.99,0.0,256,1312,2420,359,liboqs,iot
Dilithium2,verify,29080,0.02908,5.99,0.0,256,1312,2420,360,liboqs,iot
Dilithium2,verify,28534,0.028534,5.99,0.0,256,1312,2420,361,liboqs,iot
Dilithium2,verify,28467,0.028467,5.99,0.0,256,1312,2420,362,liboqs,iot
Dilithium2,verify,28044,0.028044,5.99,0.0,256,1312,2420,363,liboqs,iot
Dilithium2,verify,27814,0.027814,5.99,0.0,256,1312,2420,364,liboqs,iot
Dilithium2,verify,30334,0.030334,5.99,0.0,256,1312,2420,365,liboqs,iot
Dilithium2,verify,28363,0.028363,5.99,0.0,256,1312,2420,366,liboqs,iot
Dilithium2,verify,28074,0.028074,5.99,0.0,256,1312,2420,367,liboqs,iot
Dilithium2,verify,29335,0.029335,5.99,0.0,256,1312,2420,368,liboqs,iot
Dilithium2,verify,29169,0.029169,5.99,0.0,256,1312,2420,369,liboqs,iot
Dilithium2,verify,27958,0.027958,5.99,0.0,256,1312,2420,370,liboqs,iot
Dilithium2,verify,27988,0.027988,5.99,0.0,256,1312,2420,371,liboqs,iot
Dilithium2,verify,27742,0.027742,5.99,0.0,256,1312,2420,372,liboqs,iot
Dilithium2,verify,27313,0.027313,5.99,0.0,256,1312,2420,373,liboqs,iot
Dilithium2,verify,36439,0.036439,5.99,0.0,256,1312,2420,374,liboqs,iot
Dilithium2,verify,29433,0.029433,5.99,0.0,256,1312,2420,375,liboqs,iot
Dilithium2,verify,29058,0.029058,5.99,0.0,256,1312,2420,376,liboqs,iot
Dilithium2,verify,30357,0.030357,5.99,0.0,256,1312,2420,377,liboqs,iot
Dilithium2,verify,27967,0.027967,5.99,0.0,256,1312,2420,378,liboqs,iot
Dilithium2,verify,27794,0.027794,5.99,0.0,256,1312,2420,379,liboqs,iot
Dilithium2,verify,28197,0.028197,5.99,0.0,256,1312,2420,380,liboqs,iot
Dilithium2,verify,27877,0.027877,5.99,0.0,256,1312,2420,381,liboqs,iot
Dilithium2,verify,47913,0.047913,5.99,0.0,256,1312,2420,382,liboqs,iot
Dilithium2,verify,34717,0.034717,5.99,0.0,256,1312,2420,383,liboqs,iot
Dilithium2,verify,30427,0.030427,5.99,0.0,256,1312,2420,384,liboqs,iot
Dilithium2,verify,29182,0.029182,5.99,0.0,256,1312,2420,385,liboqs,iot
Dilithium2,verify,30419,0.030419,5.99,0.0,256,1312,2420,386,liboqs,iot
Dilithium2,verify,28055,0.028055,5.99,0.0,256,1312,2420,387,liboqs,iot
Dilithium2,verify,28362,0.028362,5.99,0.0,256,1312,2420,388,liboqs,iot
Dilithium2,verify,29246,0.029246,5.99,0.0,256,1312,2420,389,liboqs,iot
Dilithium2,verify,43620,0.04362,5.99,0.0,256,1312,2420,390,liboqs,iot
Dilithium2,verify,56674,0.056674,8.2,0.0,256,1312,2420,391,liboqs,iot
Dilithium2,verify,29799,0.029799,5.99,0.0,256,1312,2420,392,liboqs,iot
Dilithium2,verify,28881,0.028881,5.99,0.0,256,1312,2420,393,liboqs,iot
Dilithium2,verify,28725,0.028725,5.99,0.0,256,1312,2420,394,liboqs,iot
Dilithium2,verify,29688,0.029688,5.99,0.0,256,1312,2420,395,liboqs,iot
Dilithium2,verify,28082,0.028082,5.99,0.0,256,1312,2420,396,liboqs,iot
Dilithium2,verify,27826,0.027826,5.99,0.0,256,1312,2420,397,liboqs,iot
Dilithium2,verify,28132,0.028132,5.99,0.0,256,1312,2420,398,liboqs,iot
Dilithium2,verify,27767,0.027767,5.99,0.0,256,1312,2420,399,liboqs,iot
Dilithium2,verify,29573,0.029573,5.99,0.0,256,1312,2420,400,liboqs,iot
Dilithium2,verify,28377,0.028377,5.99,0.0,256,1312,2420,401,liboqs,iot
Dilithium2,verify,27538,0.027538,5.99,0.0,256,1312,2420,402,liboqs,iot
Dilithium2,verify,28069,0.028069,5.99,0.0,256,1312,2420,403,liboqs,iot
Dilithium2,verify,29107,0.029107,5.99,0.0,256,1312,2420,404,liboqs,iot
Dilithium2,verify,27978,0.027978,5.99,0.0,256,1312,2420,405,liboqs,iot
Dilithium2,verify,28034,0.028034,5.99,0.0,256,1312,2420,406,liboqs,iot
Dilithium2,verify,27813,0.027813,5.99,0.0,256,1312,2420,407,liboqs,iot
Dilithium2,verify,28284,0.028284,5.99,0.0,256,1312,2420,408,liboqs,iot
Dilithium2,verify,30331,0.030331,5.99,0.0,256,1312,2420,409,liboqs,iot
Dilithium2,verify,28045,0.028045,5.99,0.0,256,1312,2420,410,liboqs,iot
Dilithium2,verify,27931,0.027931,5.99,0.0,256,1312,2420,411,liboqs,iot
Dilithium2,verify,27753,0.027753,5.99,0.0,256,1312,2420,412,liboqs,iot
Dilithium2,verify,29233,0.029233,5.99,0.0,256,1312,2420,413,liboqs,iot
Dilithium2,verify,39457,0.039457,5.99,0.0,256,1312,2420,414,liboqs,iot
Dilithium2,verify,28314,0.028314,5.99,0.0,256,1312,2420,415,liboqs,iot
Dilithium2,verify,27822,0.027822,5.99,0.0,256,1312,2420,416,liboqs,iot
Dilithium2,verify,27690,0.02769,5.99,0.0,256,1312,2420,417,liboqs,iot
Dilithium2,verify,30033,0.030033,5.99,0.0,256,1312,2420,418,liboqs,iot
Dilithium2,verify,27773,0.027773,5.99,0.0,256,1312,2420,419,liboqs,iot
Dilithium2,verify,27685,0.027685,5.99,0.0,256,1312,2420,420,liboqs,iot
Dilithium2,verify,29113,0.029113,5.99,0.0,256,1312,2420,421,liboqs,iot
Dilithium2,verify,27504,0.027504,5.99,0.0,256,1312,2420,422,liboqs,iot
Dilithium2,verify,27995,0.027995,5.99,0.0,256,1312,2420,423,liboqs,iot
Dilithium2,verify,27788,0.027788,5.99,0.0,256,1312,2420,424,liboqs,iot
Dilithium2,verify,27945,0.027945,5.99,0.0,256,1312,2420,425,liboqs,iot
Dilithium2,verify,29044,0.029044,5.99,0.0,256,1312,2420,426,liboqs,iot
Dilithium2,verify,27584,0.027584,5.99,0.0,256,1312,2420,427,liboqs,iot
Dilithium2,verify,27581,0.027581,5.99,0.0,256,1312,2420,428,liboqs,iot
Dilithium2,verify,27589,0.027589,5.99,0.0,256,1312,2420,429,liboqs,iot
Dilithium2,verify,33319,0.033319,5.99,0.0,256,1312,2420,430,liboqs,iot
Dilithium2,verify,28336,0.028336,5.99,0.0,256,1312,2420,431,liboqs,iot
Dilithium2,verify,37911,0.037911,5.99,0.0,256,1312,2420,432,liboqs,iot
Dilithium2,verify,30292,0.030292,5.99,0.0,256,1312,2420,433,liboqs,iot
Dilithium2,verify,28876,0.028876,5.99,0.0,256,1312,2420,434,liboqs,iot
Dilithium2,verify,39575,0.039575,5.99,0.0,256,1312,2420,435,liboqs,iot
Dilithium2,verify,37078,0.037078,5.99,0.0,256,1312,2420,436,liboqs,iot
Dilithium2,verify,30657,0.030657,5.99,0.0,256,1312,2420,437,liboqs,iot
Dilithium2,verify,29301,0.029301,5.99,0.0,256,1312,2420,438,liboqs,iot
Dilithium2,verify,30101,0.030101,5.99,0.0,256,1312,2420,439,liboqs,iot
Dilithium2,verify,28743,0.028743,5.99,0.0,256,1312,2420,440,liboqs,iot
Dilithium2,verify,28226,0.028226,5.99,0.0,256,1312,2420,441,liboqs,iot
Dilithium2,verify,27896,0.027896,5.99,0.0,256,1312,2420,442,liboqs,iot
Dilithium2,verify,28247,0.028247,5.99,0.0,256,1312,2420,443,liboqs,iot
Dilithium2,verify,29571,0.029571,5.99,0.0,256,1312,2420,444,liboqs,iot
Dilithium2,verify,27880,0.02788,5.99,0.0,256,1312,2420,445,liboqs,iot
Dilithium2,verify,27741,0.027741,5.99,0.0,256,1312,2420,446,liboqs,iot
Dilithium2,verify,27886,0.027886,5.99,0.0,256,1312,2420,447,liboqs,iot
Dilithium2,verify,28523,0.028523,5.99,0.0,256,1312,2420,448,liboqs,iot
Dilithium2,verify,28180,0.02818,5.99,0.0,256,1312,2420,449,liboqs,iot
Dilithium2,verify,27812,0.027812,5.99,0.0,256,1312,2420,450,liboqs,iot
Dilithium2,verify,27730,0.02773,5.99,0.0,256,1312,2420,451,liboqs,iot
Dilithium2,verify,27794,0.027794,5.99,0.0,256,1312,2420,452,liboqs,iot
Dilithium2,verify,30660,0.03066,5.99,0.0,256,1312,2420,453,liboqs,iot
Dilithium2,verify,28170,0.02817,5.99,0.0,256,1312,2420,454,liboqs,iot
Dilithium2,verify,27858,0.027858,5.99,0.0,256,1312,2420,455,liboqs,iot
Dilithium2,verify,27606,0.027606,5.99,0.0,256,1312,2420,456,liboqs,iot
Dilithium2,verify,29261,0.029261,5.99,0.0,256,1312,2420,457,liboqs,iot
Dilithium2,verify,27760,0.02776,5.99,0.0,256,1312,2420,458,liboqs,iot
Dilithium2,verify,27874,0.027874,5.99,0.0,256,1312,2420,459,liboqs,iot
Dilithium2,verify,27656,0.027656,5.99,0.0,256,1312,2420,460,liboqs,iot
Dilithium2,verify,27834,0.027834,5.99,0.0,256,1312,2420,461,liboqs,iot
Dilithium2,verify,28916,0.028916,5.99,0.0,256,1312,2420,462,liboqs,iot
Dilithium2,verify,28030,0.02803,5.99,0.0,256,1312,2420,463,liboqs,iot
Dilithium2,verify,28040,0.02804,5.99,0.0,256,1312,2420,464,liboqs,iot
Dilithium2,verify,27828,0.027828,5.99,0.0,256,1312,2420,465,liboqs,iot
Dilithium2,verify,28843,0.028843,5.99,0.0,256,1312,2420,466,liboqs,iot
Dilithium2,verify,27372,0.027372,5.99,0.0,256,1312,2420,467,liboqs,iot
Dilithium2,verify,27740,0.02774,5.99,0.0,256,1312,2420,468,liboqs,iot
Dilithium2,verify,28604,0.028604,5.99,0.0,256,1312,2420,469,liboqs,iot
Dilithium2,verify,27640,0.02764,5.99,0.0,256,1312,2420,470,liboqs,iot
Dilithium2,verify,27658,0.027658,5.99,0.0,256,1312,2420,471,liboqs,iot
Dilithium2,verify,28023,0.028023,5.99,0.0,256,1312,2420,472,liboqs,iot
Dilithium2,verify,28071,0.028071,5.99,0.0,256,1312,2420,473,liboqs,iot
Dilithium2,verify,27501,0.027501,5.99,0.0,256,1312,2420,474,liboqs,iot
Dilithium2,verify,30246,0.030246,5.99,0.0,256,1312,2420,475,liboqs,iot
Dilithium2,verify,28186,0.028186,5.99,0.0,256,1312,2420,476,liboqs,iot
Dilithium2,verify,27664,0.027664,5.99,0.0,256,1312,2420,477,liboqs,iot
Dilithium2,verify,39091,0.039091,5.99,0.0,256,1312,2420,478,liboqs,iot
Dilithium2,verify,30443,0.030443,5.99,0.0,256,1312,2420,479,liboqs,iot
Dilithium2,verify,28764,0.028764,5.99,0.0,256,1312,2420,480,liboqs,iot
Dilithium2,verify,28548,0.028548,5.99,0.0,256,1312,2420,481,liboqs,iot
Dilithium2,verify,28291,0.028291,5.99,0.0,256,1312,2420,482,liboqs,iot
Dilithium2,verify,29356,0.029356,5.99,0.0,256,1312,2420,483,liboqs,iot
Dilithium2,verify,28159,0.028159,5.99,0.0,256,1312,2420,484,liboqs,iot
Dilithium2,verify,28352,0.028352,5.99,0.0,256,1312,2420,485,liboqs,iot
Dilithium2,verify,28319,0.028319,5.99,0.0,256,1312,2420,486,liboqs,iot
Dilithium2,verify,29047,0.029047,5.99,0.0,256,1312,2420,487,liboqs,iot
Dilithium2,verify,27678,0.027678,5.99,0.0,256,1312,2420,488,liboqs,iot
Dilithium2,verify,28200,0.0282,5.99,0.0,256,1312,2420,489,liboqs,iot
Dilithium2,verify,27352,0.027352,5.99,0.0,256,1312,2420,490,liboqs,iot
Dilithium2,verify,27856,0.027856,5.99,0.0,256,1312,2420,491,liboqs,iot
Dilithium2,verify,29018,0.029018,5.99,0.0,256,1312,2420,492,liboqs,iot
Dilithium2,verify,27331,0.027331,5.99,0.0,256,1312,2420,493,liboqs,iot
Dilithium2,verify,27646,0.027646,5.99,0.0,256,1312,2420,494,liboqs,iot
Dilithium2,verify,27258,0.027258,5.99,0.0,256,1312,2420,495,liboqs,iot
Dilithium2,verify,28737,0.028737,5.99,0.0,256,1312,2420,496,liboqs,iot
Dilithium2,verify,27612,0.027612,5.99,0.0,256,1312,2420,497,liboqs,iot
Dilithium2,verify,27879,0.027879,5.99,0.0,256,1312,2420,498,liboqs,iot
Dilithium2,verify,27562,0.027562,5.99,0.0,256,1312,2420,499,liboqs,iot
Dilithium2,verify,28965,0.028965,5.99,0.0,256,1312,2420,500,liboqs,iot
Dilithium2,verify,40831,0.040831,5.99,0.0,256,1312,2420,501,liboqs,iot
Dilithium2,verify,30256,0.030256,5.99,0.0,256,1312,2420,502,liboqs,iot
Dilithium2,verify,28804,0.028804,5.99,0.0,256,1312,2420,503,liboqs,iot
Dilithium2,verify,28294,0.028294,5.99,0.0,256,1312,2420,504,liboqs,iot
Dilithium2,verify,30067,0.030067,5.99,0.0,256,1312,2420,505,liboqs,iot
Dilithium2,verify,28478,0.028478,5.99,0.0,256,1312,2420,506,liboqs,iot
Dilithium2,verify,27839,0.027839,5.99,0.0,256,1312,2420,507,liboqs,iot
Dilithium2,verify,27805,0.027805,5.99,0.0,256,1312,2420,508,liboqs,iot
Dilithium2,verify,28571,0.028571,5.99,0.0,256,1312,2420,509,liboqs,iot
Dilithium2,verify,27717,0.027717,5.99,0.0,256,1312,2420,510,liboqs,iot
Dilithium2,verify,27652,0.027652,5.99,0.0,256,1312,2420,511,liboqs,iot
Dilithium2,verify,27718,0.027718,5.99,0.0,256,1312,2420,512,liboqs,iot
Dilithium2,verify,27838,0.027838,5.99,0.0,256,1312,2420,513,liboqs,iot
Dilithium2,verify,29241,0.029241,5.99,0.0,256,1312,2420,514,liboqs,iot
Dilithium2,verify,34885,0.034885,5.99,0.0,256,1312,2420,515,liboqs,iot
Dilithium2,verify,35162,0.035162,5.99,0.0,256,1312,2420,516,liboqs,iot
Dilithium2,verify,32133,0.032133,5.99,0.0,256,1312,2420,517,liboqs,iot
Dilithium2,verify,28827,0.028827,5.99,0.0,256,1312,2420,518,liboqs,iot
Dilithium2,verify,29452,0.029452,5.99,0.0,256,1312,2420,519,liboqs,iot
Dilithium2,verify,28661,0.028661,5.99,0.0,256,1312,2420,520,liboqs,iot
Dilithium2,verify,28466,0.028466,5.99,0.0,256,1312,2420,521,liboqs,iot
Dilithium2,verify,28130,0.02813,5.99,0.0,256,1312,2420,522,liboqs,iot
Dilithium2,verify,29613,0.029613,5.99,0.0,256,1312,2420,523,liboqs,iot
Dilithium2,verify,29727,0.029727,5.99,0.0,256,1312,2420,524,liboqs,iot
Dilithium2,verify,27954,0.027954,5.99,0.0,256,1312,2420,525,liboqs,iot
Dilithium2,verify,44193,0.044193,5.99,0.0,256,1312,2420,526,liboqs,iot
Dilithium2,verify,35581,0.035581,5.99,0.0,256,1312,2420,527,liboqs,iot
Dilithium2,verify,31100,0.0311,5.99,0.0,256,1312,2420,528,liboqs,iot
Dilithium2,verify,29683,0.029683,5.99,0.0,256,1312,2420,529,liboqs,iot
Dilithium2,verify,28566,0.028566,5.99,0.0,256,1312,2420,530,liboqs,iot
Dilithium2,verify,29601,0.029601,5.99,0.0,256,1312,2420,531,liboqs,iot
Dilithium2,verify,28205,0.028205,5.99,0.0,256,1312,2420,532,liboqs,iot
Dilithium2,verify,27903,0.027903,5.99,0.0,256,1312,2420,533,liboqs,iot
Dilithium2,verify,27570,0.02757,5.99,0.0,256,1312,2420,534,liboqs,iot
Dilithium2,verify,27626,0.027626,5.99,0.0,256,1312,2420,535,liboqs,iot
Dilithium2,verify,29296,0.029296,5.99,0.0,256,1312,2420,536,liboqs,iot
Dilithium2,verify,27955,0.027955,5.99,0.0,256,1312,2420,537,liboqs,iot
Dilithium2,verify,28045,0.028045,5.99,0.0,256,1312,2420,538,liboqs,iot
Dilithium2,verify,29619,0.029619,5.99,0.0,256,1312,2420,539,liboqs,iot
Dilithium2,verify,29329,0.029329,5.99,0.0,256,1312,2420,540,liboqs,iot
Dilithium2,verify,28065,0.028065,5.99,0.0,256,1312,2420,541,liboqs,iot
Dilithium2,verify,34549,0.034549,5.99,0.0,256,1312,2420,542,liboqs,iot
Dilithium2,verify,28866,0.028866,5.99,0.0,256,1312,2420,543,liboqs,iot
Dilithium2,verify,28469,0.028469,5.99,0.0,256,1312,2420,544,liboqs,iot
Dilithium2,verify,29235,0.029235,5.99,0.0,256,1312,2420,545,liboqs,iot
Dilithium2,verify,27518,0.027518,5.99,0.0,256,1312,2420,546,liboqs,iot
Dilithium2,verify,27543,0.027543,5.99,0.0,256,1312,2420,547,liboqs,iot
Dilithium2,verify,27377,0.027377,5.99,0.0,256,1312,2420,548,liboqs,iot
Dilithium2,verify,29718,0.029718,5.99,0.0,256,1312,2420,549,liboqs,iot
Dilithium2,verify,27859,0.027859,5.99,0.0,256,1312,2420,550,liboqs,iot
Dilithium2,verify,27698,0.027698,5.99,0.0,256,1312,2420,551,liboqs,iot
Dilithium2,verify,27970,0.02797,5.99,0.0,256,1312,2420,552,liboqs,iot
Dilithium2,verify,27782,0.027782,5.99,0.0,256,1312,2420,553,liboqs,iot
Dilithium2,verify,29001,0.029001,5.99,0.0,256,1312,2420,554,liboqs,iot
Dilithium2,verify,27741,0.027741,5.99,0.0,256,1312,2420,555,liboqs,iot
Dilithium2,verify,27933,0.027933,5.99,0.0,256,1312,2420,556,liboqs,iot
Dilithium2,verify,27548,0.027548,5.99,0.0,256,1312,2420,557,liboqs,iot
Dilithium2,verify,28890,0.02889,5.99,0.0,256,1312,2420,558,liboqs,iot
Dilithium2,verify,27542,0.027542,5.99,0.0,256,1312,2420,559,liboqs,iot
Dilithium2,verify,28927,0.028927,5.99,0.0,256,1312,2420,560,liboqs,iot
Dilithium2,verify,29935,0.029935,5.99,0.0,256,1312,2420,561,liboqs,iot
Dilithium2,verify,28035,0.028035,5.99,0.0,256,1312,2420,562,liboqs,iot
Dilithium2,verify,27967,0.027967,5.99,0.0,256,1312,2420,563,liboqs,iot
Dilithium2,verify,27902,0.027902,5.99,0.0,256,1312,2420,564,liboqs,iot
Dilithium2,verify,39960,0.03996,5.99,0.0,256,1312,2420,565,liboqs,iot
Dilithium2,verify,31326,0.031326,5.99,0.0,256,1312,2420,566,liboqs,iot
Dilithium2,verify,28989,0.028989,5.99,0.0,256,1312,2420,567,liboqs,iot
Dilithium2,verify,28754,0.028754,5.99,0.0,256,1312,2420,568,liboqs,iot
Dilithium2,verify,28143,0.028143,5.99,0.0,256,1312,2420,569,liboqs,iot
Dilithium2,verify,37127,0.037127,5.99,0.0,256,1312,2420,570,liboqs,iot
Dilithium2,verify,29894,0.029894,5.99,0.0,256,1312,2420,571,liboqs,iot
Dilithium2,verify,29738,0.029738,5.99,0.0,256,1312,2420,572,liboqs,iot
Dilithium2,verify,28402,0.028402,5.99,0.0,256,1312,2420,573,liboqs,iot
Dilithium2,verify,27967,0.027967,5.99,0.0,256,1312,2420,574,liboqs,iot
Dilithium2,verify,27852,0.027852,5.99,0.0,256,1312,2420,575,liboqs,iot
Dilithium2,verify,27887,0.027887,5.99,0.0,256,1312,2420,576,liboqs,iot
Dilithium2,verify,27661,0.027661,5.99,0.0,256,1312,2420,577,liboqs,iot
Dilithium2,verify,27590,0.02759,5.99,0.0,256,1312,2420,578,liboqs,iot
Dilithium2,verify,27732,0.027732,5.99,0.0,256,1312,2420,579,liboqs,iot
Dilithium2,verify,29029,0.029029,5.99,0.0,256,1312,2420,580,liboqs,iot
Dilithium2,verify,29078,0.029078,5.99,0.0,256,1312,2420,581,liboqs,iot
Dilithium2,verify,28663,0.028663,5.99,0.0,256,1312,2420,582,liboqs,iot
Dilithium2,verify,28108,0.028108,5.99,0.0,256,1312,2420,583,liboqs,iot
Dilithium2,verify,28452,0.028452,5.99,0.0,256,1312,2420,584,liboqs,iot
Dilithium2,verify,28473,0.028473,5.99,0.0,256,1312,2420,585,liboqs,iot
Dilithium2,verify,29592,0.029592,5.99,0.0,256,1312,2420,586,liboqs,iot
Dilithium2,verify,28503,0.028503,5.99,0.0,256,1312,2420,587,liboqs,iot
Dilithium2,verify,28477,0.028477,5.99,0.0,256,1312,2420,588,liboqs,iot
Dilithium2,verify,28232,0.028232,5.99,0.0,256,1312,2420,589,liboqs,iot
Dilithium2,verify,28212,0.028212,5.99,0.0,256,1312,2420,590,liboqs,iot
Dilithium2,verify,30478,0.030478,5.99,0.0,256,1312,2420,591,liboqs,iot
Dilithium2,verify,28269,0.028269,5.99,0.0,256,1312,2420,592,liboqs,iot
Dilithium2,verify,28296,0.028296,5.99,0.0,256,1312,2420,593,liboqs,iot
Dilithium2,verify,28059,0.028059,5.99,0.0,256,1312,2420,594,liboqs,iot
Dilithium2,verify,30205,0.030205,5.99,0.0,256,1312,2420,595,liboqs,iot
Dilithium2,verify,27921,0.027921,5.99,0.0,256,1312,2420,596,liboqs,iot
Dilithium2,verify,28468,0.028468,5.99,0.0,256,1312,2420,597,liboqs,iot
Dilithium2,verify,29486,0.029486,5.99,0.0,256,1312,2420,598,liboqs,iot
Dilithium2,verify,28167,0.028167,5.99,0.0,256,1312,2420,599,liboqs,iot
Dilithium2,verify,27999,0.027999,5.99,0.0,256,1312,2420,600,liboqs,iot
Dilithium2,verify,28123,0.028123,5.99,0.0,256,1312,2420,601,liboqs,iot
Dilithium2,verify,29706,0.029706,5.99,0.0,256,1312,2420,602,liboqs,iot
Dilithium2,verify,27785,0.027785,5.99,0.0,256,1312,2420,603,liboqs,iot
Dilithium2,verify,29581,0.029581,5.99,0.0,256,1312,2420,604,liboqs,iot
Dilithium2,verify,27718,0.027718,5.99,0.0,256,1312,2420,605,liboqs,iot
Dilithium2,verify,28622,0.028622,5.99,0.0,256,1312,2420,606,liboqs,iot
Dilithium2,verify,29467,0.029467,5.99,0.0,256,1312,2420,607,liboqs,iot
Dilithium2,verify,28319,0.028319,5.99,0.0,256,1312,2420,608,liboqs,iot
Dilithium2,verify,27552,0.027552,5.99,0.0,256,1312,2420,609,liboqs,iot
Dilithium2,verify,27483,0.027483,5.99,0.0,256,1312,2420,610,liboqs,iot
Dilithium2,verify,28071,0.028071,5.99,0.0,256,1312,2420,611,liboqs,iot
Dilithium2,verify,28856,0.028856,5.99,0.0,256,1312,2420,612,liboqs,iot
Dilithium2,verify,27707,0.027707,5.99,0.0,256,1312,2420,613,liboqs,iot
Dilithium2,verify,27511,0.027511,5.99,0.0,256,1312,2420,614,liboqs,iot
Dilithium2,verify,27612,0.027612,5.99,0.0,256,1312,2420,615,liboqs,iot
Dilithium2,verify,29481,0.029481,5.99,0.0,256,1312,2420,616,liboqs,iot
Dilithium2,verify,27802,0.027802,5.99,0.0,256,1312,2420,617,liboqs,iot
Dilithium2,verify,27923,0.027923,5.99,0.0,256,1312,2420,618,liboqs,iot
Dilithium2,verify,27910,0.02791,5.99,0.0,256,1312,2420,619,liboqs,iot
Dilithium2,verify,28232,0.028232,5.99,0.0,256,1312,2420,620,liboqs,iot
Dilithium2,verify,39284,0.039284,5.99,0.0,256,1312,2420,621,liboqs,iot
Dilithium2,verify,33415,0.033415,5.99,0.0,256,1312,2420,622,liboqs,iot
Dilithium2,verify,30417,0.030417,5.99,0.0,256,1312,2420,623,liboqs,iot
Dilithium2,verify,43559,0.043559,5.99,0.0,256,1312,2420,624,liboqs,iot
Dilithium2,verify,53934,0.053934,5.99,0.0,256,1312,2420,625,liboqs,iot
Dilithium2,verify,34095,0.034095,5.99,0.0,256,1312,2420,626,liboqs,iot
Dilithium2,verify,29974,0.029974,5.99,0.0,256,1312,2420,627,liboqs,iot
Dilithium2,verify,28905,0.028905,5.99,0.0,256,1312,2420,628,liboqs,iot
Dilithium2,verify,30420,0.03042,5.99,0.0,256,1312,2420,629,liboqs,iot
Dilithium2,verify,28531,0.028531,5.99,0.0,256,1312,2420,630,liboqs,iot
Dilithium2,verify,82991,0.082991,5.99,0.0,256,1312,2420,631,liboqs,iot
Dilithium2,verify,62509,0.062509,5.99,0.0,256,1312,2420,632,liboqs,iot
Dilithium2,verify,31374,0.031374,5.99,0.0,256,1312,2420,633,liboqs,iot
Dilithium2,verify,32137,0.032137,5.99,0.0,256,1312,2420,634,liboqs,iot
Dilithium2,verify,28993,0.028993,5.99,0.0,256,1312,2420,635,liboqs,iot
Dilithium2,verify,28903,0.028903,5.99,0.0,256,1312,2420,636,liboqs,iot
Dilithium2,verify,28459,0.028459,5.99,0.0,256,1312,2420,637,liboqs,iot
Dilithium2,verify,29261,0.029261,5.99,0.0,256,1312,2420,638,liboqs,iot
Dilithium2,verify,28291,0.028291,5.99,0.0,256,1312,2420,639,liboqs,iot
Dilithium2,verify,27995,0.027995,5.99,0.0,256,1312,2420,640,liboqs,iot
Dilithium2,verify,27865,0.027865,5.99,0.0,256,1312,2420,641,liboqs,iot
Dilithium2,verify,27796,0.027796,5.99,0.0,256,1312,2420,642,liboqs,iot
Dilithium2,verify,30457,0.030457,5.99,0.0,256,1312,2420,643,liboqs,iot
Dilithium2,verify,29792,0.029792,5.99,0.0,256,1312,2420,644,liboqs,iot
Dilithium2,verify,29781,0.029781,5.99,0.0,256,1312,2420,645,liboqs,iot
Dilithium2,verify,29106,0.029106,5.99,0.0,256,1312,2420,646,liboqs,iot
Dilithium2,verify,29285,0.029285,5.99,0.0,256,1312,2420,647,liboqs,iot
Dilithium2,verify,27904,0.027904,5.99,0.0,256,1312,2420,648,liboqs,iot
Dilithium2,verify,27768,0.027768,5.99,0.0,256,1312,2420,649,liboqs,iot
Dilithium2,verify,28103,0.028103,5.99,0.0,256,1312,2420,650,liboqs,iot
Dilithium2,verify,27413,0.027413,5.99,0.0,256,1312,2420,651,liboqs,iot
Dilithium2,verify,29182,0.029182,5.99,0.0,256,1312,2420,652,liboqs,iot
Dilithium2,verify,28047,0.028047,5.99,0.0,256,1312,2420,653,liboqs,iot
Dilithium2,verify,27638,0.027638,5.99,0.0,256,1312,2420,654,liboqs,iot
Dilithium2,verify,28043,0.028043,5.99,0.0,256,1312,2420,655,liboqs,iot
Dilithium2,verify,29423,0.029423,5.99,0.0,256,1312,2420,656,liboqs,iot
Dilithium2,verify,27961,0.027961,5.99,0.0,256,1312,2420,657,liboqs,iot
Dilithium2,verify,28037,0.028037,5.99,0.0,256,1312,2420,658,liboqs,iot
Dilithium2,verify,27774,0.027774,5.99,0.0,256,1312,2420,659,liboqs,iot
Dilithium2,verify,27981,0.027981,5.99,0.0,256,1312,2420,660,liboqs,iot
Dilithium2,verify,29080,0.02908,5.99,0.0,256,1312,2420,661,liboqs,iot
Dilithium2,verify,28262,0.028262,5.99,0.0,256,1312,2420,662,liboqs,iot
Dilithium2,verify,28023,0.028023,5.99,0.0,256,1312,2420,663,liboqs,iot
Dilithium2,verify,28113,0.028113,5.99,0.0,256,1312,2420,664,liboqs,iot
Dilithium2,verify,29595,0.029595,5.99,0.0,256,1312,2420,665,liboqs,iot
Dilithium2,verify,27545,0.027545,5.99,0.0,256,1312,2420,666,liboqs,iot
Dilithium2,verify,34656,0.034656,5.99,0.0,256,1312,2420,667,liboqs,iot
Dilithium2,verify,31526,0.031526,5.99,0.0,256,1312,2420,668,liboqs,iot
Dilithium2,verify,28152,0.028152,5.99,0.0,256,1312,2420,669,liboqs,iot
Dilithium2,verify,28215,0.028215,5.99,0.0,256,1312,2420,670,liboqs,iot
Dilithium2,verify,28108,0.028108,5.99,0.0,256,1312,2420,671,liboqs,iot
Dilithium2,verify,27714,0.027714,5.99,0.0,256,1312,2420,672,liboqs,iot
Dilithium2,verify,28824,0.028824,5.99,0.0,256,1312,2420,673,liboqs,iot
Dilithium2,verify,27895,0.027895,5.99,0.0,256,1312,2420,674,liboqs,iot
Dilithium2,verify,27638,0.027638,5.99,0.0,256,1312,2420,675,liboqs,iot
Dilithium2,verify,27854,0.027854,5.99,0.0,256,1312,2420,676,liboqs,iot
Dilithium2,verify,27498,0.027498,5.99,0.0,256,1312,2420,677,liboqs,iot
Dilithium2,verify,50969,0.050969,5.99,0.0,256,1312,2420,678,liboqs,iot
Dilithium2,verify,35709,0.035709,5.99,0.0,256,1312,2420,679,liboqs,iot
Dilithium2,verify,31235,0.031235,5.99,0.0,256,1312,2420,680,liboqs,iot
Dilithium2,verify,41863,0.041863,5.99,0.0,256,1312,2420,681,liboqs,iot
Dilithium2,verify,32651,0.032651,5.99,0.0,256,1312,2420,682,liboqs,iot
Dilithium2,verify,29539,0.029539,5.99,0.0,256,1312,2420,683,liboqs,iot
Dilithium2,verify,28349,0.028349,5.99,0.0,256,1312,2420,684,liboqs,iot
Dilithium2,verify,28161,0.028161,5.99,0.0,256,1312,2420,685,liboqs,iot
Dilithium2,verify,28140,0.02814,5.99,0.0,256,1312,2420,686,liboqs,iot
Dilithium2,verify,31120,0.03112,5.99,0.0,256,1312,2420,687,liboqs,iot
Dilithium2,verify,27995,0.027995,5.99,0.0,256,1312,2420,688,liboqs,iot
Dilithium2,verify,28014,0.028014,5.99,0.0,256,1312,2420,689,liboqs,iot
Dilithium2,verify,27808,0.027808,5.99,0.0,256,1312,2420,690,liboqs,iot
Dilithium2,verify,28944,0.028944,5.99,0.0,256,1312,2420,691,liboqs,iot
Dilithium2,verify,27514,0.027514,5.99,0.0,256,1312,2420,692,liboqs,iot
Dilithium2,verify,27656,0.027656,5.99,0.0,256,1312,2420,693,liboqs,iot
Dilithium2,verify,27923,0.027923,5.99,0.0,256,1312,2420,694,liboqs,iot
Dilithium2,verify,27387,0.027387,5.99,0.0,256,1312,2420,695,liboqs,iot
Dilithium2,verify,28739,0.028739,5.99,0.0,256,1312,2420,696,liboqs,iot
Dilithium2,verify,27683,0.027683,5.99,0.0,256,1312,2420,697,liboqs,iot
Dilithium2,verify,27617,0.027617,5.99,0.0,256,1312,2420,698,liboqs,iot
Dilithium2,verify,27920,0.02792,5.99,0.0,256,1312,2420,699,liboqs,iot
Dilithium2,verify,29538,0.029538,5.99,0.0,256,1312,2420,700,liboqs,iot
Dilithium2,verify,27651,0.027651,5.99,0.0,256,1312,2420,701,liboqs,iot
Dilithium2,verify,27595,0.027595,5.99,0.0,256,1312,2420,702,liboqs,iot
Dilithium2,verify,27752,0.027752,5.99,0.0,256,1312,2420,703,liboqs,iot
Dilithium2,verify,27655,0.027655,5.99,0.0,256,1312,2420,704,liboqs,iot
Dilithium2,verify,28818,0.028818,5.99,0.0,256,1312,2420,705,liboqs,iot
Dilithium2,verify,27263,0.027263,5.99,0.0,256,1312,2420,706,liboqs,iot
Dilithium2,verify,27429,0.027429,5.99,0.0,256,1312,2420,707,liboqs,iot
Dilithium2,verify,39982,0.039982,5.99,0.0,256,1312,2420,708,liboqs,iot
Dilithium2,verify,36149,0.036149,5.99,0.0,256,1312,2420,709,liboqs,iot
Dilithium2,verify,30161,0.030161,5.99,0.0,256,1312,2420,710,liboqs,iot
Dilithium2,verify,28742,0.028742,5.99,0.0,256,1312,2420,711,liboqs,iot
Dilithium2,verify,28233,0.028233,5.99,0.0,256,1312,2420,712,liboqs,iot
Dilithium2,verify,29328,0.029328,5.99,0.0,256,1312,2420,713,liboqs,iot
Dilithium2,verify,28018,0.028018,5.99,0.0,256,1312,2420,714,liboqs,iot
Dilithium2,verify,27562,0.027562,5.99,0.0,256,1312,2420,715,liboqs,iot
Dilithium2,verify,27806,0.027806,5.99,0.0,256,1312,2420,716,liboqs,iot
Dilithium2,verify,29097,0.029097,5.99,0.0,256,1312,2420,717,liboqs,iot
Dilithium2,verify,27757,0.027757,5.99,0.0,256,1312,2420,718,liboqs,iot
Dilithium2,verify,27466,0.027466,5.99,0.0,256,1312,2420,719,liboqs,iot
Dilithium2,verify,27755,0.027755,5.99,0.0,256,1312,2420,720,liboqs,iot
Dilithium2,verify,27835,0.027835,5.99,0.0,256,1312,2420,721,liboqs,iot
Dilithium2,verify,31412,0.031412,5.99,0.0,256,1312,2420,722,liboqs,iot
Dilithium2,verify,28515,0.028515,5.99,0.0,256,1312,2420,723,liboqs,iot
Dilithium2,verify,27948,0.027948,5.99,0.0,256,1312,2420,724,liboqs,iot
Dilithium2,verify,28360,0.02836,5.99,0.0,256,1312,2420,725,liboqs,iot
Dilithium2,verify,46047,0.046047,5.99,0.0,256,1312,2420,726,liboqs,iot
Dilithium2,verify,34674,0.034674,5.99,0.0,256,1312,2420,727,liboqs,iot
Dilithium2,verify,30968,0.030968,5.99,0.0,256,1312,2420,728,liboqs,iot
Dilithium2,verify,29179,0.029179,5.99,0.0,256,1312,2420,729,liboqs,iot
Dilithium2,verify,30437,0.030437,5.99,0.0,256,1312,2420,730,liboqs,iot
Dilithium2,verify,30095,0.030095,5.99,0.0,256,1312,2420,731,liboqs,iot
Dilithium2,verify,42173,0.042173,5.99,0.0,256,1312,2420,732,liboqs,iot
Dilithium2,verify,52741,0.052741,8.2,0.0,256,1312,2420,733,liboqs,iot
Dilithium2,verify,29572,0.029572,5.99,0.0,256,1312,2420,734,liboqs,iot
Dilithium2,verify,30683,0.030683,5.99,0.0,256,1312,2420,735,liboqs,iot
Dilithium2,verify,29063,0.029063,5.99,0.0,256,1312,2420,736,liboqs,iot
Dilithium2,verify,28634,0.028634,5.99,0.0,256,1312,2420,737,liboqs,iot
Dilithium2,verify,28033,0.028033,5.99,0.0,256,1312,2420,738,liboqs,iot
Dilithium2,verify,29934,0.029934,5.99,0.0,256,1312,2420,739,liboqs,iot
Dilithium2,verify,28353,0.028353,5.99,0.0,256,1312,2420,740,liboqs,iot
Dilithium2,verify,28334,0.028334,5.99,0.0,256,1312,2420,741,liboqs,iot
Dilithium2,verify,28341,0.028341,5.99,0.0,256,1312,2420,742,liboqs,iot
Dilithium2,verify,34896,0.034896,5.99,0.0,256,1312,2420,743,liboqs,iot
Dilithium2,verify,38840,0.03884,5.99,0.0,256,1312,2420,744,liboqs,iot
Dilithium2,verify,30797,0.030797,5.99,0.0,256,1312,2420,745,liboqs,iot
Dilithium2,verify,29239,0.029239,5.99,0.0,256,1312,2420,746,liboqs,iot
Dilithium2,verify,28484,0.028484,5.99,0.0,256,1312,2420,747,liboqs,iot
Dilithium2,verify,29437,0.029437,5.99,0.0,256,1312,2420,748,liboqs,iot
Dilithium2,verify,28233,0.028233,5.99,0.0,256,1312,2420,749,liboqs,iot
Dilithium2,verify,28134,0.028134,5.99,0.0,256,1312,2420,750,liboqs,iot
Dilithium2,verify,28258,0.028258,5.99,0.0,256,1312,2420,751,liboqs,iot
Dilithium2,verify,28307,0.028307,5.99,0.0,256,1312,2420,752,liboqs,iot
Dilithium2,verify,29631,0.029631,5.99,0.0,256,1312,2420,753,liboqs,iot
Dilithium2,verify,28210,0.02821,5.99,0.0,256,1312,2420,754,liboqs,iot
Dilithium2,verify,27881,0.027881,5.99,0.0,256,1312,2420,755,liboqs,iot
Dilithium2,verify,28127,0.028127,5.99,0.0,256,1312,2420,756,liboqs,iot
Dilithium2,verify,28766,0.028766,5.99,0.0,256,1312,2420,757,liboqs,iot
Dilithium2,verify,28310,0.02831,5.99,0.0,256,1312,2420,758,liboqs,iot
Dilithium2,verify,28422,0.028422,5.99,0.0,256,1312,2420,759,liboqs,iot
Dilithium2,verify,27508,0.027508,5.99,0.0,256,1312,2420,760,liboqs,iot
Dilithium2,verify,28002,0.028002,5.99,0.0,256,1312,2420,761,liboqs,iot
Dilithium2,verify,28636,0.028636,5.99,0.0,256,1312,2420,762,liboqs,iot
Dilithium2,verify,28140,0.02814,5.99,0.0,256,1312,2420,763,liboqs,iot
Dilithium2,verify,28093,0.028093,5.99,0.0,256,1312,2420,764,liboqs,iot
Dilithium2,verify,28137,0.028137,5.99,0.0,256,1312,2420,765,liboqs,iot
Dilithium2,verify,28995,0.028995,5.99,0.0,256,1312,2420,766,liboqs,iot
Dilithium2,verify,27776,0.027776,5.99,0.0,256,1312,2420,767,liboqs,iot
Dilithium2,verify,27931,0.027931,5.99,0.0,256,1312,2420,768,liboqs,iot
Dilithium2,verify,27527,0.027527,5.99,0.0,256,1312,2420,769,liboqs,iot
Dilithium2,verify,27714,0.027714,5.99,0.0,256,1312,2420,770,liboqs,iot
Dilithium2,verify,28687,0.028687,5.99,0.0,256,1312,2420,771,liboqs,iot
Dilithium2,verify,30778,0.030778,5.99,0.0,256,1312,2420,772,liboqs,iot
Dilithium2,verify,28238,0.028238,5.99,0.0,256,1312,2420,773,liboqs,iot
Dilithium2,verify,27994,0.027994,5.99,0.0,256,1312,2420,774,liboqs,iot
Dilithium2,verify,46754,0.046754,5.99,0.0,256,1312,2420,775,liboqs,iot
Dilithium2,verify,100012,0.100012,5.99,0.0,256,1312,2420,776,liboqs,iot
Dilithium2,verify,67700,0.0677,5.99,0.0,256,1312,2420,777,liboqs,iot
Dilithium2,verify,42967,0.042967,5.99,0.0,256,1312,2420,778,liboqs,iot
Dilithium2,verify,31566,0.031566,5.99,0.0,256,1312,2420,779,liboqs,iot
Dilithium2,verify,30391,0.030391,5.99,0.0,256,1312,2420,780,liboqs,iot
Dilithium2,verify,30333,0.030333,5.99,0.0,256,1312,2420,781,liboqs,iot
Dilithium2,verify,29662,0.029662,5.99,0.0,256,1312,2420,782,liboqs,iot
Dilithium2,verify,32402,0.032402,5.99,0.0,256,1312,2420,783,liboqs,iot
Dilithium2,verify,28761,0.028761,5.99,0.0,256,1312,2420,784,liboqs,iot
Dilithium2,verify,28768,0.028768,5.99,0.0,256,1312,2420,785,liboqs,iot
Dilithium2,verify,29076,0.029076,5.99,0.0,256,1312,2420,786,liboqs,iot
Dilithium2,verify,30210,0.03021,5.99,0.0,256,1312,2420,787,liboqs,iot
Dilithium2,verify,28278,0.028278,5.99,0.0,256,1312,2420,788,liboqs,iot
Dilithium2,verify,31212,0.031212,5.99,0.0,256,1312,2420,789,liboqs,iot
Dilithium2,verify,28828,0.028828,5.99,0.0,256,1312,2420,790,liboqs,iot
Dilithium2,verify,28940,0.02894,5.99,0.0,256,1312,2420,791,liboqs,iot
Dilithium2,verify,30541,0.030541,5.99,0.0,256,1312,2420,792,liboqs,iot
Dilithium2,verify,30099,0.030099,5.99,0.0,256,1312,2420,793,liboqs,iot
Dilithium2,verify,28086,0.028086,5.99,0.0,256,1312,2420,794,liboqs,iot
Dilithium2,verify,28177,0.028177,5.99,0.0,256,1312,2420,795,liboqs,iot
Dilithium2,verify,30420,0.03042,5.99,0.0,256,1312,2420,796,liboqs,iot
Dilithium2,verify,28285,0.028285,5.99,0.0,256,1312,2420,797,liboqs,iot
Dilithium2,verify,27868,0.027868,5.99,0.0,256,1312,2420,798,liboqs,iot
Dilithium2,verify,28500,0.0285,5.99,0.0,256,1312,2420,799,liboqs,iot
Dilithium2,verify,27890,0.02789,5.99,0.0,256,1312,2420,800,liboqs,iot
Dilithium2,verify,29619,0.029619,5.99,0.0,256,1312,2420,801,liboqs,iot
Dilithium2,verify,27645,0.027645,5.99,0.0,256,1312,2420,802,liboqs,iot
Dilithium2,verify,27671,0.027671,5.99,0.0,256,1312,2420,803,liboqs,iot
Dilithium2,verify,28166,0.028166,5.99,0.0,256,1312,2420,804,liboqs,iot
Dilithium2,verify,76441,0.076441,5.99,0.0,256,1312,2420,805,liboqs,iot
Dilithium2,verify,45819,0.045819,5.99,0.0,256,1312,2420,806,liboqs,iot
Dilithium2,verify,39894,0.039894,5.99,0.0,256,1312,2420,807,liboqs,iot
Dilithium2,verify,30499,0.030499,5.99,0.0,256,1312,2420,808,liboqs,iot
Dilithium2,verify,29668,0.029668,5.99,0.0,256,1312,2420,809,liboqs,iot
Dilithium2,verify,30692,0.030692,5.99,0.0,256,1312,2420,810,liboqs,iot
Dilithium2,verify,29314,0.029314,5.99,0.0,256,1312,2420,811,liboqs,iot
Dilithium2,verify,28826,0.028826,5.99,0.0,256,1312,2420,812,liboqs,iot
Dilithium2,verify,28559,0.028559,5.99,0.0,256,1312,2420,813,liboqs,iot
Dilithium2,verify,29440,0.02944,5.99,0.0,256,1312,2420,814,liboqs,iot
Dilithium2,verify,30119,0.030119,5.99,0.0,256,1312,2420,815,liboqs,iot
Dilithium2,verify,28898,0.028898,5.99,0.0,256,1312,2420,816,liboqs,iot
Dilithium2,verify,28549,0.028549,5.99,0.0,256,1312,2420,817,liboqs,iot
Dilithium2,verify,28482,0.028482,5.99,0.0,256,1312,2420,818,liboqs,iot
Dilithium2,verify,29260,0.02926,5.99,0.0,256,1312,2420,819,liboqs,iot
Dilithium2,verify,27949,0.027949,5.99,0.0,256,1312,2420,820,liboqs,iot
Dilithium2,verify,28115,0.028115,5.99,0.0,256,1312,2420,821,liboqs,iot
Dilithium2,verify,27874,0.027874,5.99,0.0,256,1312,2420,822,liboqs,iot
Dilithium2,verify,59859,0.059859,5.99,0.0,256,1312,2420,823,liboqs,iot
Dilithium2,verify,34420,0.03442,5.99,0.0,256,1312,2420,824,liboqs,iot
Dilithium2,verify,29710,0.02971,5.99,0.0,256,1312,2420,825,liboqs,iot
Dilithium2,verify,28767,0.028767,5.99,0.0,256,1312,2420,826,liboqs,iot
Dilithium2,verify,28713,0.028713,5.99,0.0,256,1312,2420,827,liboqs,iot
Dilithium2,verify,31319,0.031319,5.99,0.0,256,1312,2420,828,liboqs,iot
Dilithium2,verify,28210,0.02821,5.99,0.0,256,1312,2420,829,liboqs,iot
Dilithium2,verify,27847,0.027847,5.99,0.0,256,1312,2420,830,liboqs,iot
Dilithium2,verify,29478,0.029478,5.99,0.0,256,1312,2420,831,liboqs,iot
Dilithium2,verify,27978,0.027978,5.99,0.0,256,1312,2420,832,liboqs,iot
Dilithium2,verify,27838,0.027838,5.99,0.0,256,1312,2420,833,liboqs,iot
Dilithium2,verify,27751,0.027751,5.99,0.0,256,1312,2420,834,liboqs,iot
Dilithium2,verify,28597,0.028597,5.99,0.0,256,1312,2420,835,liboqs,iot
Dilithium2,verify,29028,0.029028,5.99,0.0,256,1312,2420,836,liboqs,iot
Dilithium2,verify,27657,0.027657,5.99,0.0,256,1312,2420,837,liboqs,iot
Dilithium2,verify,27657,0.027657,5.99,0.0,256,1312,2420,838,liboqs,iot
Dilithium2,verify,28043,0.028043,5.99,0.0,256,1312,2420,839,liboqs,iot
Dilithium2,verify,28977,0.028977,5.99,0.0,256,1312,2420,840,liboqs,iot
Dilithium2,verify,27344,0.027344,5.99,0.0,256,1312,2420,841,liboqs,iot
Dilithium2,verify,27430,0.02743,5.99,0.0,256,1312,2420,842,liboqs,iot
Dilithium2,verify,27506,0.027506,5.99,0.0,256,1312,2420,843,liboqs,iot
Dilithium2,verify,28240,0.02824,5.99,0.0,256,1312,2420,844,liboqs,iot
Dilithium2,verify,29069,0.029069,5.99,0.0,256,1312,2420,845,liboqs,iot
Dilithium2,verify,27530,0.02753,5.99,0.0,256,1312,2420,846,liboqs,iot
Dilithium2,verify,27432,0.027432,5.99,0.0,256,1312,2420,847,liboqs,iot
Dilithium2,verify,27872,0.027872,5.99,0.0,256,1312,2420,848,liboqs,iot
Dilithium2,verify,28654,0.028654,5.99,0.0,256,1312,2420,849,liboqs,iot
Dilithium2,verify,27274,0.027274,5.99,0.0,256,1312,2420,850,liboqs,iot
Dilithium2,verify,27412,0.027412,5.99,0.0,256,1312,2420,851,liboqs,iot
Dilithium2,verify,27711,0.027711,5.99,0.0,256,1312,2420,852,liboqs,iot
Dilithium2,verify,27691,0.027691,5.99,0.0,256,1312,2420,853,liboqs,iot
Dilithium2,verify,29020,0.02902,5.99,0.0,256,1312,2420,854,liboqs,iot
Dilithium2,verify,27628,0.027628,5.99,0.0,256,1312,2420,855,liboqs,iot
Dilithium2,verify,27608,0.027608,5.99,0.0,256,1312,2420,856,liboqs,iot
Dilithium2,verify,45363,0.045363,5.99,0.0,256,1312,2420,857,liboqs,iot
Dilithium2,verify,31811,0.031811,5.99,0.0,256,1312,2420,858,liboqs,iot
Dilithium2,verify,30593,0.030593,5.99,0.0,256,1312,2420,859,liboqs,iot
Dilithium2,verify,28500,0.0285,5.99,0.0,256,1312,2420,860,liboqs,iot
Dilithium2,verify,28144,0.028144,5.99,0.0,256,1312,2420,861,liboqs,iot
Dilithium2,verify,27761,0.027761,5.99,0.0,256,1312,2420,862,liboqs,iot
Dilithium2,verify,28976,0.028976,5.99,0.0,256,1312,2420,863,liboqs,iot
Dilithium2,verify,27976,0.027976,5.99,0.0,256,1312,2420,864,liboqs,iot
Dilithium2,verify,27628,0.027628,5.99,0.0,256,1312,2420,865,liboqs,iot
Dilithium2,verify,32405,0.032405,5.99,0.0,256,1312,2420,866,liboqs,iot
Dilithium2,verify,28788,0.028788,5.99,0.0,256,1312,2420,867,liboqs,iot
Dilithium2,verify,42270,0.04227,5.99,0.0,256,1312,2420,868,liboqs,iot
Dilithium2,verify,142943,0.142943,5.99,0.0,256,1312,2420,869,liboqs,iot
Dilithium2,verify,54654,0.054654,5.99,0.0,256,1312,2420,870,liboqs,iot
Dilithium2,verify,47133,0.047133,5.99,0.0,256,1312,2420,871,liboqs,iot
Dilithium2,verify,31794,0.031794,5.99,0.0,256,1312,2420,872,liboqs,iot
Dilithium2,verify,30718,0.030718,5.99,0.0,256,1312,2420,873,liboqs,iot
Dilithium2,verify,30502,0.030502,5.99,0.0,256,1312,2420,874,liboqs,iot
Dilithium2,verify,62201,0.062201,5.99,0.0,256,1312,2420,875,liboqs,iot
Dilithium2,verify,37388,0.037388,5.99,0.0,256,1312,2420,876,liboqs,iot
Dilithium2,verify,31866,0.031866,5.99,0.0,256,1312,2420,877,liboqs,iot
Dilithium2,verify,30493,0.030493,5.99,0.0,256,1312,2420,878,liboqs,iot
Dilithium2,verify,32425,0.032425,5.99,0.0,256,1312,2420,879,liboqs,iot
Dilithium2,verify,31229,0.031229,5.99,0.0,256,1312,2420,880,liboqs,iot
Dilithium2,verify,29648,0.029648,5.99,0.0,256,1312,2420,881,liboqs,iot
Dilithium2,verify,29271,0.029271,5.99,0.0,256,1312,2420,882,liboqs,iot
Dilithium2,verify,28704,0.028704,5.99,0.0,256,1312,2420,883,liboqs,iot
Dilithium2,verify,30497,0.030497,5.99,0.0,256,1312,2420,884,liboqs,iot
Dilithium2,verify,29960,0.02996,5.99,0.0,256,1312,2420,885,liboqs,iot
Dilithium2,verify,29010,0.02901,5.99,0.0,256,1312,2420,886,liboqs,iot
Dilithium2,verify,28943,0.028943,5.99,0.0,256,1312,2420,887,liboqs,iot
Dilithium2,verify,39961,0.039961,5.99,0.0,256,1312,2420,888,liboqs,iot
Dilithium2,verify,31004,0.031004,5.99,0.0,256,1312,2420,889,liboqs,iot
Dilithium2,verify,29261,0.029261,5.99,0.0,256,1312,2420,890,liboqs,iot
Dilithium2,verify,29106,0.029106,5.99,0.0,256,1312,2420,891,liboqs,iot
Dilithium2,verify,28732,0.028732,5.99,0.0,256,1312,2420,892,liboqs,iot
Dilithium2,verify,28244,0.028244,5.99,0.0,256,1312,2420,893,liboqs,iot
Dilithium2,verify,28567,0.028567,5.99,0.0,256,1312,2420,894,liboqs,iot
Dilithium2,verify,28626,0.028626,5.99,0.0,256,1312,2420,895,liboqs,iot
Dilithium2,verify,29061,0.029061,5.99,0.0,256,1312,2420,896,liboqs,iot
Dilithium2,verify,28206,0.028206,5.99,0.0,256,1312,2420,897,liboqs,iot
Dilithium2,verify,27791,0.027791,5.99,0.0,256,1312,2420,898,liboqs,iot
Dilithium2,verify,28828,0.028828,5.99,0.0,256,1312,2420,899,liboqs,iot
Dilithium2,verify,29214,0.029214,5.99,0.0,256,1312,2420,900,liboqs,iot
Dilithium2,verify,28077,0.028077,5.99,0.0,256,1312,2420,901,liboqs,iot
Dilithium2,verify,28451,0.028451,5.99,0.0,256,1312,2420,902,liboqs,iot
Dilithium2,verify,28339,0.028339,5.99,0.0,256,1312,2420,903,liboqs,iot
Dilithium2,verify,37988,0.037988,5.99,0.0,256,1312,2420,904,liboqs,iot
Dilithium2,verify,30904,0.030904,5.99,0.0,256,1312,2420,905,liboqs,iot
Dilithium2,verify,28771,0.028771,5.99,0.0,256,1312,2420,906,liboqs,iot
Dilithium2,verify,29634,0.029634,5.99,0.0,256,1312,2420,907,liboqs,iot
Dilithium2,verify,29115,0.029115,5.99,0.0,256,1312,2420,908,liboqs,iot
Dilithium2,verify,28750,0.02875,5.99,0.0,256,1312,2420,909,liboqs,iot
Dilithium2,verify,28254,0.028254,5.99,0.0,256,1312,2420,910,liboqs,iot
Dilithium2,verify,28498,0.028498,5.99,0.0,256,1312,2420,911,liboqs,iot
Dilithium2,verify,30172,0.030172,5.99,0.0,256,1312,2420,912,liboqs,iot
Dilithium2,verify,39913,0.039913,5.99,0.0,256,1312,2420,913,liboqs,iot
Dilithium2,verify,36327,0.036327,5.99,0.0,256,1312,2420,914,liboqs,iot
Dilithium2,verify,30363,0.030363,5.99,0.0,256,1312,2420,915,liboqs,iot
Dilithium2,verify,29541,0.029541,5.99,0.0,256,1312,2420,916,liboqs,iot
Dilithium2,verify,30785,0.030785,5.99,0.0,256,1312,2420,917,liboqs,iot
Dilithium2,verify,28701,0.028701,5.99,0.0,256,1312,2420,918,liboqs,iot
Dilithium2,verify,28850,0.02885,5.99,0.0,256,1312,2420,919,liboqs,iot
Dilithium2,verify,28058,0.028058,5.99,0.0,256,1312,2420,920,liboqs,iot
Dilithium2,verify,50771,0.050771,5.99,0.0,256,1312,2420,921,liboqs,iot
Dilithium2,verify,35112,0.035112,5.99,0.0,256,1312,2420,922,liboqs,iot
Dilithium2,verify,30508,0.030508,5.99,0.0,256,1312,2420,923,liboqs,iot
Dilithium2,verify,29733,0.029733,5.99,0.0,256,1312,2420,924,liboqs,iot
Dilithium2,verify,30642,0.030642,5.99,0.0,256,1312,2420,925,liboqs,iot
Dilithium2,verify,28977,0.028977,5.99,0.0,256,1312,2420,926,liboqs,iot
Dilithium2,verify,28209,0.028209,5.99,0.0,256,1312,2420,927,liboqs,iot
Dilithium2,verify,28866,0.028866,5.99,0.0,256,1312,2420,928,liboqs,iot
Dilithium2,verify,27719,0.027719,5.99,0.0,256,1312,2420,929,liboqs,iot
Dilithium2,verify,29616,0.029616,5.99,0.0,256,1312,2420,930,liboqs,iot
Dilithium2,verify,28104,0.028104,5.99,0.0,256,1312,2420,931,liboqs,iot
Dilithium2,verify,28321,0.028321,5.99,0.0,256,1312,2420,932,liboqs,iot
Dilithium2,verify,28299,0.028299,5.99,0.0,256,1312,2420,933,liboqs,iot
Dilithium2,verify,29161,0.029161,5.99,0.0,256,1312,2420,934,liboqs,iot
Dilithium2,verify,28323,0.028323,5.99,0.0,256,1312,2420,935,liboqs,iot
Dilithium2,verify,28317,0.028317,5.99,0.0,256,1312,2420,936,liboqs,iot
Dilithium2,verify,28084,0.028084,5.99,0.0,256,1312,2420,937,liboqs,iot
Dilithium2,verify,29163,0.029163,5.99,0.0,256,1312,2420,938,liboqs,iot
Dilithium2,verify,28070,0.02807,5.99,0.0,256,1312,2420,939,liboqs,iot
Dilithium2,verify,28055,0.028055,5.99,0.0,256,1312,2420,940,liboqs,iot
Dilithium2,verify,27851,0.027851,5.99,0.0,256,1312,2420,941,liboqs,iot
Dilithium2,verify,29276,0.029276,5.99,0.0,256,1312,2420,942,liboqs,iot
Dilithium2,verify,28651,0.028651,5.99,0.0,256,1312,2420,943,liboqs,iot
Dilithium2,verify,28321,0.028321,5.99,0.0,256,1312,2420,944,liboqs,iot
Dilithium2,verify,27812,0.027812,5.99,0.0,256,1312,2420,945,liboqs,iot
Dilithium2,verify,27623,0.027623,5.99,0.0,256,1312,2420,946,liboqs,iot
Dilithium2,verify,27908,0.027908,5.99,0.0,256,1312,2420,947,liboqs,iot
Dilithium2,verify,28788,0.028788,5.99,0.0,256,1312,2420,948,liboqs,iot
Dilithium2,verify,42305,0.042305,5.99,0.0,256,1312,2420,949,liboqs,iot
Dilithium2,verify,34942,0.034942,5.99,0.0,256,1312,2420,950,liboqs,iot
Dilithium2,verify,30369,0.030369,5.99,0.0,256,1312,2420,951,liboqs,iot
Dilithium2,verify,30642,0.030642,5.99,0.0,256,1312,2420,952,liboqs,iot
Dilithium2,verify,28297,0.028297,5.99,0.0,256,1312,2420,953,liboqs,iot
Dilithium2,verify,29250,0.02925,5.99,0.0,256,1312,2420,954,liboqs,iot
Dilithium2,verify,28974,0.028974,5.99,0.0,256,1312,2420,955,liboqs,iot
Dilithium2,verify,27885,0.027885,5.99,0.0,256,1312,2420,956,liboqs,iot
Dilithium2,verify,27876,0.027876,5.99,0.0,256,1312,2420,957,liboqs,iot
Dilithium2,verify,27715,0.027715,5.99,0.0,256,1312,2420,958,liboqs,iot
Dilithium2,verify,28056,0.028056,5.99,0.0,256,1312,2420,959,liboqs,iot
Dilithium2,verify,29243,0.029243,5.99,0.0,256,1312,2420,960,liboqs,iot
Dilithium2,verify,27397,0.027397,5.99,0.0,256,1312,2420,961,liboqs,iot
Dilithium2,verify,27681,0.027681,5.99,0.0,256,1312,2420,962,liboqs,iot
Dilithium2,verify,30409,0.030409,5.99,0.0,256,1312,2420,963,liboqs,iot
Dilithium2,verify,27393,0.027393,5.99,0.0,256,1312,2420,964,liboqs,iot
Dilithium2,verify,29019,0.029019,5.99,0.0,256,1312,2420,965,liboqs,iot
Dilithium2,verify,27499,0.027499,5.99,0.0,256,1312,2420,966,liboqs,iot
Dilithium2,verify,28031,0.028031,5.99,0.0,256,1312,2420,967,liboqs,iot
Dilithium2,verify,27679,0.027679,5.99,0.0,256,1312,2420,968,liboqs,iot
Dilithium2,verify,47057,0.047057,5.99,0.0,256,1312,2420,969,liboqs,iot
Dilithium2,verify,32278,0.032278,5.99,0.0,256,1312,2420,970,liboqs,iot
Dilithium2,verify,28857,0.028857,5.99,0.0,256,1312,2420,971,liboqs,iot
Dilithium2,verify,28597,0.028597,5.99,0.0,256,1312,2420,972,liboqs,iot
Dilithium2,verify,29329,0.029329,5.99,0.0,256,1312,2420,973,liboqs,iot
Dilithium2,verify,27875,0.027875,5.99,0.0,256,1312,2420,974,liboqs,iot
Dilithium2,verify,27784,0.027784,5.99,0.0,256,1312,2420,975,liboqs,iot
Dilithium2,verify,37224,0.037224,5.99,0.0,256,1312,2420,976,liboqs,iot
Dilithium2,verify,34586,0.034586,5.99,0.0,256,1312,2420,977,liboqs,iot
Dilithium2,verify,32818,0.032818,5.99,0.0,256,1312,2420,978,liboqs,iot
Dilithium2,verify,28391,0.028391,5.99,0.0,256,1312,2420,979,liboqs,iot
Dilithium2,verify,28065,0.028065,5.99,0.0,256,1312,2420,980,liboqs,iot
Dilithium2,verify,27493,0.027493,5.99,0.0,256,1312,2420,981,liboqs,iot
Dilithium2,verify,27915,0.027915,5.99,0.0,256,1312,2420,982,liboqs,iot
Dilithium2,verify,29475,0.029475,5.99,0.0,256,1312,2420,983,liboqs,iot
Dilithium2,verify,28016,0.028016,5.99,0.0,256,1312,2420,984,liboqs,iot
Dilithium2,verify,29291,0.029291,5.99,0.0,256,1312,2420,985,liboqs,iot
Dilithium2,verify,28065,0.028065,5.99,0.0,256,1312,2420,986,liboqs,iot
Dilithium2,verify,29029,0.029029,5.99,0.0,256,1312,2420,987,liboqs,iot
Dilithium2,verify,27635,0.027635,5.99,0.0,256,1312,2420,988,liboqs,iot
Dilithium2,verify,27559,0.027559,5.99,0.0,256,1312,2420,989,liboqs,iot
Dilithium2,verify,28873,0.028873,5.99,0.0,256,1312,2420,990,liboqs,iot
Dilithium2,verify,27540,0.02754,5.99,0.0,256,1312,2420,991,liboqs,iot
Dilithium2,verify,27628,0.027628,5.99,0.0,256,1312,2420,992,liboqs,iot
Dilithium2,verify,27641,0.027641,5.99,0.0,256,1312,2420,993,liboqs,iot
Dilithium2,verify,27231,0.027231,5.99,0.0,256,1312,2420,994,liboqs,iot
Dilithium2,verify,28608,0.028608,5.99,0.0,256,1312,2420,995,liboqs,iot
Dilithium2,verify,27525,0.027525,5.99,0.0,256,1312,2420,996,liboqs,iot
Dilithium2,verify,27713,0.027713,5.99,0.0,256,1312,2420,997,liboqs,iot
Dilithium2,verify,27638,0.027638,5.99,0.0,256,1312,2420,998,liboqs,iot
Dilithium2,verify,27472,0.027472,5.99,0.0,256,1312,2420,999,liboqs,iot
Dilithium3,keygen,52750,0.05275,11.22,0.0,256,1952,0,0,liboqs,iot
Dilithium3,keygen,45691,0.045691,11.22,0.0,256,1952,0,1,liboqs,iot
Dilithium3,keygen,43091,0.043091,11.22,0.0,256,1952,0,2,liboqs,iot
Dilithium3,keygen,43297,0.043297,11.38,0.0,256,1952,0,3,liboqs,iot
Dilithium3,keygen,41275,0.041275,11.28,0.0,256,1952,0,4,liboqs,iot
Dilithium3,keygen,40691,0.040691,11.28,0.0,256,1952,0,5,liboqs,iot
Dilithium3,keygen,52428,0.052428,11.28,0.0,256,1952,0,6,liboqs,iot
Dilithium3,keygen,47418,0.047418,11.28,0.0,256,1952,0,7,liboqs,iot
Dilithium3,keygen,43021,0.043021,11.28,0.0,256,1952,0,8,liboqs,iot
Dilithium3,keygen,41261,0.041261,11.28,0.0,256,1952,0,9,liboqs,iot
Dilithium3,keygen,42192,0.042192,11.28,0.0,256,1952,0,10,liboqs,iot
Dilithium3,keygen,40695,0.040695,11.28,0.0,256,1952,0,11,liboqs,iot
Dilithium3,keygen,40126,0.040126,11.28,0.0,256,1952,0,12,liboqs,iot
Dilithium3,keygen,40156,0.040156,11.28,0.0,256,1952,0,13,liboqs,iot
Dilithium3,keygen,40314,0.040314,11.28,0.0,256,1952,0,14,liboqs,iot
Dilithium3,keygen,39992,0.039992,11.28,0.0,256,1952,0,15,liboqs,iot
Dilithium3,keygen,39943,0.039943,11.28,0.0,256,1952,0,16,liboqs,iot
Dilithium3,keygen,40304,0.040304,11.28,0.0,256,1952,0,17,liboqs,iot
Dilithium3,keygen,39864,0.039864,11.28,0.0,256,1952,0,18,liboqs,iot
Dilithium3,keygen,39519,0.039519,11.28,0.0,256,1952,0,19,liboqs,iot
Dilithium3,keygen,39835,0.039835,11.28,0.0,256,1952,0,20,liboqs,iot
Dilithium3,keygen,38973,0.038973,11.28,0.0,256,1952,0,21,liboqs,iot
Dilithium3,keygen,39253,0.039253,11.28,0.0,256,1952,0,22,liboqs,iot
Dilithium3,keygen,38934,0.038934,11.28,0.0,256,1952,0,23,liboqs,iot
Dilithium3,keygen,39861,0.039861,11.28,0.0,256,1952,0,24,liboqs,iot
Dilithium3,keygen,39211,0.039211,11.28,0.0,256,1952,0,25,liboqs,iot
Dilithium3,keygen,39699,0.039699,11.28,0.0,256,1952,0,26,liboqs,iot
Dilithium3,keygen,38809,0.038809,11.28,0.0,256,1952,0,27,liboqs,iot
Dilithium3,keygen,39435,0.039435,11.28,0.0,256,1952,0,28,liboqs,iot
Dilithium3,keygen,39460,0.03946,11.28,0.0,256,1952,0,29,liboqs,iot
Dilithium3,keygen,39007,0.039007,11.28,0.0,256,1952,0,30,liboqs,iot
Dilithium3,keygen,38682,0.038682,11.28,0.0,256,1952,0,31,liboqs,iot
Dilithium3,keygen,39382,0.039382,11.28,0.0,256,1952,0,32,liboqs,iot
Dilithium3,keygen,39133,0.039133,11.28,0.0,256,1952,0,33,liboqs,iot
Dilithium3,keygen,38996,0.038996,11.28,0.0,256,1952,0,34,liboqs,iot
Dilithium3,keygen,40841,0.040841,11.28,0.0,256,1952,0,35,liboqs,iot
Dilithium3,keygen,39455,0.039455,11.28,0.0,256,1952,0,36,liboqs,iot
Dilithium3,keygen,39210,0.03921,11.28,0.0,256,1952,0,37,liboqs,iot
Dilithium3,keygen,39151,0.039151,11.28,0.0,256,1952,0,38,liboqs,iot
Dilithium3,keygen,38868,0.038868,11.28,0.0,256,1952,0,39,liboqs,iot
Dilithium3,keygen,38737,0.038737,11.28,0.0,256,1952,0,40,liboqs,iot
Dilithium3,keygen,38973,0.038973,11.28,0.0,256,1952,0,41,liboqs,iot
Dilithium3,keygen,38696,0.038696,11.28,0.0,256,1952,0,42,liboqs,iot
Dilithium3,keygen,39142,0.039142,11.28,0.0,256,1952,0,43,liboqs,iot
Dilithium3,keygen,38864,0.038864,11.28,0.0,256,1952,0,44,liboqs,iot
Dilithium3,keygen,38644,0.038644,11.28,0.0,256,1952,0,45,liboqs,iot
Dilithium3,keygen,38722,0.038722,11.28,0.0,256,1952,0,46,liboqs,iot
Dilithium3,keygen,38665,0.038665,11.28,0.0,256,1952,0,47,liboqs,iot
Dilithium3,keygen,40574,0.040574,11.28,0.0,256,1952,0,48,liboqs,iot
Dilithium3,keygen,39237,0.039237,11.28,0.0,256,1952,0,49,liboqs,iot
Dilithium3,keygen,38690,0.03869,11.28,0.0,256,1952,0,50,liboqs,iot
Dilithium3,keygen,38909,0.038909,11.28,0.0,256,1952,0,51,liboqs,iot
Dilithium3,keygen,40728,0.040728,11.28,0.0,256,1952,0,52,liboqs,iot
Dilithium3,keygen,38847,0.038847,11.28,0.0,256,1952,0,53,liboqs,iot
Dilithium3,keygen,51809,0.051809,11.28,0.0,256,1952,0,54,liboqs,iot
Dilithium3,keygen,53187,0.053187,11.28,0.0,256,1952,0,55,liboqs,iot
Dilithium3,keygen,46675,0.046675,11.28,0.0,256,1952,0,56,liboqs,iot
Dilithium3,keygen,44129,0.044129,11.28,0.0,256,1952,0,57,liboqs,iot
Dilithium3,keygen,40279,0.040279,11.28,0.0,256,1952,0,58,liboqs,iot
Dilithium3,keygen,41670,0.04167,11.28,0.0,256,1952,0,59,liboqs,iot
Dilithium3,keygen,39658,0.039658,11.28,0.0,256,1952,0,60,liboqs,iot
Dilithium3,keygen,42094,0.042094,11.28,0.0,256,1952,0,61,liboqs,iot
Dilithium3,keygen,83064,0.083064,16.01,0.0,256,1952,0,62,liboqs,iot
Dilithium3,keygen,53797,0.053797,14.56,0.0,256,1952,0,63,liboqs,iot
Dilithium3,keygen,43201,0.043201,11.22,0.0,256,1952,0,64,liboqs,iot
Dilithium3,keygen,68381,0.068381,11.22,0.0,256,1952,0,65,liboqs,iot
Dilithium3,keygen,48763,0.048763,11.28,0.0,256,1952,0,66,liboqs,iot
Dilithium3,keygen,43687,0.043687,11.28,0.0,256,1952,0,67,liboqs,iot
Dilithium3,keygen,48536,0.048536,11.28,0.0,256,1952,0,68,liboqs,iot
Dilithium3,keygen,43439,0.043439,11.28,0.0,256,1952,0,69,liboqs,iot
Dilithium3,keygen,41569,0.041569,11.28,0.0,256,1952,0,70,liboqs,iot
Dilithium3,keygen,40374,0.040374,11.28,0.0,256,1952,0,71,liboqs,iot
Dilithium3,keygen,40855,0.040855,11.28,0.0,256,1952,0,72,liboqs,iot
Dilithium3,keygen,39587,0.039587,11.28,0.0,256,1952,0,73,liboqs,iot
Dilithium3,keygen,41508,0.041508,11.28,0.0,256,1952,0,74,liboqs,iot
Dilithium3,keygen,39236,0.039236,11.28,0.0,256,1952,0,75,liboqs,iot
Dilithium3,keygen,40293,0.040293,11.28,0.0,256,1952,0,76,liboqs,iot
Dilithium3,keygen,41080,0.04108,11.28,0.0,256,1952,0,77,liboqs,iot
Dilithium3,keygen,39753,0.039753,11.28,0.0,256,1952,0,78,liboqs,iot
Dilithium3,keygen,41124,0.041124,11.28,0.0,256,1952,0,79,liboqs,iot
Dilithium3,keygen,40377,0.040377,11.28,0.0,256,1952,0,80,liboqs,iot
Dilithium3,keygen,38988,0.038988,11.28,0.0,256,1952,0,81,liboqs,iot
Dilithium3,keygen,39902,0.039902,11.28,0.0,256,1952,0,82,liboqs,iot
Dilithium3,keygen,40403,0.040403,11.28,0.0,256,1952,0,83,liboqs,iot
Dilithium3,keygen,39528,0.039528,11.28,0.0,256,1952,0,84,liboqs,iot
Dilithium3,keygen,40043,0.040043,11.28,0.0,256,1952,0,85,liboqs,iot
Dilithium3,keygen,40797,0.040797,11.28,0.0,256,1952,0,86,liboqs,iot
Dilithium3,keygen,39673,0.039673,11.28,0.0,256,1952,0,87,liboqs,iot
Dilithium3,keygen,40662,0.040662,11.28,0.0,256,1952,0,88,liboqs,iot
Dilithium3,keygen,39096,0.039096,11.28,0.0,256,1952,0,89,liboqs,iot
Dilithium3,keygen,39943,0.039943,11.28,0.0,256,1952,0,90,liboqs,iot
Dilithium3,keygen,41580,0.04158,11.28,0.0,256,1952,0,91,liboqs,iot
Dilithium3,keygen,39873,0.039873,11.28,0.0,256,1952,0,92,liboqs,iot
Dilithium3,keygen,40146,0.040146,11.28,0.0,256,1952,0,93,liboqs,iot
Dilithium3,keygen,40553,0.040553,11.28,0.0,256,1952,0,94,liboqs,iot
Dilithium3,keygen,39640,0.03964,11.28,0.0,256,1952,0,95,liboqs,iot
Dilithium3,keygen,40030,0.04003,11.28,0.0,256,1952,0,96,liboqs,iot
Dilithium3,keygen,40552,0.040552,11.28,0.0,256,1952,0,97,liboqs,iot
Dilithium3,keygen,50721,0.050721,11.28,0.0,256,1952,0,98,liboqs,iot
Dilithium3,keygen,43767,0.043767,11.28,0.0,256,1952,0,99,liboqs,iot
Dilithium3,keygen,42548,0.042548,11.28,0.0,256,1952,0,100,liboqs,iot
Dilithium3,keygen,41594,0.041594,11.28,0.0,256,1952,0,101,liboqs,iot
Dilithium3,keygen,40787,0.040787,11.28,0.0,256,1952,0,102,liboqs,iot
Dilithium3,keygen,39884,0.039884,11.28,0.0,256,1952,0,103,liboqs,iot
Dilithium3,keygen,40635,0.040635,11.28,0.0,256,1952,0,104,liboqs,iot
Dilithium3,keygen,41536,0.041536,11.28,0.0,256,1952,0,105,liboqs,iot
Dilithium3,keygen,39504,0.039504,11.28,0.0,256,1952,0,106,liboqs,iot
Dilithium3,keygen,40665,0.040665,11.28,0.0,256,1952,0,107,liboqs,iot
Dilithium3,keygen,39201,0.039201,11.28,0.0,256,1952,0,108,liboqs,iot
Dilithium3,keygen,60037,0.060037,11.28,0.0,256,1952,0,109,liboqs,iot
Dilithium3,keygen,47616,0.047616,11.28,0.0,256,1952,0,110,liboqs,iot
Dilithium3,keygen,42353,0.042353,11.28,0.0,256,1952,0,111,liboqs,iot
Dilithium3,keygen,43085,0.043085,11.28,0.0,256,1952,0,112,liboqs,iot
Dilithium3,keygen,40102,0.040102,11.28,0.0,256,1952,0,113,liboqs,iot
Dilithium3,keygen,40534,0.040534,11.28,0.0,256,1952,0,114,liboqs,iot
Dilithium3,keygen,39652,0.039652,11.28,0.0,256,1952,0,115,liboqs,iot
Dilithium3,keygen,40900,0.0409,11.28,0.0,256,1952,0,116,liboqs,iot
Dilithium3,keygen,39017,0.039017,11.28,0.0,256,1952,0,117,liboqs,iot
Dilithium3,keygen,39265,0.039265,11.28,0.0,256,1952,0,118,liboqs,iot
Dilithium3,keygen,38995,0.038995,11.28,0.0,256,1952,0,119,liboqs,iot
Dilithium3,keygen,40486,0.040486,11.28,0.0,256,1952,0,120,liboqs,iot
Dilithium3,keygen,38805,0.038805,11.28,0.0,256,1952,0,121,liboqs,iot
Dilithium3,keygen,39111,0.039111,11.28,0.0,256,1952,0,122,liboqs,iot
Dilithium3,keygen,38839,0.038839,11.28,0.0,256,1952,0,123,liboqs,iot
Dilithium3,keygen,39914,0.039914,11.28,0.0,256,1952,0,124,liboqs,iot
Dilithium3,keygen,40142,0.040142,11.28,0.0,256,1952,0,125,liboqs,iot
Dilithium3,keygen,38842,0.038842,11.28,0.0,256,1952,0,126,liboqs,iot
Dilithium3,keygen,38975,0.038975,11.28,0.0,256,1952,0,127,liboqs,iot
Dilithium3,keygen,38491,0.038491,11.28,0.0,256,1952,0,128,liboqs,iot
Dilithium3,keygen,39928,0.039928,11.28,0.0,256,1952,0,129,liboqs,iot
Dilithium3,keygen,39478,0.039478,11.28,0.0,256,1952,0,130,liboqs,iot
Dilithium3,keygen,40945,0.040945,11.28,0.0,256,1952,0,131,liboqs,iot
Dilithium3,keygen,39071,0.039071,11.28,0.0,256,1952,0,132,liboqs,iot
Dilithium3,keygen,40240,0.04024,11.28,0.0,256,1952,0,133,liboqs,iot
Dilithium3,keygen,38578,0.038578,11.28,0.0,256,1952,0,134,liboqs,iot
Dilithium3,keygen,40641,0.040641,11.28,0.0,256,1952,0,135,liboqs,iot
Dilithium3,keygen,39921,0.039921,11.28,0.0,256,1952,0,136,liboqs,iot
Dilithium3,keygen,38799,0.038799,11.28,0.0,256,1952,0,137,liboqs,iot
Dilithium3,keygen,38727,0.038727,11.28,0.0,256,1952,0,138,liboqs,iot
Dilithium3,keygen,39669,0.039669,11.28,0.0,256,1952,0,139,liboqs,iot
Dilithium3,keygen,38532,0.038532,11.28,0.0,256,1952,0,140,liboqs,iot
Dilithium3,keygen,38963,0.038963,11.28,0.0,256,1952,0,141,liboqs,iot
Dilithium3,keygen,38478,0.038478,11.28,0.0,256,1952,0,142,liboqs,iot
Dilithium3,keygen,40067,0.040067,11.28,0.0,256,1952,0,143,liboqs,iot
Dilithium3,keygen,49515,0.049515,11.28,0.0,256,1952,0,144,liboqs,iot
Dilithium3,keygen,45637,0.045637,11.28,0.0,256,1952,0,145,liboqs,iot
Dilithium3,keygen,41309,0.041309,11.28,0.0,256,1952,0,146,liboqs,iot
Dilithium3,keygen,41158,0.041158,11.28,0.0,256,1952,0,147,liboqs,iot
Dilithium3,keygen,39435,0.039435,11.28,0.0,256,1952,0,148,liboqs,iot
Dilithium3,keygen,55058,0.055058,11.28,0.0,256,1952,0,149,liboqs,iot
Dilithium3,keygen,47543,0.047543,11.28,0.0,256,1952,0,150,liboqs,iot
Dilithium3,keygen,41710,0.04171,11.28,0.0,256,1952,0,151,liboqs,iot
Dilithium3,keygen,40690,0.04069,11.28,0.0,256,1952,0,152,liboqs,iot
Dilithium3,keygen,39683,0.039683,11.28,0.0,256,1952,0,153,liboqs,iot
Dilithium3,keygen,56171,0.056171,11.28,0.0,256,1952,0,154,liboqs,iot
Dilithium3,keygen,48677,0.048677,11.28,0.0,256,1952,0,155,liboqs,iot
Dilithium3,keygen,41432,0.041432,11.28,0.0,256,1952,0,156,liboqs,iot
Dilithium3,keygen,41080,0.04108,11.28,0.0,256,1952,0,157,liboqs,iot
Dilithium3,keygen,39990,0.03999,11.28,0.0,256,1952,0,158,liboqs,iot
Dilithium3,keygen,39305,0.039305,11.28,0.0,256,1952,0,159,liboqs,iot
Dilithium3,keygen,45995,0.045995,11.28,0.0,256,1952,0,160,liboqs,iot
Dilithium3,keygen,42439,0.042439,11.28,0.0,256,1952,0,161,liboqs,iot
Dilithium3,keygen,41148,0.041148,11.28,0.0,256,1952,0,162,liboqs,iot
Dilithium3,keygen,39626,0.039626,11.28,0.0,256,1952,0,163,liboqs,iot
Dilithium3,keygen,39166,0.039166,11.28,0.0,256,1952,0,164,liboqs,iot
Dilithium3,keygen,40584,0.040584,11.28,0.0,256,1952,0,165,liboqs,iot
Dilithium3,keygen,38944,0.038944,11.28,0.0,256,1952,0,166,liboqs,iot
Dilithium3,keygen,38748,0.038748,11.28,0.0,256,1952,0,167,liboqs,iot
Dilithium3,keygen,42985,0.042985,11.28,0.0,256,1952,0,168,liboqs,iot
Dilithium3,keygen,39407,0.039407,11.28,0.0,256,1952,0,169,liboqs,iot
Dilithium3,keygen,41026,0.041026,11.28,0.0,256,1952,0,170,liboqs,iot
Dilithium3,keygen,39902,0.039902,11.28,0.0,256,1952,0,171,liboqs,iot
Dilithium3,keygen,41642,0.041642,11.28,0.0,256,1952,0,172,liboqs,iot
Dilithium3,keygen,40559,0.040559,11.28,0.0,256,1952,0,173,liboqs,iot
Dilithium3,keygen,40747,0.040747,11.28,0.0,256,1952,0,174,liboqs,iot
Dilithium3,keygen,41580,0.04158,11.28,0.0,256,1952,0,175,liboqs,iot
Dilithium3,keygen,39414,0.039414,11.28,0.0,256,1952,0,176,liboqs,iot
Dilithium3,keygen,40482,0.040482,11.28,0.0,256,1952,0,177,liboqs,iot
Dilithium3,keygen,39832,0.039832,11.28,0.0,256,1952,0,178,liboqs,iot
Dilithium3,keygen,41288,0.041288,11.28,0.0,256,1952,0,179,liboqs,iot
Dilithium3,keygen,39641,0.039641,11.28,0.0,256,1952,0,180,liboqs,iot
Dilithium3,keygen,40267,0.040267,11.28,0.0,256,1952,0,181,liboqs,iot
Dilithium3,keygen,39287,0.039287,11.28,0.0,256,1952,0,182,liboqs,iot
Dilithium3,keygen,52472,0.052472,11.28,0.0,256,1952,0,183,liboqs,iot
Dilithium3,keygen,47752,0.047752,11.28,0.0,256,1952,0,184,liboqs,iot
Dilithium3,keygen,42006,0.042006,11.28,0.0,256,1952,0,185,liboqs,iot
Dilithium3,keygen,41537,0.041537,11.28,0.0,256,1952,0,186,liboqs,iot
Dilithium3,keygen,39773,0.039773,11.28,0.0,256,1952,0,187,liboqs,iot
Dilithium3,keygen,40235,0.040235,11.28,0.0,256,1952,0,188,liboqs,iot
Dilithium3,keygen,39136,0.039136,11.28,0.0,256,1952,0,189,liboqs,iot
Dilithium3,keygen,41267,0.041267,11.28,0.0,256,1952,0,190,liboqs,iot
Dilithium3,keygen,40683,0.040683,11.28,0.0,256,1952,0,191,liboqs,iot
Dilithium3,keygen,39238,0.039238,11.28,0.0,256,1952,0,192,liboqs,iot
Dilithium3,keygen,40084,0.040084,11.28,0.0,256,1952,0,193,liboqs,iot
Dilithium3,keygen,40564,0.040564,11.28,0.0,256,1952,0,194,liboqs,iot
Dilithium3,keygen,39143,0.039143,11.28,0.0,256,1952,0,195,liboqs,iot
Dilithium3,keygen,40168,0.040168,11.28,0.0,256,1952,0,196,liboqs,iot
Dilithium3,keygen,39461,0.039461,11.28,0.0,256,1952,0,197,liboqs,iot
Dilithium3,keygen,39261,0.039261,11.28,0.0,256,1952,0,198,liboqs,iot
Dilithium3,keygen,58604,0.058604,11.28,0.0,256,1952,0,199,liboqs,iot
Dilithium3,keygen,48294,0.048294,11.28,0.0,256,1952,0,200,liboqs,iot
Dilithium3,keygen,42041,0.042041,11.28,0.0,256,1952,0,201,liboqs,iot
Dilithium3,keygen,41052,0.041052,11.28,0.0,256,1952,0,202,liboqs,iot
Dilithium3,keygen,40218,0.040218,11.28,0.0,256,1952,0,203,liboqs,iot
Dilithium3,keygen,39589,0.039589,11.28,0.0,256,1952,0,204,liboqs,iot
Dilithium3,keygen,39899,0.039899,11.28,0.0,256,1952,0,205,liboqs,iot
Dilithium3,keygen,40896,0.040896,11.28,0.0,256,1952,0,206,liboqs,iot
Dilithium3,keygen,40401,0.040401,11.28,0.0,256,1952,0,207,liboqs,iot
Dilithium3,keygen,40095,0.040095,11.28,0.0,256,1952,0,208,liboqs,iot
Dilithium3,keygen,39454,0.039454,11.28,0.0,256,1952,0,209,liboqs,iot
Dilithium3,keygen,40487,0.040487,11.28,0.0,256,1952,0,210,liboqs,iot
Dilithium3,keygen,40012,0.040012,11.28,0.0,256,1952,0,211,liboqs,iot
Dilithium3,keygen,39327,0.039327,11.28,0.0,256,1952,0,212,liboqs,iot
Dilithium3,keygen,39998,0.039998,11.28,0.0,256,1952,0,213,liboqs,iot
Dilithium3,keygen,39221,0.039221,11.28,0.0,256,1952,0,214,liboqs,iot
Dilithium3,keygen,41464,0.041464,11.28,0.0,256,1952,0,215,liboqs,iot
Dilithium3,keygen,39840,0.03984,11.28,0.0,256,1952,0,216,liboqs,iot
Dilithium3,keygen,39738,0.039738,11.28,0.0,256,1952,0,217,liboqs,iot
Dilithium3,keygen,41151,0.041151,11.28,0.0,256,1952,0,218,liboqs,iot
Dilithium3,keygen,41013,0.041013,11.28,0.0,256,1952,0,219,liboqs,iot
Dilithium3,keygen,40140,0.04014,11.28,0.0,256,1952,0,220,liboqs,iot
Dilithium3,keygen,39750,0.03975,11.28,0.0,256,1952,0,221,liboqs,iot
Dilithium3,keygen,41426,0.041426,11.28,0.0,256,1952,0,222,liboqs,iot
Dilithium3,keygen,40801,0.040801,11.28,0.0,256,1952,0,223,liboqs,iot
Dilithium3,keygen,39393,0.039393,11.28,0.0,256,1952,0,224,liboqs,iot
Dilithium3,keygen,39959,0.039959,11.28,0.0,256,1952,0,225,liboqs,iot
Dilithium3,keygen,51389,0.051389,11.28,0.0,256,1952,0,226,liboqs,iot
Dilithium3,keygen,46849,0.046849,11.28,0.0,256,1952,0,227,liboqs,iot
Dilithium3,keygen,42285,0.042285,11.28,0.0,256,1952,0,228,liboqs,iot
Dilithium3,keygen,54374,0.054374,11.28,0.0,256,1952,0,229,liboqs,iot
Dilithium3,keygen,48455,0.048455,11.28,0.0,256,1952,0,230,liboqs,iot
Dilithium3,keygen,42659,0.042659,11.28,0.0,256,1952,0,231,liboqs,iot
Dilithium3,keygen,40973,0.040973,11.28,0.0,256,1952,0,232,liboqs,iot
Dilithium3,keygen,42071,0.042071,11.28,0.0,256,1952,0,233,liboqs,iot
Dilithium3,keygen,56483,0.056483,11.28,0.0,256,1952,0,234,liboqs,iot
Dilithium3,keygen,47683,0.047683,11.28,0.0,256,1952,0,235,liboqs,iot
Dilithium3,keygen,42325,0.042325,11.28,0.0,256,1952,0,236,liboqs,iot
Dilithium3,keygen,40921,0.040921,11.28,0.0,256,1952,0,237,liboqs,iot
Dilithium3,keygen,40201,0.040201,11.28,0.0,256,1952,0,238,liboqs,iot
Dilithium3,keygen,39950,0.03995,11.28,0.0,256,1952,0,239,liboqs,iot
Dilithium3,keygen,39350,0.03935,11.28,0.0,256,1952,0,240,liboqs,iot
Dilithium3,keygen,39862,0.039862,11.28,0.0,256,1952,0,241,liboqs,iot
Dilithium3,keygen,40463,0.040463,11.28,0.0,256,1952,0,242,liboqs,iot
Dilithium3,keygen,39730,0.03973,11.28,0.0,256,1952,0,243,liboqs,iot
Dilithium3,keygen,39357,0.039357,11.28,0.0,256,1952,0,244,liboqs,iot
Dilithium3,keygen,39577,0.039577,11.28,0.0,256,1952,0,245,liboqs,iot
Dilithium3,keygen,39034,0.039034,11.28,0.0,256,1952,0,246,liboqs,iot
Dilithium3,keygen,40266,0.040266,11.28,0.0,256,1952,0,247,liboqs,iot
Dilithium3,keygen,39439,0.039439,11.28,0.0,256,1952,0,248,liboqs,iot
Dilithium3,keygen,39119,0.039119,11.28,0.0,256,1952,0,249,liboqs,iot
Dilithium3,keygen,39324,0.039324,11.28,0.0,256,1952,0,250,liboqs,iot
Dilithium3,keygen,48063,0.048063,11.28,0.0,256,1952,0,251,liboqs,iot
Dilithium3,keygen,42713,0.042713,11.28,0.0,256,1952,0,252,liboqs,iot
Dilithium3,keygen,39994,0.039994,11.28,0.0,256,1952,0,253,liboqs,iot
Dilithium3,keygen,39516,0.039516,11.28,0.0,256,1952,0,254,liboqs,iot
Dilithium3,keygen,39307,0.039307,11.28,0.0,256,1952,0,255,liboqs,iot
Dilithium3,keygen,39736,0.039736,11.28,0.0,256,1952,0,256,liboqs,iot
Dilithium3,keygen,41617,0.041617,11.28,0.0,256,1952,0,257,liboqs,iot
Dilithium3,keygen,39914,0.039914,11.28,0.0,256,1952,0,258,liboqs,iot
Dilithium3,keygen,39588,0.039588,11.28,0.0,256,1952,0,259,liboqs,iot
Dilithium3,keygen,40860,0.04086,11.28,0.0,256,1952,0,260,liboqs,iot
Dilithium3,keygen,39237,0.039237,11.28,0.0,256,1952,0,261,liboqs,iot
Dilithium3,keygen,39260,0.03926,11.28,0.0,256,1952,0,262,liboqs,iot
Dilithium3,keygen,40181,0.040181,11.28,0.0,256,1952,0,263,liboqs,iot
Dilithium3,keygen,39414,0.039414,11.28,0.0,256,1952,0,264,liboqs,iot
Dilithium3,keygen,39148,0.039148,11.28,0.0,256,1952,0,265,liboqs,iot
Dilithium3,keygen,38847,0.038847,11.28,0.0,256,1952,0,266,liboqs,iot
Dilithium3,keygen,39433,0.039433,11.28,0.0,256,1952,0,267,liboqs,iot
Dilithium3,keygen,40230,0.04023,11.28,0.0,256,1952,0,268,liboqs,iot
Dilithium3,keygen,92887,0.092887,11.28,0.0,256,1952,0,269,liboqs,iot
Dilithium3,keygen,80682,0.080682,11.28,0.0,256,1952,0,270,liboqs,iot
Dilithium3,keygen,58325,0.058325,11.28,0.0,256,1952,0,271,liboqs,iot
Dilithium3,keygen,43624,0.043624,11.28,0.0,256,1952,0,272,liboqs,iot
Dilithium3,keygen,41602,0.041602,11.28,0.0,256,1952,0,273,liboqs,iot
Dilithium3,keygen,41466,0.041466,11.28,0.0,256,1952,0,274,liboqs,iot
Dilithium3,keygen,40659,0.040659,11.28,0.0,256,1952,0,275,liboqs,iot
Dilithium3,keygen,40253,0.040253,11.28,0.0,256,1952,0,276,liboqs,iot
Dilithium3,keygen,41276,0.041276,11.28,0.0,256,1952,0,277,liboqs,iot
Dilithium3,keygen,40523,0.040523,11.28,0.0,256,1952,0,278,liboqs,iot
Dilithium3,keygen,39608,0.039608,11.28,0.0,256,1952,0,279,liboqs,iot
Dilithium3,keygen,41044,0.041044,11.28,0.0,256,1952,0,280,liboqs,iot
Dilithium3,keygen,76665,0.076665,11.28,0.0,256,1952,0,281,liboqs,iot
Dilithium3,keygen,47651,0.047651,11.28,0.0,256,1952,0,282,liboqs,iot
Dilithium3,keygen,42088,0.042088,11.28,0.0,256,1952,0,283,liboqs,iot
Dilithium3,keygen,41076,0.041076,11.28,0.0,256,1952,0,284,liboqs,iot
Dilithium3,keygen,40104,0.040104,11.28,0.0,256,1952,0,285,liboqs,iot
Dilithium3,keygen,40194,0.040194,11.28,0.0,256,1952,0,286,liboqs,iot
Dilithium3,keygen,39723,0.039723,11.28,0.0,256,1952,0,287,liboqs,iot
Dilithium3,keygen,58037,0.058037,11.28,0.0,256,1952,0,288,liboqs,iot
Dilithium3,keygen,47945,0.047945,11.28,0.0,256,1952,0,289,liboqs,iot
Dilithium3,keygen,45480,0.04548,11.28,0.0,256,1952,0,290,liboqs,iot
Dilithium3,keygen,43596,0.043596,11.28,0.0,256,1952,0,291,liboqs,iot
Dilithium3,keygen,41255,0.041255,11.28,0.0,256,1952,0,292,liboqs,iot
Dilithium3,keygen,41390,0.04139,11.28,0.0,256,1952,0,293,liboqs,iot
Dilithium3,keygen,39830,0.03983,11.28,0.0,256,1952,0,294,liboqs,iot
Dilithium3,keygen,42275,0.042275,11.28,0.0,256,1952,0,295,liboqs,iot
Dilithium3,keygen,40174,0.040174,11.28,0.0,256,1952,0,296,liboqs,iot
Dilithium3,keygen,40951,0.040951,11.28,0.0,256,1952,0,297,liboqs,iot
Dilithium3,keygen,41723,0.041723,11.28,0.0,256,1952,0,298,liboqs,iot
Dilithium3,keygen,40433,0.040433,11.28,0.0,256,1952,0,299,liboqs,iot
Dilithium3,keygen,41538,0.041538,11.28,0.0,256,1952,0,300,liboqs,iot
Dilithium3,keygen,40590,0.04059,11.28,0.0,256,1952,0,301,liboqs,iot
Dilithium3,keygen,40601,0.040601,11.28,0.0,256,1952,0,302,liboqs,iot
Dilithium3,keygen,42653,0.042653,11.28,0.0,256,1952,0,303,liboqs,iot
Dilithium3,keygen,40158,0.040158,11.28,0.0,256,1952,0,304,liboqs,iot
Dilithium3,keygen,40452,0.040452,11.28,0.0,256,1952,0,305,liboqs,iot
Dilithium3,keygen,39849,0.039849,11.28,0.0,256,1952,0,306,liboqs,iot
Dilithium3,keygen,41518,0.041518,11.28,0.0,256,1952,0,307,liboqs,iot
Dilithium3,keygen,39681,0.039681,11.28,0.0,256,1952,0,308,liboqs,iot
Dilithium3,keygen,40215,0.040215,11.28,0.0,256,1952,0,309,liboqs,iot
Dilithium3,keygen,40739,0.040739,11.28,0.0,256,1952,0,310,liboqs,iot
Dilithium3,keygen,52177,0.052177,11.28,0.0,256,1952,0,311,liboqs,iot
Dilithium3,keygen,44381,0.044381,11.28,0.0,256,1952,0,312,liboqs,iot
Dilithium3,keygen,42034,0.042034,11.28,0.0,256,1952,0,313,liboqs,iot
Dilithium3,keygen,40811,0.040811,11.28,0.0,256,1952,0,314,liboqs,iot
Dilithium3,keygen,40800,0.0408,11.28,0.0,256,1952,0,315,liboqs,iot
Dilithium3,keygen,40948,0.040948,11.28,0.0,256,1952,0,316,liboqs,iot
Dilithium3,keygen,39870,0.03987,11.28,0.0,256,1952,0,317,liboqs,iot
Dilithium3,keygen,40027,0.040027,11.28,0.0,256,1952,0,318,liboqs,iot
Dilithium3,keygen,40872,0.040872,11.28,0.0,256,1952,0,319,liboqs,iot
Dilithium3,keygen,39700,0.0397,11.28,0.0,256,1952,0,320,liboqs,iot
Dilithium3,keygen,40324,0.040324,11.28,0.0,256,1952,0,321,liboqs,iot
Dilithium3,keygen,39917,0.039917,11.28,0.0,256,1952,0,322,liboqs,iot
Dilithium3,keygen,41644,0.041644,11.28,0.0,256,1952,0,323,liboqs,iot
Dilithium3,keygen,40452,0.040452,11.28,0.0,256,1952,0,324,liboqs,iot
Dilithium3,keygen,39262,0.039262,11.28,0.0,256,1952,0,325,liboqs,iot
Dilithium3,keygen,39840,0.03984,11.28,0.0,256,1952,0,326,liboqs,iot
Dilithium3,keygen,59002,0.059002,11.28,0.0,256,1952,0,327,liboqs,iot
Dilithium3,keygen,46990,0.04699,11.28,0.0,256,1952,0,328,liboqs,iot
Dilithium3,keygen,42035,0.042035,11.28,0.0,256,1952,0,329,liboqs,iot
Dilithium3,keygen,41812,0.041812,11.28,0.0,256,1952,0,330,liboqs,iot
Dilithium3,keygen,39702,0.039702,11.28,0.0,256,1952,0,331,liboqs,iot
Dilithium3,keygen,40678,0.040678,11.28,0.0,256,1952,0,332,liboqs,iot
Dilithium3,keygen,55994,0.055994,11.28,0.0,256,1952,0,333,liboqs,iot
Dilithium3,keygen,49132,0.049132,11.28,0.0,256,1952,0,334,liboqs,iot
Dilithium3,keygen,43658,0.043658,11.28,0.0,256,1952,0,335,liboqs,iot
Dilithium3,keygen,41141,0.041141,11.28,0.0,256,1952,0,336,liboqs,iot
Dilithium3,keygen,41077,0.041077,11.28,0.0,256,1952,0,337,liboqs,iot
Dilithium3,keygen,49165,0.049165,11.28,0.0,256,1952,0,338,liboqs,iot
Dilithium3,keygen,45086,0.045086,11.28,0.0,256,1952,0,339,liboqs,iot
Dilithium3,keygen,41295,0.041295,11.28,0.0,256,1952,0,340,liboqs,iot
Dilithium3,keygen,39509,0.039509,11.28,0.0,256,1952,0,341,liboqs,iot
Dilithium3,keygen,40299,0.040299,11.28,0.0,256,1952,0,342,liboqs,iot
Dilithium3,keygen,39417,0.039417,11.28,0.0,256,1952,0,343,liboqs,iot
Dilithium3,keygen,40250,0.04025,11.28,0.0,256,1952,0,344,liboqs,iot
Dilithium3,keygen,39550,0.03955,11.28,0.0,256,1952,0,345,liboqs,iot
Dilithium3,keygen,41765,0.041765,11.28,0.0,256,1952,0,346,liboqs,iot
Dilithium3,keygen,40485,0.040485,11.28,0.0,256,1952,0,347,liboqs,iot
Dilithium3,keygen,39429,0.039429,11.28,0.0,256,1952,0,348,liboqs,iot
Dilithium3,keygen,39839,0.039839,11.28,0.0,256,1952,0,349,liboqs,iot
Dilithium3,keygen,39362,0.039362,11.28,0.0,256,1952,0,350,liboqs,iot
Dilithium3,keygen,39769,0.039769,11.28,0.0,256,1952,0,351,liboqs,iot
Dilithium3,keygen,40695,0.040695,11.28,0.0,256,1952,0,352,liboqs,iot
Dilithium3,keygen,40066,0.040066,11.28,0.0,256,1952,0,353,liboqs,iot
Dilithium3,keygen,39873,0.039873,11.28,0.0,256,1952,0,354,liboqs,iot
Dilithium3,keygen,39296,0.039296,11.28,0.0,256,1952,0,355,liboqs,iot
Dilithium3,keygen,84418,0.084418,11.28,0.0,256,1952,0,356,liboqs,iot
Dilithium3,keygen,44852,0.044852,11.28,0.0,256,1952,0,357,liboqs,iot
Dilithium3,keygen,41815,0.041815,11.28,0.0,256,1952,0,358,liboqs,iot
Dilithium3,keygen,41720,0.04172,11.28,0.0,256,1952,0,359,liboqs,iot
Dilithium3,keygen,40064,0.040064,11.28,0.0,256,1952,0,360,liboqs,iot
Dilithium3,keygen,40977,0.040977,11.28,0.0,256,1952,0,361,liboqs,iot
Dilithium3,keygen,40080,0.04008,11.28,0.0,256,1952,0,362,liboqs,iot
Dilithium3,keygen,41012,0.041012,11.28,0.0,256,1952,0,363,liboqs,iot
Dilithium3,keygen,40844,0.040844,11.28,0.0,256,1952,0,364,liboqs,iot
Dilithium3,keygen,40927,0.040927,11.28,0.0,256,1952,0,365,liboqs,iot
Dilithium3,keygen,39462,0.039462,11.28,0.0,256,1952,0,366,liboqs,iot
Dilithium3,keygen,39792,0.039792,11.28,0.0,256,1952,0,367,liboqs,iot
Dilithium3,keygen,39924,0.039924,11.28,0.0,256,1952,0,368,liboqs,iot
Dilithium3,keygen,39555,0.039555,11.28,0.0,256,1952,0,369,liboqs,iot
Dilithium3,keygen,58819,0.058819,11.28,0.0,256,1952,0,370,liboqs,iot
Dilithium3,keygen,46242,0.046242,11.28,0.0,256,1952,0,371,liboqs,iot
Dilithium3,keygen,40726,0.040726,11.28,0.0,256,1952,0,372,liboqs,iot
Dilithium3,keygen,40780,0.04078,11.28,0.0,256,1952,0,373,liboqs,iot
Dilithium3,keygen,39808,0.039808,11.28,0.0,256,1952,0,374,liboqs,iot
Dilithium3,keygen,39731,0.039731,11.28,0.0,256,1952,0,375,liboqs,iot
Dilithium3,keygen,39317,0.039317,11.28,0.0,256,1952,0,376,liboqs,iot
Dilithium3,keygen,51093,0.051093,11.28,0.0,256,1952,0,377,liboqs,iot
Dilithium3,keygen,47308,0.047308,11.28,0.0,256,1952,0,378,liboqs,iot
Dilithium3,keygen,40979,0.040979,11.28,0.0,256,1952,0,379,liboqs,iot
Dilithium3,keygen,39795,0.039795,11.28,0.0,256,1952,0,380,liboqs,iot
Dilithium3,keygen,39574,0.039574,11.28,0.0,256,1952,0,381,liboqs,iot
Dilithium3,keygen,41450,0.04145,11.28,0.0,256,1952,0,382,liboqs,iot
Dilithium3,keygen,39263,0.039263,11.28,0.0,256,1952,0,383,liboqs,iot
Dilithium3,keygen,39353,0.039353,11.28,0.0,256,1952,0,384,liboqs,iot
Dilithium3,keygen,39158,0.039158,11.28,0.0,256,1952,0,385,liboqs,iot
Dilithium3,keygen,40514,0.040514,11.28,0.0,256,1952,0,386,liboqs,iot
Dilithium3,keygen,38939,0.038939,11.28,0.0,256,1952,0,387,liboqs,iot
Dilithium3,keygen,40400,0.0404,11.28,0.0,256,1952,0,388,liboqs,iot
Dilithium3,keygen,39009,0.039009,11.28,0.0,256,1952,0,389,liboqs,iot
Dilithium3,keygen,40464,0.040464,11.28,0.0,256,1952,0,390,liboqs,iot
Dilithium3,keygen,39099,0.039099,11.28,0.0,256,1952,0,391,liboqs,iot
Dilithium3,keygen,38650,0.03865,11.28,0.0,256,1952,0,392,liboqs,iot
Dilithium3,keygen,40410,0.04041,11.28,0.0,256,1952,0,393,liboqs,iot
Dilithium3,keygen,50268,0.050268,11.28,0.0,256,1952,0,394,liboqs,iot
Dilithium3,keygen,43343,0.043343,11.28,0.0,256,1952,0,395,liboqs,iot
Dilithium3,keygen,42361,0.042361,11.28,0.0,256,1952,0,396,liboqs,iot
Dilithium3,keygen,40973,0.040973,11.28,0.0,256,1952,0,397,liboqs,iot
Dilithium3,keygen,40700,0.0407,11.28,0.0,256,1952,0,398,liboqs,iot
Dilithium3,keygen,40984,0.040984,11.28,0.0,256,1952,0,399,liboqs,iot
Dilithium3,keygen,86379,0.086379,16.01,0.0,256,1952,0,400,liboqs,iot
Dilithium3,keygen,54446,0.054446,13.43,0.0,256,1952,0,401,liboqs,iot
Dilithium3,keygen,41782,0.041782,11.22,0.0,256,1952,0,402,liboqs,iot
Dilithium3,keygen,41377,0.041377,11.22,0.0,256,1952,0,403,liboqs,iot
Dilithium3,keygen,40132,0.040132,11.28,0.0,256,1952,0,404,liboqs,iot
Dilithium3,keygen,39176,0.039176,11.28,0.0,256,1952,0,405,liboqs,iot
Dilithium3,keygen,38710,0.03871,11.28,0.0,256,1952,0,406,liboqs,iot
Dilithium3,keygen,39047,0.039047,11.28,0.0,256,1952,0,407,liboqs,iot
Dilithium3,keygen,43678,0.043678,11.28,0.0,256,1952,0,408,liboqs,iot
Dilithium3,keygen,39436,0.039436,11.28,0.0,256,1952,0,409,liboqs,iot
Dilithium3,keygen,40779,0.040779,11.28,0.0,256,1952,0,410,liboqs,iot
Dilithium3,keygen,74427,0.074427,11.28,0.0,256,1952,0,411,liboqs,iot
Dilithium3,keygen,48588,0.048588,11.28,0.0,256,1952,0,412,liboqs,iot
Dilithium3,keygen,43240,0.04324,11.28,0.0,256,1952,0,413,liboqs,iot
Dilithium3,keygen,42402,0.042402,11.28,0.0,256,1952,0,414,liboqs,iot
Dilithium3,keygen,40650,0.04065,11.28,0.0,256,1952,0,415,liboqs,iot
Dilithium3,keygen,41120,0.04112,11.28,0.0,256,1952,0,416,liboqs,iot
Dilithium3,keygen,42089,0.042089,11.28,0.0,256,1952,0,417,liboqs,iot
Dilithium3,keygen,40147,0.040147,11.28,0.0,256,1952,0,418,liboqs,iot
Dilithium3,keygen,40663,0.040663,11.28,0.0,256,1952,0,419,liboqs,iot
Dilithium3,keygen,41332,0.041332,11.28,0.0,256,1952,0,420,liboqs,iot
Dilithium3,keygen,39579,0.039579,11.28,0.0,256,1952,0,421,liboqs,iot
Dilithium3,keygen,40451,0.040451,11.28,0.0,256,1952,0,422,liboqs,iot
Dilithium3,keygen,40255,0.040255,11.28,0.0,256,1952,0,423,liboqs,iot
Dilithium3,keygen,38953,0.038953,11.28,0.0,256,1952,0,424,liboqs,iot
Dilithium3,keygen,40231,0.040231,11.28,0.0,256,1952,0,425,liboqs,iot
Dilithium3,keygen,39811,0.039811,11.28,0.0,256,1952,0,426,liboqs,iot
Dilithium3,keygen,47391,0.047391,11.28,0.0,256,1952,0,427,liboqs,iot
Dilithium3,keygen,42495,0.042495,11.28,0.0,256,1952,0,428,liboqs,iot
Dilithium3,keygen,42231,0.042231,11.28,0.0,256,1952,0,429,liboqs,iot
Dilithium3,keygen,41993,0.041993,11.28,0.0,256,1952,0,430,liboqs,iot
Dilithium3,keygen,39963,0.039963,11.28,0.0,256,1952,0,431,liboqs,iot
Dilithium3,keygen,39997,0.039997,11.28,0.0,256,1952,0,432,liboqs,iot
Dilithium3,keygen,53011,0.053011,11.28,0.0,256,1952,0,433,liboqs,iot
Dilithium3,keygen,45339,0.045339,11.28,0.0,256,1952,0,434,liboqs,iot
Dilithium3,keygen,41727,0.041727,11.28,0.0,256,1952,0,435,liboqs,iot
Dilithium3,keygen,40556,0.040556,11.28,0.0,256,1952,0,436,liboqs,iot
Dilithium3,keygen,41807,0.041807,11.28,0.0,256,1952,0,437,liboqs,iot
Dilithium3,keygen,40019,0.040019,11.28,0.0,256,1952,0,438,liboqs,iot
Dilithium3,keygen,40070,0.04007,11.28,0.0,256,1952,0,439,liboqs,iot
Dilithium3,keygen,40904,0.040904,11.28,0.0,256,1952,0,440,liboqs,iot
Dilithium3,keygen,39925,0.039925,11.28,0.0,256,1952,0,441,liboqs,iot
Dilithium3,keygen,40252,0.040252,11.28,0.0,256,1952,0,442,liboqs,iot
Dilithium3,keygen,39318,0.039318,11.28,0.0,256,1952,0,443,liboqs,iot
Dilithium3,keygen,41181,0.041181,11.28,0.0,256,1952,0,444,liboqs,iot
Dilithium3,keygen,40462,0.040462,11.28,0.0,256,1952,0,445,liboqs,iot
Dilithium3,keygen,39154,0.039154,11.28,0.0,256,1952,0,446,liboqs,iot
Dilithium3,keygen,39547,0.039547,11.28,0.0,256,1952,0,447,liboqs,iot
Dilithium3,keygen,39525,0.039525,11.28,0.0,256,1952,0,448,liboqs,iot
Dilithium3,keygen,40003,0.040003,11.28,0.0,256,1952,0,449,liboqs,iot
Dilithium3,keygen,41541,0.041541,11.28,0.0,256,1952,0,450,liboqs,iot
Dilithium3,keygen,39137,0.039137,11.28,0.0,256,1952,0,451,liboqs,iot
Dilithium3,keygen,40176,0.040176,11.28,0.0,256,1952,0,452,liboqs,iot
Dilithium3,keygen,39088,0.039088,11.28,0.0,256,1952,0,453,liboqs,iot
Dilithium3,keygen,40701,0.040701,11.28,0.0,256,1952,0,454,liboqs,iot
Dilithium3,keygen,39173,0.039173,11.28,0.0,256,1952,0,455,liboqs,iot
Dilithium3,keygen,51746,0.051746,11.28,0.0,256,1952,0,456,liboqs,iot
Dilithium3,keygen,65363,0.065363,11.28,0.0,256,1952,0,457,liboqs,iot
Dilithium3,keygen,49102,0.049102,11.28,0.0,256,1952,0,458,liboqs,iot
Dilithium3,keygen,43223,0.043223,11.28,0.0,256,1952,0,459,liboqs,iot
Dilithium3,keygen,41488,0.041488,11.28,0.0,256,1952,0,460,liboqs,iot
Dilithium3,keygen,43170,0.04317,11.28,0.0,256,1952,0,461,liboqs,iot
Dilithium3,keygen,43433,0.043433,11.28,0.0,256,1952,0,462,liboqs,iot
Dilithium3,keygen,39985,0.039985,11.28,0.0,256,1952,0,463,liboqs,iot
Dilithium3,keygen,40343,0.040343,11.28,0.0,256,1952,0,464,liboqs,iot
Dilithium3,keygen,39545,0.039545,11.28,0.0,256,1952,0,465,liboqs,iot
Dilithium3,keygen,40022,0.040022,11.28,0.0,256,1952,0,466,liboqs,iot
Dilithium3,keygen,39097,0.039097,11.28,0.0,256,1952,0,467,liboqs,iot
Dilithium3,keygen,41553,0.041553,11.28,0.0,256,1952,0,468,liboqs,iot
Dilithium3,keygen,41007,0.041007,11.28,0.0,256,1952,0,469,liboqs,iot
Dilithium3,keygen,39832,0.039832,11.28,0.0,256,1952,0,470,liboqs,iot
Dilithium3,keygen,40419,0.040419,11.28,0.0,256,1952,0,471,liboqs,iot
Dilithium3,keygen,39347,0.039347,11.28,0.0,256,1952,0,472,liboqs,iot
Dilithium3,keygen,41218,0.041218,11.28,0.0,256,1952,0,473,liboqs,iot
Dilithium3,keygen,39604,0.039604,11.28,0.0,256,1952,0,474,liboqs,iot
Dilithium3,keygen,40828,0.040828,11.28,0.0,256,1952,0,475,liboqs,iot
Dilithium3,keygen,39921,0.039921,11.28,0.0,256,1952,0,476,liboqs,iot
Dilithium3,keygen,39587,0.039587,11.28,0.0,256,1952,0,477,liboqs,iot
Dilithium3,keygen,50252,0.050252,11.28,0.0,256,1952,0,478,liboqs,iot
Dilithium3,keygen,46450,0.04645,11.28,0.0,256,1952,0,479,liboqs,iot
Dilithium3,keygen,42500,0.0425,11.28,0.0,256,1952,0,480,liboqs,iot
Dilithium3,keygen,39886,0.039886,11.28,0.0,256,1952,0,481,liboqs,iot
Dilithium3,keygen,39490,0.03949,11.28,0.0,256,1952,0,482,liboqs,iot
Dilithium3,keygen,40061,0.040061,11.28,0.0,256,1952,0,483,liboqs,iot
Dilithium3,keygen,39350,0.03935,11.28,0.0,256,1952,0,484,liboqs,iot
Dilithium3,keygen,40042,0.040042,11.28,0.0,256,1952,0,485,liboqs,iot
Dilithium3,keygen,39435,0.039435,11.28,0.0,256,1952,0,486,liboqs,iot
Dilithium3,keygen,39045,0.039045,11.28,0.0,256,1952,0,487,liboqs,iot
Dilithium3,keygen,38749,0.038749,11.28,0.0,256,1952,0,488,liboqs,iot
Dilithium3,keygen,38967,0.038967,11.28,0.0,256,1952,0,489,liboqs,iot
Dilithium3,keygen,39063,0.039063,11.28,0.0,256,1952,0,490,liboqs,iot
Dilithium3,keygen,40101,0.040101,11.28,0.0,256,1952,0,491,liboqs,iot
Dilithium3,keygen,39536,0.039536,11.28,0.0,256,1952,0,492,liboqs,iot
Dilithium3,keygen,40560,0.04056,11.28,0.0,256,1952,0,493,liboqs,iot
Dilithium3,keygen,39349,0.039349,11.28,0.0,256,1952,0,494,liboqs,iot
Dilithium3,keygen,40064,0.040064,11.28,0.0,256,1952,0,495,liboqs,iot
Dilithium3,keygen,38991,0.038991,11.28,0.0,256,1952,0,496,liboqs,iot
Dilithium3,keygen,38818,0.038818,11.28,0.0,256,1952,0,497,liboqs,iot
Dilithium3,keygen,40288,0.040288,11.28,0.0,256,1952,0,498,liboqs,iot
Dilithium3,keygen,38864,0.038864,11.28,0.0,256,1952,0,499,liboqs,iot
Dilithium3,keygen,38923,0.038923,11.28,0.0,256,1952,0,500,liboqs,iot
Dilithium3,keygen,80245,0.080245,11.28,0.0,256,1952,0,501,liboqs,iot
Dilithium3,keygen,46048,0.046048,11.28,0.0,256,1952,0,502,liboqs,iot
Dilithium3,keygen,41516,0.041516,11.28,0.0,256,1952,0,503,liboqs,iot
Dilithium3,keygen,39473,0.039473,11.28,0.0,256,1952,0,504,liboqs,iot
Dilithium3,keygen,40779,0.040779,11.28,0.0,256,1952,0,505,liboqs,iot
Dilithium3,keygen,39181,0.039181,11.28,0.0,256,1952,0,506,liboqs,iot
Dilithium3,keygen,39231,0.039231,11.28,0.0,256,1952,0,507,liboqs,iot
Dilithium3,keygen,39624,0.039624,11.28,0.0,256,1952,0,508,liboqs,iot
Dilithium3,keygen,40811,0.040811,11.28,0.0,256,1952,0,509,liboqs,iot
Dilithium3,keygen,39082,0.039082,11.28,0.0,256,1952,0,510,liboqs,iot
Dilithium3,keygen,38724,0.038724,11.28,0.0,256,1952,0,511,liboqs,iot
Dilithium3,keygen,40025,0.040025,11.28,0.0,256,1952,0,512,liboqs,iot
Dilithium3,keygen,39104,0.039104,11.28,0.0,256,1952,0,513,liboqs,iot
Dilithium3,keygen,38788,0.038788,11.28,0.0,256,1952,0,514,liboqs,iot
Dilithium3,keygen,38643,0.038643,11.28,0.0,256,1952,0,515,liboqs,iot
Dilithium3,keygen,40395,0.040395,11.28,0.0,256,1952,0,516,liboqs,iot
Dilithium3,keygen,40375,0.040375,11.28,0.0,256,1952,0,517,liboqs,iot
Dilithium3,keygen,39445,0.039445,11.28,0.0,256,1952,0,518,liboqs,iot
Dilithium3,keygen,46158,0.046158,11.28,0.0,256,1952,0,519,liboqs,iot
Dilithium3,keygen,40516,0.040516,11.28,0.0,256,1952,0,520,liboqs,iot
Dilithium3,keygen,40718,0.040718,11.28,0.0,256,1952,0,521,liboqs,iot
Dilithium3,keygen,40739,0.040739,11.28,0.0,256,1952,0,522,liboqs,iot
Dilithium3,keygen,38956,0.038956,11.28,0.0,256,1952,0,523,liboqs,iot
Dilithium3,keygen,79180,0.07918,11.28,0.0,256,1952,0,524,liboqs,iot
Dilithium3,keygen,49201,0.049201,11.28,0.0,256,1952,0,525,liboqs,iot
Dilithium3,keygen,42628,0.042628,11.28,0.0,256,1952,0,526,liboqs,iot
Dilithium3,keygen,41255,0.041255,11.28,0.0,256,1952,0,527,liboqs,iot
Dilithium3,keygen,41447,0.041447,11.28,0.0,256,1952,0,528,liboqs,iot
Dilithium3,keygen,40105,0.040105,11.28,0.0,256,1952,0,529,liboqs,iot
Dilithium3,keygen,40853,0.040853,11.28,0.0,256,1952,0,530,liboqs,iot
Dilithium3,keygen,40151,0.040151,11.28,0.0,256,1952,0,531,liboqs,iot
Dilithium3,keygen,41517,0.041517,11.28,0.0,256,1952,0,532,liboqs,iot
Dilithium3,keygen,39652,0.039652,11.28,0.0,256,1952,0,533,liboqs,iot
Dilithium3,keygen,42003,0.042003,11.28,0.0,256,1952,0,534,liboqs,iot
Dilithium3,keygen,40773,0.040773,11.28,0.0,256,1952,0,535,liboqs,iot
Dilithium3,keygen,40239,0.040239,11.28,0.0,256,1952,0,536,liboqs,iot
Dilithium3,keygen,41172,0.041172,11.28,0.0,256,1952,0,537,liboqs,iot
Dilithium3,keygen,39571,0.039571,11.28,0.0,256,1952,0,538,liboqs,iot
Dilithium3,keygen,40777,0.040777,11.28,0.0,256,1952,0,539,liboqs,iot
Dilithium3,keygen,42361,0.042361,11.28,0.0,256,1952,0,540,liboqs,iot
Dilithium3,keygen,39513,0.039513,11.28,0.0,256,1952,0,541,liboqs,iot
Dilithium3,keygen,40520,0.04052,11.28,0.0,256,1952,0,542,liboqs,iot
Dilithium3,keygen,58039,0.058039,11.28,0.0,256,1952,0,543,liboqs,iot
Dilithium3,keygen,46324,0.046324,11.28,0.0,256,1952,0,544,liboqs,iot
Dilithium3,keygen,42555,0.042555,11.28,0.0,256,1952,0,545,liboqs,iot
Dilithium3,keygen,55247,0.055247,11.28,0.0,256,1952,0,546,liboqs,iot
Dilithium3,keygen,46816,0.046816,11.28,0.0,256,1952,0,547,liboqs,iot
Dilithium3,keygen,44262,0.044262,11.28,0.0,256,1952,0,548,liboqs,iot
Dilithium3,keygen,52566,0.052566,11.28,0.0,256,1952,0,549,liboqs,iot
Dilithium3,keygen,47990,0.04799,11.28,0.0,256,1952,0,550,liboqs,iot
Dilithium3,keygen,43457,0.043457,11.28,0.0,256,1952,0,551,liboqs,iot
Dilithium3,keygen,42478,0.042478,11.28,0.0,256,1952,0,552,liboqs,iot
Dilithium3,keygen,41250,0.04125,11.28,0.0,256,1952,0,553,liboqs,iot
Dilithium3,keygen,42153,0.042153,11.28,0.0,256,1952,0,554,liboqs,iot
Dilithium3,keygen,42277,0.042277,11.28,0.0,256,1952,0,555,liboqs,iot
Dilithium3,keygen,42023,0.042023,11.28,0.0,256,1952,0,556,liboqs,iot
Dilithium3,keygen,41016,0.041016,11.28,0.0,256,1952,0,557,liboqs,iot
Dilithium3,keygen,40495,0.040495,11.28,0.0,256,1952,0,558,liboqs,iot
Dilithium3,keygen,44117,0.044117,11.28,0.0,256,1952,0,559,liboqs,iot
Dilithium3,keygen,41359,0.041359,11.28,0.0,256,1952,0,560,liboqs,iot
Dilithium3,keygen,42835,0.042835,11.28,0.0,256,1952,0,561,liboqs,iot
Dilithium3,keygen,43489,0.043489,11.28,0.0,256,1952,0,562,liboqs,iot
Dilithium3,keygen,40664,0.040664,11.28,0.0,256,1952,0,563,liboqs,iot
Dilithium3,keygen,41536,0.041536,11.28,0.0,256,1952,0,564,liboqs,iot
Dilithium3,keygen,40916,0.040916,11.28,0.0,256,1952,0,565,liboqs,iot
Dilithium3,keygen,42576,0.042576,11.28,0.0,256,1952,0,566,liboqs,iot
Dilithium3,keygen,40753,0.040753,11.28,0.0,256,1952,0,567,liboqs,iot
Dilithium3,keygen,58080,0.05808,11.28,0.0,256,1952,0,568,liboqs,iot
Dilithium3,keygen,44927,0.044927,11.28,0.0,256,1952,0,569,liboqs,iot
Dilithium3,keygen,41415,0.041415,11.28,0.0,256,1952,0,570,liboqs,iot
Dilithium3,keygen,40966,0.040966,11.28,0.0,256,1952,0,571,liboqs,iot
Dilithium3,keygen,40638,0.040638,11.28,0.0,256,1952,0,572,liboqs,iot
Dilithium3,keygen,42360,0.04236,11.28,0.0,256,1952,0,573,liboqs,iot
Dilithium3,keygen,41092,0.041092,11.28,0.0,256,1952,0,574,liboqs,iot
Dilithium3,keygen,40551,0.040551,11.28,0.0,256,1952,0,575,liboqs,iot
Dilithium3,keygen,41055,0.041055,11.28,0.0,256,1952,0,576,liboqs,iot
Dilithium3,keygen,39430,0.03943,11.28,0.0,256,1952,0,577,liboqs,iot
Dilithium3,keygen,41412,0.041412,11.28,0.0,256,1952,0,578,liboqs,iot
Dilithium3,keygen,40108,0.040108,11.28,0.0,256,1952,0,579,liboqs,iot
Dilithium3,keygen,42585,0.042585,11.28,0.0,256,1952,0,580,liboqs,iot
Dilithium3,keygen,40955,0.040955,11.28,0.0,256,1952,0,581,liboqs,iot
Dilithium3,keygen,39918,0.039918,11.28,0.0,256,1952,0,582,liboqs,iot
Dilithium3,keygen,40286,0.040286,11.28,0.0,256,1952,0,583,liboqs,iot
Dilithium3,keygen,39744,0.039744,11.28,0.0,256,1952,0,584,liboqs,iot
Dilithium3,keygen,40347,0.040347,11.28,0.0,256,1952,0,585,liboqs,iot
Dilithium3,keygen,60975,0.060975,11.28,0.0,256,1952,0,586,liboqs,iot
Dilithium3,keygen,46938,0.046938,11.28,0.0,256,1952,0,587,liboqs,iot
Dilithium3,keygen,42484,0.042484,11.28,0.0,256,1952,0,588,liboqs,iot
Dilithium3,keygen,41736,0.041736,11.28,0.0,256,1952,0,589,liboqs,iot
Dilithium3,keygen,57410,0.05741,11.28,0.0,256,1952,0,590,liboqs,iot
Dilithium3,keygen,44149,0.044149,11.28,0.0,256,1952,0,591,liboqs,iot
Dilithium3,keygen,44428,0.044428,11.28,0.0,256,1952,0,592,liboqs,iot
Dilithium3,keygen,42227,0.042227,11.28,0.0,256,1952,0,593,liboqs,iot
Dilithium3,keygen,41003,0.041003,11.28,0.0,256,1952,0,594,liboqs,iot
Dilithium3,keygen,39951,0.039951,11.28,0.0,256,1952,0,595,liboqs,iot
Dilithium3,keygen,40164,0.040164,11.28,0.0,256,1952,0,596,liboqs,iot
Dilithium3,keygen,39772,0.039772,11.28,0.0,256,1952,0,597,liboqs,iot
Dilithium3,keygen,42195,0.042195,11.28,0.0,256,1952,0,598,liboqs,iot
Dilithium3,keygen,40183,0.040183,11.28,0.0,256,1952,0,599,liboqs,iot
Dilithium3,keygen,40476,0.040476,11.28,0.0,256,1952,0,600,liboqs,iot
Dilithium3,keygen,42403,0.042403,11.28,0.0,256,1952,0,601,liboqs,iot
Dilithium3,keygen,41877,0.041877,11.28,0.0,256,1952,0,602,liboqs,iot
Dilithium3,keygen,40161,0.040161,11.28,0.0,256,1952,0,603,liboqs,iot
Dilithium3,keygen,42057,0.042057,11.28,0.0,256,1952,0,604,liboqs,iot
Dilithium3,keygen,40625,0.040625,11.28,0.0,256,1952,0,605,liboqs,iot
Dilithium3,keygen,52098,0.052098,11.28,0.0,256,1952,0,606,liboqs,iot
Dilithium3,keygen,44035,0.044035,11.28,0.0,256,1952,0,607,liboqs,iot
Dilithium3,keygen,41901,0.041901,11.28,0.0,256,1952,0,608,liboqs,iot
Dilithium3,keygen,42765,0.042765,11.28,0.0,256,1952,0,609,liboqs,iot
Dilithium3,keygen,40016,0.040016,11.28,0.0,256,1952,0,610,liboqs,iot
Dilithium3,keygen,40134,0.040134,11.28,0.0,256,1952,0,611,liboqs,iot
Dilithium3,keygen,56486,0.056486,11.28,0.0,256,1952,0,612,liboqs,iot
Dilithium3,keygen,48961,0.048961,11.28,0.0,256,1952,0,613,liboqs,iot
Dilithium3,keygen,43483,0.043483,11.28,0.0,256,1952,0,614,liboqs,iot
Dilithium3,keygen,41262,0.041262,11.28,0.0,256,1952,0,615,liboqs,iot
Dilithium3,keygen,40216,0.040216,11.28,0.0,256,1952,0,616,liboqs,iot
Dilithium3,keygen,43711,0.043711,11.28,0.0,256,1952,0,617,liboqs,iot
Dilithium3,keygen,39871,0.039871,11.28,0.0,256,1952,0,618,liboqs,iot
Dilithium3,keygen,39083,0.039083,11.28,0.0,256,1952,0,619,liboqs,iot
Dilithium3,keygen,40728,0.040728,11.28,0.0,256,1952,0,620,liboqs,iot
Dilithium3,keygen,42129,0.042129,11.28,0.0,256,1952,0,621,liboqs,iot
Dilithium3,keygen,40498,0.040498,11.28,0.0,256,1952,0,622,liboqs,iot
Dilithium3,keygen,40409,0.040409,11.28,0.0,256,1952,0,623,liboqs,iot
Dilithium3,keygen,41505,0.041505,11.28,0.0,256,1952,0,624,liboqs,iot
Dilithium3,keygen,44211,0.044211,11.28,0.0,256,1952,0,625,liboqs,iot
Dilithium3,keygen,40089,0.040089,11.28,0.0,256,1952,0,626,liboqs,iot
Dilithium3,keygen,39321,0.039321,11.28,0.0,256,1952,0,627,liboqs,iot
Dilithium3,keygen,39946,0.039946,11.28,0.0,256,1952,0,628,liboqs,iot
Dilithium3,keygen,40106,0.040106,11.28,0.0,256,1952,0,629,liboqs,iot
Dilithium3,keygen,63932,0.063932,11.28,0.0,256,1952,0,630,liboqs,iot
Dilithium3,keygen,48700,0.0487,11.28,0.0,256,1952,0,631,liboqs,iot
Dilithium3,keygen,43759,0.043759,11.28,0.0,256,1952,0,632,liboqs,iot
Dilithium3,keygen,42023,0.042023,11.28,0.0,256,1952,0,633,liboqs,iot
Dilithium3,keygen,56042,0.056042,11.28,0.0,256,1952,0,634,liboqs,iot
Dilithium3,keygen,45393,0.045393,11.28,0.0,256,1952,0,635,liboqs,iot
Dilithium3,keygen,42634,0.042634,11.28,0.0,256,1952,0,636,liboqs,iot
Dilithium3,keygen,42032,0.042032,11.28,0.0,256,1952,0,637,liboqs,iot
Dilithium3,keygen,42601,0.042601,11.28,0.0,256,1952,0,638,liboqs,iot
Dilithium3,keygen,40337,0.040337,11.28,0.0,256,1952,0,639,liboqs,iot
Dilithium3,keygen,41421,0.041421,11.28,0.0,256,1952,0,640,liboqs,iot
Dilithium3,keygen,41432,0.041432,11.28,0.0,256,1952,0,641,liboqs,iot
Dilithium3,keygen,40664,0.040664,11.28,0.0,256,1952,0,642,liboqs,iot
Dilithium3,keygen,41414,0.041414,11.28,0.0,256,1952,0,643,liboqs,iot
Dilithium3,keygen,39935,0.039935,11.28,0.0,256,1952,0,644,liboqs,iot
Dilithium3,keygen,39282,0.039282,11.28,0.0,256,1952,0,645,liboqs,iot
Dilithium3,keygen,44954,0.044954,11.28,0.0,256,1952,0,646,liboqs,iot
Dilithium3,keygen,40817,0.040817,11.28,0.0,256,1952,0,647,liboqs,iot
Dilithium3,keygen,40583,0.040583,11.28,0.0,256,1952,0,648,liboqs,iot
Dilithium3,keygen,41276,0.041276,11.28,0.0,256,1952,0,649,liboqs,iot
Dilithium3,keygen,39845,0.039845,11.28,0.0,256,1952,0,650,liboqs,iot
Dilithium3,keygen,40701,0.040701,11.28,0.0,256,1952,0,651,liboqs,iot
Dilithium3,keygen,40009,0.040009,11.28,0.0,256,1952,0,652,liboqs,iot
Dilithium3,keygen,42626,0.042626,11.28,0.0,256,1952,0,653,liboqs,iot
Dilithium3,keygen,41941,0.041941,11.28,0.0,256,1952,0,654,liboqs,iot
Dilithium3,keygen,40395,0.040395,11.28,0.0,256,1952,0,655,liboqs,iot
Dilithium3,keygen,56532,0.056532,11.28,0.0,256,1952,0,656,liboqs,iot
Dilithium3,keygen,47124,0.047124,11.28,0.0,256,1952,0,657,liboqs,iot
Dilithium3,keygen,45260,0.04526,11.28,0.0,256,1952,0,658,liboqs,iot
Dilithium3,keygen,41611,0.041611,11.28,0.0,256,1952,0,659,liboqs,iot
Dilithium3,keygen,42840,0.04284,11.28,0.0,256,1952,0,660,liboqs,iot
Dilithium3,keygen,41694,0.041694,11.28,0.0,256,1952,0,661,liboqs,iot
Dilithium3,keygen,41597,0.041597,11.28,0.0,256,1952,0,662,liboqs,iot
Dilithium3,keygen,44717,0.044717,11.28,0.0,256,1952,0,663,liboqs,iot
Dilithium3,keygen,42527,0.042527,11.28,0.0,256,1952,0,664,liboqs,iot
Dilithium3,keygen,40197,0.040197,11.28,0.0,256,1952,0,665,liboqs,iot
Dilithium3,keygen,41939,0.041939,11.28,0.0,256,1952,0,666,liboqs,iot
Dilithium3,keygen,41401,0.041401,11.28,0.0,256,1952,0,667,liboqs,iot
Dilithium3,keygen,39923,0.039923,11.28,0.0,256,1952,0,668,liboqs,iot
Dilithium3,keygen,41604,0.041604,11.28,0.0,256,1952,0,669,liboqs,iot
Dilithium3,keygen,40270,0.04027,11.28,0.0,256,1952,0,670,liboqs,iot
Dilithium3,keygen,40727,0.040727,11.28,0.0,256,1952,0,671,liboqs,iot
Dilithium3,keygen,63901,0.063901,11.28,0.0,256,1952,0,672,liboqs,iot
Dilithium3,keygen,48011,0.048011,11.28,0.0,256,1952,0,673,liboqs,iot
Dilithium3,keygen,42931,0.042931,11.28,0.0,256,1952,0,674,liboqs,iot
Dilithium3,keygen,42138,0.042138,11.28,0.0,256,1952,0,675,liboqs,iot
Dilithium3,keygen,40357,0.040357,11.28,0.0,256,1952,0,676,liboqs,iot
Dilithium3,keygen,40548,0.040548,11.28,0.0,256,1952,0,677,liboqs,iot
Dilithium3,keygen,52521,0.052521,11.28,0.0,256,1952,0,678,liboqs,iot
Dilithium3,keygen,44126,0.044126,11.28,0.0,256,1952,0,679,liboqs,iot
Dilithium3,keygen,42020,0.04202,11.28,0.0,256,1952,0,680,liboqs,iot
Dilithium3,keygen,40539,0.040539,11.28,0.0,256,1952,0,681,liboqs,iot
Dilithium3,keygen,39859,0.039859,11.28,0.0,256,1952,0,682,liboqs,iot
Dilithium3,keygen,40117,0.040117,11.28,0.0,256,1952,0,683,liboqs,iot
Dilithium3,keygen,39515,0.039515,11.28,0.0,256,1952,0,684,liboqs,iot
Dilithium3,keygen,39739,0.039739,11.28,0.0,256,1952,0,685,liboqs,iot
Dilithium3,keygen,41029,0.041029,11.28,0.0,256,1952,0,686,liboqs,iot
Dilithium3,keygen,39738,0.039738,11.28,0.0,256,1952,0,687,liboqs,iot
Dilithium3,keygen,40453,0.040453,11.28,0.0,256,1952,0,688,liboqs,iot
Dilithium3,keygen,39260,0.03926,11.28,0.0,256,1952,0,689,liboqs,iot
Dilithium3,keygen,41018,0.041018,11.28,0.0,256,1952,0,690,liboqs,iot
Dilithium3,keygen,39230,0.03923,11.28,0.0,256,1952,0,691,liboqs,iot
Dilithium3,keygen,39870,0.03987,11.28,0.0,256,1952,0,692,liboqs,iot
Dilithium3,keygen,40218,0.040218,11.28,0.0,256,1952,0,693,liboqs,iot
Dilithium3,keygen,39601,0.039601,11.28,0.0,256,1952,0,694,liboqs,iot
Dilithium3,keygen,47059,0.047059,11.28,0.0,256,1952,0,695,liboqs,iot
Dilithium3,keygen,42300,0.0423,11.28,0.0,256,1952,0,696,liboqs,iot
Dilithium3,keygen,41344,0.041344,11.28,0.0,256,1952,0,697,liboqs,iot
Dilithium3,keygen,40731,0.040731,11.28,0.0,256,1952,0,698,liboqs,iot
Dilithium3,keygen,39008,0.039008,11.28,0.0,256,1952,0,699,liboqs,iot
Dilithium3,keygen,40712,0.040712,11.28,0.0,256,1952,0,700,liboqs,iot
Dilithium3,keygen,53662,0.053662,11.28,0.0,256,1952,0,701,liboqs,iot
Dilithium3,keygen,55297,0.055297,11.28,0.0,256,1952,0,702,liboqs,iot
Dilithium3,keygen,51401,0.051401,11.28,0.0,256,1952,0,703,liboqs,iot
Dilithium3,keygen,43333,0.043333,11.28,0.0,256,1952,0,704,liboqs,iot
Dilithium3,keygen,44148,0.044148,11.28,0.0,256,1952,0,705,liboqs,iot
Dilithium3,keygen,41615,0.041615,11.28,0.0,256,1952,0,706,liboqs,iot
Dilithium3,keygen,40328,0.040328,11.28,0.0,256,1952,0,707,liboqs,iot
Dilithium3,keygen,40614,0.040614,11.28,0.0,256,1952,0,708,liboqs,iot
Dilithium3,keygen,39803,0.039803,11.28,0.0,256,1952,0,709,liboqs,iot
Dilithium3,keygen,41256,0.041256,11.28,0.0,256,1952,0,710,liboqs,iot
Dilithium3,keygen,39345,0.039345,11.28,0.0,256,1952,0,711,liboqs,iot
Dilithium3,keygen,40932,0.040932,11.28,0.0,256,1952,0,712,liboqs,iot
Dilithium3,keygen,40388,0.040388,11.28,0.0,256,1952,0,713,liboqs,iot
Dilithium3,keygen,38991,0.038991,11.28,0.0,256,1952,0,714,liboqs,iot
Dilithium3,keygen,39101,0.039101,11.28,0.0,256,1952,0,715,liboqs,iot
Dilithium3,keygen,46683,0.046683,11.28,0.0,256,1952,0,716,liboqs,iot
Dilithium3,keygen,64419,0.064419,11.28,0.0,256,1952,0,717,liboqs,iot
Dilithium3,keygen,47416,0.047416,11.28,0.0,256,1952,0,718,liboqs,iot
Dilithium3,keygen,43269,0.043269,11.28,0.0,256,1952,0,719,liboqs,iot
Dilithium3,keygen,41668,0.041668,11.28,0.0,256,1952,0,720,liboqs,iot
Dilithium3,keygen,39712,0.039712,11.28,0.0,256,1952,0,721,liboqs,iot
Dilithium3,keygen,221113,0.221113,11.28,0.0,256,1952,0,722,liboqs,iot
Dilithium3,keygen,84503,0.084503,11.28,0.0,256,1952,0,723,liboqs,iot
Dilithium3,keygen,49474,0.049474,11.28,0.0,256,1952,0,724,liboqs,iot
Dilithium3,keygen,47821,0.047821,11.28,0.0,256,1952,0,725,liboqs,iot
Dilithium3,keygen,41614,0.041614,11.28,0.0,256,1952,0,726,liboqs,iot
Dilithium3,keygen,40404,0.040404,11.28,0.0,256,1952,0,727,liboqs,iot
Dilithium3,keygen,44043,0.044043,11.28,0.0,256,1952,0,728,liboqs,iot
Dilithium3,keygen,39619,0.039619,11.28,0.0,256,1952,0,729,liboqs,iot
Dilithium3,keygen,39728,0.039728,11.28,0.0,256,1952,0,730,liboqs,iot
Dilithium3,keygen,40349,0.040349,11.28,0.0,256,1952,0,731,liboqs,iot
Dilithium3,keygen,39854,0.039854,11.28,0.0,256,1952,0,732,liboqs,iot
Dilithium3,keygen,39271,0.039271,11.28,0.0,256,1952,0,733,liboqs,iot
Dilithium3,keygen,39150,0.03915,11.28,0.0,256,1952,0,734,liboqs,iot
Dilithium3,keygen,39927,0.039927,11.28,0.0,256,1952,0,735,liboqs,iot
Dilithium3,keygen,41007,0.041007,11.28,0.0,256,1952,0,736,liboqs,iot
Dilithium3,keygen,39628,0.039628,11.28,0.0,256,1952,0,737,liboqs,iot
Dilithium3,keygen,205737,0.205737,16.01,0.0,256,1952,0,738,liboqs,iot
Dilithium3,keygen,55489,0.055489,13.43,0.0,256,1952,0,739,liboqs,iot
Dilithium3,keygen,43199,0.043199,11.22,0.0,256,1952,0,740,liboqs,iot
Dilithium3,keygen,41849,0.041849,11.22,0.0,256,1952,0,741,liboqs,iot
Dilithium3,keygen,41436,0.041436,11.28,0.0,256,1952,0,742,liboqs,iot
Dilithium3,keygen,40384,0.040384,11.28,0.0,256,1952,0,743,liboqs,iot
Dilithium3,keygen,40352,0.040352,11.28,0.0,256,1952,0,744,liboqs,iot
Dilithium3,keygen,42166,0.042166,11.28,0.0,256,1952,0,745,liboqs,iot
Dilithium3,keygen,40600,0.0406,11.28,0.0,256,1952,0,746,liboqs,iot
Dilithium3,keygen,39713,0.039713,11.28,0.0,256,1952,0,747,liboqs,iot
Dilithium3,keygen,40292,0.040292,11.28,0.0,256,1952,0,748,liboqs,iot
Dilithium3,keygen,39081,0.039081,11.28,0.0,256,1952,0,749,liboqs,iot
Dilithium3,keygen,39368,0.039368,11.28,0.0,256,1952,0,750,liboqs,iot
Dilithium3,keygen,39457,0.039457,11.28,0.0,256,1952,0,751,liboqs,iot
Dilithium3,keygen,42643,0.042643,11.28,0.0,256,1952,0,752,liboqs,iot
Dilithium3,keygen,39479,0.039479,11.28,0.0,256,1952,0,753,liboqs,iot
Dilithium3,keygen,39749,0.039749,11.28,0.0,256,1952,0,754,liboqs,iot
Dilithium3,keygen,56273,0.056273,11.28,0.0,256,1952,0,755,liboqs,iot
Dilithium3,keygen,46882,0.046882,11.28,0.0,256,1952,0,756,liboqs,iot
Dilithium3,keygen,40657,0.040657,11.28,0.0,256,1952,0,757,liboqs,iot
Dilithium3,keygen,40203,0.040203,11.28,0.0,256,1952,0,758,liboqs,iot
Dilithium3,keygen,39260,0.03926,11.28,0.0,256,1952,0,759,liboqs,iot
Dilithium3,keygen,70744,0.070744,11.28,0.0,256,1952,0,760,liboqs,iot
Dilithium3,keygen,50392,0.050392,11.28,0.0,256,1952,0,761,liboqs,iot
Dilithium3,keygen,42353,0.042353,11.28,0.0,256,1952,0,762,liboqs,iot
Dilithium3,keygen,40800,0.0408,11.28,0.0,256,1952,0,763,liboqs,iot
Dilithium3,keygen,44400,0.0444,11.28,0.0,256,1952,0,764,liboqs,iot
Dilithium3,keygen,39782,0.039782,11.28,0.0,256,1952,0,765,liboqs,iot
Dilithium3,keygen,41557,0.041557,11.28,0.0,256,1952,0,766,liboqs,iot
Dilithium3,keygen,39699,0.039699,11.28,0.0,256,1952,0,767,liboqs,iot
Dilithium3,keygen,41510,0.04151,11.28,0.0,256,1952,0,768,liboqs,iot
Dilithium3,keygen,39910,0.03991,11.28,0.0,256,1952,0,769,liboqs,iot
Dilithium3,keygen,41783,0.041783,11.28,0.0,256,1952,0,770,liboqs,iot
Dilithium3,keygen,40638,0.040638,11.28,0.0,256,1952,0,771,liboqs,iot
Dilithium3,keygen,39764,0.039764,11.28,0.0,256,1952,0,772,liboqs,iot
Dilithium3,keygen,40477,0.040477,11.28,0.0,256,1952,0,773,liboqs,iot
Dilithium3,keygen,39669,0.039669,11.28,0.0,256,1952,0,774,liboqs,iot
Dilithium3,keygen,40205,0.040205,11.28,0.0,256,1952,0,775,liboqs,iot
Dilithium3,keygen,72180,0.07218,11.28,0.0,256,1952,0,776,liboqs,iot
Dilithium3,keygen,46923,0.046923,11.28,0.0,256,1952,0,777,liboqs,iot
Dilithium3,keygen,42432,0.042432,11.28,0.0,256,1952,0,778,liboqs,iot
Dilithium3,keygen,40404,0.040404,11.28,0.0,256,1952,0,779,liboqs,iot
Dilithium3,keygen,40935,0.040935,11.28,0.0,256,1952,0,780,liboqs,iot
Dilithium3,keygen,39604,0.039604,11.28,0.0,256,1952,0,781,liboqs,iot
Dilithium3,keygen,40674,0.040674,11.28,0.0,256,1952,0,782,liboqs,iot
Dilithium3,keygen,39398,0.039398,11.28,0.0,256,1952,0,783,liboqs,iot
Dilithium3,keygen,42108,0.042108,11.28,0.0,256,1952,0,784,liboqs,iot
Dilithium3,keygen,41602,0.041602,11.28,0.0,256,1952,0,785,liboqs,iot
Dilithium3,keygen,39506,0.039506,11.28,0.0,256,1952,0,786,liboqs,iot
Dilithium3,keygen,40366,0.040366,11.28,0.0,256,1952,0,787,liboqs,iot
Dilithium3,keygen,39811,0.039811,11.28,0.0,256,1952,0,788,liboqs,iot
Dilithium3,keygen,40071,0.040071,11.28,0.0,256,1952,0,789,liboqs,iot
Dilithium3,keygen,39938,0.039938,11.28,0.0,256,1952,0,790,liboqs,iot
Dilithium3,keygen,40531,0.040531,11.28,0.0,256,1952,0,791,liboqs,iot
Dilithium3,keygen,39842,0.039842,11.28,0.0,256,1952,0,792,liboqs,iot
Dilithium3,keygen,41405,0.041405,11.28,0.0,256,1952,0,793,liboqs,iot
Dilithium3,keygen,41636,0.041636,11.28,0.0,256,1952,0,794,liboqs,iot
Dilithium3,keygen,39245,0.039245,11.28,0.0,256,1952,0,795,liboqs,iot
Dilithium3,keygen,40104,0.040104,11.28,0.0,256,1952,0,796,liboqs,iot
Dilithium3,keygen,42069,0.042069,11.28,0.0,256,1952,0,797,liboqs,iot
Dilithium3,keygen,39765,0.039765,11.28,0.0,256,1952,0,798,liboqs,iot
Dilithium3,keygen,40717,0.040717,11.28,0.0,256,1952,0,799,liboqs,iot
Dilithium3,keygen,54835,0.054835,11.28,0.0,256,1952,0,800,liboqs,iot
Dilithium3,keygen,44489,0.044489,11.28,0.0,256,1952,0,801,liboqs,iot
Dilithium3,keygen,41214,0.041214,11.28,0.0,256,1952,0,802,liboqs,iot
Dilithium3,keygen,63858,0.063858,11.28,0.0,256,1952,0,803,liboqs,iot
Dilithium3,keygen,49865,0.049865,11.28,0.0,256,1952,0,804,liboqs,iot
Dilithium3,keygen,42390,0.04239,11.28,0.0,256,1952,0,805,liboqs,iot
Dilithium3,keygen,41794,0.041794,11.28,0.0,256,1952,0,806,liboqs,iot
Dilithium3,keygen,40101,0.040101,11.28,0.0,256,1952,0,807,liboqs,iot
Dilithium3,keygen,40616,0.040616,11.28,0.0,256,1952,0,808,liboqs,iot
Dilithium3,keygen,39371,0.039371,11.28,0.0,256,1952,0,809,liboqs,iot
Dilithium3,keygen,41693,0.041693,11.28,0.0,256,1952,0,810,liboqs,iot
Dilithium3,keygen,39440,0.03944,11.28,0.0,256,1952,0,811,liboqs,iot
Dilithium3,keygen,39981,0.039981,11.28,0.0,256,1952,0,812,liboqs,iot
Dilithium3,keygen,41774,0.041774,11.28,0.0,256,1952,0,813,liboqs,iot
Dilithium3,keygen,39516,0.039516,11.28,0.0,256,1952,0,814,liboqs,iot
Dilithium3,keygen,40552,0.040552,11.28,0.0,256,1952,0,815,liboqs,iot
Dilithium3,keygen,39826,0.039826,11.28,0.0,256,1952,0,816,liboqs,iot
Dilithium3,keygen,41129,0.041129,11.28,0.0,256,1952,0,817,liboqs,iot
Dilithium3,keygen,39931,0.039931,11.28,0.0,256,1952,0,818,liboqs,iot
Dilithium3,keygen,40441,0.040441,11.28,0.0,256,1952,0,819,liboqs,iot
Dilithium3,keygen,40227,0.040227,11.28,0.0,256,1952,0,820,liboqs,iot
Dilithium3,keygen,41481,0.041481,11.28,0.0,256,1952,0,821,liboqs,iot
Dilithium3,keygen,41231,0.041231,11.28,0.0,256,1952,0,822,liboqs,iot
Dilithium3,keygen,39597,0.039597,11.28,0.0,256,1952,0,823,liboqs,iot
Dilithium3,keygen,40298,0.040298,11.28,0.0,256,1952,0,824,liboqs,iot
Dilithium3,keygen,40399,0.040399,11.28,0.0,256,1952,0,825,liboqs,iot
Dilithium3,keygen,39262,0.039262,11.28,0.0,256,1952,0,826,liboqs,iot
Dilithium3,keygen,40253,0.040253,11.28,0.0,256,1952,0,827,liboqs,iot
Dilithium3,keygen,39390,0.03939,11.28,0.0,256,1952,0,828,liboqs,iot
Dilithium3,keygen,47927,0.047927,11.28,0.0,256,1952,0,829,liboqs,iot
Dilithium3,keygen,44202,0.044202,11.28,0.0,256,1952,0,830,liboqs,iot
Dilithium3,keygen,42846,0.042846,11.28,0.0,256,1952,0,831,liboqs,iot
Dilithium3,keygen,41740,0.04174,11.28,0.0,256,1952,0,832,liboqs,iot
Dilithium3,keygen,40166,0.040166,11.28,0.0,256,1952,0,833,liboqs,iot
Dilithium3,keygen,39477,0.039477,11.28,0.0,256,1952,0,834,liboqs,iot
Dilithium3,keygen,39314,0.039314,11.28,0.0,256,1952,0,835,liboqs,iot
Dilithium3,keygen,39757,0.039757,11.28,0.0,256,1952,0,836,liboqs,iot
Dilithium3,keygen,40466,0.040466,11.28,0.0,256,1952,0,837,liboqs,iot
Dilithium3,keygen,40567,0.040567,11.28,0.0,256,1952,0,838,liboqs,iot
Dilithium3,keygen,38926,0.038926,11.28,0.0,256,1952,0,839,liboqs,iot
Dilithium3,keygen,38799,0.038799,11.28,0.0,256,1952,0,840,liboqs,iot
Dilithium3,keygen,38664,0.038664,11.28,0.0,256,1952,0,841,liboqs,iot
Dilithium3,keygen,40325,0.040325,11.28,0.0,256,1952,0,842,liboqs,iot
Dilithium3,keygen,38646,0.038646,11.28,0.0,256,1952,0,843,liboqs,iot
Dilithium3,keygen,39438,0.039438,11.28,0.0,256,1952,0,844,liboqs,iot
Dilithium3,keygen,48376,0.048376,11.28,0.0,256,1952,0,845,liboqs,iot
Dilithium3,keygen,62052,0.062052,11.28,0.0,256,1952,0,846,liboqs,iot
Dilithium3,keygen,48589,0.048589,11.28,0.0,256,1952,0,847,liboqs,iot
Dilithium3,keygen,42031,0.042031,11.28,0.0,256,1952,0,848,liboqs,iot
Dilithium3,keygen,41685,0.041685,11.28,0.0,256,1952,0,849,liboqs,iot
Dilithium3,keygen,39570,0.03957,11.28,0.0,256,1952,0,850,liboqs,iot
Dilithium3,keygen,65139,0.065139,11.28,0.0,256,1952,0,851,liboqs,iot
Dilithium3,keygen,44878,0.044878,11.28,0.0,256,1952,0,852,liboqs,iot
Dilithium3,keygen,42491,0.042491,11.28,0.0,256,1952,0,853,liboqs,iot
Dilithium3,keygen,53620,0.05362,11.28,0.0,256,1952,0,854,liboqs,iot
Dilithium3,keygen,46351,0.046351,11.28,0.0,256,1952,0,855,liboqs,iot
Dilithium3,keygen,40651,0.040651,11.28,0.0,256,1952,0,856,liboqs,iot
Dilithium3,keygen,41380,0.04138,11.28,0.0,256,1952,0,857,liboqs,iot
Dilithium3,keygen,39741,0.039741,11.28,0.0,256,1952,0,858,liboqs,iot
Dilithium3,keygen,39963,0.039963,11.28,0.0,256,1952,0,859,liboqs,iot
Dilithium3,keygen,39269,0.039269,11.28,0.0,256,1952,0,860,liboqs,iot
Dilithium3,keygen,41491,0.041491,11.28,0.0,256,1952,0,861,liboqs,iot
Dilithium3,keygen,41026,0.041026,11.28,0.0,256,1952,0,862,liboqs,iot
Dilithium3,keygen,39685,0.039685,11.28,0.0,256,1952,0,863,liboqs,iot
Dilithium3,keygen,58713,0.058713,11.28,0.0,256,1952,0,864,liboqs,iot
Dilithium3,keygen,44528,0.044528,11.28,0.0,256,1952,0,865,liboqs,iot
Dilithium3,keygen,40100,0.0401,11.28,0.0,256,1952,0,866,liboqs,iot
Dilithium3,keygen,41491,0.041491,11.28,0.0,256,1952,0,867,liboqs,iot
Dilithium3,keygen,39597,0.039597,11.28,0.0,256,1952,0,868,liboqs,iot
Dilithium3,keygen,40481,0.040481,11.28,0.0,256,1952,0,869,liboqs,iot
Dilithium3,keygen,39210,0.03921,11.28,0.0,256,1952,0,870,liboqs,iot
Dilithium3,keygen,39987,0.039987,11.28,0.0,256,1952,0,871,liboqs,iot
Dilithium3,keygen,40473,0.040473,11.28,0.0,256,1952,0,872,liboqs,iot
Dilithium3,keygen,38817,0.038817,11.28,0.0,256,1952,0,873,liboqs,iot
Dilithium3,keygen,39244,0.039244,11.28,0.0,256,1952,0,874,liboqs,iot
Dilithium3,keygen,38898,0.038898,11.28,0.0,256,1952,0,875,liboqs,iot
Dilithium3,keygen,38838,0.038838,11.28,0.0,256,1952,0,876,liboqs,iot
Dilithium3,keygen,39024,0.039024,11.28,0.0,256,1952,0,877,liboqs,iot
Dilithium3,keygen,39197,0.039197,11.28,0.0,256,1952,0,878,liboqs,iot
Dilithium3,keygen,41357,0.041357,11.28,0.0,256,1952,0,879,liboqs,iot
Dilithium3,keygen,39839,0.039839,11.28,0.0,256,1952,0,880,liboqs,iot
Dilithium3,keygen,39575,0.039575,11.28,0.0,256,1952,0,881,liboqs,iot
Dilithium3,keygen,38976,0.038976,11.28,0.0,256,1952,0,882,liboqs,iot
Dilithium3,keygen,40282,0.040282,11.28,0.0,256,1952,0,883,liboqs,iot
Dilithium3,keygen,52131,0.052131,11.28,0.0,256,1952,0,884,liboqs,iot
Dilithium3,keygen,46062,0.046062,11.28,0.0,256,1952,0,885,liboqs,iot
Dilithium3,keygen,42519,0.042519,11.28,0.0,256,1952,0,886,liboqs,iot
Dilithium3,keygen,40330,0.04033,11.28,0.0,256,1952,0,887,liboqs,iot
Dilithium3,keygen,39762,0.039762,11.28,0.0,256,1952,0,888,liboqs,iot
Dilithium3,keygen,40288,0.040288,11.28,0.0,256,1952,0,889,liboqs,iot
Dilithium3,keygen,40720,0.04072,11.28,0.0,256,1952,0,890,liboqs,iot
Dilithium3,keygen,48909,0.048909,11.28,0.0,256,1952,0,891,liboqs,iot
Dilithium3,keygen,44259,0.044259,11.28,0.0,256,1952,0,892,liboqs,iot
Dilithium3,keygen,40131,0.040131,11.28,0.0,256,1952,0,893,liboqs,iot
Dilithium3,keygen,41156,0.041156,11.28,0.0,256,1952,0,894,liboqs,iot
Dilithium3,keygen,40072,0.040072,11.28,0.0,256,1952,0,895,liboqs,iot
Dilithium3,keygen,40969,0.040969,11.28,0.0,256,1952,0,896,liboqs,iot
Dilithium3,keygen,40029,0.040029,11.28,0.0,256,1952,0,897,liboqs,iot
Dilithium3,keygen,39497,0.039497,11.28,0.0,256,1952,0,898,liboqs,iot
Dilithium3,keygen,41584,0.041584,11.28,0.0,256,1952,0,899,liboqs,iot
Dilithium3,keygen,39840,0.03984,11.28,0.0,256,1952,0,900,liboqs,iot
Dilithium3,keygen,41923,0.041923,11.28,0.0,256,1952,0,901,liboqs,iot
Dilithium3,keygen,39516,0.039516,11.28,0.0,256,1952,0,902,liboqs,iot
Dilithium3,keygen,40159,0.040159,11.28,0.0,256,1952,0,903,liboqs,iot
Dilithium3,keygen,40168,0.040168,11.28,0.0,256,1952,0,904,liboqs,iot
Dilithium3,keygen,39126,0.039126,11.28,0.0,256,1952,0,905,liboqs,iot
Dilithium3,keygen,39972,0.039972,11.28,0.0,256,1952,0,906,liboqs,iot
Dilithium3,keygen,39146,0.039146,11.28,0.0,256,1952,0,907,liboqs,iot
Dilithium3,keygen,41818,0.041818,11.28,0.0,256,1952,0,908,liboqs,iot
Dilithium3,keygen,40724,0.040724,11.28,0.0,256,1952,0,909,liboqs,iot
Dilithium3,keygen,39010,0.03901,11.28,0.0,256,1952,0,910,liboqs,iot
Dilithium3,keygen,40060,0.04006,11.28,0.0,256,1952,0,911,liboqs,iot
Dilithium3,keygen,39389,0.039389,11.28,0.0,256,1952,0,912,liboqs,iot
Dilithium3,keygen,40574,0.040574,11.28,0.0,256,1952,0,913,liboqs,iot
Dilithium3,keygen,39193,0.039193,11.28,0.0,256,1952,0,914,liboqs,iot
Dilithium3,keygen,40914,0.040914,11.28,0.0,256,1952,0,915,liboqs,iot
Dilithium3,keygen,40469,0.040469,11.28,0.0,256,1952,0,916,liboqs,iot
Dilithium3,keygen,39819,0.039819,11.28,0.0,256,1952,0,917,liboqs,iot
Dilithium3,keygen,40128,0.040128,11.28,0.0,256,1952,0,918,liboqs,iot
Dilithium3,keygen,38798,0.038798,11.28,0.0,256,1952,0,919,liboqs,iot
Dilithium3,keygen,39651,0.039651,11.28,0.0,256,1952,0,920,liboqs,iot
Dilithium3,keygen,38867,0.038867,11.28,0.0,256,1952,0,921,liboqs,iot
Dilithium3,keygen,42229,0.042229,11.28,0.0,256,1952,0,922,liboqs,iot
Dilithium3,keygen,39473,0.039473,11.28,0.0,256,1952,0,923,liboqs,iot
Dilithium3,keygen,49870,0.04987,11.28,0.0,256,1952,0,924,liboqs,iot
Dilithium3,keygen,45573,0.045573,11.28,0.0,256,1952,0,925,liboqs,iot
Dilithium3,keygen,41809,0.041809,11.28,0.0,256,1952,0,926,liboqs,iot
Dilithium3,keygen,40916,0.040916,11.28,0.0,256,1952,0,927,liboqs,iot
Dilithium3,keygen,41133,0.041133,11.28,0.0,256,1952,0,928,liboqs,iot
Dilithium3,keygen,39977,0.039977,11.28,0.0,256,1952,0,929,liboqs,iot
Dilithium3,keygen,40358,0.040358,11.28,0.0,256,1952,0,930,liboqs,iot
Dilithium3,keygen,55447,0.055447,11.28,0.0,256,1952,0,931,liboqs,iot
Dilithium3,keygen,47685,0.047685,11.28,0.0,256,1952,0,932,liboqs,iot
Dilithium3,keygen,44150,0.04415,11.28,0.0,256,1952,0,933,liboqs,iot
Dilithium3,keygen,43407,0.043407,11.28,0.0,256,1952,0,934,liboqs,iot
Dilithium3,keygen,40409,0.040409,11.28,0.0,256,1952,0,935,liboqs,iot
Dilithium3,keygen,40653,0.040653,11.28,0.0,256,1952,0,936,liboqs,iot
Dilithium3,keygen,40837,0.040837,11.28,0.0,256,1952,0,937,liboqs,iot
Dilithium3,keygen,39628,0.039628,11.28,0.0,256,1952,0,938,liboqs,iot
Dilithium3,keygen,40326,0.040326,11.28,0.0,256,1952,0,939,liboqs,iot
Dilithium3,keygen,39739,0.039739,11.28,0.0,256,1952,0,940,liboqs,iot
Dilithium3,keygen,39397,0.039397,11.28,0.0,256,1952,0,941,liboqs,iot
Dilithium3,keygen,40539,0.040539,11.28,0.0,256,1952,0,942,liboqs,iot
Dilithium3,keygen,40810,0.04081,11.28,0.0,256,1952,0,943,liboqs,iot
Dilithium3,keygen,39260,0.03926,11.28,0.0,256,1952,0,944,liboqs,iot
Dilithium3,keygen,40101,0.040101,11.28,0.0,256,1952,0,945,liboqs,iot
Dilithium3,keygen,39104,0.039104,11.28,0.0,256,1952,0,946,liboqs,iot
Dilithium3,keygen,41438,0.041438,11.28,0.0,256,1952,0,947,liboqs,iot
Dilithium3,keygen,41024,0.041024,11.28,0.0,256,1952,0,948,liboqs,iot
Dilithium3,keygen,38780,0.03878,11.28,0.0,256,1952,0,949,liboqs,iot
Dilithium3,keygen,40143,0.040143,11.28,0.0,256,1952,0,950,liboqs,iot
Dilithium3,keygen,40215,0.040215,11.28,0.0,256,1952,0,951,liboqs,iot
Dilithium3,keygen,39189,0.039189,11.28,0.0,256,1952,0,952,liboqs,iot
Dilithium3,keygen,39027,0.039027,11.28,0.0,256,1952,0,953,liboqs,iot
Dilithium3,keygen,39174,0.039174,11.28,0.0,256,1952,0,954,liboqs,iot
Dilithium3,keygen,39061,0.039061,11.28,0.0,256,1952,0,955,liboqs,iot
Dilithium3,keygen,59624,0.059624,11.28,0.0,256,1952,0,956,liboqs,iot
Dilithium3,keygen,45238,0.045238,11.28,0.0,256,1952,0,957,liboqs,iot
Dilithium3,keygen,41103,0.041103,11.28,0.0,256,1952,0,958,liboqs,iot
Dilithium3,keygen,40679,0.040679,11.28,0.0,256,1952,0,959,liboqs,iot
Dilithium3,keygen,40232,0.040232,11.28,0.0,256,1952,0,960,liboqs,iot
Dilithium3,keygen,39355,0.039355,11.28,0.0,256,1952,0,961,liboqs,iot
Dilithium3,keygen,39590,0.03959,11.28,0.0,256,1952,0,962,liboqs,iot
Dilithium3,keygen,39253,0.039253,11.28,0.0,256,1952,0,963,liboqs,iot
Dilithium3,keygen,41415,0.041415,11.28,0.0,256,1952,0,964,liboqs,iot
Dilithium3,keygen,41831,0.041831,11.28,0.0,256,1952,0,965,liboqs,iot
Dilithium3,keygen,39175,0.039175,11.28,0.0,256,1952,0,966,liboqs,iot
Dilithium3,keygen,39446,0.039446,11.28,0.0,256,1952,0,967,liboqs,iot
Dilithium3,keygen,40555,0.040555,11.28,0.0,256,1952,0,968,liboqs,iot
Dilithium3,keygen,39197,0.039197,11.28,0.0,256,1952,0,969,liboqs,iot
Dilithium3,keygen,53556,0.053556,11.28,0.0,256,1952,0,970,liboqs,iot
Dilithium3,keygen,43797,0.043797,11.28,0.0,256,1952,0,971,liboqs,iot
Dilithium3,keygen,40448,0.040448,11.28,0.0,256,1952,0,972,liboqs,iot
Dilithium3,keygen,40994,0.040994,11.28,0.0,256,1952,0,973,liboqs,iot
Dilithium3,keygen,41662,0.041662,11.28,0.0,256,1952,0,974,liboqs,iot
Dilithium3,keygen,40743,0.040743,11.28,0.0,256,1952,0,975,liboqs,iot
Dilithium3,keygen,39778,0.039778,11.28,0.0,256,1952,0,976,liboqs,iot
Dilithium3,keygen,38833,0.038833,11.28,0.0,256,1952,0,977,liboqs,iot
Dilithium3,keygen,39265,0.039265,11.28,0.0,256,1952,0,978,liboqs,iot
Dilithium3,keygen,56583,0.056583,11.28,0.0,256,1952,0,979,liboqs,iot
Dilithium3,keygen,48274,0.048274,11.28,0.0,256,1952,0,980,liboqs,iot
Dilithium3,keygen,41603,0.041603,11.28,0.0,256,1952,0,981,liboqs,iot
Dilithium3,keygen,40561,0.040561,11.28,0.0,256,1952,0,982,liboqs,iot
Dilithium3,keygen,41436,0.041436,11.28,0.0,256,1952,0,983,liboqs,iot
Dilithium3,keygen,40875,0.040875,11.28,0.0,256,1952,0,984,liboqs,iot
Dilithium3,keygen,39462,0.039462,11.28,0.0,256,1952,0,985,liboqs,iot
Dilithium3,keygen,41258,0.041258,11.28,0.0,256,1952,0,986,liboqs,iot
Dilithium3,keygen,39298,0.039298,11.28,0.0,256,1952,0,987,liboqs,iot
Dilithium3,keygen,39024,0.039024,11.28,0.0,256,1952,0,988,liboqs,iot
Dilithium3,keygen,40114,0.040114,11.28,0.0,256,1952,0,989,liboqs,iot
Dilithium3,keygen,40444,0.040444,11.28,0.0,256,1952,0,990,liboqs,iot
Dilithium3,keygen,39323,0.039323,11.28,0.0,256,1952,0,991,liboqs,iot
Dilithium3,keygen,40487,0.040487,11.28,0.0,256,1952,0,992,liboqs,iot
Dilithium3,keygen,39193,0.039193,11.28,0.0,256,1952,0,993,liboqs,iot
Dilithium3,keygen,39142,0.039142,11.28,0.0,256,1952,0,994,liboqs,iot
Dilithium3,keygen,38751,0.038751,11.28,0.0,256,1952,0,995,liboqs,iot
Dilithium3,keygen,38988,0.038988,11.28,0.0,256,1952,0,996,liboqs,iot
Dilithium3,keygen,40407,0.040407,11.28,0.0,256,1952,0,997,liboqs,iot
Dilithium3,keygen,39012,0.039012,11.28,0.0,256,1952,0,998,liboqs,iot
Dilithium3,keygen,39364,0.039364,11.28,0.0,256,1952,0,999,liboqs,iot
Dilithium3,sign,85930,0.08593,14.89,0.0,256,1952,3309,0,liboqs,iot
Dilithium3,sign,72784,0.072784,12.37,0.0,256,1952,3309,1,liboqs,iot
Dilithium3,sign,117645,0.117645,12.37,0.0,256,1952,3309,2,liboqs,iot
Dilithium3,sign,81504,0.081504,12.62,0.0,256,1952,3309,3,liboqs,iot
Dilithium3,sign,78470,0.07847,12.43,0.0,256,1952,3309,4,liboqs,iot
Dilithium3,sign,98026,0.098026,12.43,0.0,256,1952,3309,5,liboqs,iot
Dilithium3,sign,122854,0.122854,12.43,0.0,256,1952,3309,6,liboqs,iot
Dilithium3,sign,69193,0.069193,12.43,0.0,256,1952,3309,7,liboqs,iot
Dilithium3,sign,119519,0.119519,12.43,0.0,256,1952,3309,8,liboqs,iot
Dilithium3,sign,53098,0.053098,12.43,0.0,256,1952,3309,9,liboqs,iot
Dilithium3,sign,75585,0.075585,12.43,0.0,256,1952,3309,10,liboqs,iot
Dilithium3,sign,60405,0.060405,12.43,0.0,256,1952,3309,11,liboqs,iot
Dilithium3,sign,151900,0.1519,12.43,0.0,256,1952,3309,12,liboqs,iot
Dilithium3,sign,80610,0.08061,12.43,0.0,256,1952,3309,13,liboqs,iot
Dilithium3,sign,53530,0.05353,12.43,0.0,256,1952,3309,14,liboqs,iot
Dilithium3,sign,51475,0.051475,12.43,0.0,256,1952,3309,15,liboqs,iot
Dilithium3,sign,91333,0.091333,12.43,0.0,256,1952,3309,16,liboqs,iot
Dilithium3,sign,90430,0.09043,12.43,0.0,256,1952,3309,17,liboqs,iot
Dilithium3,sign,67408,0.067408,12.43,0.0,256,1952,3309,18,liboqs,iot
Dilithium3,sign,258502,0.258502,12.43,0.0,256,1952,3309,19,liboqs,iot
Dilithium3,sign,60606,0.060606,12.43,0.0,256,1952,3309,20,liboqs,iot
Dilithium3,sign,103825,0.103825,12.43,0.0,256,1952,3309,21,liboqs,iot
Dilithium3,sign,72974,0.072974,12.43,0.0,256,1952,3309,22,liboqs,iot
Dilithium3,sign,64028,0.064028,12.43,0.0,256,1952,3309,23,liboqs,iot
Dilithium3,sign,122355,0.122355,12.43,0.0,256,1952,3309,24,liboqs,iot
Dilithium3,sign,65361,0.065361,12.43,0.0,256,1952,3309,25,liboqs,iot
Dilithium3,sign,83003,0.083003,12.43,0.0,256,1952,3309,26,liboqs,iot
Dilithium3,sign,48706,0.048706,12.43,0.0,256,1952,3309,27,liboqs,iot
Dilithium3,sign,47454,0.047454,12.43,0.0,256,1952,3309,28,liboqs,iot
Dilithium3,sign,63730,0.06373,12.43,0.0,256,1952,3309,29,liboqs,iot
Dilithium3,sign,109262,0.109262,12.43,0.0,256,1952,3309,30,liboqs,iot
Dilithium3,sign,136592,0.136592,12.43,0.0,256,1952,3309,31,liboqs,iot
Dilithium3,sign,176925,0.176925,12.43,0.0,256,1952,3309,32,liboqs,iot
Dilithium3,sign,200663,0.200663,12.43,0.0,256,1952,3309,33,liboqs,iot
Dilithium3,sign,93617,0.093617,12.43,0.0,256,1952,3309,34,liboqs,iot
Dilithium3,sign,88385,0.088385,12.43,0.0,256,1952,3309,35,liboqs,iot
Dilithium3,sign,64575,0.064575,12.43,0.0,256,1952,3309,36,liboqs,iot
Dilithium3,sign,54622,0.054622,12.43,0.0,256,1952,3309,37,liboqs,iot
Dilithium3,sign,119035,0.119035,12.43,0.0,256,1952,3309,38,liboqs,iot
Dilithium3,sign,47213,0.047213,12.43,0.0,256,1952,3309,39,liboqs,iot
Dilithium3,sign,46486,0.046486,12.43,0.0,256,1952,3309,40,liboqs,iot
Dilithium3,sign,164406,0.164406,12.43,0.0,256,1952,3309,41,liboqs,iot
Dilithium3,sign,47537,0.047537,12.43,0.0,256,1952,3309,42,liboqs,iot
Dilithium3,sign,54398,0.054398,12.43,0.0,256,1952,3309,43,liboqs,iot
Dilithium3,sign,57715,0.057715,12.43,0.0,256,1952,3309,44,liboqs,iot
Dilithium3,sign,129738,0.129738,12.43,0.0,256,1952,3309,45,liboqs,iot
Dilithium3,sign,46623,0.046623,12.43,0.0,256,1952,3309,46,liboqs,iot
Dilithium3,sign,134980,0.13498,12.43,0.0,256,1952,3309,47,liboqs,iot
Dilithium3,sign,48236,0.048236,12.43,0.0,256,1952,3309,48,liboqs,iot
Dilithium3,sign,64701,0.064701,12.43,0.0,256,1952,3309,49,liboqs,iot
Dilithium3,sign,48074,0.048074,12.43,0.0,256,1952,3309,50,liboqs,iot
Dilithium3,sign,177157,0.177157,12.43,0.0,256,1952,3309,51,liboqs,iot
Dilithium3,sign,204214,0.204214,12.43,0.0,256,1952,3309,52,liboqs,iot
Dilithium3,sign,103230,0.10323,12.43,0.0,256,1952,3309,53,liboqs,iot
Dilithium3,sign,66432,0.066432,12.43,0.0,256,1952,3309,54,liboqs,iot
Dilithium3,sign,66164,0.066164,12.43,0.0,256,1952,3309,55,liboqs,iot
Dilithium3,sign,49045,0.049045,12.43,0.0,256,1952,3309,56,liboqs,iot
Dilithium3,sign,297883,0.297883,12.43,0.0,256,1952,3309,57,liboqs,iot
Dilithium3,sign,71657,0.071657,12.43,0.0,256,1952,3309,58,liboqs,iot
Dilithium3,sign,82222,0.082222,12.43,0.0,256,1952,3309,59,liboqs,iot
Dilithium3,sign,86128,0.086128,12.43,0.0,256,1952,3309,60,liboqs,iot
Dilithium3,sign,125220,0.12522,12.43,0.0,256,1952,3309,61,liboqs,iot
Dilithium3,sign,79763,0.079763,12.43,0.0,256,1952,3309,62,liboqs,iot
Dilithium3,sign,107049,0.107049,12.43,0.0,256,1952,3309,63,liboqs,iot
Dilithium3,sign,73449,0.073449,12.43,0.0,256,1952,3309,64,liboqs,iot
Dilithium3,sign,79241,0.079241,12.43,0.0,256,1952,3309,65,liboqs,iot
Dilithium3,sign,66278,0.066278,12.43,0.0,256,1952,3309,66,liboqs,iot
Dilithium3,sign,60105,0.060105,12.43,0.0,256,1952,3309,67,liboqs,iot
Dilithium3,sign,78743,0.078743,12.43,0.0,256,1952,3309,68,liboqs,iot
Dilithium3,sign,49604,0.049604,12.43,0.0,256,1952,3309,69,liboqs,iot
Dilithium3,sign,146439,0.146439,14.82,0.0,256,1952,3309,70,liboqs,iot
Dilithium3,sign,63060,0.06306,14.58,0.0,256,1952,3309,71,liboqs,iot
Dilithium3,sign,145450,0.14545,12.37,0.0,256,1952,3309,72,liboqs,iot
Dilithium3,sign,48782,0.048782,12.43,0.0,256,1952,3309,73,liboqs,iot
Dilithium3,sign,68096,0.068096,12.43,0.0,256,1952,3309,74,liboqs,iot
Dilithium3,sign,49301,0.049301,12.43,0.0,256,1952,3309,75,liboqs,iot
Dilithium3,sign,208892,0.208892,12.43,0.0,256,1952,3309,76,liboqs,iot
Dilithium3,sign,80551,0.080551,12.43,0.0,256,1952,3309,77,liboqs,iot
Dilithium3,sign,73418,0.073418,12.43,0.0,256,1952,3309,78,liboqs,iot
Dilithium3,sign,47189,0.047189,12.43,0.0,256,1952,3309,79,liboqs,iot
Dilithium3,sign,64841,0.064841,12.43,0.0,256,1952,3309,80,liboqs,iot
Dilithium3,sign,65921,0.065921,12.43,0.0,256,1952,3309,81,liboqs,iot
Dilithium3,sign,91658,0.091658,12.43,0.0,256,1952,3309,82,liboqs,iot
Dilithium3,sign,120541,0.120541,12.43,0.0,256,1952,3309,83,liboqs,iot
Dilithium3,sign,53478,0.053478,12.43,0.0,256,1952,3309,84,liboqs,iot
Dilithium3,sign,151159,0.151159,12.43,0.0,256,1952,3309,85,liboqs,iot
Dilithium3,sign,56922,0.056922,12.43,0.0,256,1952,3309,86,liboqs,iot
Dilithium3,sign,47556,0.047556,12.43,0.0,256,1952,3309,87,liboqs,iot
Dilithium3,sign,83222,0.083222,12.43,0.0,256,1952,3309,88,liboqs,iot
Dilithium3,sign,137749,0.137749,12.43,0.0,256,1952,3309,89,liboqs,iot
Dilithium3,sign,53018,0.053018,12.43,0.0,256,1952,3309,90,liboqs,iot
Dilithium3,sign,85981,0.085981,12.43,0.0,256,1952,3309,91,liboqs,iot
Dilithium3,sign,58845,0.058845,12.43,0.0,256,1952,3309,92,liboqs,iot
Dilithium3,sign,71475,0.071475,12.43,0.0,256,1952,3309,93,liboqs,iot
Dilithium3,sign,56257,0.056257,12.43,0.0,256,1952,3309,94,liboqs,iot
Dilithium3,sign,102059,0.102059,12.43,0.0,256,1952,3309,95,liboqs,iot
Dilithium3,sign,113832,0.113832,12.43,0.0,256,1952,3309,96,liboqs,iot
Dilithium3,sign,47663,0.047663,12.43,0.0,256,1952,3309,97,liboqs,iot
Dilithium3,sign,219663,0.219663,12.43,0.0,256,1952,3309,98,liboqs,iot
Dilithium3,sign,100484,0.100484,12.43,0.0,256,1952,3309,99,liboqs,iot
Dilithium3,sign,124231,0.124231,12.43,0.0,256,1952,3309,100,liboqs,iot
Dilithium3,sign,70746,0.070746,12.43,0.0,256,1952,3309,101,liboqs,iot
Dilithium3,sign,185086,0.185086,12.43,0.0,256,1952,3309,102,liboqs,iot
Dilithium3,sign,128437,0.128437,12.43,0.0,256,1952,3309,103,liboqs,iot
Dilithium3,sign,73916,0.073916,12.43,0.0,256,1952,3309,104,liboqs,iot
Dilithium3,sign,102209,0.102209,12.43,0.0,256,1952,3309,105,liboqs,iot
Dilithium3,sign,133917,0.133917,12.43,0.0,256,1952,3309,106,liboqs,iot
Dilithium3,sign,64839,0.064839,12.43,0.0,256,1952,3309,107,liboqs,iot
Dilithium3,sign,108043,0.108043,12.43,0.0,256,1952,3309,108,liboqs,iot
Dilithium3,sign,48989,0.048989,12.43,0.0,256,1952,3309,109,liboqs,iot
Dilithium3,sign,113008,0.113008,12.43,0.0,256,1952,3309,110,liboqs,iot
Dilithium3,sign,83229,0.083229,12.43,0.0,256,1952,3309,111,liboqs,iot
Dilithium3,sign,120795,0.120795,12.43,0.0,256,1952,3309,112,liboqs,iot
Dilithium3,sign,83704,0.083704,12.43,0.0,256,1952,3309,113,liboqs,iot
Dilithium3,sign,63063,0.063063,12.43,0.0,256,1952,3309,114,liboqs,iot
Dilithium3,sign,83293,0.083293,12.43,0.0,256,1952,3309,115,liboqs,iot
Dilithium3,sign,63601,0.063601,12.43,0.0,256,1952,3309,116,liboqs,iot
Dilithium3,sign,102699,0.102699,12.43,0.0,256,1952,3309,117,liboqs,iot
Dilithium3,sign,46430,0.04643,12.43,0.0,256,1952,3309,118,liboqs,iot
Dilithium3,sign,65819,0.065819,12.43,0.0,256,1952,3309,119,liboqs,iot
Dilithium3,sign,88063,0.088063,12.43,0.0,256,1952,3309,120,liboqs,iot
Dilithium3,sign,46097,0.046097,12.43,0.0,256,1952,3309,121,liboqs,iot
Dilithium3,sign,47938,0.047938,12.43,0.0,256,1952,3309,122,liboqs,iot
Dilithium3,sign,140460,0.14046,12.43,0.0,256,1952,3309,123,liboqs,iot
Dilithium3,sign,90840,0.09084,12.43,0.0,256,1952,3309,124,liboqs,iot
Dilithium3,sign,66125,0.066125,12.43,0.0,256,1952,3309,125,liboqs,iot
Dilithium3,sign,56650,0.05665,12.43,0.0,256,1952,3309,126,liboqs,iot
Dilithium3,sign,54940,0.05494,12.43,0.0,256,1952,3309,127,liboqs,iot
Dilithium3,sign,138466,0.138466,12.43,0.0,256,1952,3309,128,liboqs,iot
Dilithium3,sign,91704,0.091704,12.43,0.0,256,1952,3309,129,liboqs,iot
Dilithium3,sign,70369,0.070369,12.43,0.0,256,1952,3309,130,liboqs,iot
Dilithium3,sign,78654,0.078654,12.43,0.0,256,1952,3309,131,liboqs,iot
Dilithium3,sign,50455,0.050455,12.43,0.0,256,1952,3309,132,liboqs,iot
Dilithium3,sign,47531,0.047531,12.43,0.0,256,1952,3309,133,liboqs,iot
Dilithium3,sign,57685,0.057685,12.43,0.0,256,1952,3309,134,liboqs,iot
Dilithium3,sign,92803,0.092803,12.43,0.0,256,1952,3309,135,liboqs,iot
Dilithium3,sign,73368,0.073368,12.43,0.0,256,1952,3309,136,liboqs,iot
Dilithium3,sign,57071,0.057071,12.43,0.0,256,1952,3309,137,liboqs,iot
Dilithium3,sign,139412,0.139412,12.43,0.0,256,1952,3309,138,liboqs,iot
Dilithium3,sign,91746,0.091746,12.43,0.0,256,1952,3309,139,liboqs,iot
Dilithium3,sign,64834,0.064834,12.43,0.0,256,1952,3309,140,liboqs,iot
Dilithium3,sign,122659,0.122659,12.43,0.0,256,1952,3309,141,liboqs,iot
Dilithium3,sign,119708,0.119708,12.43,0.0,256,1952,3309,142,liboqs,iot
Dilithium3,sign,77044,0.077044,12.43,0.0,256,1952,3309,143,liboqs,iot
Dilithium3,sign,53804,0.053804,12.43,0.0,256,1952,3309,144,liboqs,iot
Dilithium3,sign,97484,0.097484,12.43,0.0,256,1952,3309,145,liboqs,iot
Dilithium3,sign,124712,0.124712,12.43,0.0,256,1952,3309,146,liboqs,iot
Dilithium3,sign,94561,0.094561,12.43,0.0,256,1952,3309,147,liboqs,iot
Dilithium3,sign,46451,0.046451,12.43,0.0,256,1952,3309,148,liboqs,iot
Dilithium3,sign,92444,0.092444,12.43,0.0,256,1952,3309,149,liboqs,iot
Dilithium3,sign,67308,0.067308,12.43,0.0,256,1952,3309,150,liboqs,iot
Dilithium3,sign,54897,0.054897,12.43,0.0,256,1952,3309,151,liboqs,iot
Dilithium3,sign,50478,0.050478,12.43,0.0,256,1952,3309,152,liboqs,iot
Dilithium3,sign,108405,0.108405,12.43,0.0,256,1952,3309,153,liboqs,iot
Dilithium3,sign,58427,0.058427,12.43,0.0,256,1952,3309,154,liboqs,iot
Dilithium3,sign,59727,0.059727,12.43,0.0,256,1952,3309,155,liboqs,iot
Dilithium3,sign,67843,0.067843,12.43,0.0,256,1952,3309,156,liboqs,iot
Dilithium3,sign,46404,0.046404,12.43,0.0,256,1952,3309,157,liboqs,iot
Dilithium3,sign,47300,0.0473,12.43,0.0,256,1952,3309,158,liboqs,iot
Dilithium3,sign,57131,0.057131,12.43,0.0,256,1952,3309,159,liboqs,iot
Dilithium3,sign,46862,0.046862,12.43,0.0,256,1952,3309,160,liboqs,iot
Dilithium3,sign,127411,0.127411,12.43,0.0,256,1952,3309,161,liboqs,iot
Dilithium3,sign,66731,0.066731,12.43,0.0,256,1952,3309,162,liboqs,iot
Dilithium3,sign,94907,0.094907,12.43,0.0,256,1952,3309,163,liboqs,iot
Dilithium3,sign,94275,0.094275,12.43,0.0,256,1952,3309,164,liboqs,iot
Dilithium3,sign,202146,0.202146,12.43,0.0,256,1952,3309,165,liboqs,iot
Dilithium3,sign,85262,0.085262,12.43,0.0,256,1952,3309,166,liboqs,iot
Dilithium3,sign,71944,0.071944,12.43,0.0,256,1952,3309,167,liboqs,iot
Dilithium3,sign,70052,0.070052,12.43,0.0,256,1952,3309,168,liboqs,iot
Dilithium3,sign,68473,0.068473,12.43,0.0,256,1952,3309,169,liboqs,iot
Dilithium3,sign,177670,0.17767,12.43,0.0,256,1952,3309,170,liboqs,iot
Dilithium3,sign,119007,0.119007,12.43,0.0,256,1952,3309,171,liboqs,iot
Dilithium3,sign,47006,0.047006,12.43,0.0,256,1952,3309,172,liboqs,iot
Dilithium3,sign,74521,0.074521,12.43,0.0,256,1952,3309,173,liboqs,iot
Dilithium3,sign,58163,0.058163,12.43,0.0,256,1952,3309,174,liboqs,iot
Dilithium3,sign,163274,0.163274,12.43,0.0,256,1952,3309,175,liboqs,iot
Dilithium3,sign,96981,0.096981,12.43,0.0,256,1952,3309,176,liboqs,iot
Dilithium3,sign,127307,0.127307,12.43,0.0,256,1952,3309,177,liboqs,iot
Dilithium3,sign,65120,0.06512,12.43,0.0,256,1952,3309,178,liboqs,iot
Dilithium3,sign,50448,0.050448,12.43,0.0,256,1952,3309,179,liboqs,iot
Dilithium3,sign,75545,0.075545,12.43,0.0,256,1952,3309,180,liboqs,iot
Dilithium3,sign,84496,0.084496,12.43,0.0,256,1952,3309,181,liboqs,iot
Dilithium3,sign,47873,0.047873,12.43,0.0,256,1952,3309,182,liboqs,iot
Dilithium3,sign,58068,0.058068,12.43,0.0,256,1952,3309,183,liboqs,iot
Dilithium3,sign,56067,0.056067,12.43,0.0,256,1952,3309,184,liboqs,iot
Dilithium3,sign,74097,0.074097,12.43,0.0,256,1952,3309,185,liboqs,iot
Dilithium3,sign,74343,0.074343,12.43,0.0,256,1952,3309,186,liboqs,iot
Dilithium3,sign,58163,0.058163,12.43,0.0,256,1952,3309,187,liboqs,iot
Dilithium3,sign,48547,0.048547,12.43,0.0,256,1952,3309,188,liboqs,iot
Dilithium3,sign,80299,0.080299,12.43,0.0,256,1952,3309,189,liboqs,iot
Dilithium3,sign,74850,0.07485,12.43,0.0,256,1952,3309,190,liboqs,iot
Dilithium3,sign,82537,0.082537,12.43,0.0,256,1952,3309,191,liboqs,iot
Dilithium3,sign,66173,0.066173,12.43,0.0,256,1952,3309,192,liboqs,iot
Dilithium3,sign,70595,0.070595,12.43,0.0,256,1952,3309,193,liboqs,iot
Dilithium3,sign,114532,0.114532,12.43,0.0,256,1952,3309,194,liboqs,iot
Dilithium3,sign,108701,0.108701,12.43,0.0,256,1952,3309,195,liboqs,iot
Dilithium3,sign,54806,0.054806,12.43,0.0,256,1952,3309,196,liboqs,iot
Dilithium3,sign,112812,0.112812,12.43,0.0,256,1952,3309,197,liboqs,iot
Dilithium3,sign,48262,0.048262,12.43,0.0,256,1952,3309,198,liboqs,iot
Dilithium3,sign,56148,0.056148,12.43,0.0,256,1952,3309,199,liboqs,iot
Dilithium3,sign,64506,0.064506,12.43,0.0,256,1952,3309,200,liboqs,iot
Dilithium3,sign,58461,0.058461,12.43,0.0,256,1952,3309,201,liboqs,iot
Dilithium3,sign,48748,0.048748,12.43,0.0,256,1952,3309,202,liboqs,iot
Dilithium3,sign,64366,0.064366,12.43,0.0,256,1952,3309,203,liboqs,iot
Dilithium3,sign,64883,0.064883,12.43,0.0,256,1952,3309,204,liboqs,iot
Dilithium3,sign,138014,0.138014,12.43,0.0,256,1952,3309,205,liboqs,iot
Dilithium3,sign,135994,0.135994,12.43,0.0,256,1952,3309,206,liboqs,iot
Dilithium3,sign,72975,0.072975,12.43,0.0,256,1952,3309,207,liboqs,iot
Dilithium3,sign,64068,0.064068,12.43,0.0,256,1952,3309,208,liboqs,iot
Dilithium3,sign,354891,0.354891,12.43,0.0,256,1952,3309,209,liboqs,iot
Dilithium3,sign,55206,0.055206,12.43,0.0,256,1952,3309,210,liboqs,iot
Dilithium3,sign,76302,0.076302,12.43,0.0,256,1952,3309,211,liboqs,iot
Dilithium3,sign,65275,0.065275,12.43,0.0,256,1952,3309,212,liboqs,iot
Dilithium3,sign,82773,0.082773,12.43,0.0,256,1952,3309,213,liboqs,iot
Dilithium3,sign,46206,0.046206,12.43,0.0,256,1952,3309,214,liboqs,iot
Dilithium3,sign,79905,0.079905,12.43,0.0,256,1952,3309,215,liboqs,iot
Dilithium3,sign,119567,0.119567,12.43,0.0,256,1952,3309,216,liboqs,iot
Dilithium3,sign,73351,0.073351,12.43,0.0,256,1952,3309,217,liboqs,iot
Dilithium3,sign,51116,0.051116,12.43,0.0,256,1952,3309,218,liboqs,iot
Dilithium3,sign,60395,0.060395,12.43,0.0,256,1952,3309,219,liboqs,iot
Dilithium3,sign,101338,0.101338,12.43,0.0,256,1952,3309,220,liboqs,iot
Dilithium3,sign,66548,0.066548,12.43,0.0,256,1952,3309,221,liboqs,iot
Dilithium3,sign,55217,0.055217,12.43,0.0,256,1952,3309,222,liboqs,iot
Dilithium3,sign,79790,0.07979,12.43,0.0,256,1952,3309,223,liboqs,iot
Dilithium3,sign,55302,0.055302,12.43,0.0,256,1952,3309,224,liboqs,iot
Dilithium3,sign,58521,0.058521,12.43,0.0,256,1952,3309,225,liboqs,iot
Dilithium3,sign,80682,0.080682,12.43,0.0,256,1952,3309,226,liboqs,iot
Dilithium3,sign,66914,0.066914,12.43,0.0,256,1952,3309,227,liboqs,iot
Dilithium3,sign,215972,0.215972,12.43,0.0,256,1952,3309,228,liboqs,iot
Dilithium3,sign,80474,0.080474,12.43,0.0,256,1952,3309,229,liboqs,iot
Dilithium3,sign,67759,0.067759,12.43,0.0,256,1952,3309,230,liboqs,iot
Dilithium3,sign,78684,0.078684,12.43,0.0,256,1952,3309,231,liboqs,iot
Dilithium3,sign,72920,0.07292,12.43,0.0,256,1952,3309,232,liboqs,iot
Dilithium3,sign,95669,0.095669,12.43,0.0,256,1952,3309,233,liboqs,iot
Dilithium3,sign,142142,0.142142,12.43,0.0,256,1952,3309,234,liboqs,iot
Dilithium3,sign,109675,0.109675,12.43,0.0,256,1952,3309,235,liboqs,iot
Dilithium3,sign,121201,0.121201,12.43,0.0,256,1952,3309,236,liboqs,iot
Dilithium3,sign,59324,0.059324,12.43,0.0,256,1952,3309,237,liboqs,iot
Dilithium3,sign,79265,0.079265,12.43,0.0,256,1952,3309,238,liboqs,iot
Dilithium3,sign,61145,0.061145,12.43,0.0,256,1952,3309,239,liboqs,iot
Dilithium3,sign,201587,0.201587,12.43,0.0,256,1952,3309,240,liboqs,iot
Dilithium3,sign,82351,0.082351,12.43,0.0,256,1952,3309,241,liboqs,iot
Dilithium3,sign,146722,0.146722,12.43,0.0,256,1952,3309,242,liboqs,iot
Dilithium3,sign,130675,0.130675,12.43,0.0,256,1952,3309,243,liboqs,iot
Dilithium3,sign,129099,0.129099,12.43,0.0,256,1952,3309,244,liboqs,iot
Dilithium3,sign,154980,0.15498,12.43,0.0,256,1952,3309,245,liboqs,iot
Dilithium3,sign,99752,0.099752,12.43,0.0,256,1952,3309,246,liboqs,iot
Dilithium3,sign,64628,0.064628,12.43,0.0,256,1952,3309,247,liboqs,iot
Dilithium3,sign,58009,0.058009,12.43,0.0,256,1952,3309,248,liboqs,iot
Dilithium3,sign,61777,0.061777,12.43,0.0,256,1952,3309,249,liboqs,iot
Dilithium3,sign,66350,0.06635,12.43,0.0,256,1952,3309,250,liboqs,iot
Dilithium3,sign,65705,0.065705,12.43,0.0,256,1952,3309,251,liboqs,iot
Dilithium3,sign,56404,0.056404,12.43,0.0,256,1952,3309,252,liboqs,iot
Dilithium3,sign,64181,0.064181,12.43,0.0,256,1952,3309,253,liboqs,iot
Dilithium3,sign,147161,0.147161,12.43,0.0,256,1952,3309,254,liboqs,iot
Dilithium3,sign,54291,0.054291,12.43,0.0,256,1952,3309,255,liboqs,iot
Dilithium3,sign,116090,0.11609,12.43,0.0,256,1952,3309,256,liboqs,iot
Dilithium3,sign,55919,0.055919,12.43,0.0,256,1952,3309,257,liboqs,iot
Dilithium3,sign,109628,0.109628,12.43,0.0,256,1952,3309,258,liboqs,iot
Dilithium3,sign,144867,0.144867,12.43,0.0,256,1952,3309,259,liboqs,iot
Dilithium3,sign,56569,0.056569,12.43,0.0,256,1952,3309,260,liboqs,iot
Dilithium3,sign,124699,0.124699,12.43,0.0,256,1952,3309,261,liboqs,iot
Dilithium3,sign,79948,0.079948,12.43,0.0,256,1952,3309,262,liboqs,iot
Dilithium3,sign,99340,0.09934,12.43,0.0,256,1952,3309,263,liboqs,iot
Dilithium3,sign,71407,0.071407,12.43,0.0,256,1952,3309,264,liboqs,iot
Dilithium3,sign,86433,0.086433,12.43,0.0,256,1952,3309,265,liboqs,iot
Dilithium3,sign,64746,0.064746,12.43,0.0,256,1952,3309,266,liboqs,iot
Dilithium3,sign,125469,0.125469,12.43,0.0,256,1952,3309,267,liboqs,iot
Dilithium3,sign,85279,0.085279,12.43,0.0,256,1952,3309,268,liboqs,iot
Dilithium3,sign,77254,0.077254,12.43,0.0,256,1952,3309,269,liboqs,iot
Dilithium3,sign,47178,0.047178,12.43,0.0,256,1952,3309,270,liboqs,iot
Dilithium3,sign,201822,0.201822,12.43,0.0,256,1952,3309,271,liboqs,iot
Dilithium3,sign,77519,0.077519,12.43,0.0,256,1952,3309,272,liboqs,iot
Dilithium3,sign,48491,0.048491,12.43,0.0,256,1952,3309,273,liboqs,iot
Dilithium3,sign,56429,0.056429,12.43,0.0,256,1952,3309,274,liboqs,iot
Dilithium3,sign,278328,0.278328,12.43,0.0,256,1952,3309,275,liboqs,iot
Dilithium3,sign,57056,0.057056,12.43,0.0,256,1952,3309,276,liboqs,iot
Dilithium3,sign,57928,0.057928,12.43,0.0,256,1952,3309,277,liboqs,iot
Dilithium3,sign,75730,0.07573,12.43,0.0,256,1952,3309,278,liboqs,iot
Dilithium3,sign,75840,0.07584,12.43,0.0,256,1952,3309,279,liboqs,iot
Dilithium3,sign,49565,0.049565,12.43,0.0,256,1952,3309,280,liboqs,iot
Dilithium3,sign,55894,0.055894,12.43,0.0,256,1952,3309,281,liboqs,iot
Dilithium3,sign,56057,0.056057,12.43,0.0,256,1952,3309,282,liboqs,iot
Dilithium3,sign,65190,0.06519,12.43,0.0,256,1952,3309,283,liboqs,iot
Dilithium3,sign,46564,0.046564,12.43,0.0,256,1952,3309,284,liboqs,iot
Dilithium3,sign,55956,0.055956,12.43,0.0,256,1952,3309,285,liboqs,iot
Dilithium3,sign,55387,0.055387,12.43,0.0,256,1952,3309,286,liboqs,iot
Dilithium3,sign,55667,0.055667,12.43,0.0,256,1952,3309,287,liboqs,iot
Dilithium3,sign,188025,0.188025,12.43,0.0,256,1952,3309,288,liboqs,iot
Dilithium3,sign,49780,0.04978,12.43,0.0,256,1952,3309,289,liboqs,iot
Dilithium3,sign,85413,0.085413,12.43,0.0,256,1952,3309,290,liboqs,iot
Dilithium3,sign,98227,0.098227,12.43,0.0,256,1952,3309,291,liboqs,iot
Dilithium3,sign,76605,0.076605,12.43,0.0,256,1952,3309,292,liboqs,iot
Dilithium3,sign,55919,0.055919,12.43,0.0,256,1952,3309,293,liboqs,iot
Dilithium3,sign,46737,0.046737,12.43,0.0,256,1952,3309,294,liboqs,iot
Dilithium3,sign,46344,0.046344,12.43,0.0,256,1952,3309,295,liboqs,iot
Dilithium3,sign,50998,0.050998,12.43,0.0,256,1952,3309,296,liboqs,iot
Dilithium3,sign,46610,0.04661,12.43,0.0,256,1952,3309,297,liboqs,iot
Dilithium3,sign,82162,0.082162,12.43,0.0,256,1952,3309,298,liboqs,iot
Dilithium3,sign,47832,0.047832,12.43,0.0,256,1952,3309,299,liboqs,iot
Dilithium3,sign,46041,0.046041,12.43,0.0,256,1952,3309,300,liboqs,iot
Dilithium3,sign,379761,0.379761,12.43,0.0,256,1952,3309,301,liboqs,iot
Dilithium3,sign,75282,0.075282,12.43,0.0,256,1952,3309,302,liboqs,iot
Dilithium3,sign,117638,0.117638,12.43,0.0,256,1952,3309,303,liboqs,iot
Dilithium3,sign,119870,0.11987,12.43,0.0,256,1952,3309,304,liboqs,iot
Dilithium3,sign,68486,0.068486,12.43,0.0,256,1952,3309,305,liboqs,iot
Dilithium3,sign,118945,0.118945,12.43,0.0,256,1952,3309,306,liboqs,iot
Dilithium3,sign,112742,0.112742,12.43,0.0,256,1952,3309,307,liboqs,iot
Dilithium3,sign,53911,0.053911,12.43,0.0,256,1952,3309,308,liboqs,iot
Dilithium3,sign,68330,0.06833,12.43,0.0,256,1952,3309,309,liboqs,iot
Dilithium3,sign,65661,0.065661,12.43,0.0,256,1952,3309,310,liboqs,iot
Dilithium3,sign,303068,0.303068,12.43,0.0,256,1952,3309,311,liboqs,iot
Dilithium3,sign,46861,0.046861,12.43,0.0,256,1952,3309,312,liboqs,iot
Dilithium3,sign,57111,0.057111,12.43,0.0,256,1952,3309,313,liboqs,iot
Dilithium3,sign,64116,0.064116,12.43,0.0,256,1952,3309,314,liboqs,iot
Dilithium3,sign,80444,0.080444,12.43,0.0,256,1952,3309,315,liboqs,iot
Dilithium3,sign,161830,0.16183,12.43,0.0,256,1952,3309,316,liboqs,iot
Dilithium3,sign,67095,0.067095,12.43,0.0,256,1952,3309,317,liboqs,iot
Dilithium3,sign,101342,0.101342,12.43,0.0,256,1952,3309,318,liboqs,iot
Dilithium3,sign,77843,0.077843,12.43,0.0,256,1952,3309,319,liboqs,iot
Dilithium3,sign,129692,0.129692,12.43,0.0,256,1952,3309,320,liboqs,iot
Dilithium3,sign,84531,0.084531,12.43,0.0,256,1952,3309,321,liboqs,iot
Dilithium3,sign,68293,0.068293,12.43,0.0,256,1952,3309,322,liboqs,iot
Dilithium3,sign,154269,0.154269,12.43,0.0,256,1952,3309,323,liboqs,iot
Dilithium3,sign,56503,0.056503,12.43,0.0,256,1952,3309,324,liboqs,iot
Dilithium3,sign,154387,0.154387,12.43,0.0,256,1952,3309,325,liboqs,iot
Dilithium3,sign,57160,0.05716,12.43,0.0,256,1952,3309,326,liboqs,iot
Dilithium3,sign,46522,0.046522,12.43,0.0,256,1952,3309,327,liboqs,iot
Dilithium3,sign,55081,0.055081,12.43,0.0,256,1952,3309,328,liboqs,iot
Dilithium3,sign,122681,0.122681,12.43,0.0,256,1952,3309,329,liboqs,iot
Dilithium3,sign,56487,0.056487,12.43,0.0,256,1952,3309,330,liboqs,iot
Dilithium3,sign,56489,0.056489,12.43,0.0,256,1952,3309,331,liboqs,iot
Dilithium3,sign,55919,0.055919,12.43,0.0,256,1952,3309,332,liboqs,iot
Dilithium3,sign,63945,0.063945,12.43,0.0,256,1952,3309,333,liboqs,iot
Dilithium3,sign,56445,0.056445,12.43,0.0,256,1952,3309,334,liboqs,iot
Dilithium3,sign,223711,0.223711,12.43,0.0,256,1952,3309,335,liboqs,iot
Dilithium3,sign,163384,0.163384,12.43,0.0,256,1952,3309,336,liboqs,iot
Dilithium3,sign,130233,0.130233,12.43,0.0,256,1952,3309,337,liboqs,iot
Dilithium3,sign,75517,0.075517,12.43,0.0,256,1952,3309,338,liboqs,iot
Dilithium3,sign,50766,0.050766,12.43,0.0,256,1952,3309,339,liboqs,iot
Dilithium3,sign,368065,0.368065,12.43,0.0,256,1952,3309,340,liboqs,iot
Dilithium3,sign,95749,0.095749,12.43,0.0,256,1952,3309,341,liboqs,iot
Dilithium3,sign,110976,0.110976,12.43,0.0,256,1952,3309,342,liboqs,iot
Dilithium3,sign,49660,0.04966,12.43,0.0,256,1952,3309,343,liboqs,iot
Dilithium3,sign,49124,0.049124,12.43,0.0,256,1952,3309,344,liboqs,iot
Dilithium3,sign,64551,0.064551,12.43,0.0,256,1952,3309,345,liboqs,iot
Dilithium3,sign,102307,0.102307,12.43,0.0,256,1952,3309,346,liboqs,iot
Dilithium3,sign,69365,0.069365,12.43,0.0,256,1952,3309,347,liboqs,iot
Dilithium3,sign,103941,0.103941,12.43,0.0,256,1952,3309,348,liboqs,iot
Dilithium3,sign,52479,0.052479,12.43,0.0,256,1952,3309,349,liboqs,iot
Dilithium3,sign,143483,0.143483,12.43,0.0,256,1952,3309,350,liboqs,iot
Dilithium3,sign,165798,0.165798,12.43,0.0,256,1952,3309,351,liboqs,iot
Dilithium3,sign,84491,0.084491,12.43,0.0,256,1952,3309,352,liboqs,iot
Dilithium3,sign,51099,0.051099,12.43,0.0,256,1952,3309,353,liboqs,iot
Dilithium3,sign,48744,0.048744,12.43,0.0,256,1952,3309,354,liboqs,iot
Dilithium3,sign,49906,0.049906,12.43,0.0,256,1952,3309,355,liboqs,iot
Dilithium3,sign,48991,0.048991,12.43,0.0,256,1952,3309,356,liboqs,iot
Dilithium3,sign,72592,0.072592,12.43,0.0,256,1952,3309,357,liboqs,iot
Dilithium3,sign,147082,0.147082,12.43,0.0,256,1952,3309,358,liboqs,iot
Dilithium3,sign,63323,0.063323,12.43,0.0,256,1952,3309,359,liboqs,iot
Dilithium3,sign,84597,0.084597,12.43,0.0,256,1952,3309,360,liboqs,iot
Dilithium3,sign,65409,0.065409,12.43,0.0,256,1952,3309,361,liboqs,iot
Dilithium3,sign,71215,0.071215,12.43,0.0,256,1952,3309,362,liboqs,iot
Dilithium3,sign,104715,0.104715,12.43,0.0,256,1952,3309,363,liboqs,iot
Dilithium3,sign,76196,0.076196,12.43,0.0,256,1952,3309,364,liboqs,iot
Dilithium3,sign,65112,0.065112,12.43,0.0,256,1952,3309,365,liboqs,iot
Dilithium3,sign,100907,0.100907,12.43,0.0,256,1952,3309,366,liboqs,iot
Dilithium3,sign,74810,0.07481,12.43,0.0,256,1952,3309,367,liboqs,iot
Dilithium3,sign,67828,0.067828,12.43,0.0,256,1952,3309,368,liboqs,iot
Dilithium3,sign,76904,0.076904,12.43,0.0,256,1952,3309,369,liboqs,iot
Dilithium3,sign,66749,0.066749,12.43,0.0,256,1952,3309,370,liboqs,iot
Dilithium3,sign,73264,0.073264,12.43,0.0,256,1952,3309,371,liboqs,iot
Dilithium3,sign,76591,0.076591,12.43,0.0,256,1952,3309,372,liboqs,iot
Dilithium3,sign,78340,0.07834,12.43,0.0,256,1952,3309,373,liboqs,iot
Dilithium3,sign,99161,0.099161,12.43,0.0,256,1952,3309,374,liboqs,iot
Dilithium3,sign,178205,0.178205,12.43,0.0,256,1952,3309,375,liboqs,iot
Dilithium3,sign,106196,0.106196,12.43,0.0,256,1952,3309,376,liboqs,iot
Dilithium3,sign,130361,0.130361,12.43,0.0,256,1952,3309,377,liboqs,iot
Dilithium3,sign,47576,0.047576,12.43,0.0,256,1952,3309,378,liboqs,iot
Dilithium3,sign,86956,0.086956,12.43,0.0,256,1952,3309,379,liboqs,iot
Dilithium3,sign,67316,0.067316,12.43,0.0,256,1952,3309,380,liboqs,iot
Dilithium3,sign,80279,0.080279,12.43,0.0,256,1952,3309,381,liboqs,iot
Dilithium3,sign,47897,0.047897,12.43,0.0,256,1952,3309,382,liboqs,iot
Dilithium3,sign,56780,0.05678,12.43,0.0,256,1952,3309,383,liboqs,iot
Dilithium3,sign,82779,0.082779,12.43,0.0,256,1952,3309,384,liboqs,iot
Dilithium3,sign,47134,0.047134,12.43,0.0,256,1952,3309,385,liboqs,iot
Dilithium3,sign,135465,0.135465,12.43,0.0,256,1952,3309,386,liboqs,iot
Dilithium3,sign,87587,0.087587,12.43,0.0,256,1952,3309,387,liboqs,iot
Dilithium3,sign,102686,0.102686,12.43,0.0,256,1952,3309,388,liboqs,iot
Dilithium3,sign,68312,0.068312,12.43,0.0,256,1952,3309,389,liboqs,iot
Dilithium3,sign,46507,0.046507,12.43,0.0,256,1952,3309,390,liboqs,iot
Dilithium3,sign,87416,0.087416,12.43,0.0,256,1952,3309,391,liboqs,iot
Dilithium3,sign,54273,0.054273,12.43,0.0,256,1952,3309,392,liboqs,iot
Dilithium3,sign,190344,0.190344,12.43,0.0,256,1952,3309,393,liboqs,iot
Dilithium3,sign,57870,0.05787,12.43,0.0,256,1952,3309,394,liboqs,iot
Dilithium3,sign,109307,0.109307,12.43,0.0,256,1952,3309,395,liboqs,iot
Dilithium3,sign,57366,0.057366,12.43,0.0,256,1952,3309,396,liboqs,iot
Dilithium3,sign,97725,0.097725,12.43,0.0,256,1952,3309,397,liboqs,iot
Dilithium3,sign,74605,0.074605,12.43,0.0,256,1952,3309,398,liboqs,iot
Dilithium3,sign,47925,0.047925,12.43,0.0,256,1952,3309,399,liboqs,iot
Dilithium3,sign,106618,0.106618,12.43,0.0,256,1952,3309,400,liboqs,iot
Dilithium3,sign,128794,0.128794,12.43,0.0,256,1952,3309,401,liboqs,iot
Dilithium3,sign,85067,0.085067,12.43,0.0,256,1952,3309,402,liboqs,iot
Dilithium3,sign,111904,0.111904,12.43,0.0,256,1952,3309,403,liboqs,iot
Dilithium3,sign,164337,0.164337,12.43,0.0,256,1952,3309,404,liboqs,iot
Dilithium3,sign,65207,0.065207,12.43,0.0,256,1952,3309,405,liboqs,iot
Dilithium3,sign,154026,0.154026,12.43,0.0,256,1952,3309,406,liboqs,iot
Dilithium3,sign,90193,0.090193,12.43,0.0,256,1952,3309,407,liboqs,iot
Dilithium3,sign,114264,0.114264,12.43,0.0,256,1952,3309,408,liboqs,iot
Dilithium3,sign,90577,0.090577,12.43,0.0,256,1952,3309,409,liboqs,iot
Dilithium3,sign,136556,0.136556,12.43,0.0,256,1952,3309,410,liboqs,iot
Dilithium3,sign,155701,0.155701,12.43,0.0,256,1952,3309,411,liboqs,iot
Dilithium3,sign,137928,0.137928,14.82,0.0,256,1952,3309,412,liboqs,iot
Dilithium3,sign,91328,0.091328,14.58,0.0,256,1952,3309,413,liboqs,iot
Dilithium3,sign,54266,0.054266,12.37,0.0,256,1952,3309,414,liboqs,iot
Dilithium3,sign,67186,0.067186,12.43,0.0,256,1952,3309,415,liboqs,iot
Dilithium3,sign,63942,0.063942,12.43,0.0,256,1952,3309,416,liboqs,iot
Dilithium3,sign,56034,0.056034,12.43,0.0,256,1952,3309,417,liboqs,iot
Dilithium3,sign,56530,0.05653,12.43,0.0,256,1952,3309,418,liboqs,iot
Dilithium3,sign,119282,0.119282,12.43,0.0,256,1952,3309,419,liboqs,iot
Dilithium3,sign,55840,0.05584,12.43,0.0,256,1952,3309,420,liboqs,iot
Dilithium3,sign,149816,0.149816,12.43,0.0,256,1952,3309,421,liboqs,iot
Dilithium3,sign,47839,0.047839,12.43,0.0,256,1952,3309,422,liboqs,iot
Dilithium3,sign,119400,0.1194,12.43,0.0,256,1952,3309,423,liboqs,iot
Dilithium3,sign,47461,0.047461,12.43,0.0,256,1952,3309,424,liboqs,iot
Dilithium3,sign,50244,0.050244,12.43,0.0,256,1952,3309,425,liboqs,iot
Dilithium3,sign,51420,0.05142,12.43,0.0,256,1952,3309,426,liboqs,iot
Dilithium3,sign,71830,0.07183,12.43,0.0,256,1952,3309,427,liboqs,iot
Dilithium3,sign,52202,0.052202,12.43,0.0,256,1952,3309,428,liboqs,iot
Dilithium3,sign,82301,0.082301,12.43,0.0,256,1952,3309,429,liboqs,iot
Dilithium3,sign,47060,0.04706,12.43,0.0,256,1952,3309,430,liboqs,iot
Dilithium3,sign,93930,0.09393,12.43,0.0,256,1952,3309,431,liboqs,iot
Dilithium3,sign,180903,0.180903,12.43,0.0,256,1952,3309,432,liboqs,iot
Dilithium3,sign,115021,0.115021,12.43,0.0,256,1952,3309,433,liboqs,iot
Dilithium3,sign,67533,0.067533,12.43,0.0,256,1952,3309,434,liboqs,iot
Dilithium3,sign,117036,0.117036,12.43,0.0,256,1952,3309,435,liboqs,iot
Dilithium3,sign,112748,0.112748,12.43,0.0,256,1952,3309,436,liboqs,iot
Dilithium3,sign,59820,0.05982,12.43,0.0,256,1952,3309,437,liboqs,iot
Dilithium3,sign,76961,0.076961,12.43,0.0,256,1952,3309,438,liboqs,iot
Dilithium3,sign,57212,0.057212,12.43,0.0,256,1952,3309,439,liboqs,iot
Dilithium3,sign,95875,0.095875,12.43,0.0,256,1952,3309,440,liboqs,iot
Dilithium3,sign,198400,0.1984,12.43,0.0,256,1952,3309,441,liboqs,iot
Dilithium3,sign,50764,0.050764,12.43,0.0,256,1952,3309,442,liboqs,iot
Dilithium3,sign,67246,0.067246,12.43,0.0,256,1952,3309,443,liboqs,iot
Dilithium3,sign,48762,0.048762,12.43,0.0,256,1952,3309,444,liboqs,iot
Dilithium3,sign,78491,0.078491,12.43,0.0,256,1952,3309,445,liboqs,iot
Dilithium3,sign,91790,0.09179,12.43,0.0,256,1952,3309,446,liboqs,iot
Dilithium3,sign,69021,0.069021,12.43,0.0,256,1952,3309,447,liboqs,iot
Dilithium3,sign,174747,0.174747,12.43,0.0,256,1952,3309,448,liboqs,iot
Dilithium3,sign,59081,0.059081,12.43,0.0,256,1952,3309,449,liboqs,iot
Dilithium3,sign,129012,0.129012,12.43,0.0,256,1952,3309,450,liboqs,iot
Dilithium3,sign,170263,0.170263,12.43,0.0,256,1952,3309,451,liboqs,iot
Dilithium3,sign,57768,0.057768,12.43,0.0,256,1952,3309,452,liboqs,iot
Dilithium3,sign,114636,0.114636,12.43,0.0,256,1952,3309,453,liboqs,iot
Dilithium3,sign,86148,0.086148,12.43,0.0,256,1952,3309,454,liboqs,iot
Dilithium3,sign,82388,0.082388,12.43,0.0,256,1952,3309,455,liboqs,iot
Dilithium3,sign,67674,0.067674,12.43,0.0,256,1952,3309,456,liboqs,iot
Dilithium3,sign,87907,0.087907,12.43,0.0,256,1952,3309,457,liboqs,iot
Dilithium3,sign,172457,0.172457,12.43,0.0,256,1952,3309,458,liboqs,iot
Dilithium3,sign,58527,0.058527,12.43,0.0,256,1952,3309,459,liboqs,iot
Dilithium3,sign,99546,0.099546,12.43,0.0,256,1952,3309,460,liboqs,iot
Dilithium3,sign,140556,0.140556,12.43,0.0,256,1952,3309,461,liboqs,iot
Dilithium3,sign,50760,0.05076,12.43,0.0,256,1952,3309,462,liboqs,iot
Dilithium3,sign,49132,0.049132,12.43,0.0,256,1952,3309,463,liboqs,iot
Dilithium3,sign,120161,0.120161,12.43,0.0,256,1952,3309,464,liboqs,iot
Dilithium3,sign,58266,0.058266,12.43,0.0,256,1952,3309,465,liboqs,iot
Dilithium3,sign,66090,0.06609,12.43,0.0,256,1952,3309,466,liboqs,iot
Dilithium3,sign,48459,0.048459,12.43,0.0,256,1952,3309,467,liboqs,iot
Dilithium3,sign,78242,0.078242,12.43,0.0,256,1952,3309,468,liboqs,iot
Dilithium3,sign,160201,0.160201,12.43,0.0,256,1952,3309,469,liboqs,iot
Dilithium3,sign,135213,0.135213,12.43,0.0,256,1952,3309,470,liboqs,iot
Dilithium3,sign,55122,0.055122,12.43,0.0,256,1952,3309,471,liboqs,iot
Dilithium3,sign,103335,0.103335,12.43,0.0,256,1952,3309,472,liboqs,iot
Dilithium3,sign,190149,0.190149,12.43,0.0,256,1952,3309,473,liboqs,iot
Dilithium3,sign,76016,0.076016,12.43,0.0,256,1952,3309,474,liboqs,iot
Dilithium3,sign,52911,0.052911,12.43,0.0,256,1952,3309,475,liboqs,iot
Dilithium3,sign,59297,0.059297,12.43,0.0,256,1952,3309,476,liboqs,iot
Dilithium3,sign,47960,0.04796,12.43,0.0,256,1952,3309,477,liboqs,iot
Dilithium3,sign,49586,0.049586,12.43,0.0,256,1952,3309,478,liboqs,iot
Dilithium3,sign,74488,0.074488,12.43,0.0,256,1952,3309,479,liboqs,iot
Dilithium3,sign,61474,0.061474,12.43,0.0,256,1952,3309,480,liboqs,iot
Dilithium3,sign,58563,0.058563,12.43,0.0,256,1952,3309,481,liboqs,iot
Dilithium3,sign,160902,0.160902,12.43,0.0,256,1952,3309,482,liboqs,iot
Dilithium3,sign,48134,0.048134,12.43,0.0,256,1952,3309,483,liboqs,iot
Dilithium3,sign,64980,0.06498,12.43,0.0,256,1952,3309,484,liboqs,iot
Dilithium3,sign,73955,0.073955,12.43,0.0,256,1952,3309,485,liboqs,iot
Dilithium3,sign,55973,0.055973,12.43,0.0,256,1952,3309,486,liboqs,iot
Dilithium3,sign,56384,0.056384,12.43,0.0,256,1952,3309,487,liboqs,iot
Dilithium3,sign,144327,0.144327,12.43,0.0,256,1952,3309,488,liboqs,iot
Dilithium3,sign,82031,0.082031,12.43,0.0,256,1952,3309,489,liboqs,iot
Dilithium3,sign,97343,0.097343,12.43,0.0,256,1952,3309,490,liboqs,iot
Dilithium3,sign,74909,0.074909,12.43,0.0,256,1952,3309,491,liboqs,iot
Dilithium3,sign,55806,0.055806,12.43,0.0,256,1952,3309,492,liboqs,iot
Dilithium3,sign,122452,0.122452,12.43,0.0,256,1952,3309,493,liboqs,iot
Dilithium3,sign,56031,0.056031,12.43,0.0,256,1952,3309,494,liboqs,iot
Dilithium3,sign,57427,0.057427,12.43,0.0,256,1952,3309,495,liboqs,iot
Dilithium3,sign,50545,0.050545,12.43,0.0,256,1952,3309,496,liboqs,iot
Dilithium3,sign,68006,0.068006,12.43,0.0,256,1952,3309,497,liboqs,iot
Dilithium3,sign,47564,0.047564,12.43,0.0,256,1952,3309,498,liboqs,iot
Dilithium3,sign,58295,0.058295,12.43,0.0,256,1952,3309,499,liboqs,iot
Dilithium3,sign,56970,0.05697,12.43,0.0,256,1952,3309,500,liboqs,iot
Dilithium3,sign,47732,0.047732,12.43,0.0,256,1952,3309,501,liboqs,iot
Dilithium3,sign,73885,0.073885,12.43,0.0,256,1952,3309,502,liboqs,iot
Dilithium3,sign,57478,0.057478,12.43,0.0,256,1952,3309,503,liboqs,iot
Dilithium3,sign,58425,0.058425,12.43,0.0,256,1952,3309,504,liboqs,iot
Dilithium3,sign,56656,0.056656,12.43,0.0,256,1952,3309,505,liboqs,iot
Dilithium3,sign,64556,0.064556,12.43,0.0,256,1952,3309,506,liboqs,iot
Dilithium3,sign,91360,0.09136,12.43,0.0,256,1952,3309,507,liboqs,iot
Dilithium3,sign,103807,0.103807,12.43,0.0,256,1952,3309,508,liboqs,iot
Dilithium3,sign,97193,0.097193,12.43,0.0,256,1952,3309,509,liboqs,iot
Dilithium3,sign,55232,0.055232,12.43,0.0,256,1952,3309,510,liboqs,iot
Dilithium3,sign,67426,0.067426,12.43,0.0,256,1952,3309,511,liboqs,iot
Dilithium3,sign,47740,0.04774,12.43,0.0,256,1952,3309,512,liboqs,iot
Dilithium3,sign,125487,0.125487,12.43,0.0,256,1952,3309,513,liboqs,iot
Dilithium3,sign,85080,0.08508,12.43,0.0,256,1952,3309,514,liboqs,iot
Dilithium3,sign,93812,0.093812,12.43,0.0,256,1952,3309,515,liboqs,iot
Dilithium3,sign,75711,0.075711,12.43,0.0,256,1952,3309,516,liboqs,iot
Dilithium3,sign,106654,0.106654,12.43,0.0,256,1952,3309,517,liboqs,iot
Dilithium3,sign,68632,0.068632,12.43,0.0,256,1952,3309,518,liboqs,iot
Dilithium3,sign,68352,0.068352,12.43,0.0,256,1952,3309,519,liboqs,iot
Dilithium3,sign,110537,0.110537,12.43,0.0,256,1952,3309,520,liboqs,iot
Dilithium3,sign,56489,0.056489,12.43,0.0,256,1952,3309,521,liboqs,iot
Dilithium3,sign,67721,0.067721,12.43,0.0,256,1952,3309,522,liboqs,iot
Dilithium3,sign,74122,0.074122,12.43,0.0,256,1952,3309,523,liboqs,iot
Dilithium3,sign,135650,0.13565,12.43,0.0,256,1952,3309,524,liboqs,iot
Dilithium3,sign,67245,0.067245,12.43,0.0,256,1952,3309,525,liboqs,iot
Dilithium3,sign,48513,0.048513,12.43,0.0,256,1952,3309,526,liboqs,iot
Dilithium3,sign,84329,0.084329,12.43,0.0,256,1952,3309,527,liboqs,iot
Dilithium3,sign,47073,0.047073,12.43,0.0,256,1952,3309,528,liboqs,iot
Dilithium3,sign,134708,0.134708,12.43,0.0,256,1952,3309,529,liboqs,iot
Dilithium3,sign,50995,0.050995,12.43,0.0,256,1952,3309,530,liboqs,iot
Dilithium3,sign,47321,0.047321,12.43,0.0,256,1952,3309,531,liboqs,iot
Dilithium3,sign,89753,0.089753,12.43,0.0,256,1952,3309,532,liboqs,iot
Dilithium3,sign,86308,0.086308,12.43,0.0,256,1952,3309,533,liboqs,iot
Dilithium3,sign,49001,0.049001,12.43,0.0,256,1952,3309,534,liboqs,iot
Dilithium3,sign,135088,0.135088,12.43,0.0,256,1952,3309,535,liboqs,iot
Dilithium3,sign,109579,0.109579,12.43,0.0,256,1952,3309,536,liboqs,iot
Dilithium3,sign,316024,0.316024,12.43,0.0,256,1952,3309,537,liboqs,iot
Dilithium3,sign,138693,0.138693,12.43,0.0,256,1952,3309,538,liboqs,iot
Dilithium3,sign,111758,0.111758,12.43,0.0,256,1952,3309,539,liboqs,iot
Dilithium3,sign,129081,0.129081,12.43,0.0,256,1952,3309,540,liboqs,iot
Dilithium3,sign,92278,0.092278,12.43,0.0,256,1952,3309,541,liboqs,iot
Dilithium3,sign,90751,0.090751,12.43,0.0,256,1952,3309,542,liboqs,iot
Dilithium3,sign,75359,0.075359,12.43,0.0,256,1952,3309,543,liboqs,iot
Dilithium3,sign,73450,0.07345,12.43,0.0,256,1952,3309,544,liboqs,iot
Dilithium3,sign,51039,0.051039,12.43,0.0,256,1952,3309,545,liboqs,iot
Dilithium3,sign,66102,0.066102,12.43,0.0,256,1952,3309,546,liboqs,iot
Dilithium3,sign,65029,0.065029,12.43,0.0,256,1952,3309,547,liboqs,iot
Dilithium3,sign,80328,0.080328,12.43,0.0,256,1952,3309,548,liboqs,iot
Dilithium3,sign,93028,0.093028,12.43,0.0,256,1952,3309,549,liboqs,iot
Dilithium3,sign,63628,0.063628,12.43,0.0,256,1952,3309,550,liboqs,iot
Dilithium3,sign,109529,0.109529,12.43,0.0,256,1952,3309,551,liboqs,iot
Dilithium3,sign,47743,0.047743,12.43,0.0,256,1952,3309,552,liboqs,iot
Dilithium3,sign,109831,0.109831,12.43,0.0,256,1952,3309,553,liboqs,iot
Dilithium3,sign,99327,0.099327,12.43,0.0,256,1952,3309,554,liboqs,iot
Dilithium3,sign,57166,0.057166,12.43,0.0,256,1952,3309,555,liboqs,iot
Dilithium3,sign,52368,0.052368,12.43,0.0,256,1952,3309,556,liboqs,iot
Dilithium3,sign,115463,0.115463,12.43,0.0,256,1952,3309,557,liboqs,iot
Dilithium3,sign,92529,0.092529,12.43,0.0,256,1952,3309,558,liboqs,iot
Dilithium3,sign,73522,0.073522,12.43,0.0,256,1952,3309,559,liboqs,iot
Dilithium3,sign,49750,0.04975,12.43,0.0,256,1952,3309,560,liboqs,iot
Dilithium3,sign,84389,0.084389,12.43,0.0,256,1952,3309,561,liboqs,iot
Dilithium3,sign,271386,0.271386,12.43,0.0,256,1952,3309,562,liboqs,iot
Dilithium3,sign,57055,0.057055,12.43,0.0,256,1952,3309,563,liboqs,iot
Dilithium3,sign,145858,0.145858,12.43,0.0,256,1952,3309,564,liboqs,iot
Dilithium3,sign,49679,0.049679,12.43,0.0,256,1952,3309,565,liboqs,iot
Dilithium3,sign,183181,0.183181,12.43,0.0,256,1952,3309,566,liboqs,iot
Dilithium3,sign,92513,0.092513,12.43,0.0,256,1952,3309,567,liboqs,iot
Dilithium3,sign,82773,0.082773,12.43,0.0,256,1952,3309,568,liboqs,iot
Dilithium3,sign,48479,0.048479,12.43,0.0,256,1952,3309,569,liboqs,iot
Dilithium3,sign,96987,0.096987,12.43,0.0,256,1952,3309,570,liboqs,iot
Dilithium3,sign,137931,0.137931,12.43,0.0,256,1952,3309,571,liboqs,iot
Dilithium3,sign,72632,0.072632,12.43,0.0,256,1952,3309,572,liboqs,iot
Dilithium3,sign,102466,0.102466,12.43,0.0,256,1952,3309,573,liboqs,iot
Dilithium3,sign,82440,0.08244,12.43,0.0,256,1952,3309,574,liboqs,iot
Dilithium3,sign,57188,0.057188,12.43,0.0,256,1952,3309,575,liboqs,iot
Dilithium3,sign,63498,0.063498,12.43,0.0,256,1952,3309,576,liboqs,iot
Dilithium3,sign,93168,0.093168,12.43,0.0,256,1952,3309,577,liboqs,iot
Dilithium3,sign,64163,0.064163,12.43,0.0,256,1952,3309,578,liboqs,iot
Dilithium3,sign,74258,0.074258,12.43,0.0,256,1952,3309,579,liboqs,iot
Dilithium3,sign,86977,0.086977,12.43,0.0,256,1952,3309,580,liboqs,iot
Dilithium3,sign,77778,0.077778,12.43,0.0,256,1952,3309,581,liboqs,iot
Dilithium3,sign,60969,0.060969,12.43,0.0,256,1952,3309,582,liboqs,iot
Dilithium3,sign,75614,0.075614,12.43,0.0,256,1952,3309,583,liboqs,iot
Dilithium3,sign,75879,0.075879,12.43,0.0,256,1952,3309,584,liboqs,iot
Dilithium3,sign,103810,0.10381,12.43,0.0,256,1952,3309,585,liboqs,iot
Dilithium3,sign,167222,0.167222,12.43,0.0,256,1952,3309,586,liboqs,iot
Dilithium3,sign,66718,0.066718,12.43,0.0,256,1952,3309,587,liboqs,iot
Dilithium3,sign,55702,0.055702,12.43,0.0,256,1952,3309,588,liboqs,iot
Dilithium3,sign,57016,0.057016,12.43,0.0,256,1952,3309,589,liboqs,iot
Dilithium3,sign,122452,0.122452,12.43,0.0,256,1952,3309,590,liboqs,iot
Dilithium3,sign,63010,0.06301,12.43,0.0,256,1952,3309,591,liboqs,iot
Dilithium3,sign,64723,0.064723,12.43,0.0,256,1952,3309,592,liboqs,iot
Dilithium3,sign,88012,0.088012,12.43,0.0,256,1952,3309,593,liboqs,iot
Dilithium3,sign,82908,0.082908,12.43,0.0,256,1952,3309,594,liboqs,iot
Dilithium3,sign,50386,0.050386,12.43,0.0,256,1952,3309,595,liboqs,iot
Dilithium3,sign,47920,0.04792,12.43,0.0,256,1952,3309,596,liboqs,iot
Dilithium3,sign,69181,0.069181,12.43,0.0,256,1952,3309,597,liboqs,iot
Dilithium3,sign,57399,0.057399,12.43,0.0,256,1952,3309,598,liboqs,iot
Dilithium3,sign,58167,0.058167,12.43,0.0,256,1952,3309,599,liboqs,iot
Dilithium3,sign,81702,0.081702,12.43,0.0,256,1952,3309,600,liboqs,iot
Dilithium3,sign,46515,0.046515,12.43,0.0,256,1952,3309,601,liboqs,iot
Dilithium3,sign,58268,0.058268,12.43,0.0,256,1952,3309,602,liboqs,iot
Dilithium3,sign,177157,0.177157,12.43,0.0,256,1952,3309,603,liboqs,iot
Dilithium3,sign,68405,0.068405,12.43,0.0,256,1952,3309,604,liboqs,iot
Dilithium3,sign,121403,0.121403,12.43,0.0,256,1952,3309,605,liboqs,iot
Dilithium3,sign,76793,0.076793,12.43,0.0,256,1952,3309,606,liboqs,iot
Dilithium3,sign,64257,0.064257,12.43,0.0,256,1952,3309,607,liboqs,iot
Dilithium3,sign,48172,0.048172,12.43,0.0,256,1952,3309,608,liboqs,iot
Dilithium3,sign,101565,0.101565,12.43,0.0,256,1952,3309,609,liboqs,iot
Dilithium3,sign,105939,0.105939,12.43,0.0,256,1952,3309,610,liboqs,iot
Dilithium3,sign,98283,0.098283,12.43,0.0,256,1952,3309,611,liboqs,iot
Dilithium3,sign,127395,0.127395,12.43,0.0,256,1952,3309,612,liboqs,iot
Dilithium3,sign,111798,0.111798,12.43,0.0,256,1952,3309,613,liboqs,iot
Dilithium3,sign,52668,0.052668,12.43,0.0,256,1952,3309,614,liboqs,iot
Dilithium3,sign,72759,0.072759,12.43,0.0,256,1952,3309,615,liboqs,iot
Dilithium3,sign,128272,0.128272,12.43,0.0,256,1952,3309,616,liboqs,iot
Dilithium3,sign,159097,0.159097,12.43,0.0,256,1952,3309,617,liboqs,iot
Dilithium3,sign,47296,0.047296,12.43,0.0,256,1952,3309,618,liboqs,iot
Dilithium3,sign,81670,0.08167,12.43,0.0,256,1952,3309,619,liboqs,iot
Dilithium3,sign,220475,0.220475,12.43,0.0,256,1952,3309,620,liboqs,iot
Dilithium3,sign,61315,0.061315,12.43,0.0,256,1952,3309,621,liboqs,iot
Dilithium3,sign,135418,0.135418,12.43,0.0,256,1952,3309,622,liboqs,iot
Dilithium3,sign,48620,0.04862,12.43,0.0,256,1952,3309,623,liboqs,iot
Dilithium3,sign,64310,0.06431,12.43,0.0,256,1952,3309,624,liboqs,iot
Dilithium3,sign,96302,0.096302,12.43,0.0,256,1952,3309,625,liboqs,iot
Dilithium3,sign,64678,0.064678,12.43,0.0,256,1952,3309,626,liboqs,iot
Dilithium3,sign,55571,0.055571,12.43,0.0,256,1952,3309,627,liboqs,iot
Dilithium3,sign,92153,0.092153,12.43,0.0,256,1952,3309,628,liboqs,iot
Dilithium3,sign,75224,0.075224,12.43,0.0,256,1952,3309,629,liboqs,iot
Dilithium3,sign,59176,0.059176,12.43,0.0,256,1952,3309,630,liboqs,iot
Dilithium3,sign,49814,0.049814,12.43,0.0,256,1952,3309,631,liboqs,iot
Dilithium3,sign,65052,0.065052,12.43,0.0,256,1952,3309,632,liboqs,iot
Dilithium3,sign,184661,0.184661,12.43,0.0,256,1952,3309,633,liboqs,iot
Dilithium3,sign,57949,0.057949,12.43,0.0,256,1952,3309,634,liboqs,iot
Dilithium3,sign,49457,0.049457,12.43,0.0,256,1952,3309,635,liboqs,iot
Dilithium3,sign,83802,0.083802,12.43,0.0,256,1952,3309,636,liboqs,iot
Dilithium3,sign,56155,0.056155,12.43,0.0,256,1952,3309,637,liboqs,iot
Dilithium3,sign,47108,0.047108,12.43,0.0,256,1952,3309,638,liboqs,iot
Dilithium3,sign,47036,0.047036,12.43,0.0,256,1952,3309,639,liboqs,iot
Dilithium3,sign,91916,0.091916,12.43,0.0,256,1952,3309,640,liboqs,iot
Dilithium3,sign,63577,0.063577,12.43,0.0,256,1952,3309,641,liboqs,iot
Dilithium3,sign,77197,0.077197,12.43,0.0,256,1952,3309,642,liboqs,iot
Dilithium3,sign,82473,0.082473,12.43,0.0,256,1952,3309,643,liboqs,iot
Dilithium3,sign,136016,0.136016,12.43,0.0,256,1952,3309,644,liboqs,iot
Dilithium3,sign,50625,0.050625,12.43,0.0,256,1952,3309,645,liboqs,iot
Dilithium3,sign,98422,0.098422,12.43,0.0,256,1952,3309,646,liboqs,iot
Dilithium3,sign,48045,0.048045,12.43,0.0,256,1952,3309,647,liboqs,iot
Dilithium3,sign,47251,0.047251,12.43,0.0,256,1952,3309,648,liboqs,iot
Dilithium3,sign,108175,0.108175,12.43,0.0,256,1952,3309,649,liboqs,iot
Dilithium3,sign,54041,0.054041,12.43,0.0,256,1952,3309,650,liboqs,iot
Dilithium3,sign,55277,0.055277,12.43,0.0,256,1952,3309,651,liboqs,iot
Dilithium3,sign,65400,0.0654,12.43,0.0,256,1952,3309,652,liboqs,iot
Dilithium3,sign,90375,0.090375,12.43,0.0,256,1952,3309,653,liboqs,iot
Dilithium3,sign,81038,0.081038,12.43,0.0,256,1952,3309,654,liboqs,iot
Dilithium3,sign,54380,0.05438,12.43,0.0,256,1952,3309,655,liboqs,iot
Dilithium3,sign,88380,0.08838,12.43,0.0,256,1952,3309,656,liboqs,iot
Dilithium3,sign,48494,0.048494,12.43,0.0,256,1952,3309,657,liboqs,iot
Dilithium3,sign,45546,0.045546,12.43,0.0,256,1952,3309,658,liboqs,iot
Dilithium3,sign,83583,0.083583,12.43,0.0,256,1952,3309,659,liboqs,iot
Dilithium3,sign,63273,0.063273,12.43,0.0,256,1952,3309,660,liboqs,iot
Dilithium3,sign,53335,0.053335,12.43,0.0,256,1952,3309,661,liboqs,iot
Dilithium3,sign,133139,0.133139,12.43,0.0,256,1952,3309,662,liboqs,iot
Dilithium3,sign,109697,0.109697,12.43,0.0,256,1952,3309,663,liboqs,iot
Dilithium3,sign,63851,0.063851,12.43,0.0,256,1952,3309,664,liboqs,iot
Dilithium3,sign,164750,0.16475,12.43,0.0,256,1952,3309,665,liboqs,iot
Dilithium3,sign,210065,0.210065,12.43,0.0,256,1952,3309,666,liboqs,iot
Dilithium3,sign,79256,0.079256,12.43,0.0,256,1952,3309,667,liboqs,iot
Dilithium3,sign,76220,0.07622,12.43,0.0,256,1952,3309,668,liboqs,iot
Dilithium3,sign,59245,0.059245,12.43,0.0,256,1952,3309,669,liboqs,iot
Dilithium3,sign,54800,0.0548,12.43,0.0,256,1952,3309,670,liboqs,iot
Dilithium3,sign,119661,0.119661,12.43,0.0,256,1952,3309,671,liboqs,iot
Dilithium3,sign,136285,0.136285,12.43,0.0,256,1952,3309,672,liboqs,iot
Dilithium3,sign,79627,0.079627,12.43,0.0,256,1952,3309,673,liboqs,iot
Dilithium3,sign,72867,0.072867,12.43,0.0,256,1952,3309,674,liboqs,iot
Dilithium3,sign,107025,0.107025,12.43,0.0,256,1952,3309,675,liboqs,iot
Dilithium3,sign,112249,0.112249,12.43,0.0,256,1952,3309,676,liboqs,iot
Dilithium3,sign,67770,0.06777,12.43,0.0,256,1952,3309,677,liboqs,iot
Dilithium3,sign,49085,0.049085,12.43,0.0,256,1952,3309,678,liboqs,iot
Dilithium3,sign,135137,0.135137,12.43,0.0,256,1952,3309,679,liboqs,iot
Dilithium3,sign,75456,0.075456,12.43,0.0,256,1952,3309,680,liboqs,iot
Dilithium3,sign,47998,0.047998,12.43,0.0,256,1952,3309,681,liboqs,iot
Dilithium3,sign,46138,0.046138,12.43,0.0,256,1952,3309,682,liboqs,iot
Dilithium3,sign,47422,0.047422,12.43,0.0,256,1952,3309,683,liboqs,iot
Dilithium3,sign,47763,0.047763,12.43,0.0,256,1952,3309,684,liboqs,iot
Dilithium3,sign,92429,0.092429,12.43,0.0,256,1952,3309,685,liboqs,iot
Dilithium3,sign,88468,0.088468,12.43,0.0,256,1952,3309,686,liboqs,iot
Dilithium3,sign,114098,0.114098,12.43,0.0,256,1952,3309,687,liboqs,iot
Dilithium3,sign,62851,0.062851,12.43,0.0,256,1952,3309,688,liboqs,iot
Dilithium3,sign,126332,0.126332,12.43,0.0,256,1952,3309,689,liboqs,iot
Dilithium3,sign,54827,0.054827,12.43,0.0,256,1952,3309,690,liboqs,iot
Dilithium3,sign,49185,0.049185,12.43,0.0,256,1952,3309,691,liboqs,iot
Dilithium3,sign,67363,0.067363,12.43,0.0,256,1952,3309,692,liboqs,iot
Dilithium3,sign,131581,0.131581,12.43,0.0,256,1952,3309,693,liboqs,iot
Dilithium3,sign,47065,0.047065,12.43,0.0,256,1952,3309,694,liboqs,iot
Dilithium3,sign,48542,0.048542,12.43,0.0,256,1952,3309,695,liboqs,iot
Dilithium3,sign,64378,0.064378,12.43,0.0,256,1952,3309,696,liboqs,iot
Dilithium3,sign,329635,0.329635,12.43,0.0,256,1952,3309,697,liboqs,iot
Dilithium3,sign,190115,0.190115,12.43,0.0,256,1952,3309,698,liboqs,iot
Dilithium3,sign,109610,0.10961,12.43,0.0,256,1952,3309,699,liboqs,iot
Dilithium3,sign,56597,0.056597,12.43,0.0,256,1952,3309,700,liboqs,iot
Dilithium3,sign,47693,0.047693,12.43,0.0,256,1952,3309,701,liboqs,iot
Dilithium3,sign,63704,0.063704,12.43,0.0,256,1952,3309,702,liboqs,iot
Dilithium3,sign,45875,0.045875,12.43,0.0,256,1952,3309,703,liboqs,iot
Dilithium3,sign,129178,0.129178,12.43,0.0,256,1952,3309,704,liboqs,iot
Dilithium3,sign,83793,0.083793,12.43,0.0,256,1952,3309,705,liboqs,iot
Dilithium3,sign,45940,0.04594,12.43,0.0,256,1952,3309,706,liboqs,iot
Dilithium3,sign,75724,0.075724,12.43,0.0,256,1952,3309,707,liboqs,iot
Dilithium3,sign,236387,0.236387,12.43,0.0,256,1952,3309,708,liboqs,iot
Dilithium3,sign,74484,0.074484,12.43,0.0,256,1952,3309,709,liboqs,iot
Dilithium3,sign,108829,0.108829,12.43,0.0,256,1952,3309,710,liboqs,iot
Dilithium3,sign,50217,0.050217,12.43,0.0,256,1952,3309,711,liboqs,iot
Dilithium3,sign,64617,0.064617,12.43,0.0,256,1952,3309,712,liboqs,iot
Dilithium3,sign,90677,0.090677,12.43,0.0,256,1952,3309,713,liboqs,iot
Dilithium3,sign,84738,0.084738,12.43,0.0,256,1952,3309,714,liboqs,iot
Dilithium3,sign,90800,0.0908,12.43,0.0,256,1952,3309,715,liboqs,iot
Dilithium3,sign,118075,0.118075,12.43,0.0,256,1952,3309,716,liboqs,iot
Dilithium3,sign,49430,0.04943,12.43,0.0,256,1952,3309,717,liboqs,iot
Dilithium3,sign,56859,0.056859,12.43,0.0,256,1952,3309,718,liboqs,iot
Dilithium3,sign,48155,0.048155,12.43,0.0,256,1952,3309,719,liboqs,iot
Dilithium3,sign,46353,0.046353,12.43,0.0,256,1952,3309,720,liboqs,iot
Dilithium3,sign,65629,0.065629,12.43,0.0,256,1952,3309,721,liboqs,iot
Dilithium3,sign,74328,0.074328,12.43,0.0,256,1952,3309,722,liboqs,iot
Dilithium3,sign,55565,0.055565,12.43,0.0,256,1952,3309,723,liboqs,iot
Dilithium3,sign,63721,0.063721,12.43,0.0,256,1952,3309,724,liboqs,iot
Dilithium3,sign,47399,0.047399,12.43,0.0,256,1952,3309,725,liboqs,iot
Dilithium3,sign,83012,0.083012,12.43,0.0,256,1952,3309,726,liboqs,iot
Dilithium3,sign,77496,0.077496,12.43,0.0,256,1952,3309,727,liboqs,iot
Dilithium3,sign,255584,0.255584,12.43,0.0,256,1952,3309,728,liboqs,iot
Dilithium3,sign,86057,0.086057,12.43,0.0,256,1952,3309,729,liboqs,iot
Dilithium3,sign,46019,0.046019,12.43,0.0,256,1952,3309,730,liboqs,iot
Dilithium3,sign,171287,0.171287,12.43,0.0,256,1952,3309,731,liboqs,iot
Dilithium3,sign,69464,0.069464,12.43,0.0,256,1952,3309,732,liboqs,iot
Dilithium3,sign,79134,0.079134,12.43,0.0,256,1952,3309,733,liboqs,iot
Dilithium3,sign,106365,0.106365,12.43,0.0,256,1952,3309,734,liboqs,iot
Dilithium3,sign,76686,0.076686,12.43,0.0,256,1952,3309,735,liboqs,iot
Dilithium3,sign,92359,0.092359,12.43,0.0,256,1952,3309,736,liboqs,iot
Dilithium3,sign,47183,0.047183,12.43,0.0,256,1952,3309,737,liboqs,iot
Dilithium3,sign,105553,0.105553,12.43,0.0,256,1952,3309,738,liboqs,iot
Dilithium3,sign,105744,0.105744,12.43,0.0,256,1952,3309,739,liboqs,iot
Dilithium3,sign,95799,0.095799,12.43,0.0,256,1952,3309,740,liboqs,iot
Dilithium3,sign,47069,0.047069,12.43,0.0,256,1952,3309,741,liboqs,iot
Dilithium3,sign,101976,0.101976,12.43,0.0,256,1952,3309,742,liboqs,iot
Dilithium3,sign,101921,0.101921,12.43,0.0,256,1952,3309,743,liboqs,iot
Dilithium3,sign,73187,0.073187,12.43,0.0,256,1952,3309,744,liboqs,iot
Dilithium3,sign,73962,0.073962,12.43,0.0,256,1952,3309,745,liboqs,iot
Dilithium3,sign,70989,0.070989,12.43,0.0,256,1952,3309,746,liboqs,iot
Dilithium3,sign,61865,0.061865,12.43,0.0,256,1952,3309,747,liboqs,iot
Dilithium3,sign,56508,0.056508,12.43,0.0,256,1952,3309,748,liboqs,iot
Dilithium3,sign,74197,0.074197,12.43,0.0,256,1952,3309,749,liboqs,iot
Dilithium3,sign,106216,0.106216,12.43,0.0,256,1952,3309,750,liboqs,iot
Dilithium3,sign,64809,0.064809,12.43,0.0,256,1952,3309,751,liboqs,iot
Dilithium3,sign,46285,0.046285,12.43,0.0,256,1952,3309,752,liboqs,iot
Dilithium3,sign,56332,0.056332,12.43,0.0,256,1952,3309,753,liboqs,iot
Dilithium3,sign,137507,0.137507,14.82,0.0,256,1952,3309,754,liboqs,iot
Dilithium3,sign,73983,0.073983,15.16,0.0,256,1952,3309,755,liboqs,iot
Dilithium3,sign,107320,0.10732,12.37,0.0,256,1952,3309,756,liboqs,iot
Dilithium3,sign,100833,0.100833,12.43,0.0,256,1952,3309,757,liboqs,iot
Dilithium3,sign,147621,0.147621,12.43,0.0,256,1952,3309,758,liboqs,iot
Dilithium3,sign,92311,0.092311,12.43,0.0,256,1952,3309,759,liboqs,iot
Dilithium3,sign,67605,0.067605,12.43,0.0,256,1952,3309,760,liboqs,iot
Dilithium3,sign,64719,0.064719,12.43,0.0,256,1952,3309,761,liboqs,iot
Dilithium3,sign,46678,0.046678,12.43,0.0,256,1952,3309,762,liboqs,iot
Dilithium3,sign,56296,0.056296,12.43,0.0,256,1952,3309,763,liboqs,iot
Dilithium3,sign,46138,0.046138,12.43,0.0,256,1952,3309,764,liboqs,iot
Dilithium3,sign,91047,0.091047,12.43,0.0,256,1952,3309,765,liboqs,iot
Dilithium3,sign,55916,0.055916,12.43,0.0,256,1952,3309,766,liboqs,iot
Dilithium3,sign,62565,0.062565,12.43,0.0,256,1952,3309,767,liboqs,iot
Dilithium3,sign,146373,0.146373,12.43,0.0,256,1952,3309,768,liboqs,iot
Dilithium3,sign,106758,0.106758,12.43,0.0,256,1952,3309,769,liboqs,iot
Dilithium3,sign,46528,0.046528,12.43,0.0,256,1952,3309,770,liboqs,iot
Dilithium3,sign,79927,0.079927,12.43,0.0,256,1952,3309,771,liboqs,iot
Dilithium3,sign,50386,0.050386,12.43,0.0,256,1952,3309,772,liboqs,iot
Dilithium3,sign,81207,0.081207,12.43,0.0,256,1952,3309,773,liboqs,iot
Dilithium3,sign,54505,0.054505,12.43,0.0,256,1952,3309,774,liboqs,iot
Dilithium3,sign,66297,0.066297,12.43,0.0,256,1952,3309,775,liboqs,iot
Dilithium3,sign,62098,0.062098,12.43,0.0,256,1952,3309,776,liboqs,iot
Dilithium3,sign,151886,0.151886,12.43,0.0,256,1952,3309,777,liboqs,iot
Dilithium3,sign,54133,0.054133,12.43,0.0,256,1952,3309,778,liboqs,iot
Dilithium3,sign,57199,0.057199,12.43,0.0,256,1952,3309,779,liboqs,iot
Dilithium3,sign,109341,0.109341,12.43,0.0,256,1952,3309,780,liboqs,iot
Dilithium3,sign,169368,0.169368,12.43,0.0,256,1952,3309,781,liboqs,iot
Dilithium3,sign,75199,0.075199,12.43,0.0,256,1952,3309,782,liboqs,iot
Dilithium3,sign,57686,0.057686,12.43,0.0,256,1952,3309,783,liboqs,iot
Dilithium3,sign,91504,0.091504,12.43,0.0,256,1952,3309,784,liboqs,iot
Dilithium3,sign,57390,0.05739,12.43,0.0,256,1952,3309,785,liboqs,iot
Dilithium3,sign,48744,0.048744,12.43,0.0,256,1952,3309,786,liboqs,iot
Dilithium3,sign,75072,0.075072,12.43,0.0,256,1952,3309,787,liboqs,iot
Dilithium3,sign,54154,0.054154,12.43,0.0,256,1952,3309,788,liboqs,iot
Dilithium3,sign,48134,0.048134,12.43,0.0,256,1952,3309,789,liboqs,iot
Dilithium3,sign,46852,0.046852,12.43,0.0,256,1952,3309,790,liboqs,iot
Dilithium3,sign,63102,0.063102,12.43,0.0,256,1952,3309,791,liboqs,iot
Dilithium3,sign,46470,0.04647,12.43,0.0,256,1952,3309,792,liboqs,iot
Dilithium3,sign,96867,0.096867,12.43,0.0,256,1952,3309,793,liboqs,iot
Dilithium3,sign,234766,0.234766,12.43,0.0,256,1952,3309,794,liboqs,iot
Dilithium3,sign,121588,0.121588,12.43,0.0,256,1952,3309,795,liboqs,iot
Dilithium3,sign,51222,0.051222,12.43,0.0,256,1952,3309,796,liboqs,iot
Dilithium3,sign,60093,0.060093,12.43,0.0,256,1952,3309,797,liboqs,iot
Dilithium3,sign,112449,0.112449,12.43,0.0,256,1952,3309,798,liboqs,iot
Dilithium3,sign,83141,0.083141,12.43,0.0,256,1952,3309,799,liboqs,iot
Dilithium3,sign,165398,0.165398,12.43,0.0,256,1952,3309,800,liboqs,iot
Dilithium3,sign,68207,0.068207,12.43,0.0,256,1952,3309,801,liboqs,iot
Dilithium3,sign,66736,0.066736,12.43,0.0,256,1952,3309,802,liboqs,iot
Dilithium3,sign,50134,0.050134,12.43,0.0,256,1952,3309,803,liboqs,iot
Dilithium3,sign,122560,0.12256,12.43,0.0,256,1952,3309,804,liboqs,iot
Dilithium3,sign,85110,0.08511,12.43,0.0,256,1952,3309,805,liboqs,iot
Dilithium3,sign,104545,0.104545,12.43,0.0,256,1952,3309,806,liboqs,iot
Dilithium3,sign,49194,0.049194,12.43,0.0,256,1952,3309,807,liboqs,iot
Dilithium3,sign,481099,0.481099,12.43,0.0,256,1952,3309,808,liboqs,iot
Dilithium3,sign,83585,0.083585,12.43,0.0,256,1952,3309,809,liboqs,iot
Dilithium3,sign,110686,0.110686,12.43,0.0,256,1952,3309,810,liboqs,iot
Dilithium3,sign,102384,0.102384,12.43,0.0,256,1952,3309,811,liboqs,iot
Dilithium3,sign,59992,0.059992,12.43,0.0,256,1952,3309,812,liboqs,iot
Dilithium3,sign,115084,0.115084,12.43,0.0,256,1952,3309,813,liboqs,iot
Dilithium3,sign,47353,0.047353,12.43,0.0,256,1952,3309,814,liboqs,iot
Dilithium3,sign,87098,0.087098,12.43,0.0,256,1952,3309,815,liboqs,iot
Dilithium3,sign,127919,0.127919,12.43,0.0,256,1952,3309,816,liboqs,iot
Dilithium3,sign,55033,0.055033,12.43,0.0,256,1952,3309,817,liboqs,iot
Dilithium3,sign,57016,0.057016,12.43,0.0,256,1952,3309,818,liboqs,iot
Dilithium3,sign,49369,0.049369,12.43,0.0,256,1952,3309,819,liboqs,iot
Dilithium3,sign,47262,0.047262,12.43,0.0,256,1952,3309,820,liboqs,iot
Dilithium3,sign,179687,0.179687,12.43,0.0,256,1952,3309,821,liboqs,iot
Dilithium3,sign,86436,0.086436,12.43,0.0,256,1952,3309,822,liboqs,iot
Dilithium3,sign,77028,0.077028,12.43,0.0,256,1952,3309,823,liboqs,iot
Dilithium3,sign,48256,0.048256,12.43,0.0,256,1952,3309,824,liboqs,iot
Dilithium3,sign,164073,0.164073,12.43,0.0,256,1952,3309,825,liboqs,iot
Dilithium3,sign,47068,0.047068,12.43,0.0,256,1952,3309,826,liboqs,iot
Dilithium3,sign,47645,0.047645,12.43,0.0,256,1952,3309,827,liboqs,iot
Dilithium3,sign,130696,0.130696,12.43,0.0,256,1952,3309,828,liboqs,iot
Dilithium3,sign,90906,0.090906,12.43,0.0,256,1952,3309,829,liboqs,iot
Dilithium3,sign,57773,0.057773,12.43,0.0,256,1952,3309,830,liboqs,iot
Dilithium3,sign,68077,0.068077,12.43,0.0,256,1952,3309,831,liboqs,iot
Dilithium3,sign,47274,0.047274,12.43,0.0,256,1952,3309,832,liboqs,iot
Dilithium3,sign,58610,0.05861,12.43,0.0,256,1952,3309,833,liboqs,iot
Dilithium3,sign,79568,0.079568,12.43,0.0,256,1952,3309,834,liboqs,iot
Dilithium3,sign,94001,0.094001,12.43,0.0,256,1952,3309,835,liboqs,iot
Dilithium3,sign,89150,0.08915,12.43,0.0,256,1952,3309,836,liboqs,iot
Dilithium3,sign,59677,0.059677,12.43,0.0,256,1952,3309,837,liboqs,iot
Dilithium3,sign,56496,0.056496,12.43,0.0,256,1952,3309,838,liboqs,iot
Dilithium3,sign,108444,0.108444,12.43,0.0,256,1952,3309,839,liboqs,iot
Dilithium3,sign,64454,0.064454,12.43,0.0,256,1952,3309,840,liboqs,iot
Dilithium3,sign,46330,0.04633,12.43,0.0,256,1952,3309,841,liboqs,iot
Dilithium3,sign,46645,0.046645,12.43,0.0,256,1952,3309,842,liboqs,iot
Dilithium3,sign,84817,0.084817,12.43,0.0,256,1952,3309,843,liboqs,iot
Dilithium3,sign,54769,0.054769,12.43,0.0,256,1952,3309,844,liboqs,iot
Dilithium3,sign,138772,0.138772,12.43,0.0,256,1952,3309,845,liboqs,iot
Dilithium3,sign,57260,0.05726,12.43,0.0,256,1952,3309,846,liboqs,iot
Dilithium3,sign,84674,0.084674,12.43,0.0,256,1952,3309,847,liboqs,iot
Dilithium3,sign,82991,0.082991,12.43,0.0,256,1952,3309,848,liboqs,iot
Dilithium3,sign,47702,0.047702,12.43,0.0,256,1952,3309,849,liboqs,iot
Dilithium3,sign,73923,0.073923,12.43,0.0,256,1952,3309,850,liboqs,iot
Dilithium3,sign,101569,0.101569,12.43,0.0,256,1952,3309,851,liboqs,iot
Dilithium3,sign,73001,0.073001,12.43,0.0,256,1952,3309,852,liboqs,iot
Dilithium3,sign,48944,0.048944,12.43,0.0,256,1952,3309,853,liboqs,iot
Dilithium3,sign,83135,0.083135,12.43,0.0,256,1952,3309,854,liboqs,iot
Dilithium3,sign,48577,0.048577,12.43,0.0,256,1952,3309,855,liboqs,iot
Dilithium3,sign,55889,0.055889,12.43,0.0,256,1952,3309,856,liboqs,iot
Dilithium3,sign,68343,0.068343,12.43,0.0,256,1952,3309,857,liboqs,iot
Dilithium3,sign,74666,0.074666,12.43,0.0,256,1952,3309,858,liboqs,iot
Dilithium3,sign,70802,0.070802,12.43,0.0,256,1952,3309,859,liboqs,iot
Dilithium3,sign,58178,0.058178,12.43,0.0,256,1952,3309,860,liboqs,iot
Dilithium3,sign,83588,0.083588,12.43,0.0,256,1952,3309,861,liboqs,iot
Dilithium3,sign,45930,0.04593,12.43,0.0,256,1952,3309,862,liboqs,iot
Dilithium3,sign,46361,0.046361,12.43,0.0,256,1952,3309,863,liboqs,iot
Dilithium3,sign,83530,0.08353,12.43,0.0,256,1952,3309,864,liboqs,iot
Dilithium3,sign,46833,0.046833,12.43,0.0,256,1952,3309,865,liboqs,iot
Dilithium3,sign,46815,0.046815,12.43,0.0,256,1952,3309,866,liboqs,iot
Dilithium3,sign,71356,0.071356,12.43,0.0,256,1952,3309,867,liboqs,iot
Dilithium3,sign,100673,0.100673,12.43,0.0,256,1952,3309,868,liboqs,iot
Dilithium3,sign,63320,0.06332,12.43,0.0,256,1952,3309,869,liboqs,iot
Dilithium3,sign,102522,0.102522,12.43,0.0,256,1952,3309,870,liboqs,iot
Dilithium3,sign,54185,0.054185,12.43,0.0,256,1952,3309,871,liboqs,iot
Dilithium3,sign,64092,0.064092,12.43,0.0,256,1952,3309,872,liboqs,iot
Dilithium3,sign,88866,0.088866,12.43,0.0,256,1952,3309,873,liboqs,iot
Dilithium3,sign,102385,0.102385,12.43,0.0,256,1952,3309,874,liboqs,iot
Dilithium3,sign,55783,0.055783,12.43,0.0,256,1952,3309,875,liboqs,iot
Dilithium3,sign,58158,0.058158,12.43,0.0,256,1952,3309,876,liboqs,iot
Dilithium3,sign,189989,0.189989,12.43,0.0,256,1952,3309,877,liboqs,iot
Dilithium3,sign,100668,0.100668,12.43,0.0,256,1952,3309,878,liboqs,iot
Dilithium3,sign,72040,0.07204,12.43,0.0,256,1952,3309,879,liboqs,iot
Dilithium3,sign,84982,0.084982,12.43,0.0,256,1952,3309,880,liboqs,iot
Dilithium3,sign,94597,0.094597,12.43,0.0,256,1952,3309,881,liboqs,iot
Dilithium3,sign,57546,0.057546,12.43,0.0,256,1952,3309,882,liboqs,iot
Dilithium3,sign,120767,0.120767,12.43,0.0,256,1952,3309,883,liboqs,iot
Dilithium3,sign,90969,0.090969,12.43,0.0,256,1952,3309,884,liboqs,iot
Dilithium3,sign,84218,0.084218,12.43,0.0,256,1952,3309,885,liboqs,iot
Dilithium3,sign,46352,0.046352,12.43,0.0,256,1952,3309,886,liboqs,iot
Dilithium3,sign,91832,0.091832,12.43,0.0,256,1952,3309,887,liboqs,iot
Dilithium3,sign,120455,0.120455,12.43,0.0,256,1952,3309,888,liboqs,iot
Dilithium3,sign,120476,0.120476,12.43,0.0,256,1952,3309,889,liboqs,iot
Dilithium3,sign,134355,0.134355,12.43,0.0,256,1952,3309,890,liboqs,iot
Dilithium3,sign,99749,0.099749,12.43,0.0,256,1952,3309,891,liboqs,iot
Dilithium3,sign,45916,0.045916,12.43,0.0,256,1952,3309,892,liboqs,iot
Dilithium3,sign,101916,0.101916,12.43,0.0,256,1952,3309,893,liboqs,iot
Dilithium3,sign,58092,0.058092,12.43,0.0,256,1952,3309,894,liboqs,iot
Dilithium3,sign,72838,0.072838,12.43,0.0,256,1952,3309,895,liboqs,iot
Dilithium3,sign,124302,0.124302,12.43,0.0,256,1952,3309,896,liboqs,iot
Dilithium3,sign,57236,0.057236,12.43,0.0,256,1952,3309,897,liboqs,iot
Dilithium3,sign,90533,0.090533,12.43,0.0,256,1952,3309,898,liboqs,iot
Dilithium3,sign,111784,0.111784,12.43,0.0,256,1952,3309,899,liboqs,iot
Dilithium3,sign,122908,0.122908,12.43,0.0,256,1952,3309,900,liboqs,iot
Dilithium3,sign,117379,0.117379,12.43,0.0,256,1952,3309,901,liboqs,iot
Dilithium3,sign,82691,0.082691,12.43,0.0,256,1952,3309,902,liboqs,iot
Dilithium3,sign,85918,0.085918,12.43,0.0,256,1952,3309,903,liboqs,iot
Dilithium3,sign,95070,0.09507,12.43,0.0,256,1952,3309,904,liboqs,iot
Dilithium3,sign,68879,0.068879,12.43,0.0,256,1952,3309,905,liboqs,iot
Dilithium3,sign,57858,0.057858,12.43,0.0,256,1952,3309,906,liboqs,iot
Dilithium3,sign,72085,0.072085,12.43,0.0,256,1952,3309,907,liboqs,iot
Dilithium3,sign,57272,0.057272,12.43,0.0,256,1952,3309,908,liboqs,iot
Dilithium3,sign,202970,0.20297,12.43,0.0,256,1952,3309,909,liboqs,iot
Dilithium3,sign,99073,0.099073,12.43,0.0,256,1952,3309,910,liboqs,iot
Dilithium3,sign,47656,0.047656,12.43,0.0,256,1952,3309,911,liboqs,iot
Dilithium3,sign,243394,0.243394,12.43,0.0,256,1952,3309,912,liboqs,iot
Dilithium3,sign,120621,0.120621,12.43,0.0,256,1952,3309,913,liboqs,iot
Dilithium3,sign,123300,0.1233,12.43,0.0,256,1952,3309,914,liboqs,iot
Dilithium3,sign,89854,0.089854,12.43,0.0,256,1952,3309,915,liboqs,iot
Dilithium3,sign,56182,0.056182,12.43,0.0,256,1952,3309,916,liboqs,iot
Dilithium3,sign,49071,0.049071,12.43,0.0,256,1952,3309,917,liboqs,iot
Dilithium3,sign,85151,0.085151,12.43,0.0,256,1952,3309,918,liboqs,iot
Dilithium3,sign,71136,0.071136,12.43,0.0,256,1952,3309,919,liboqs,iot
Dilithium3,sign,83196,0.083196,12.43,0.0,256,1952,3309,920,liboqs,iot
Dilithium3,sign,49297,0.049297,12.43,0.0,256,1952,3309,921,liboqs,iot
Dilithium3,sign,141861,0.141861,12.43,0.0,256,1952,3309,922,liboqs,iot
Dilithium3,sign,132119,0.132119,12.43,0.0,256,1952,3309,923,liboqs,iot
Dilithium3,sign,230623,0.230623,12.43,0.0,256,1952,3309,924,liboqs,iot
Dilithium3,sign,79732,0.079732,12.43,0.0,256,1952,3309,925,liboqs,iot
Dilithium3,sign,65574,0.065574,12.43,0.0,256,1952,3309,926,liboqs,iot
Dilithium3,sign,59521,0.059521,12.43,0.0,256,1952,3309,927,liboqs,iot
Dilithium3,sign,47352,0.047352,12.43,0.0,256,1952,3309,928,liboqs,iot
Dilithium3,sign,153160,0.15316,12.43,0.0,256,1952,3309,929,liboqs,iot
Dilithium3,sign,56091,0.056091,12.43,0.0,256,1952,3309,930,liboqs,iot
Dilithium3,sign,113209,0.113209,12.43,0.0,256,1952,3309,931,liboqs,iot
Dilithium3,sign,47252,0.047252,12.43,0.0,256,1952,3309,932,liboqs,iot
Dilithium3,sign,56391,0.056391,12.43,0.0,256,1952,3309,933,liboqs,iot
Dilithium3,sign,46457,0.046457,12.43,0.0,256,1952,3309,934,liboqs,iot
Dilithium3,sign,188842,0.188842,12.43,0.0,256,1952,3309,935,liboqs,iot
Dilithium3,sign,74404,0.074404,12.43,0.0,256,1952,3309,936,liboqs,iot
Dilithium3,sign,90636,0.090636,12.43,0.0,256,1952,3309,937,liboqs,iot
Dilithium3,sign,74370,0.07437,12.43,0.0,256,1952,3309,938,liboqs,iot
Dilithium3,sign,94573,0.094573,12.43,0.0,256,1952,3309,939,liboqs,iot
Dilithium3,sign,46655,0.046655,12.43,0.0,256,1952,3309,940,liboqs,iot
Dilithium3,sign,56837,0.056837,12.43,0.0,256,1952,3309,941,liboqs,iot
Dilithium3,sign,50506,0.050506,12.43,0.0,256,1952,3309,942,liboqs,iot
Dilithium3,sign,64496,0.064496,12.43,0.0,256,1952,3309,943,liboqs,iot
Dilithium3,sign,46937,0.046937,12.43,0.0,256,1952,3309,944,liboqs,iot
Dilithium3,sign,47434,0.047434,12.43,0.0,256,1952,3309,945,liboqs,iot
Dilithium3,sign,91865,0.091865,12.43,0.0,256,1952,3309,946,liboqs,iot
Dilithium3,sign,268679,0.268679,12.43,0.0,256,1952,3309,947,liboqs,iot
Dilithium3,sign,73557,0.073557,12.43,0.0,256,1952,3309,948,liboqs,iot
Dilithium3,sign,123288,0.123288,12.43,0.0,256,1952,3309,949,liboqs,iot
Dilithium3,sign,58595,0.058595,12.43,0.0,256,1952,3309,950,liboqs,iot
Dilithium3,sign,65155,0.065155,12.43,0.0,256,1952,3309,951,liboqs,iot
Dilithium3,sign,45813,0.045813,12.43,0.0,256,1952,3309,952,liboqs,iot
Dilithium3,sign,93727,0.093727,12.43,0.0,256,1952,3309,953,liboqs,iot
Dilithium3,sign,79079,0.079079,12.43,0.0,256,1952,3309,954,liboqs,iot
Dilithium3,sign,45933,0.045933,12.43,0.0,256,1952,3309,955,liboqs,iot
Dilithium3,sign,65370,0.06537,12.43,0.0,256,1952,3309,956,liboqs,iot
Dilithium3,sign,190049,0.190049,12.43,0.0,256,1952,3309,957,liboqs,iot
Dilithium3,sign,91486,0.091486,12.43,0.0,256,1952,3309,958,liboqs,iot
Dilithium3,sign,67732,0.067732,12.43,0.0,256,1952,3309,959,liboqs,iot
Dilithium3,sign,93410,0.09341,12.43,0.0,256,1952,3309,960,liboqs,iot
Dilithium3,sign,53227,0.053227,12.43,0.0,256,1952,3309,961,liboqs,iot
Dilithium3,sign,127274,0.127274,12.43,0.0,256,1952,3309,962,liboqs,iot
Dilithium3,sign,158014,0.158014,12.43,0.0,256,1952,3309,963,liboqs,iot
Dilithium3,sign,206743,0.206743,12.43,0.0,256,1952,3309,964,liboqs,iot
Dilithium3,sign,58813,0.058813,12.43,0.0,256,1952,3309,965,liboqs,iot
Dilithium3,sign,64963,0.064963,12.43,0.0,256,1952,3309,966,liboqs,iot
Dilithium3,sign,145645,0.145645,12.43,0.0,256,1952,3309,967,liboqs,iot
Dilithium3,sign,151057,0.151057,12.43,0.0,256,1952,3309,968,liboqs,iot
Dilithium3,sign,180277,0.180277,12.43,0.0,256,1952,3309,969,liboqs,iot
Dilithium3,sign,48301,0.048301,12.43,0.0,256,1952,3309,970,liboqs,iot
Dilithium3,sign,83881,0.083881,12.43,0.0,256,1952,3309,971,liboqs,iot
Dilithium3,sign,101342,0.101342,12.43,0.0,256,1952,3309,972,liboqs,iot
Dilithium3,sign,87795,0.087795,12.43,0.0,256,1952,3309,973,liboqs,iot
Dilithium3,sign,60150,0.06015,12.43,0.0,256,1952,3309,974,liboqs,iot
Dilithium3,sign,69869,0.069869,12.43,0.0,256,1952,3309,975,liboqs,iot
Dilithium3,sign,81534,0.081534,12.43,0.0,256,1952,3309,976,liboqs,iot
Dilithium3,sign,153955,0.153955,12.43,0.0,256,1952,3309,977,liboqs,iot
Dilithium3,sign,89899,0.089899,12.43,0.0,256,1952,3309,978,liboqs,iot
Dilithium3,sign,63540,0.06354,12.43,0.0,256,1952,3309,979,liboqs,iot
Dilithium3,sign,52194,0.052194,12.43,0.0,256,1952,3309,980,liboqs,iot
Dilithium3,sign,62861,0.062861,12.43,0.0,256,1952,3309,981,liboqs,iot
Dilithium3,sign,66795,0.066795,12.43,0.0,256,1952,3309,982,liboqs,iot
Dilithium3,sign,47334,0.047334,12.43,0.0,256,1952,3309,983,liboqs,iot
Dilithium3,sign,105980,0.10598,12.43,0.0,256,1952,3309,984,liboqs,iot
Dilithium3,sign,65000,0.065,12.43,0.0,256,1952,3309,985,liboqs,iot
Dilithium3,sign,68434,0.068434,12.43,0.0,256,1952,3309,986,liboqs,iot
Dilithium3,sign,87386,0.087386,12.43,0.0,256,1952,3309,987,liboqs,iot
Dilithium3,sign,137439,0.137439,12.43,0.0,256,1952,3309,988,liboqs,iot
Dilithium3,sign,83088,0.083088,12.43,0.0,256,1952,3309,989,liboqs,iot
Dilithium3,sign,90574,0.090574,12.43,0.0,256,1952,3309,990,liboqs,iot
Dilithium3,sign,128454,0.128454,12.43,0.0,256,1952,3309,991,liboqs,iot
Dilithium3,sign,103968,0.103968,12.43,0.0,256,1952,3309,992,liboqs,iot
Dilithium3,sign,96898,0.096898,12.43,0.0,256,1952,3309,993,liboqs,iot
Dilithium3,sign,97456,0.097456,12.43,0.0,256,1952,3309,994,liboqs,iot
Dilithium3,sign,109629,0.109629,12.43,0.0,256,1952,3309,995,liboqs,iot
Dilithium3,sign,120248,0.120248,12.43,0.0,256,1952,3309,996,liboqs,iot
Dilithium3,sign,134728,0.134728,12.43,0.0,256,1952,3309,997,liboqs,iot
Dilithium3,sign,110997,0.110997,12.43,0.0,256,1952,3309,998,liboqs,iot
Dilithium3,sign,110064,0.110064,12.43,0.0,256,1952,3309,999,liboqs,iot
Dilithium3,verify,78391,0.078391,9.88,0.0,256,1952,3309,0,liboqs,iot
Dilithium3,verify,45829,0.045829,7.42,0.0,256,1952,3309,1,liboqs,iot
Dilithium3,verify,43394,0.043394,7.42,0.0,256,1952,3309,2,liboqs,iot
Dilithium3,verify,68597,0.068597,7.63,0.0,256,1952,3309,3,liboqs,iot
Dilithium3,verify,44796,0.044796,7.48,0.0,256,1952,3309,4,liboqs,iot
Dilithium3,verify,41067,0.041067,7.48,0.0,256,1952,3309,5,liboqs,iot
Dilithium3,verify,55405,0.055405,7.48,0.0,256,1952,3309,6,liboqs,iot
Dilithium3,verify,47138,0.047138,7.48,0.0,256,1952,3309,7,liboqs,iot
Dilithium3,verify,47727,0.047727,7.48,0.0,256,1952,3309,8,liboqs,iot
Dilithium3,verify,42223,0.042223,7.48,0.0,256,1952,3309,9,liboqs,iot
Dilithium3,verify,40473,0.040473,7.48,0.0,256,1952,3309,10,liboqs,iot
Dilithium3,verify,41812,0.041812,7.48,0.0,256,1952,3309,11,liboqs,iot
Dilithium3,verify,39927,0.039927,7.48,0.0,256,1952,3309,12,liboqs,iot
Dilithium3,verify,40940,0.04094,7.48,0.0,256,1952,3309,13,liboqs,iot
Dilithium3,verify,39215,0.039215,7.48,0.0,256,1952,3309,14,liboqs,iot
Dilithium3,verify,39765,0.039765,7.48,0.0,256,1952,3309,15,liboqs,iot
Dilithium3,verify,39151,0.039151,7.48,0.0,256,1952,3309,16,liboqs,iot
Dilithium3,verify,40222,0.040222,7.48,0.0,256,1952,3309,17,liboqs,iot
Dilithium3,verify,45258,0.045258,7.48,0.0,256,1952,3309,18,liboqs,iot
Dilithium3,verify,40704,0.040704,7.48,0.0,256,1952,3309,19,liboqs,iot
Dilithium3,verify,38622,0.038622,7.48,0.0,256,1952,3309,20,liboqs,iot
Dilithium3,verify,49125,0.049125,7.48,0.0,256,1952,3309,21,liboqs,iot
Dilithium3,verify,44527,0.044527,7.48,0.0,256,1952,3309,22,liboqs,iot
Dilithium3,verify,39977,0.039977,7.48,0.0,256,1952,3309,23,liboqs,iot
Dilithium3,verify,39744,0.039744,7.48,0.0,256,1952,3309,24,liboqs,iot
Dilithium3,verify,39041,0.039041,7.48,0.0,256,1952,3309,25,liboqs,iot
Dilithium3,verify,39478,0.039478,7.48,0.0,256,1952,3309,26,liboqs,iot
Dilithium3,verify,38635,0.038635,7.48,0.0,256,1952,3309,27,liboqs,iot
Dilithium3,verify,38594,0.038594,7.48,0.0,256,1952,3309,28,liboqs,iot
Dilithium3,verify,39427,0.039427,7.48,0.0,256,1952,3309,29,liboqs,iot
Dilithium3,verify,40114,0.040114,7.48,0.0,256,1952,3309,30,liboqs,iot
Dilithium3,verify,40673,0.040673,7.48,0.0,256,1952,3309,31,liboqs,iot
Dilithium3,verify,39177,0.039177,7.48,0.0,256,1952,3309,32,liboqs,iot
Dilithium3,verify,39178,0.039178,7.48,0.0,256,1952,3309,33,liboqs,iot
Dilithium3,verify,38604,0.038604,7.48,0.0,256,1952,3309,34,liboqs,iot
Dilithium3,verify,38045,0.038045,7.48,0.0,256,1952,3309,35,liboqs,iot
Dilithium3,verify,38840,0.03884,7.48,0.0,256,1952,3309,36,liboqs,iot
Dilithium3,verify,39304,0.039304,7.48,0.0,256,1952,3309,37,liboqs,iot
Dilithium3,verify,38398,0.038398,7.48,0.0,256,1952,3309,38,liboqs,iot
Dilithium3,verify,38389,0.038389,7.48,0.0,256,1952,3309,39,liboqs,iot
Dilithium3,verify,41397,0.041397,7.48,0.0,256,1952,3309,40,liboqs,iot
Dilithium3,verify,38396,0.038396,7.48,0.0,256,1952,3309,41,liboqs,iot
Dilithium3,verify,38971,0.038971,7.48,0.0,256,1952,3309,42,liboqs,iot
Dilithium3,verify,38093,0.038093,7.48,0.0,256,1952,3309,43,liboqs,iot
Dilithium3,verify,38458,0.038458,7.48,0.0,256,1952,3309,44,liboqs,iot
Dilithium3,verify,40087,0.040087,7.48,0.0,256,1952,3309,45,liboqs,iot
Dilithium3,verify,38299,0.038299,7.48,0.0,256,1952,3309,46,liboqs,iot
Dilithium3,verify,38216,0.038216,7.48,0.0,256,1952,3309,47,liboqs,iot
Dilithium3,verify,39008,0.039008,7.48,0.0,256,1952,3309,48,liboqs,iot
Dilithium3,verify,39686,0.039686,7.48,0.0,256,1952,3309,49,liboqs,iot
Dilithium3,verify,38232,0.038232,7.48,0.0,256,1952,3309,50,liboqs,iot
Dilithium3,verify,38800,0.0388,7.48,0.0,256,1952,3309,51,liboqs,iot
Dilithium3,verify,38386,0.038386,7.48,0.0,256,1952,3309,52,liboqs,iot
Dilithium3,verify,39012,0.039012,7.48,0.0,256,1952,3309,53,liboqs,iot
Dilithium3,verify,39978,0.039978,7.48,0.0,256,1952,3309,54,liboqs,iot
Dilithium3,verify,38097,0.038097,7.48,0.0,256,1952,3309,55,liboqs,iot
Dilithium3,verify,48058,0.048058,7.48,0.0,256,1952,3309,56,liboqs,iot
Dilithium3,verify,40648,0.040648,7.48,0.0,256,1952,3309,57,liboqs,iot
Dilithium3,verify,40440,0.04044,7.48,0.0,256,1952,3309,58,liboqs,iot
Dilithium3,verify,38954,0.038954,7.48,0.0,256,1952,3309,59,liboqs,iot
Dilithium3,verify,38975,0.038975,7.48,0.0,256,1952,3309,60,liboqs,iot
Dilithium3,verify,38634,0.038634,7.48,0.0,256,1952,3309,61,liboqs,iot
Dilithium3,verify,39184,0.039184,7.48,0.0,256,1952,3309,62,liboqs,iot
Dilithium3,verify,40304,0.040304,7.48,0.0,256,1952,3309,63,liboqs,iot
Dilithium3,verify,38429,0.038429,7.48,0.0,256,1952,3309,64,liboqs,iot
Dilithium3,verify,38663,0.038663,7.48,0.0,256,1952,3309,65,liboqs,iot
Dilithium3,verify,39926,0.039926,7.48,0.0,256,1952,3309,66,liboqs,iot
Dilithium3,verify,39533,0.039533,7.48,0.0,256,1952,3309,67,liboqs,iot
Dilithium3,verify,38496,0.038496,7.48,0.0,256,1952,3309,68,liboqs,iot
Dilithium3,verify,47444,0.047444,7.48,0.0,256,1952,3309,69,liboqs,iot
Dilithium3,verify,45817,0.045817,7.48,0.0,256,1952,3309,70,liboqs,iot
Dilithium3,verify,39800,0.0398,7.48,0.0,256,1952,3309,71,liboqs,iot
Dilithium3,verify,39830,0.03983,7.48,0.0,256,1952,3309,72,liboqs,iot
Dilithium3,verify,38872,0.038872,7.48,0.0,256,1952,3309,73,liboqs,iot
Dilithium3,verify,38788,0.038788,7.48,0.0,256,1952,3309,74,liboqs,iot
Dilithium3,verify,38288,0.038288,7.48,0.0,256,1952,3309,75,liboqs,iot
Dilithium3,verify,39508,0.039508,7.48,0.0,256,1952,3309,76,liboqs,iot
Dilithium3,verify,38403,0.038403,7.48,0.0,256,1952,3309,77,liboqs,iot
Dilithium3,verify,38536,0.038536,7.48,0.0,256,1952,3309,78,liboqs,iot
Dilithium3,verify,38331,0.038331,7.48,0.0,256,1952,3309,79,liboqs,iot
Dilithium3,verify,38712,0.038712,7.48,0.0,256,1952,3309,80,liboqs,iot
Dilithium3,verify,40329,0.040329,7.48,0.0,256,1952,3309,81,liboqs,iot
Dilithium3,verify,38357,0.038357,7.48,0.0,256,1952,3309,82,liboqs,iot
Dilithium3,verify,38181,0.038181,7.48,0.0,256,1952,3309,83,liboqs,iot
Dilithium3,verify,38526,0.038526,7.48,0.0,256,1952,3309,84,liboqs,iot
Dilithium3,verify,39640,0.03964,7.48,0.0,256,1952,3309,85,liboqs,iot
Dilithium3,verify,38268,0.038268,7.48,0.0,256,1952,3309,86,liboqs,iot
Dilithium3,verify,38483,0.038483,7.48,0.0,256,1952,3309,87,liboqs,iot
Dilithium3,verify,41125,0.041125,7.48,0.0,256,1952,3309,88,liboqs,iot
Dilithium3,verify,46262,0.046262,7.48,0.0,256,1952,3309,89,liboqs,iot
Dilithium3,verify,41025,0.041025,7.48,0.0,256,1952,3309,90,liboqs,iot
Dilithium3,verify,38679,0.038679,7.48,0.0,256,1952,3309,91,liboqs,iot
Dilithium3,verify,72872,0.072872,9.94,0.0,256,1952,3309,92,liboqs,iot
Dilithium3,verify,53902,0.053902,9.63,0.0,256,1952,3309,93,liboqs,iot
Dilithium3,verify,41409,0.041409,7.42,0.0,256,1952,3309,94,liboqs,iot
Dilithium3,verify,40047,0.040047,7.42,0.0,256,1952,3309,95,liboqs,iot
Dilithium3,verify,40352,0.040352,7.48,0.0,256,1952,3309,96,liboqs,iot
Dilithium3,verify,39157,0.039157,7.48,0.0,256,1952,3309,97,liboqs,iot
Dilithium3,verify,40119,0.040119,7.48,0.0,256,1952,3309,98,liboqs,iot
Dilithium3,verify,39086,0.039086,7.48,0.0,256,1952,3309,99,liboqs,iot
Dilithium3,verify,39071,0.039071,7.48,0.0,256,1952,3309,100,liboqs,iot
Dilithium3,verify,38652,0.038652,7.48,0.0,256,1952,3309,101,liboqs,iot
Dilithium3,verify,38297,0.038297,7.48,0.0,256,1952,3309,102,liboqs,iot
Dilithium3,verify,60969,0.060969,7.48,0.0,256,1952,3309,103,liboqs,iot
Dilithium3,verify,45729,0.045729,7.48,0.0,256,1952,3309,104,liboqs,iot
Dilithium3,verify,40682,0.040682,7.48,0.0,256,1952,3309,105,liboqs,iot
Dilithium3,verify,41034,0.041034,7.48,0.0,256,1952,3309,106,liboqs,iot
Dilithium3,verify,42776,0.042776,7.48,0.0,256,1952,3309,107,liboqs,iot
Dilithium3,verify,42482,0.042482,7.48,0.0,256,1952,3309,108,liboqs,iot
Dilithium3,verify,40647,0.040647,7.48,0.0,256,1952,3309,109,liboqs,iot
Dilithium3,verify,39229,0.039229,7.48,0.0,256,1952,3309,110,liboqs,iot
Dilithium3,verify,37763,0.037763,7.48,0.0,256,1952,3309,111,liboqs,iot
Dilithium3,verify,38328,0.038328,7.48,0.0,256,1952,3309,112,liboqs,iot
Dilithium3,verify,37979,0.037979,7.48,0.0,256,1952,3309,113,liboqs,iot
Dilithium3,verify,38287,0.038287,7.48,0.0,256,1952,3309,114,liboqs,iot
Dilithium3,verify,48971,0.048971,7.48,0.0,256,1952,3309,115,liboqs,iot
Dilithium3,verify,45565,0.045565,7.48,0.0,256,1952,3309,116,liboqs,iot
Dilithium3,verify,40180,0.04018,7.48,0.0,256,1952,3309,117,liboqs,iot
Dilithium3,verify,39140,0.03914,7.48,0.0,256,1952,3309,118,liboqs,iot
Dilithium3,verify,39973,0.039973,7.48,0.0,256,1952,3309,119,liboqs,iot
Dilithium3,verify,38506,0.038506,7.48,0.0,256,1952,3309,120,liboqs,iot
Dilithium3,verify,38255,0.038255,7.48,0.0,256,1952,3309,121,liboqs,iot
Dilithium3,verify,38142,0.038142,7.48,0.0,256,1952,3309,122,liboqs,iot
Dilithium3,verify,38434,0.038434,7.48,0.0,256,1952,3309,123,liboqs,iot
Dilithium3,verify,38422,0.038422,7.48,0.0,256,1952,3309,124,liboqs,iot
Dilithium3,verify,39576,0.039576,7.48,0.0,256,1952,3309,125,liboqs,iot
Dilithium3,verify,38276,0.038276,7.48,0.0,256,1952,3309,126,liboqs,iot
Dilithium3,verify,38673,0.038673,7.48,0.0,256,1952,3309,127,liboqs,iot
Dilithium3,verify,41565,0.041565,7.48,0.0,256,1952,3309,128,liboqs,iot
Dilithium3,verify,38245,0.038245,7.48,0.0,256,1952,3309,129,liboqs,iot
Dilithium3,verify,40784,0.040784,7.48,0.0,256,1952,3309,130,liboqs,iot
Dilithium3,verify,38465,0.038465,7.48,0.0,256,1952,3309,131,liboqs,iot
Dilithium3,verify,37831,0.037831,7.48,0.0,256,1952,3309,132,liboqs,iot
Dilithium3,verify,38882,0.038882,7.48,0.0,256,1952,3309,133,liboqs,iot
Dilithium3,verify,37776,0.037776,7.48,0.0,256,1952,3309,134,liboqs,iot
Dilithium3,verify,37631,0.037631,7.48,0.0,256,1952,3309,135,liboqs,iot
Dilithium3,verify,37826,0.037826,7.48,0.0,256,1952,3309,136,liboqs,iot
Dilithium3,verify,39421,0.039421,7.48,0.0,256,1952,3309,137,liboqs,iot
Dilithium3,verify,37721,0.037721,7.48,0.0,256,1952,3309,138,liboqs,iot
Dilithium3,verify,37718,0.037718,7.48,0.0,256,1952,3309,139,liboqs,iot
Dilithium3,verify,37816,0.037816,7.48,0.0,256,1952,3309,140,liboqs,iot
Dilithium3,verify,37541,0.037541,7.48,0.0,256,1952,3309,141,liboqs,iot
Dilithium3,verify,39258,0.039258,7.48,0.0,256,1952,3309,142,liboqs,iot
Dilithium3,verify,37659,0.037659,7.48,0.0,256,1952,3309,143,liboqs,iot
Dilithium3,verify,45865,0.045865,7.48,0.0,256,1952,3309,144,liboqs,iot
Dilithium3,verify,46469,0.046469,7.48,0.0,256,1952,3309,145,liboqs,iot
Dilithium3,verify,42182,0.042182,7.48,0.0,256,1952,3309,146,liboqs,iot
Dilithium3,verify,39327,0.039327,7.48,0.0,256,1952,3309,147,liboqs,iot
Dilithium3,verify,38711,0.038711,7.48,0.0,256,1952,3309,148,liboqs,iot
Dilithium3,verify,37966,0.037966,7.48,0.0,256,1952,3309,149,liboqs,iot
Dilithium3,verify,38051,0.038051,7.48,0.0,256,1952,3309,150,liboqs,iot
Dilithium3,verify,41851,0.041851,7.48,0.0,256,1952,3309,151,liboqs,iot
Dilithium3,verify,38734,0.038734,7.48,0.0,256,1952,3309,152,liboqs,iot
Dilithium3,verify,38819,0.038819,7.48,0.0,256,1952,3309,153,liboqs,iot
Dilithium3,verify,38431,0.038431,7.48,0.0,256,1952,3309,154,liboqs,iot
Dilithium3,verify,39167,0.039167,7.48,0.0,256,1952,3309,155,liboqs,iot
Dilithium3,verify,39155,0.039155,7.48,0.0,256,1952,3309,156,liboqs,iot
Dilithium3,verify,47394,0.047394,7.48,0.0,256,1952,3309,157,liboqs,iot
Dilithium3,verify,63380,0.06338,7.48,0.0,256,1952,3309,158,liboqs,iot
Dilithium3,verify,45830,0.04583,7.48,0.0,256,1952,3309,159,liboqs,iot
Dilithium3,verify,40733,0.040733,7.48,0.0,256,1952,3309,160,liboqs,iot
Dilithium3,verify,39201,0.039201,7.48,0.0,256,1952,3309,161,liboqs,iot
Dilithium3,verify,39275,0.039275,7.48,0.0,256,1952,3309,162,liboqs,iot
Dilithium3,verify,39168,0.039168,7.48,0.0,256,1952,3309,163,liboqs,iot
Dilithium3,verify,40315,0.040315,7.48,0.0,256,1952,3309,164,liboqs,iot
Dilithium3,verify,38897,0.038897,7.48,0.0,256,1952,3309,165,liboqs,iot
Dilithium3,verify,38953,0.038953,7.48,0.0,256,1952,3309,166,liboqs,iot
Dilithium3,verify,38919,0.038919,7.48,0.0,256,1952,3309,167,liboqs,iot
Dilithium3,verify,38408,0.038408,7.48,0.0,256,1952,3309,168,liboqs,iot
Dilithium3,verify,39406,0.039406,7.48,0.0,256,1952,3309,169,liboqs,iot
Dilithium3,verify,38487,0.038487,7.48,0.0,256,1952,3309,170,liboqs,iot
Dilithium3,verify,38027,0.038027,7.48,0.0,256,1952,3309,171,liboqs,iot
Dilithium3,verify,38142,0.038142,7.48,0.0,256,1952,3309,172,liboqs,iot
Dilithium3,verify,41515,0.041515,7.48,0.0,256,1952,3309,173,liboqs,iot
Dilithium3,verify,38361,0.038361,7.48,0.0,256,1952,3309,174,liboqs,iot
Dilithium3,verify,38147,0.038147,7.48,0.0,256,1952,3309,175,liboqs,iot
Dilithium3,verify,39576,0.039576,7.48,0.0,256,1952,3309,176,liboqs,iot
Dilithium3,verify,37758,0.037758,7.48,0.0,256,1952,3309,177,liboqs,iot
Dilithium3,verify,37913,0.037913,7.48,0.0,256,1952,3309,178,liboqs,iot
Dilithium3,verify,37880,0.03788,7.48,0.0,256,1952,3309,179,liboqs,iot
Dilithium3,verify,38397,0.038397,7.48,0.0,256,1952,3309,180,liboqs,iot
Dilithium3,verify,39034,0.039034,7.48,0.0,256,1952,3309,181,liboqs,iot
Dilithium3,verify,37796,0.037796,7.48,0.0,256,1952,3309,182,liboqs,iot
Dilithium3,verify,44128,0.044128,7.48,0.0,256,1952,3309,183,liboqs,iot
Dilithium3,verify,39772,0.039772,7.48,0.0,256,1952,3309,184,liboqs,iot
Dilithium3,verify,39640,0.03964,7.48,0.0,256,1952,3309,185,liboqs,iot
Dilithium3,verify,38054,0.038054,7.48,0.0,256,1952,3309,186,liboqs,iot
Dilithium3,verify,38408,0.038408,7.48,0.0,256,1952,3309,187,liboqs,iot
Dilithium3,verify,37833,0.037833,7.48,0.0,256,1952,3309,188,liboqs,iot
Dilithium3,verify,37930,0.03793,7.48,0.0,256,1952,3309,189,liboqs,iot
Dilithium3,verify,38200,0.0382,7.48,0.0,256,1952,3309,190,liboqs,iot
Dilithium3,verify,38874,0.038874,7.48,0.0,256,1952,3309,191,liboqs,iot
Dilithium3,verify,38150,0.03815,7.48,0.0,256,1952,3309,192,liboqs,iot
Dilithium3,verify,37631,0.037631,7.48,0.0,256,1952,3309,193,liboqs,iot
Dilithium3,verify,39620,0.03962,7.48,0.0,256,1952,3309,194,liboqs,iot
Dilithium3,verify,37793,0.037793,7.48,0.0,256,1952,3309,195,liboqs,iot
Dilithium3,verify,37930,0.03793,7.48,0.0,256,1952,3309,196,liboqs,iot
Dilithium3,verify,37594,0.037594,7.48,0.0,256,1952,3309,197,liboqs,iot
Dilithium3,verify,38073,0.038073,7.48,0.0,256,1952,3309,198,liboqs,iot
Dilithium3,verify,38833,0.038833,7.48,0.0,256,1952,3309,199,liboqs,iot
Dilithium3,verify,37943,0.037943,7.48,0.0,256,1952,3309,200,liboqs,iot
Dilithium3,verify,38276,0.038276,7.48,0.0,256,1952,3309,201,liboqs,iot
Dilithium3,verify,37687,0.037687,7.48,0.0,256,1952,3309,202,liboqs,iot
Dilithium3,verify,38510,0.03851,7.48,0.0,256,1952,3309,203,liboqs,iot
Dilithium3,verify,37706,0.037706,7.48,0.0,256,1952,3309,204,liboqs,iot
Dilithium3,verify,37695,0.037695,7.48,0.0,256,1952,3309,205,liboqs,iot
Dilithium3,verify,47673,0.047673,7.48,0.0,256,1952,3309,206,liboqs,iot
Dilithium3,verify,46377,0.046377,7.48,0.0,256,1952,3309,207,liboqs,iot
Dilithium3,verify,58474,0.058474,7.48,0.0,256,1952,3309,208,liboqs,iot
Dilithium3,verify,45909,0.045909,7.48,0.0,256,1952,3309,209,liboqs,iot
Dilithium3,verify,41666,0.041666,7.48,0.0,256,1952,3309,210,liboqs,iot
Dilithium3,verify,39945,0.039945,7.48,0.0,256,1952,3309,211,liboqs,iot
Dilithium3,verify,40518,0.040518,7.48,0.0,256,1952,3309,212,liboqs,iot
Dilithium3,verify,39049,0.039049,7.48,0.0,256,1952,3309,213,liboqs,iot
Dilithium3,verify,38707,0.038707,7.48,0.0,256,1952,3309,214,liboqs,iot
Dilithium3,verify,38528,0.038528,7.48,0.0,256,1952,3309,215,liboqs,iot
Dilithium3,verify,38224,0.038224,7.48,0.0,256,1952,3309,216,liboqs,iot
Dilithium3,verify,39632,0.039632,7.48,0.0,256,1952,3309,217,liboqs,iot
Dilithium3,verify,38180,0.03818,7.48,0.0,256,1952,3309,218,liboqs,iot
Dilithium3,verify,38096,0.038096,7.48,0.0,256,1952,3309,219,liboqs,iot
Dilithium3,verify,38159,0.038159,7.48,0.0,256,1952,3309,220,liboqs,iot
Dilithium3,verify,39334,0.039334,7.48,0.0,256,1952,3309,221,liboqs,iot
Dilithium3,verify,38490,0.03849,7.48,0.0,256,1952,3309,222,liboqs,iot
Dilithium3,verify,38462,0.038462,7.48,0.0,256,1952,3309,223,liboqs,iot
Dilithium3,verify,40021,0.040021,7.48,0.0,256,1952,3309,224,liboqs,iot
Dilithium3,verify,38054,0.038054,7.48,0.0,256,1952,3309,225,liboqs,iot
Dilithium3,verify,38181,0.038181,7.48,0.0,256,1952,3309,226,liboqs,iot
Dilithium3,verify,38323,0.038323,7.48,0.0,256,1952,3309,227,liboqs,iot
Dilithium3,verify,38336,0.038336,7.48,0.0,256,1952,3309,228,liboqs,iot
Dilithium3,verify,38408,0.038408,7.48,0.0,256,1952,3309,229,liboqs,iot
Dilithium3,verify,39153,0.039153,7.48,0.0,256,1952,3309,230,liboqs,iot
Dilithium3,verify,41991,0.041991,7.48,0.0,256,1952,3309,231,liboqs,iot
Dilithium3,verify,42275,0.042275,7.48,0.0,256,1952,3309,232,liboqs,iot
Dilithium3,verify,40699,0.040699,7.48,0.0,256,1952,3309,233,liboqs,iot
Dilithium3,verify,37493,0.037493,7.48,0.0,256,1952,3309,234,liboqs,iot
Dilithium3,verify,37847,0.037847,7.48,0.0,256,1952,3309,235,liboqs,iot
Dilithium3,verify,37739,0.037739,7.48,0.0,256,1952,3309,236,liboqs,iot
Dilithium3,verify,37822,0.037822,7.48,0.0,256,1952,3309,237,liboqs,iot
Dilithium3,verify,37774,0.037774,7.48,0.0,256,1952,3309,238,liboqs,iot
Dilithium3,verify,39213,0.039213,7.48,0.0,256,1952,3309,239,liboqs,iot
Dilithium3,verify,38085,0.038085,7.48,0.0,256,1952,3309,240,liboqs,iot
Dilithium3,verify,37609,0.037609,7.48,0.0,256,1952,3309,241,liboqs,iot
Dilithium3,verify,38689,0.038689,7.48,0.0,256,1952,3309,242,liboqs,iot
Dilithium3,verify,37676,0.037676,7.48,0.0,256,1952,3309,243,liboqs,iot
Dilithium3,verify,37897,0.037897,7.48,0.0,256,1952,3309,244,liboqs,iot
Dilithium3,verify,37645,0.037645,7.48,0.0,256,1952,3309,245,liboqs,iot
Dilithium3,verify,37433,0.037433,7.48,0.0,256,1952,3309,246,liboqs,iot
Dilithium3,verify,38930,0.03893,7.48,0.0,256,1952,3309,247,liboqs,iot
Dilithium3,verify,46215,0.046215,7.48,0.0,256,1952,3309,248,liboqs,iot
Dilithium3,verify,45096,0.045096,7.48,0.0,256,1952,3309,249,liboqs,iot
Dilithium3,verify,39817,0.039817,7.48,0.0,256,1952,3309,250,liboqs,iot
Dilithium3,verify,40310,0.04031,7.48,0.0,256,1952,3309,251,liboqs,iot
Dilithium3,verify,38386,0.038386,7.48,0.0,256,1952,3309,252,liboqs,iot
Dilithium3,verify,38278,0.038278,7.48,0.0,256,1952,3309,253,liboqs,iot
Dilithium3,verify,38577,0.038577,7.48,0.0,256,1952,3309,254,liboqs,iot
Dilithium3,verify,38533,0.038533,7.48,0.0,256,1952,3309,255,liboqs,iot
Dilithium3,verify,38270,0.03827,7.48,0.0,256,1952,3309,256,liboqs,iot
Dilithium3,verify,39988,0.039988,7.48,0.0,256,1952,3309,257,liboqs,iot
Dilithium3,verify,39449,0.039449,7.48,0.0,256,1952,3309,258,liboqs,iot
Dilithium3,verify,58736,0.058736,7.48,0.0,256,1952,3309,259,liboqs,iot
Dilithium3,verify,44846,0.044846,7.48,0.0,256,1952,3309,260,liboqs,iot
Dilithium3,verify,41874,0.041874,7.48,0.0,256,1952,3309,261,liboqs,iot
Dilithium3,verify,39794,0.039794,7.48,0.0,256,1952,3309,262,liboqs,iot
Dilithium3,verify,38638,0.038638,7.48,0.0,256,1952,3309,263,liboqs,iot
Dilithium3,verify,38548,0.038548,7.48,0.0,256,1952,3309,264,liboqs,iot
Dilithium3,verify,39242,0.039242,7.48,0.0,256,1952,3309,265,liboqs,iot
Dilithium3,verify,37897,0.037897,7.48,0.0,256,1952,3309,266,liboqs,iot
Dilithium3,verify,38135,0.038135,7.48,0.0,256,1952,3309,267,liboqs,iot
Dilithium3,verify,37992,0.037992,7.48,0.0,256,1952,3309,268,liboqs,iot
Dilithium3,verify,39895,0.039895,7.48,0.0,256,1952,3309,269,liboqs,iot
Dilithium3,verify,38120,0.03812,7.48,0.0,256,1952,3309,270,liboqs,iot
Dilithium3,verify,37503,0.037503,7.48,0.0,256,1952,3309,271,liboqs,iot
Dilithium3,verify,37916,0.037916,7.48,0.0,256,1952,3309,272,liboqs,iot
Dilithium3,verify,40123,0.040123,7.48,0.0,256,1952,3309,273,liboqs,iot
Dilithium3,verify,38173,0.038173,7.48,0.0,256,1952,3309,274,liboqs,iot
Dilithium3,verify,38253,0.038253,7.48,0.0,256,1952,3309,275,liboqs,iot
Dilithium3,verify,38176,0.038176,7.48,0.0,256,1952,3309,276,liboqs,iot
Dilithium3,verify,38294,0.038294,7.48,0.0,256,1952,3309,277,liboqs,iot
Dilithium3,verify,38873,0.038873,7.48,0.0,256,1952,3309,278,liboqs,iot
Dilithium3,verify,51257,0.051257,7.48,0.0,256,1952,3309,279,liboqs,iot
Dilithium3,verify,44911,0.044911,7.48,0.0,256,1952,3309,280,liboqs,iot
Dilithium3,verify,40850,0.04085,7.48,0.0,256,1952,3309,281,liboqs,iot
Dilithium3,verify,44084,0.044084,7.48,0.0,256,1952,3309,282,liboqs,iot
Dilithium3,verify,43092,0.043092,7.48,0.0,256,1952,3309,283,liboqs,iot
Dilithium3,verify,39163,0.039163,7.48,0.0,256,1952,3309,284,liboqs,iot
Dilithium3,verify,39484,0.039484,7.48,0.0,256,1952,3309,285,liboqs,iot
Dilithium3,verify,38867,0.038867,7.48,0.0,256,1952,3309,286,liboqs,iot
Dilithium3,verify,38596,0.038596,7.48,0.0,256,1952,3309,287,liboqs,iot
Dilithium3,verify,40876,0.040876,7.48,0.0,256,1952,3309,288,liboqs,iot
Dilithium3,verify,51625,0.051625,7.48,0.0,256,1952,3309,289,liboqs,iot
Dilithium3,verify,40861,0.040861,7.48,0.0,256,1952,3309,290,liboqs,iot
Dilithium3,verify,38702,0.038702,7.48,0.0,256,1952,3309,291,liboqs,iot
Dilithium3,verify,38410,0.03841,7.48,0.0,256,1952,3309,292,liboqs,iot
Dilithium3,verify,37909,0.037909,7.48,0.0,256,1952,3309,293,liboqs,iot
Dilithium3,verify,41631,0.041631,7.48,0.0,256,1952,3309,294,liboqs,iot
Dilithium3,verify,45030,0.04503,7.48,0.0,256,1952,3309,295,liboqs,iot
Dilithium3,verify,48096,0.048096,7.48,0.0,256,1952,3309,296,liboqs,iot
Dilithium3,verify,42252,0.042252,7.48,0.0,256,1952,3309,297,liboqs,iot
Dilithium3,verify,41286,0.041286,7.48,0.0,256,1952,3309,298,liboqs,iot
Dilithium3,verify,39327,0.039327,7.48,0.0,256,1952,3309,299,liboqs,iot
Dilithium3,verify,39123,0.039123,7.48,0.0,256,1952,3309,300,liboqs,iot
Dilithium3,verify,40520,0.04052,7.48,0.0,256,1952,3309,301,liboqs,iot
Dilithium3,verify,38851,0.038851,7.48,0.0,256,1952,3309,302,liboqs,iot
Dilithium3,verify,38875,0.038875,7.48,0.0,256,1952,3309,303,liboqs,iot
Dilithium3,verify,38394,0.038394,7.48,0.0,256,1952,3309,304,liboqs,iot
Dilithium3,verify,38127,0.038127,7.48,0.0,256,1952,3309,305,liboqs,iot
Dilithium3,verify,38160,0.03816,7.48,0.0,256,1952,3309,306,liboqs,iot
Dilithium3,verify,57540,0.05754,7.48,0.0,256,1952,3309,307,liboqs,iot
Dilithium3,verify,45527,0.045527,7.48,0.0,256,1952,3309,308,liboqs,iot
Dilithium3,verify,40974,0.040974,7.48,0.0,256,1952,3309,309,liboqs,iot
Dilithium3,verify,40627,0.040627,7.48,0.0,256,1952,3309,310,liboqs,iot
Dilithium3,verify,38990,0.03899,7.48,0.0,256,1952,3309,311,liboqs,iot
Dilithium3,verify,38460,0.03846,7.48,0.0,256,1952,3309,312,liboqs,iot
Dilithium3,verify,38160,0.03816,7.48,0.0,256,1952,3309,313,liboqs,iot
Dilithium3,verify,38511,0.038511,7.48,0.0,256,1952,3309,314,liboqs,iot
Dilithium3,verify,41189,0.041189,7.48,0.0,256,1952,3309,315,liboqs,iot
Dilithium3,verify,38044,0.038044,7.48,0.0,256,1952,3309,316,liboqs,iot
Dilithium3,verify,38045,0.038045,7.48,0.0,256,1952,3309,317,liboqs,iot
Dilithium3,verify,38146,0.038146,7.48,0.0,256,1952,3309,318,liboqs,iot
Dilithium3,verify,40135,0.040135,7.48,0.0,256,1952,3309,319,liboqs,iot
Dilithium3,verify,37987,0.037987,7.48,0.0,256,1952,3309,320,liboqs,iot
Dilithium3,verify,38157,0.038157,7.48,0.0,256,1952,3309,321,liboqs,iot
Dilithium3,verify,41280,0.04128,7.48,0.0,256,1952,3309,322,liboqs,iot
Dilithium3,verify,37854,0.037854,7.48,0.0,256,1952,3309,323,liboqs,iot
Dilithium3,verify,40708,0.040708,7.48,0.0,256,1952,3309,324,liboqs,iot
Dilithium3,verify,38046,0.038046,7.48,0.0,256,1952,3309,325,liboqs,iot
Dilithium3,verify,38097,0.038097,7.48,0.0,256,1952,3309,326,liboqs,iot
Dilithium3,verify,38845,0.038845,7.48,0.0,256,1952,3309,327,liboqs,iot
Dilithium3,verify,39674,0.039674,7.48,0.0,256,1952,3309,328,liboqs,iot
Dilithium3,verify,37969,0.037969,7.48,0.0,256,1952,3309,329,liboqs,iot
Dilithium3,verify,48065,0.048065,7.48,0.0,256,1952,3309,330,liboqs,iot
Dilithium3,verify,43279,0.043279,7.48,0.0,256,1952,3309,331,liboqs,iot
Dilithium3,verify,40051,0.040051,7.48,0.0,256,1952,3309,332,liboqs,iot
Dilithium3,verify,40792,0.040792,7.48,0.0,256,1952,3309,333,liboqs,iot
Dilithium3,verify,38476,0.038476,7.48,0.0,256,1952,3309,334,liboqs,iot
Dilithium3,verify,38643,0.038643,7.48,0.0,256,1952,3309,335,liboqs,iot
Dilithium3,verify,40448,0.040448,7.48,0.0,256,1952,3309,336,liboqs,iot
Dilithium3,verify,43123,0.043123,7.48,0.0,256,1952,3309,337,liboqs,iot
Dilithium3,verify,42395,0.042395,7.48,0.0,256,1952,3309,338,liboqs,iot
Dilithium3,verify,42401,0.042401,7.48,0.0,256,1952,3309,339,liboqs,iot
Dilithium3,verify,44748,0.044748,7.48,0.0,256,1952,3309,340,liboqs,iot
Dilithium3,verify,37952,0.037952,7.48,0.0,256,1952,3309,341,liboqs,iot
Dilithium3,verify,37943,0.037943,7.48,0.0,256,1952,3309,342,liboqs,iot
Dilithium3,verify,38927,0.038927,7.48,0.0,256,1952,3309,343,liboqs,iot
Dilithium3,verify,37747,0.037747,7.48,0.0,256,1952,3309,344,liboqs,iot
Dilithium3,verify,37951,0.037951,7.48,0.0,256,1952,3309,345,liboqs,iot
Dilithium3,verify,39129,0.039129,7.48,0.0,256,1952,3309,346,liboqs,iot
Dilithium3,verify,38004,0.038004,7.48,0.0,256,1952,3309,347,liboqs,iot
Dilithium3,verify,38023,0.038023,7.48,0.0,256,1952,3309,348,liboqs,iot
Dilithium3,verify,38036,0.038036,7.48,0.0,256,1952,3309,349,liboqs,iot
Dilithium3,verify,37408,0.037408,7.48,0.0,256,1952,3309,350,liboqs,iot
Dilithium3,verify,39201,0.039201,7.48,0.0,256,1952,3309,351,liboqs,iot
Dilithium3,verify,37770,0.03777,7.48,0.0,256,1952,3309,352,liboqs,iot
Dilithium3,verify,37610,0.03761,7.48,0.0,256,1952,3309,353,liboqs,iot
Dilithium3,verify,38030,0.03803,7.48,0.0,256,1952,3309,354,liboqs,iot
Dilithium3,verify,53626,0.053626,7.48,0.0,256,1952,3309,355,liboqs,iot
Dilithium3,verify,42953,0.042953,7.48,0.0,256,1952,3309,356,liboqs,iot
Dilithium3,verify,39870,0.03987,7.48,0.0,256,1952,3309,357,liboqs,iot
Dilithium3,verify,39670,0.03967,7.48,0.0,256,1952,3309,358,liboqs,iot
Dilithium3,verify,38529,0.038529,7.48,0.0,256,1952,3309,359,liboqs,iot
Dilithium3,verify,38209,0.038209,7.48,0.0,256,1952,3309,360,liboqs,iot
Dilithium3,verify,38176,0.038176,7.48,0.0,256,1952,3309,361,liboqs,iot
Dilithium3,verify,38043,0.038043,7.48,0.0,256,1952,3309,362,liboqs,iot
Dilithium3,verify,40008,0.040008,7.48,0.0,256,1952,3309,363,liboqs,iot
Dilithium3,verify,37884,0.037884,7.48,0.0,256,1952,3309,364,liboqs,iot
Dilithium3,verify,37704,0.037704,7.48,0.0,256,1952,3309,365,liboqs,iot
Dilithium3,verify,37581,0.037581,7.48,0.0,256,1952,3309,366,liboqs,iot
Dilithium3,verify,40090,0.04009,7.48,0.0,256,1952,3309,367,liboqs,iot
Dilithium3,verify,37629,0.037629,7.48,0.0,256,1952,3309,368,liboqs,iot
Dilithium3,verify,37906,0.037906,7.48,0.0,256,1952,3309,369,liboqs,iot
Dilithium3,verify,37597,0.037597,7.48,0.0,256,1952,3309,370,liboqs,iot
Dilithium3,verify,37906,0.037906,7.48,0.0,256,1952,3309,371,liboqs,iot
Dilithium3,verify,48554,0.048554,7.48,0.0,256,1952,3309,372,liboqs,iot
Dilithium3,verify,43434,0.043434,7.48,0.0,256,1952,3309,373,liboqs,iot
Dilithium3,verify,46548,0.046548,7.48,0.0,256,1952,3309,374,liboqs,iot
Dilithium3,verify,42118,0.042118,7.48,0.0,256,1952,3309,375,liboqs,iot
Dilithium3,verify,40374,0.040374,7.48,0.0,256,1952,3309,376,liboqs,iot
Dilithium3,verify,38439,0.038439,7.48,0.0,256,1952,3309,377,liboqs,iot
Dilithium3,verify,38639,0.038639,7.48,0.0,256,1952,3309,378,liboqs,iot
Dilithium3,verify,38434,0.038434,7.48,0.0,256,1952,3309,379,liboqs,iot
Dilithium3,verify,37980,0.03798,7.48,0.0,256,1952,3309,380,liboqs,iot
Dilithium3,verify,39770,0.03977,7.48,0.0,256,1952,3309,381,liboqs,iot
Dilithium3,verify,38250,0.03825,7.48,0.0,256,1952,3309,382,liboqs,iot
Dilithium3,verify,37834,0.037834,7.48,0.0,256,1952,3309,383,liboqs,iot
Dilithium3,verify,37722,0.037722,7.48,0.0,256,1952,3309,384,liboqs,iot
Dilithium3,verify,39823,0.039823,7.48,0.0,256,1952,3309,385,liboqs,iot
Dilithium3,verify,37963,0.037963,7.48,0.0,256,1952,3309,386,liboqs,iot
Dilithium3,verify,37962,0.037962,7.48,0.0,256,1952,3309,387,liboqs,iot
Dilithium3,verify,37891,0.037891,7.48,0.0,256,1952,3309,388,liboqs,iot
Dilithium3,verify,37818,0.037818,7.48,0.0,256,1952,3309,389,liboqs,iot
Dilithium3,verify,39104,0.039104,7.48,0.0,256,1952,3309,390,liboqs,iot
Dilithium3,verify,38151,0.038151,7.48,0.0,256,1952,3309,391,liboqs,iot
Dilithium3,verify,37645,0.037645,7.48,0.0,256,1952,3309,392,liboqs,iot
Dilithium3,verify,37825,0.037825,7.48,0.0,256,1952,3309,393,liboqs,iot
Dilithium3,verify,39069,0.039069,7.48,0.0,256,1952,3309,394,liboqs,iot
Dilithium3,verify,37563,0.037563,7.48,0.0,256,1952,3309,395,liboqs,iot
Dilithium3,verify,37573,0.037573,7.48,0.0,256,1952,3309,396,liboqs,iot
Dilithium3,verify,37502,0.037502,7.48,0.0,256,1952,3309,397,liboqs,iot
Dilithium3,verify,37340,0.03734,7.48,0.0,256,1952,3309,398,liboqs,iot
Dilithium3,verify,38896,0.038896,7.48,0.0,256,1952,3309,399,liboqs,iot
Dilithium3,verify,37454,0.037454,7.48,0.0,256,1952,3309,400,liboqs,iot
Dilithium3,verify,37433,0.037433,7.48,0.0,256,1952,3309,401,liboqs,iot
Dilithium3,verify,37679,0.037679,7.48,0.0,256,1952,3309,402,liboqs,iot
Dilithium3,verify,38810,0.03881,7.48,0.0,256,1952,3309,403,liboqs,iot
Dilithium3,verify,37531,0.037531,7.48,0.0,256,1952,3309,404,liboqs,iot
Dilithium3,verify,37741,0.037741,7.48,0.0,256,1952,3309,405,liboqs,iot
Dilithium3,verify,55197,0.055197,7.48,0.0,256,1952,3309,406,liboqs,iot
Dilithium3,verify,42512,0.042512,7.48,0.0,256,1952,3309,407,liboqs,iot
Dilithium3,verify,38977,0.038977,7.48,0.0,256,1952,3309,408,liboqs,iot
Dilithium3,verify,40288,0.040288,7.48,0.0,256,1952,3309,409,liboqs,iot
Dilithium3,verify,38201,0.038201,7.48,0.0,256,1952,3309,410,liboqs,iot
Dilithium3,verify,38239,0.038239,7.48,0.0,256,1952,3309,411,liboqs,iot
Dilithium3,verify,39173,0.039173,7.48,0.0,256,1952,3309,412,liboqs,iot
Dilithium3,verify,37621,0.037621,7.48,0.0,256,1952,3309,413,liboqs,iot
Dilithium3,verify,45322,0.045322,7.48,0.0,256,1952,3309,414,liboqs,iot
Dilithium3,verify,44584,0.044584,7.48,0.0,256,1952,3309,415,liboqs,iot
Dilithium3,verify,40046,0.040046,7.48,0.0,256,1952,3309,416,liboqs,iot
Dilithium3,verify,40295,0.040295,7.48,0.0,256,1952,3309,417,liboqs,iot
Dilithium3,verify,38214,0.038214,7.48,0.0,256,1952,3309,418,liboqs,iot
Dilithium3,verify,38033,0.038033,7.48,0.0,256,1952,3309,419,liboqs,iot
Dilithium3,verify,38326,0.038326,7.48,0.0,256,1952,3309,420,liboqs,iot
Dilithium3,verify,39271,0.039271,7.48,0.0,256,1952,3309,421,liboqs,iot
Dilithium3,verify,38009,0.038009,7.48,0.0,256,1952,3309,422,liboqs,iot
Dilithium3,verify,38127,0.038127,7.48,0.0,256,1952,3309,423,liboqs,iot
Dilithium3,verify,39056,0.039056,7.48,0.0,256,1952,3309,424,liboqs,iot
Dilithium3,verify,37789,0.037789,7.48,0.0,256,1952,3309,425,liboqs,iot
Dilithium3,verify,37959,0.037959,7.48,0.0,256,1952,3309,426,liboqs,iot
Dilithium3,verify,37610,0.03761,7.48,0.0,256,1952,3309,427,liboqs,iot
Dilithium3,verify,38836,0.038836,7.48,0.0,256,1952,3309,428,liboqs,iot
Dilithium3,verify,38952,0.038952,7.48,0.0,256,1952,3309,429,liboqs,iot
Dilithium3,verify,37753,0.037753,7.48,0.0,256,1952,3309,430,liboqs,iot
Dilithium3,verify,37429,0.037429,7.48,0.0,256,1952,3309,431,liboqs,iot
Dilithium3,verify,37543,0.037543,7.48,0.0,256,1952,3309,432,liboqs,iot
Dilithium3,verify,38537,0.038537,7.48,0.0,256,1952,3309,433,liboqs,iot
Dilithium3,verify,73322,0.073322,9.94,0.0,256,1952,3309,434,liboqs,iot
Dilithium3,verify,52161,0.052161,10.76,0.0,256,1952,3309,435,liboqs,iot
Dilithium3,verify,39544,0.039544,7.42,0.0,256,1952,3309,436,liboqs,iot
Dilithium3,verify,39086,0.039086,7.42,0.0,256,1952,3309,437,liboqs,iot
Dilithium3,verify,41945,0.041945,7.48,0.0,256,1952,3309,438,liboqs,iot
Dilithium3,verify,38837,0.038837,7.48,0.0,256,1952,3309,439,liboqs,iot
Dilithium3,verify,39017,0.039017,7.48,0.0,256,1952,3309,440,liboqs,iot
Dilithium3,verify,38468,0.038468,7.48,0.0,256,1952,3309,441,liboqs,iot
Dilithium3,verify,39134,0.039134,7.48,0.0,256,1952,3309,442,liboqs,iot
Dilithium3,verify,39642,0.039642,7.48,0.0,256,1952,3309,443,liboqs,iot
Dilithium3,verify,38832,0.038832,7.48,0.0,256,1952,3309,444,liboqs,iot
Dilithium3,verify,38515,0.038515,7.48,0.0,256,1952,3309,445,liboqs,iot
Dilithium3,verify,39701,0.039701,7.48,0.0,256,1952,3309,446,liboqs,iot
Dilithium3,verify,49765,0.049765,7.48,0.0,256,1952,3309,447,liboqs,iot
Dilithium3,verify,44040,0.04404,7.48,0.0,256,1952,3309,448,liboqs,iot
Dilithium3,verify,40645,0.040645,7.48,0.0,256,1952,3309,449,liboqs,iot
Dilithium3,verify,39380,0.03938,7.48,0.0,256,1952,3309,450,liboqs,iot
Dilithium3,verify,40017,0.040017,7.48,0.0,256,1952,3309,451,liboqs,iot
Dilithium3,verify,59916,0.059916,7.48,0.0,256,1952,3309,452,liboqs,iot
Dilithium3,verify,44571,0.044571,7.48,0.0,256,1952,3309,453,liboqs,iot
Dilithium3,verify,50046,0.050046,7.48,0.0,256,1952,3309,454,liboqs,iot
Dilithium3,verify,44792,0.044792,7.48,0.0,256,1952,3309,455,liboqs,iot
Dilithium3,verify,39943,0.039943,7.48,0.0,256,1952,3309,456,liboqs,iot
Dilithium3,verify,39070,0.03907,7.48,0.0,256,1952,3309,457,liboqs,iot
Dilithium3,verify,38692,0.038692,7.48,0.0,256,1952,3309,458,liboqs,iot
Dilithium3,verify,38571,0.038571,7.48,0.0,256,1952,3309,459,liboqs,iot
Dilithium3,verify,38742,0.038742,7.48,0.0,256,1952,3309,460,liboqs,iot
Dilithium3,verify,39353,0.039353,7.48,0.0,256,1952,3309,461,liboqs,iot
Dilithium3,verify,38217,0.038217,7.48,0.0,256,1952,3309,462,liboqs,iot
Dilithium3,verify,38464,0.038464,7.48,0.0,256,1952,3309,463,liboqs,iot
Dilithium3,verify,39476,0.039476,7.48,0.0,256,1952,3309,464,liboqs,iot
Dilithium3,verify,38443,0.038443,7.48,0.0,256,1952,3309,465,liboqs,iot
Dilithium3,verify,38227,0.038227,7.48,0.0,256,1952,3309,466,liboqs,iot
Dilithium3,verify,38123,0.038123,7.48,0.0,256,1952,3309,467,liboqs,iot
Dilithium3,verify,38654,0.038654,7.48,0.0,256,1952,3309,468,liboqs,iot
Dilithium3,verify,46923,0.046923,7.48,0.0,256,1952,3309,469,liboqs,iot
Dilithium3,verify,40192,0.040192,7.48,0.0,256,1952,3309,470,liboqs,iot
Dilithium3,verify,38453,0.038453,7.48,0.0,256,1952,3309,471,liboqs,iot
Dilithium3,verify,38264,0.038264,7.48,0.0,256,1952,3309,472,liboqs,iot
Dilithium3,verify,39877,0.039877,7.48,0.0,256,1952,3309,473,liboqs,iot
Dilithium3,verify,38314,0.038314,7.48,0.0,256,1952,3309,474,liboqs,iot
Dilithium3,verify,38377,0.038377,7.48,0.0,256,1952,3309,475,liboqs,iot
Dilithium3,verify,38231,0.038231,7.48,0.0,256,1952,3309,476,liboqs,iot
Dilithium3,verify,38011,0.038011,7.48,0.0,256,1952,3309,477,liboqs,iot
Dilithium3,verify,41662,0.041662,7.48,0.0,256,1952,3309,478,liboqs,iot
Dilithium3,verify,37838,0.037838,7.48,0.0,256,1952,3309,479,liboqs,iot
Dilithium3,verify,38171,0.038171,7.48,0.0,256,1952,3309,480,liboqs,iot
Dilithium3,verify,38118,0.038118,7.48,0.0,256,1952,3309,481,liboqs,iot
Dilithium3,verify,39184,0.039184,7.48,0.0,256,1952,3309,482,liboqs,iot
Dilithium3,verify,37845,0.037845,7.48,0.0,256,1952,3309,483,liboqs,iot
Dilithium3,verify,38388,0.038388,7.48,0.0,256,1952,3309,484,liboqs,iot
Dilithium3,verify,38239,0.038239,7.48,0.0,256,1952,3309,485,liboqs,iot
Dilithium3,verify,38540,0.03854,7.48,0.0,256,1952,3309,486,liboqs,iot
Dilithium3,verify,41811,0.041811,7.48,0.0,256,1952,3309,487,liboqs,iot
Dilithium3,verify,41847,0.041847,7.48,0.0,256,1952,3309,488,liboqs,iot
Dilithium3,verify,40585,0.040585,7.48,0.0,256,1952,3309,489,liboqs,iot
Dilithium3,verify,37791,0.037791,7.48,0.0,256,1952,3309,490,liboqs,iot
Dilithium3,verify,38530,0.03853,7.48,0.0,256,1952,3309,491,liboqs,iot
Dilithium3,verify,37915,0.037915,7.48,0.0,256,1952,3309,492,liboqs,iot
Dilithium3,verify,38360,0.03836,7.48,0.0,256,1952,3309,493,liboqs,iot
Dilithium3,verify,40891,0.040891,7.48,0.0,256,1952,3309,494,liboqs,iot
Dilithium3,verify,37731,0.037731,7.48,0.0,256,1952,3309,495,liboqs,iot
Dilithium3,verify,37736,0.037736,7.48,0.0,256,1952,3309,496,liboqs,iot
Dilithium3,verify,38167,0.038167,7.48,0.0,256,1952,3309,497,liboqs,iot
Dilithium3,verify,37826,0.037826,7.48,0.0,256,1952,3309,498,liboqs,iot
Dilithium3,verify,37694,0.037694,7.48,0.0,256,1952,3309,499,liboqs,iot
Dilithium3,verify,39078,0.039078,7.48,0.0,256,1952,3309,500,liboqs,iot
Dilithium3,verify,37868,0.037868,7.48,0.0,256,1952,3309,501,liboqs,iot
Dilithium3,verify,37918,0.037918,7.48,0.0,256,1952,3309,502,liboqs,iot
Dilithium3,verify,48517,0.048517,7.48,0.0,256,1952,3309,503,liboqs,iot
Dilithium3,verify,42867,0.042867,7.48,0.0,256,1952,3309,504,liboqs,iot
Dilithium3,verify,39332,0.039332,7.48,0.0,256,1952,3309,505,liboqs,iot
Dilithium3,verify,38561,0.038561,7.48,0.0,256,1952,3309,506,liboqs,iot
Dilithium3,verify,38156,0.038156,7.48,0.0,256,1952,3309,507,liboqs,iot
Dilithium3,verify,38055,0.038055,7.48,0.0,256,1952,3309,508,liboqs,iot
Dilithium3,verify,54832,0.054832,7.48,0.0,256,1952,3309,509,liboqs,iot
Dilithium3,verify,43323,0.043323,7.48,0.0,256,1952,3309,510,liboqs,iot
Dilithium3,verify,39421,0.039421,7.48,0.0,256,1952,3309,511,liboqs,iot
Dilithium3,verify,39791,0.039791,7.48,0.0,256,1952,3309,512,liboqs,iot
Dilithium3,verify,42807,0.042807,7.48,0.0,256,1952,3309,513,liboqs,iot
Dilithium3,verify,38363,0.038363,7.48,0.0,256,1952,3309,514,liboqs,iot
Dilithium3,verify,38030,0.03803,7.48,0.0,256,1952,3309,515,liboqs,iot
Dilithium3,verify,38436,0.038436,7.48,0.0,256,1952,3309,516,liboqs,iot
Dilithium3,verify,90274,0.090274,7.48,0.0,256,1952,3309,517,liboqs,iot
Dilithium3,verify,76134,0.076134,7.48,0.0,256,1952,3309,518,liboqs,iot
Dilithium3,verify,49886,0.049886,7.48,0.0,256,1952,3309,519,liboqs,iot
Dilithium3,verify,41522,0.041522,7.48,0.0,256,1952,3309,520,liboqs,iot
Dilithium3,verify,48866,0.048866,7.48,0.0,256,1952,3309,521,liboqs,iot
Dilithium3,verify,232157,0.232157,7.48,0.0,256,1952,3309,522,liboqs,iot
Dilithium3,verify,64572,0.064572,7.48,0.0,256,1952,3309,523,liboqs,iot
Dilithium3,verify,44694,0.044694,7.48,0.0,256,1952,3309,524,liboqs,iot
Dilithium3,verify,40872,0.040872,7.48,0.0,256,1952,3309,525,liboqs,iot
Dilithium3,verify,45833,0.045833,7.48,0.0,256,1952,3309,526,liboqs,iot
Dilithium3,verify,39268,0.039268,7.48,0.0,256,1952,3309,527,liboqs,iot
Dilithium3,verify,38953,0.038953,7.48,0.0,256,1952,3309,528,liboqs,iot
Dilithium3,verify,38779,0.038779,7.48,0.0,256,1952,3309,529,liboqs,iot
Dilithium3,verify,40302,0.040302,7.48,0.0,256,1952,3309,530,liboqs,iot
Dilithium3,verify,42765,0.042765,7.48,0.0,256,1952,3309,531,liboqs,iot
Dilithium3,verify,38547,0.038547,7.48,0.0,256,1952,3309,532,liboqs,iot
Dilithium3,verify,38480,0.03848,7.48,0.0,256,1952,3309,533,liboqs,iot
Dilithium3,verify,38337,0.038337,7.48,0.0,256,1952,3309,534,liboqs,iot
Dilithium3,verify,39625,0.039625,7.48,0.0,256,1952,3309,535,liboqs,iot
Dilithium3,verify,38401,0.038401,7.48,0.0,256,1952,3309,536,liboqs,iot
Dilithium3,verify,39328,0.039328,7.48,0.0,256,1952,3309,537,liboqs,iot
Dilithium3,verify,38200,0.0382,7.48,0.0,256,1952,3309,538,liboqs,iot
Dilithium3,verify,39255,0.039255,7.48,0.0,256,1952,3309,539,liboqs,iot
Dilithium3,verify,37861,0.037861,7.48,0.0,256,1952,3309,540,liboqs,iot
Dilithium3,verify,37545,0.037545,7.48,0.0,256,1952,3309,541,liboqs,iot
Dilithium3,verify,38886,0.038886,7.48,0.0,256,1952,3309,542,liboqs,iot
Dilithium3,verify,37754,0.037754,7.48,0.0,256,1952,3309,543,liboqs,iot
Dilithium3,verify,37845,0.037845,7.48,0.0,256,1952,3309,544,liboqs,iot
Dilithium3,verify,37989,0.037989,7.48,0.0,256,1952,3309,545,liboqs,iot
Dilithium3,verify,37970,0.03797,7.48,0.0,256,1952,3309,546,liboqs,iot
Dilithium3,verify,37728,0.037728,7.48,0.0,256,1952,3309,547,liboqs,iot
Dilithium3,verify,40528,0.040528,7.48,0.0,256,1952,3309,548,liboqs,iot
Dilithium3,verify,37907,0.037907,7.48,0.0,256,1952,3309,549,liboqs,iot
Dilithium3,verify,37942,0.037942,7.48,0.0,256,1952,3309,550,liboqs,iot
Dilithium3,verify,37803,0.037803,7.48,0.0,256,1952,3309,551,liboqs,iot
Dilithium3,verify,37535,0.037535,7.48,0.0,256,1952,3309,552,liboqs,iot
Dilithium3,verify,38878,0.038878,7.48,0.0,256,1952,3309,553,liboqs,iot
Dilithium3,verify,37436,0.037436,7.48,0.0,256,1952,3309,554,liboqs,iot
Dilithium3,verify,37388,0.037388,7.48,0.0,256,1952,3309,555,liboqs,iot
Dilithium3,verify,37433,0.037433,7.48,0.0,256,1952,3309,556,liboqs,iot
Dilithium3,verify,58978,0.058978,7.48,0.0,256,1952,3309,557,liboqs,iot
Dilithium3,verify,41107,0.041107,7.48,0.0,256,1952,3309,558,liboqs,iot
Dilithium3,verify,38937,0.038937,7.48,0.0,256,1952,3309,559,liboqs,iot
Dilithium3,verify,40033,0.040033,7.48,0.0,256,1952,3309,560,liboqs,iot
Dilithium3,verify,40767,0.040767,7.48,0.0,256,1952,3309,561,liboqs,iot
Dilithium3,verify,50138,0.050138,7.48,0.0,256,1952,3309,562,liboqs,iot
Dilithium3,verify,45233,0.045233,7.48,0.0,256,1952,3309,563,liboqs,iot
Dilithium3,verify,40530,0.04053,7.48,0.0,256,1952,3309,564,liboqs,iot
Dilithium3,verify,39633,0.039633,7.48,0.0,256,1952,3309,565,liboqs,iot
Dilithium3,verify,38778,0.038778,7.48,0.0,256,1952,3309,566,liboqs,iot
Dilithium3,verify,38260,0.03826,7.48,0.0,256,1952,3309,567,liboqs,iot
Dilithium3,verify,38432,0.038432,7.48,0.0,256,1952,3309,568,liboqs,iot
Dilithium3,verify,38522,0.038522,7.48,0.0,256,1952,3309,569,liboqs,iot
Dilithium3,verify,38051,0.038051,7.48,0.0,256,1952,3309,570,liboqs,iot
Dilithium3,verify,38375,0.038375,7.48,0.0,256,1952,3309,571,liboqs,iot
Dilithium3,verify,38508,0.038508,7.48,0.0,256,1952,3309,572,liboqs,iot
Dilithium3,verify,38471,0.038471,7.48,0.0,256,1952,3309,573,liboqs,iot
Dilithium3,verify,37795,0.037795,7.48,0.0,256,1952,3309,574,liboqs,iot
Dilithium3,verify,37848,0.037848,7.48,0.0,256,1952,3309,575,liboqs,iot
Dilithium3,verify,37862,0.037862,7.48,0.0,256,1952,3309,576,liboqs,iot
Dilithium3,verify,39761,0.039761,7.48,0.0,256,1952,3309,577,liboqs,iot
Dilithium3,verify,38327,0.038327,7.48,0.0,256,1952,3309,578,liboqs,iot
Dilithium3,verify,47144,0.047144,7.48,0.0,256,1952,3309,579,liboqs,iot
Dilithium3,verify,45689,0.045689,7.48,0.0,256,1952,3309,580,liboqs,iot
Dilithium3,verify,45778,0.045778,7.48,0.0,256,1952,3309,581,liboqs,iot
Dilithium3,verify,40377,0.040377,7.48,0.0,256,1952,3309,582,liboqs,iot
Dilithium3,verify,40071,0.040071,7.48,0.0,256,1952,3309,583,liboqs,iot
Dilithium3,verify,39216,0.039216,7.48,0.0,256,1952,3309,584,liboqs,iot
Dilithium3,verify,40116,0.040116,7.48,0.0,256,1952,3309,585,liboqs,iot
Dilithium3,verify,38801,0.038801,7.48,0.0,256,1952,3309,586,liboqs,iot
Dilithium3,verify,38817,0.038817,7.48,0.0,256,1952,3309,587,liboqs,iot
Dilithium3,verify,39746,0.039746,7.48,0.0,256,1952,3309,588,liboqs,iot
Dilithium3,verify,38856,0.038856,7.48,0.0,256,1952,3309,589,liboqs,iot
Dilithium3,verify,38531,0.038531,7.48,0.0,256,1952,3309,590,liboqs,iot
Dilithium3,verify,38151,0.038151,7.48,0.0,256,1952,3309,591,liboqs,iot
Dilithium3,verify,38228,0.038228,7.48,0.0,256,1952,3309,592,liboqs,iot
Dilithium3,verify,40764,0.040764,7.48,0.0,256,1952,3309,593,liboqs,iot
Dilithium3,verify,38638,0.038638,7.48,0.0,256,1952,3309,594,liboqs,iot
Dilithium3,verify,38345,0.038345,7.48,0.0,256,1952,3309,595,liboqs,iot
Dilithium3,verify,38920,0.03892,7.48,0.0,256,1952,3309,596,liboqs,iot
Dilithium3,verify,39908,0.039908,7.48,0.0,256,1952,3309,597,liboqs,iot
Dilithium3,verify,38671,0.038671,7.48,0.0,256,1952,3309,598,liboqs,iot
Dilithium3,verify,40033,0.040033,7.48,0.0,256,1952,3309,599,liboqs,iot
Dilithium3,verify,39154,0.039154,7.48,0.0,256,1952,3309,600,liboqs,iot
Dilithium3,verify,38964,0.038964,7.48,0.0,256,1952,3309,601,liboqs,iot
Dilithium3,verify,38645,0.038645,7.48,0.0,256,1952,3309,602,liboqs,iot
Dilithium3,verify,56756,0.056756,7.48,0.0,256,1952,3309,603,liboqs,iot
Dilithium3,verify,43245,0.043245,7.48,0.0,256,1952,3309,604,liboqs,iot
Dilithium3,verify,39689,0.039689,7.48,0.0,256,1952,3309,605,liboqs,iot
Dilithium3,verify,39981,0.039981,7.48,0.0,256,1952,3309,606,liboqs,iot
Dilithium3,verify,38424,0.038424,7.48,0.0,256,1952,3309,607,liboqs,iot
Dilithium3,verify,38608,0.038608,7.48,0.0,256,1952,3309,608,liboqs,iot
Dilithium3,verify,38446,0.038446,7.48,0.0,256,1952,3309,609,liboqs,iot
Dilithium3,verify,47022,0.047022,7.48,0.0,256,1952,3309,610,liboqs,iot
Dilithium3,verify,47029,0.047029,7.48,0.0,256,1952,3309,611,liboqs,iot
Dilithium3,verify,41038,0.041038,7.48,0.0,256,1952,3309,612,liboqs,iot
Dilithium3,verify,39726,0.039726,7.48,0.0,256,1952,3309,613,liboqs,iot
Dilithium3,verify,38761,0.038761,7.48,0.0,256,1952,3309,614,liboqs,iot
Dilithium3,verify,39574,0.039574,7.48,0.0,256,1952,3309,615,liboqs,iot
Dilithium3,verify,38258,0.038258,7.48,0.0,256,1952,3309,616,liboqs,iot
Dilithium3,verify,38310,0.03831,7.48,0.0,256,1952,3309,617,liboqs,iot
Dilithium3,verify,38295,0.038295,7.48,0.0,256,1952,3309,618,liboqs,iot
Dilithium3,verify,37762,0.037762,7.48,0.0,256,1952,3309,619,liboqs,iot
Dilithium3,verify,39087,0.039087,7.48,0.0,256,1952,3309,620,liboqs,iot
Dilithium3,verify,38115,0.038115,7.48,0.0,256,1952,3309,621,liboqs,iot
Dilithium3,verify,39674,0.039674,7.48,0.0,256,1952,3309,622,liboqs,iot
Dilithium3,verify,38789,0.038789,7.48,0.0,256,1952,3309,623,liboqs,iot
Dilithium3,verify,39396,0.039396,7.48,0.0,256,1952,3309,624,liboqs,iot
Dilithium3,verify,37885,0.037885,7.48,0.0,256,1952,3309,625,liboqs,iot
Dilithium3,verify,37887,0.037887,7.48,0.0,256,1952,3309,626,liboqs,iot
Dilithium3,verify,38246,0.038246,7.48,0.0,256,1952,3309,627,liboqs,iot
Dilithium3,verify,37817,0.037817,7.48,0.0,256,1952,3309,628,liboqs,iot
Dilithium3,verify,39194,0.039194,7.48,0.0,256,1952,3309,629,liboqs,iot
Dilithium3,verify,37979,0.037979,7.48,0.0,256,1952,3309,630,liboqs,iot
Dilithium3,verify,37748,0.037748,7.48,0.0,256,1952,3309,631,liboqs,iot
Dilithium3,verify,37684,0.037684,7.48,0.0,256,1952,3309,632,liboqs,iot
Dilithium3,verify,39143,0.039143,7.48,0.0,256,1952,3309,633,liboqs,iot
Dilithium3,verify,37821,0.037821,7.48,0.0,256,1952,3309,634,liboqs,iot
Dilithium3,verify,38035,0.038035,7.48,0.0,256,1952,3309,635,liboqs,iot
Dilithium3,verify,39082,0.039082,7.48,0.0,256,1952,3309,636,liboqs,iot
Dilithium3,verify,37751,0.037751,7.48,0.0,256,1952,3309,637,liboqs,iot
Dilithium3,verify,37648,0.037648,7.48,0.0,256,1952,3309,638,liboqs,iot
Dilithium3,verify,37741,0.037741,7.48,0.0,256,1952,3309,639,liboqs,iot
Dilithium3,verify,39349,0.039349,7.48,0.0,256,1952,3309,640,liboqs,iot
Dilithium3,verify,37826,0.037826,7.48,0.0,256,1952,3309,641,liboqs,iot
Dilithium3,verify,39207,0.039207,7.48,0.0,256,1952,3309,642,liboqs,iot
Dilithium3,verify,38154,0.038154,7.48,0.0,256,1952,3309,643,liboqs,iot
Dilithium3,verify,40405,0.040405,7.48,0.0,256,1952,3309,644,liboqs,iot
Dilithium3,verify,41781,0.041781,7.48,0.0,256,1952,3309,645,liboqs,iot
Dilithium3,verify,37388,0.037388,7.48,0.0,256,1952,3309,646,liboqs,iot
Dilithium3,verify,38768,0.038768,7.48,0.0,256,1952,3309,647,liboqs,iot
Dilithium3,verify,37944,0.037944,7.48,0.0,256,1952,3309,648,liboqs,iot
Dilithium3,verify,37638,0.037638,7.48,0.0,256,1952,3309,649,liboqs,iot
Dilithium3,verify,37789,0.037789,7.48,0.0,256,1952,3309,650,liboqs,iot
Dilithium3,verify,54544,0.054544,7.48,0.0,256,1952,3309,651,liboqs,iot
Dilithium3,verify,58170,0.05817,7.48,0.0,256,1952,3309,652,liboqs,iot
Dilithium3,verify,46743,0.046743,7.48,0.0,256,1952,3309,653,liboqs,iot
Dilithium3,verify,42008,0.042008,7.48,0.0,256,1952,3309,654,liboqs,iot
Dilithium3,verify,39166,0.039166,7.48,0.0,256,1952,3309,655,liboqs,iot
Dilithium3,verify,38588,0.038588,7.48,0.0,256,1952,3309,656,liboqs,iot
Dilithium3,verify,38233,0.038233,7.48,0.0,256,1952,3309,657,liboqs,iot
Dilithium3,verify,38298,0.038298,7.48,0.0,256,1952,3309,658,liboqs,iot
Dilithium3,verify,39467,0.039467,7.48,0.0,256,1952,3309,659,liboqs,iot
Dilithium3,verify,38229,0.038229,7.48,0.0,256,1952,3309,660,liboqs,iot
Dilithium3,verify,37896,0.037896,7.48,0.0,256,1952,3309,661,liboqs,iot
Dilithium3,verify,37651,0.037651,7.48,0.0,256,1952,3309,662,liboqs,iot
Dilithium3,verify,39133,0.039133,7.48,0.0,256,1952,3309,663,liboqs,iot
Dilithium3,verify,218105,0.218105,7.48,0.0,256,1952,3309,664,liboqs,iot
Dilithium3,verify,71198,0.071198,7.48,0.0,256,1952,3309,665,liboqs,iot
Dilithium3,verify,44748,0.044748,7.48,0.0,256,1952,3309,666,liboqs,iot
Dilithium3,verify,40987,0.040987,7.48,0.0,256,1952,3309,667,liboqs,iot
Dilithium3,verify,42496,0.042496,7.48,0.0,256,1952,3309,668,liboqs,iot
Dilithium3,verify,50069,0.050069,7.48,0.0,256,1952,3309,669,liboqs,iot
Dilithium3,verify,38597,0.038597,7.48,0.0,256,1952,3309,670,liboqs,iot
Dilithium3,verify,39045,0.039045,7.48,0.0,256,1952,3309,671,liboqs,iot
Dilithium3,verify,40257,0.040257,7.48,0.0,256,1952,3309,672,liboqs,iot
Dilithium3,verify,38266,0.038266,7.48,0.0,256,1952,3309,673,liboqs,iot
Dilithium3,verify,43081,0.043081,7.48,0.0,256,1952,3309,674,liboqs,iot
Dilithium3,verify,38629,0.038629,7.48,0.0,256,1952,3309,675,liboqs,iot
Dilithium3,verify,37978,0.037978,7.48,0.0,256,1952,3309,676,liboqs,iot
Dilithium3,verify,40639,0.040639,7.48,0.0,256,1952,3309,677,liboqs,iot
Dilithium3,verify,38560,0.03856,7.48,0.0,256,1952,3309,678,liboqs,iot
Dilithium3,verify,38118,0.038118,7.48,0.0,256,1952,3309,679,liboqs,iot
Dilithium3,verify,38160,0.03816,7.48,0.0,256,1952,3309,680,liboqs,iot
Dilithium3,verify,39129,0.039129,7.48,0.0,256,1952,3309,681,liboqs,iot
Dilithium3,verify,37707,0.037707,7.48,0.0,256,1952,3309,682,liboqs,iot
Dilithium3,verify,39451,0.039451,7.48,0.0,256,1952,3309,683,liboqs,iot
Dilithium3,verify,38200,0.0382,7.48,0.0,256,1952,3309,684,liboqs,iot
Dilithium3,verify,37623,0.037623,7.48,0.0,256,1952,3309,685,liboqs,iot
Dilithium3,verify,40251,0.040251,7.48,0.0,256,1952,3309,686,liboqs,iot
Dilithium3,verify,38040,0.03804,7.48,0.0,256,1952,3309,687,liboqs,iot
Dilithium3,verify,37802,0.037802,7.48,0.0,256,1952,3309,688,liboqs,iot
Dilithium3,verify,38072,0.038072,7.48,0.0,256,1952,3309,689,liboqs,iot
Dilithium3,verify,39098,0.039098,7.48,0.0,256,1952,3309,690,liboqs,iot
Dilithium3,verify,37901,0.037901,7.48,0.0,256,1952,3309,691,liboqs,iot
Dilithium3,verify,37923,0.037923,7.48,0.0,256,1952,3309,692,liboqs,iot
Dilithium3,verify,37808,0.037808,7.48,0.0,256,1952,3309,693,liboqs,iot
Dilithium3,verify,37839,0.037839,7.48,0.0,256,1952,3309,694,liboqs,iot
Dilithium3,verify,38940,0.03894,7.48,0.0,256,1952,3309,695,liboqs,iot
Dilithium3,verify,38081,0.038081,7.48,0.0,256,1952,3309,696,liboqs,iot
Dilithium3,verify,37807,0.037807,7.48,0.0,256,1952,3309,697,liboqs,iot
Dilithium3,verify,37381,0.037381,7.48,0.0,256,1952,3309,698,liboqs,iot
Dilithium3,verify,38873,0.038873,7.48,0.0,256,1952,3309,699,liboqs,iot
Dilithium3,verify,37315,0.037315,7.48,0.0,256,1952,3309,700,liboqs,iot
Dilithium3,verify,37609,0.037609,7.48,0.0,256,1952,3309,701,liboqs,iot
Dilithium3,verify,73179,0.073179,7.48,0.0,256,1952,3309,702,liboqs,iot
Dilithium3,verify,55484,0.055484,7.48,0.0,256,1952,3309,703,liboqs,iot
Dilithium3,verify,47948,0.047948,7.48,0.0,256,1952,3309,704,liboqs,iot
Dilithium3,verify,41088,0.041088,7.48,0.0,256,1952,3309,705,liboqs,iot
Dilithium3,verify,106276,0.106276,7.48,0.0,256,1952,3309,706,liboqs,iot
Dilithium3,verify,45335,0.045335,7.48,0.0,256,1952,3309,707,liboqs,iot
Dilithium3,verify,41111,0.041111,7.48,0.0,256,1952,3309,708,liboqs,iot
Dilithium3,verify,38970,0.03897,7.48,0.0,256,1952,3309,709,liboqs,iot
Dilithium3,verify,38362,0.038362,7.48,0.0,256,1952,3309,710,liboqs,iot
Dilithium3,verify,38042,0.038042,7.48,0.0,256,1952,3309,711,liboqs,iot
Dilithium3,verify,38160,0.03816,7.48,0.0,256,1952,3309,712,liboqs,iot
Dilithium3,verify,38978,0.038978,7.48,0.0,256,1952,3309,713,liboqs,iot
Dilithium3,verify,44800,0.0448,7.48,0.0,256,1952,3309,714,liboqs,iot
Dilithium3,verify,44794,0.044794,7.48,0.0,256,1952,3309,715,liboqs,iot
Dilithium3,verify,39864,0.039864,7.48,0.0,256,1952,3309,716,liboqs,iot
Dilithium3,verify,40018,0.040018,7.48,0.0,256,1952,3309,717,liboqs,iot
Dilithium3,verify,38240,0.03824,7.48,0.0,256,1952,3309,718,liboqs,iot
Dilithium3,verify,38136,0.038136,7.48,0.0,256,1952,3309,719,liboqs,iot
Dilithium3,verify,39001,0.039001,7.48,0.0,256,1952,3309,720,liboqs,iot
Dilithium3,verify,37625,0.037625,7.48,0.0,256,1952,3309,721,liboqs,iot
Dilithium3,verify,37569,0.037569,7.48,0.0,256,1952,3309,722,liboqs,iot
Dilithium3,verify,37840,0.03784,7.48,0.0,256,1952,3309,723,liboqs,iot
Dilithium3,verify,37579,0.037579,7.48,0.0,256,1952,3309,724,liboqs,iot
Dilithium3,verify,41933,0.041933,7.48,0.0,256,1952,3309,725,liboqs,iot
Dilithium3,verify,38933,0.038933,7.48,0.0,256,1952,3309,726,liboqs,iot
Dilithium3,verify,38844,0.038844,7.48,0.0,256,1952,3309,727,liboqs,iot
Dilithium3,verify,38804,0.038804,7.48,0.0,256,1952,3309,728,liboqs,iot
Dilithium3,verify,39408,0.039408,7.48,0.0,256,1952,3309,729,liboqs,iot
Dilithium3,verify,38373,0.038373,7.48,0.0,256,1952,3309,730,liboqs,iot
Dilithium3,verify,38634,0.038634,7.48,0.0,256,1952,3309,731,liboqs,iot
Dilithium3,verify,38182,0.038182,7.48,0.0,256,1952,3309,732,liboqs,iot
Dilithium3,verify,38662,0.038662,7.48,0.0,256,1952,3309,733,liboqs,iot
Dilithium3,verify,38182,0.038182,7.48,0.0,256,1952,3309,734,liboqs,iot
Dilithium3,verify,39656,0.039656,7.48,0.0,256,1952,3309,735,liboqs,iot
Dilithium3,verify,38130,0.03813,7.48,0.0,256,1952,3309,736,liboqs,iot
Dilithium3,verify,39639,0.039639,7.48,0.0,256,1952,3309,737,liboqs,iot
Dilithium3,verify,39694,0.039694,7.48,0.0,256,1952,3309,738,liboqs,iot
Dilithium3,verify,38387,0.038387,7.48,0.0,256,1952,3309,739,liboqs,iot
Dilithium3,verify,38454,0.038454,7.48,0.0,256,1952,3309,740,liboqs,iot
Dilithium3,verify,38406,0.038406,7.48,0.0,256,1952,3309,741,liboqs,iot
Dilithium3,verify,46873,0.046873,7.48,0.0,256,1952,3309,742,liboqs,iot
Dilithium3,verify,41348,0.041348,7.48,0.0,256,1952,3309,743,liboqs,iot
Dilithium3,verify,38728,0.038728,7.48,0.0,256,1952,3309,744,liboqs,iot
Dilithium3,verify,38434,0.038434,7.48,0.0,256,1952,3309,745,liboqs,iot
Dilithium3,verify,38086,0.038086,7.48,0.0,256,1952,3309,746,liboqs,iot
Dilithium3,verify,39017,0.039017,7.48,0.0,256,1952,3309,747,liboqs,iot
Dilithium3,verify,37753,0.037753,7.48,0.0,256,1952,3309,748,liboqs,iot
Dilithium3,verify,39186,0.039186,7.48,0.0,256,1952,3309,749,liboqs,iot
Dilithium3,verify,49632,0.049632,7.48,0.0,256,1952,3309,750,liboqs,iot
Dilithium3,verify,42194,0.042194,7.48,0.0,256,1952,3309,751,liboqs,iot
Dilithium3,verify,99442,0.099442,7.48,0.0,256,1952,3309,752,liboqs,iot
Dilithium3,verify,63495,0.063495,7.48,0.0,256,1952,3309,753,liboqs,iot
Dilithium3,verify,48920,0.04892,7.48,0.0,256,1952,3309,754,liboqs,iot
Dilithium3,verify,45483,0.045483,7.48,0.0,256,1952,3309,755,liboqs,iot
Dilithium3,verify,44111,0.044111,7.48,0.0,256,1952,3309,756,liboqs,iot
Dilithium3,verify,40005,0.040005,7.48,0.0,256,1952,3309,757,liboqs,iot
Dilithium3,verify,41188,0.041188,7.48,0.0,256,1952,3309,758,liboqs,iot
Dilithium3,verify,43764,0.043764,7.48,0.0,256,1952,3309,759,liboqs,iot
Dilithium3,verify,39447,0.039447,7.48,0.0,256,1952,3309,760,liboqs,iot
Dilithium3,verify,40621,0.040621,7.48,0.0,256,1952,3309,761,liboqs,iot
Dilithium3,verify,39027,0.039027,7.48,0.0,256,1952,3309,762,liboqs,iot
Dilithium3,verify,38517,0.038517,7.48,0.0,256,1952,3309,763,liboqs,iot
Dilithium3,verify,55731,0.055731,7.48,0.0,256,1952,3309,764,liboqs,iot
Dilithium3,verify,43095,0.043095,7.48,0.0,256,1952,3309,765,liboqs,iot
Dilithium3,verify,39332,0.039332,7.48,0.0,256,1952,3309,766,liboqs,iot
Dilithium3,verify,39352,0.039352,7.48,0.0,256,1952,3309,767,liboqs,iot
Dilithium3,verify,42682,0.042682,7.48,0.0,256,1952,3309,768,liboqs,iot
Dilithium3,verify,38694,0.038694,7.48,0.0,256,1952,3309,769,liboqs,iot
Dilithium3,verify,38345,0.038345,7.48,0.0,256,1952,3309,770,liboqs,iot
Dilithium3,verify,38485,0.038485,7.48,0.0,256,1952,3309,771,liboqs,iot
Dilithium3,verify,38376,0.038376,7.48,0.0,256,1952,3309,772,liboqs,iot
Dilithium3,verify,38414,0.038414,7.48,0.0,256,1952,3309,773,liboqs,iot
Dilithium3,verify,39965,0.039965,7.48,0.0,256,1952,3309,774,liboqs,iot
Dilithium3,verify,38416,0.038416,7.48,0.0,256,1952,3309,775,liboqs,iot
Dilithium3,verify,74886,0.074886,9.94,0.0,256,1952,3309,776,liboqs,iot
Dilithium3,verify,55930,0.05593,9.63,0.0,256,1952,3309,777,liboqs,iot
Dilithium3,verify,41832,0.041832,7.42,0.0,256,1952,3309,778,liboqs,iot
Dilithium3,verify,40547,0.040547,7.42,0.0,256,1952,3309,779,liboqs,iot
Dilithium3,verify,39492,0.039492,7.48,0.0,256,1952,3309,780,liboqs,iot
Dilithium3,verify,38575,0.038575,7.48,0.0,256,1952,3309,781,liboqs,iot
Dilithium3,verify,38762,0.038762,7.48,0.0,256,1952,3309,782,liboqs,iot
Dilithium3,verify,40721,0.040721,7.48,0.0,256,1952,3309,783,liboqs,iot
Dilithium3,verify,38765,0.038765,7.48,0.0,256,1952,3309,784,liboqs,iot
Dilithium3,verify,38751,0.038751,7.48,0.0,256,1952,3309,785,liboqs,iot
Dilithium3,verify,39288,0.039288,7.48,0.0,256,1952,3309,786,liboqs,iot
Dilithium3,verify,39602,0.039602,7.48,0.0,256,1952,3309,787,liboqs,iot
Dilithium3,verify,38241,0.038241,7.48,0.0,256,1952,3309,788,liboqs,iot
Dilithium3,verify,38699,0.038699,7.48,0.0,256,1952,3309,789,liboqs,iot
Dilithium3,verify,49125,0.049125,7.48,0.0,256,1952,3309,790,liboqs,iot
Dilithium3,verify,41113,0.041113,7.48,0.0,256,1952,3309,791,liboqs,iot
Dilithium3,verify,41750,0.04175,7.48,0.0,256,1952,3309,792,liboqs,iot
Dilithium3,verify,39490,0.03949,7.48,0.0,256,1952,3309,793,liboqs,iot
Dilithium3,verify,38950,0.03895,7.48,0.0,256,1952,3309,794,liboqs,iot
Dilithium3,verify,40420,0.04042,7.48,0.0,256,1952,3309,795,liboqs,iot
Dilithium3,verify,38560,0.03856,7.48,0.0,256,1952,3309,796,liboqs,iot
Dilithium3,verify,38440,0.03844,7.48,0.0,256,1952,3309,797,liboqs,iot
Dilithium3,verify,40802,0.040802,7.48,0.0,256,1952,3309,798,liboqs,iot
Dilithium3,verify,67992,0.067992,7.48,0.0,256,1952,3309,799,liboqs,iot
Dilithium3,verify,48591,0.048591,7.48,0.0,256,1952,3309,800,liboqs,iot
Dilithium3,verify,44408,0.044408,7.48,0.0,256,1952,3309,801,liboqs,iot
Dilithium3,verify,41137,0.041137,7.48,0.0,256,1952,3309,802,liboqs,iot
Dilithium3,verify,38515,0.038515,7.48,0.0,256,1952,3309,803,liboqs,iot
Dilithium3,verify,38676,0.038676,7.48,0.0,256,1952,3309,804,liboqs,iot
Dilithium3,verify,39930,0.03993,7.48,0.0,256,1952,3309,805,liboqs,iot
Dilithium3,verify,38279,0.038279,7.48,0.0,256,1952,3309,806,liboqs,iot
Dilithium3,verify,38840,0.03884,7.48,0.0,256,1952,3309,807,liboqs,iot
Dilithium3,verify,39837,0.039837,7.48,0.0,256,1952,3309,808,liboqs,iot
Dilithium3,verify,38298,0.038298,7.48,0.0,256,1952,3309,809,liboqs,iot
Dilithium3,verify,38409,0.038409,7.48,0.0,256,1952,3309,810,liboqs,iot
Dilithium3,verify,38328,0.038328,7.48,0.0,256,1952,3309,811,liboqs,iot
Dilithium3,verify,37966,0.037966,7.48,0.0,256,1952,3309,812,liboqs,iot
Dilithium3,verify,39681,0.039681,7.48,0.0,256,1952,3309,813,liboqs,iot
Dilithium3,verify,37771,0.037771,7.48,0.0,256,1952,3309,814,liboqs,iot
Dilithium3,verify,37792,0.037792,7.48,0.0,256,1952,3309,815,liboqs,iot
Dilithium3,verify,38187,0.038187,7.48,0.0,256,1952,3309,816,liboqs,iot
Dilithium3,verify,39476,0.039476,7.48,0.0,256,1952,3309,817,liboqs,iot
Dilithium3,verify,37748,0.037748,7.48,0.0,256,1952,3309,818,liboqs,iot
Dilithium3,verify,37859,0.037859,7.48,0.0,256,1952,3309,819,liboqs,iot
Dilithium3,verify,37904,0.037904,7.48,0.0,256,1952,3309,820,liboqs,iot
Dilithium3,verify,38101,0.038101,7.48,0.0,256,1952,3309,821,liboqs,iot
Dilithium3,verify,39285,0.039285,7.48,0.0,256,1952,3309,822,liboqs,iot
Dilithium3,verify,37629,0.037629,7.48,0.0,256,1952,3309,823,liboqs,iot
Dilithium3,verify,37854,0.037854,7.48,0.0,256,1952,3309,824,liboqs,iot
Dilithium3,verify,37993,0.037993,7.48,0.0,256,1952,3309,825,liboqs,iot
Dilithium3,verify,39039,0.039039,7.48,0.0,256,1952,3309,826,liboqs,iot
Dilithium3,verify,37784,0.037784,7.48,0.0,256,1952,3309,827,liboqs,iot
Dilithium3,verify,37901,0.037901,7.48,0.0,256,1952,3309,828,liboqs,iot
Dilithium3,verify,37748,0.037748,7.48,0.0,256,1952,3309,829,liboqs,iot
Dilithium3,verify,37461,0.037461,7.48,0.0,256,1952,3309,830,liboqs,iot
Dilithium3,verify,39270,0.03927,7.48,0.0,256,1952,3309,831,liboqs,iot
Dilithium3,verify,39497,0.039497,7.48,0.0,256,1952,3309,832,liboqs,iot
Dilithium3,verify,37763,0.037763,7.48,0.0,256,1952,3309,833,liboqs,iot
Dilithium3,verify,50106,0.050106,7.48,0.0,256,1952,3309,834,liboqs,iot
Dilithium3,verify,40518,0.040518,7.48,0.0,256,1952,3309,835,liboqs,iot
Dilithium3,verify,38397,0.038397,7.48,0.0,256,1952,3309,836,liboqs,iot
Dilithium3,verify,48197,0.048197,7.48,0.0,256,1952,3309,837,liboqs,iot
Dilithium3,verify,46198,0.046198,7.48,0.0,256,1952,3309,838,liboqs,iot
Dilithium3,verify,39790,0.03979,7.48,0.0,256,1952,3309,839,liboqs,iot
Dilithium3,verify,39242,0.039242,7.48,0.0,256,1952,3309,840,liboqs,iot
Dilithium3,verify,38356,0.038356,7.48,0.0,256,1952,3309,841,liboqs,iot
Dilithium3,verify,37958,0.037958,7.48,0.0,256,1952,3309,842,liboqs,iot
Dilithium3,verify,38096,0.038096,7.48,0.0,256,1952,3309,843,liboqs,iot
Dilithium3,verify,39258,0.039258,7.48,0.0,256,1952,3309,844,liboqs,iot
Dilithium3,verify,37808,0.037808,7.48,0.0,256,1952,3309,845,liboqs,iot
Dilithium3,verify,37885,0.037885,7.48,0.0,256,1952,3309,846,liboqs,iot
Dilithium3,verify,37902,0.037902,7.48,0.0,256,1952,3309,847,liboqs,iot
Dilithium3,verify,37659,0.037659,7.48,0.0,256,1952,3309,848,liboqs,iot
Dilithium3,verify,39683,0.039683,7.48,0.0,256,1952,3309,849,liboqs,iot
Dilithium3,verify,37991,0.037991,7.48,0.0,256,1952,3309,850,liboqs,iot
Dilithium3,verify,37740,0.03774,7.48,0.0,256,1952,3309,851,liboqs,iot
Dilithium3,verify,37977,0.037977,7.48,0.0,256,1952,3309,852,liboqs,iot
Dilithium3,verify,61825,0.061825,7.48,0.0,256,1952,3309,853,liboqs,iot
Dilithium3,verify,42302,0.042302,7.48,0.0,256,1952,3309,854,liboqs,iot
Dilithium3,verify,39870,0.03987,7.48,0.0,256,1952,3309,855,liboqs,iot
Dilithium3,verify,40562,0.040562,7.48,0.0,256,1952,3309,856,liboqs,iot
Dilithium3,verify,38422,0.038422,7.48,0.0,256,1952,3309,857,liboqs,iot
Dilithium3,verify,38261,0.038261,7.48,0.0,256,1952,3309,858,liboqs,iot
Dilithium3,verify,37951,0.037951,7.48,0.0,256,1952,3309,859,liboqs,iot
Dilithium3,verify,38051,0.038051,7.48,0.0,256,1952,3309,860,liboqs,iot
Dilithium3,verify,37820,0.03782,7.48,0.0,256,1952,3309,861,liboqs,iot
Dilithium3,verify,39126,0.039126,7.48,0.0,256,1952,3309,862,liboqs,iot
Dilithium3,verify,37782,0.037782,7.48,0.0,256,1952,3309,863,liboqs,iot
Dilithium3,verify,37866,0.037866,7.48,0.0,256,1952,3309,864,liboqs,iot
Dilithium3,verify,39162,0.039162,7.48,0.0,256,1952,3309,865,liboqs,iot
Dilithium3,verify,37507,0.037507,7.48,0.0,256,1952,3309,866,liboqs,iot
Dilithium3,verify,38193,0.038193,7.48,0.0,256,1952,3309,867,liboqs,iot
Dilithium3,verify,38990,0.03899,7.48,0.0,256,1952,3309,868,liboqs,iot
Dilithium3,verify,37447,0.037447,7.48,0.0,256,1952,3309,869,liboqs,iot
Dilithium3,verify,37620,0.03762,7.48,0.0,256,1952,3309,870,liboqs,iot
Dilithium3,verify,41975,0.041975,7.48,0.0,256,1952,3309,871,liboqs,iot
Dilithium3,verify,39101,0.039101,7.48,0.0,256,1952,3309,872,liboqs,iot
Dilithium3,verify,38839,0.038839,7.48,0.0,256,1952,3309,873,liboqs,iot
Dilithium3,verify,40245,0.040245,7.48,0.0,256,1952,3309,874,liboqs,iot
Dilithium3,verify,38378,0.038378,7.48,0.0,256,1952,3309,875,liboqs,iot
Dilithium3,verify,38474,0.038474,7.48,0.0,256,1952,3309,876,liboqs,iot
Dilithium3,verify,39084,0.039084,7.48,0.0,256,1952,3309,877,liboqs,iot
Dilithium3,verify,46506,0.046506,7.48,0.0,256,1952,3309,878,liboqs,iot
Dilithium3,verify,45215,0.045215,7.48,0.0,256,1952,3309,879,liboqs,iot
Dilithium3,verify,39802,0.039802,7.48,0.0,256,1952,3309,880,liboqs,iot
Dilithium3,verify,39107,0.039107,7.48,0.0,256,1952,3309,881,liboqs,iot
Dilithium3,verify,38474,0.038474,7.48,0.0,256,1952,3309,882,liboqs,iot
Dilithium3,verify,39610,0.03961,7.48,0.0,256,1952,3309,883,liboqs,iot
Dilithium3,verify,38620,0.03862,7.48,0.0,256,1952,3309,884,liboqs,iot
Dilithium3,verify,56697,0.056697,7.48,0.0,256,1952,3309,885,liboqs,iot
Dilithium3,verify,43925,0.043925,7.48,0.0,256,1952,3309,886,liboqs,iot
Dilithium3,verify,39994,0.039994,7.48,0.0,256,1952,3309,887,liboqs,iot
Dilithium3,verify,39417,0.039417,7.48,0.0,256,1952,3309,888,liboqs,iot
Dilithium3,verify,38960,0.03896,7.48,0.0,256,1952,3309,889,liboqs,iot
Dilithium3,verify,38483,0.038483,7.48,0.0,256,1952,3309,890,liboqs,iot
Dilithium3,verify,38555,0.038555,7.48,0.0,256,1952,3309,891,liboqs,iot
Dilithium3,verify,38347,0.038347,7.48,0.0,256,1952,3309,892,liboqs,iot
Dilithium3,verify,37996,0.037996,7.48,0.0,256,1952,3309,893,liboqs,iot
Dilithium3,verify,37971,0.037971,7.48,0.0,256,1952,3309,894,liboqs,iot
Dilithium3,verify,40816,0.040816,7.48,0.0,256,1952,3309,895,liboqs,iot
Dilithium3,verify,38059,0.038059,7.48,0.0,256,1952,3309,896,liboqs,iot
Dilithium3,verify,38291,0.038291,7.48,0.0,256,1952,3309,897,liboqs,iot
Dilithium3,verify,38293,0.038293,7.48,0.0,256,1952,3309,898,liboqs,iot
Dilithium3,verify,38341,0.038341,7.48,0.0,256,1952,3309,899,liboqs,iot
Dilithium3,verify,38451,0.038451,7.48,0.0,256,1952,3309,900,liboqs,iot
Dilithium3,verify,38196,0.038196,7.48,0.0,256,1952,3309,901,liboqs,iot
Dilithium3,verify,50382,0.050382,7.48,0.0,256,1952,3309,902,liboqs,iot
Dilithium3,verify,43658,0.043658,7.48,0.0,256,1952,3309,903,liboqs,iot
Dilithium3,verify,39504,0.039504,7.48,0.0,256,1952,3309,904,liboqs,iot
Dilithium3,verify,38920,0.03892,7.48,0.0,256,1952,3309,905,liboqs,iot
Dilithium3,verify,38664,0.038664,7.48,0.0,256,1952,3309,906,liboqs,iot
Dilithium3,verify,40045,0.040045,7.48,0.0,256,1952,3309,907,liboqs,iot
Dilithium3,verify,38763,0.038763,7.48,0.0,256,1952,3309,908,liboqs,iot
Dilithium3,verify,38763,0.038763,7.48,0.0,256,1952,3309,909,liboqs,iot
Dilithium3,verify,41618,0.041618,7.48,0.0,256,1952,3309,910,liboqs,iot
Dilithium3,verify,42074,0.042074,7.48,0.0,256,1952,3309,911,liboqs,iot
Dilithium3,verify,38712,0.038712,7.48,0.0,256,1952,3309,912,liboqs,iot
Dilithium3,verify,38646,0.038646,7.48,0.0,256,1952,3309,913,liboqs,iot
Dilithium3,verify,38190,0.03819,7.48,0.0,256,1952,3309,914,liboqs,iot
Dilithium3,verify,148980,0.14898,7.48,0.0,256,1952,3309,915,liboqs,iot
Dilithium3,verify,78559,0.078559,7.48,0.0,256,1952,3309,916,liboqs,iot
Dilithium3,verify,49473,0.049473,7.48,0.0,256,1952,3309,917,liboqs,iot
Dilithium3,verify,42374,0.042374,7.48,0.0,256,1952,3309,918,liboqs,iot
Dilithium3,verify,45483,0.045483,7.48,0.0,256,1952,3309,919,liboqs,iot
Dilithium3,verify,40654,0.040654,7.48,0.0,256,1952,3309,920,liboqs,iot
Dilithium3,verify,40596,0.040596,7.48,0.0,256,1952,3309,921,liboqs,iot
Dilithium3,verify,39964,0.039964,7.48,0.0,256,1952,3309,922,liboqs,iot
Dilithium3,verify,49867,0.049867,7.48,0.0,256,1952,3309,923,liboqs,iot
Dilithium3,verify,43362,0.043362,7.48,0.0,256,1952,3309,924,liboqs,iot
Dilithium3,verify,39908,0.039908,7.48,0.0,256,1952,3309,925,liboqs,iot
Dilithium3,verify,42917,0.042917,7.48,0.0,256,1952,3309,926,liboqs,iot
Dilithium3,verify,38838,0.038838,7.48,0.0,256,1952,3309,927,liboqs,iot
Dilithium3,verify,40195,0.040195,7.48,0.0,256,1952,3309,928,liboqs,iot
Dilithium3,verify,38370,0.03837,7.48,0.0,256,1952,3309,929,liboqs,iot
Dilithium3,verify,38853,0.038853,7.48,0.0,256,1952,3309,930,liboqs,iot
Dilithium3,verify,39055,0.039055,7.48,0.0,256,1952,3309,931,liboqs,iot
Dilithium3,verify,38334,0.038334,7.48,0.0,256,1952,3309,932,liboqs,iot
Dilithium3,verify,38477,0.038477,7.48,0.0,256,1952,3309,933,liboqs,iot
Dilithium3,verify,39871,0.039871,7.48,0.0,256,1952,3309,934,liboqs,iot
Dilithium3,verify,38363,0.038363,7.48,0.0,256,1952,3309,935,liboqs,iot
Dilithium3,verify,38529,0.038529,7.48,0.0,256,1952,3309,936,liboqs,iot
Dilithium3,verify,39555,0.039555,7.48,0.0,256,1952,3309,937,liboqs,iot
Dilithium3,verify,38008,0.038008,7.48,0.0,256,1952,3309,938,liboqs,iot
Dilithium3,verify,39885,0.039885,7.48,0.0,256,1952,3309,939,liboqs,iot
Dilithium3,verify,38476,0.038476,7.48,0.0,256,1952,3309,940,liboqs,iot
Dilithium3,verify,38469,0.038469,7.48,0.0,256,1952,3309,941,liboqs,iot
Dilithium3,verify,39919,0.039919,7.48,0.0,256,1952,3309,942,liboqs,iot
Dilithium3,verify,38159,0.038159,7.48,0.0,256,1952,3309,943,liboqs,iot
Dilithium3,verify,38038,0.038038,7.48,0.0,256,1952,3309,944,liboqs,iot
Dilithium3,verify,38177,0.038177,7.48,0.0,256,1952,3309,945,liboqs,iot
Dilithium3,verify,39282,0.039282,7.48,0.0,256,1952,3309,946,liboqs,iot
Dilithium3,verify,46213,0.046213,7.48,0.0,256,1952,3309,947,liboqs,iot
Dilithium3,verify,40283,0.040283,7.48,0.0,256,1952,3309,948,liboqs,iot
Dilithium3,verify,40485,0.040485,7.48,0.0,256,1952,3309,949,liboqs,iot
Dilithium3,verify,38643,0.038643,7.48,0.0,256,1952,3309,950,liboqs,iot
Dilithium3,verify,38863,0.038863,7.48,0.0,256,1952,3309,951,liboqs,iot
Dilithium3,verify,50866,0.050866,7.48,0.0,256,1952,3309,952,liboqs,iot
Dilithium3,verify,44471,0.044471,7.48,0.0,256,1952,3309,953,liboqs,iot
Dilithium3,verify,40657,0.040657,7.48,0.0,256,1952,3309,954,liboqs,iot
Dilithium3,verify,40558,0.040558,7.48,0.0,256,1952,3309,955,liboqs,iot
Dilithium3,verify,38823,0.038823,7.48,0.0,256,1952,3309,956,liboqs,iot
Dilithium3,verify,38748,0.038748,7.48,0.0,256,1952,3309,957,liboqs,iot
Dilithium3,verify,38281,0.038281,7.48,0.0,256,1952,3309,958,liboqs,iot
Dilithium3,verify,39014,0.039014,7.48,0.0,256,1952,3309,959,liboqs,iot
Dilithium3,verify,40000,0.04,7.48,0.0,256,1952,3309,960,liboqs,iot
Dilithium3,verify,38432,0.038432,7.48,0.0,256,1952,3309,961,liboqs,iot
Dilithium3,verify,40943,0.040943,7.48,0.0,256,1952,3309,962,liboqs,iot
Dilithium3,verify,39337,0.039337,7.48,0.0,256,1952,3309,963,liboqs,iot
Dilithium3,verify,39901,0.039901,7.48,0.0,256,1952,3309,964,liboqs,iot
Dilithium3,verify,38126,0.038126,7.48,0.0,256,1952,3309,965,liboqs,iot
Dilithium3,verify,38189,0.038189,7.48,0.0,256,1952,3309,966,liboqs,iot
Dilithium3,verify,39127,0.039127,7.48,0.0,256,1952,3309,967,liboqs,iot
Dilithium3,verify,38105,0.038105,7.48,0.0,256,1952,3309,968,liboqs,iot
Dilithium3,verify,38501,0.038501,7.48,0.0,256,1952,3309,969,liboqs,iot
Dilithium3,verify,38143,0.038143,7.48,0.0,256,1952,3309,970,liboqs,iot
Dilithium3,verify,37941,0.037941,7.48,0.0,256,1952,3309,971,liboqs,iot
Dilithium3,verify,38601,0.038601,7.48,0.0,256,1952,3309,972,liboqs,iot
Dilithium3,verify,39252,0.039252,7.48,0.0,256,1952,3309,973,liboqs,iot
Dilithium3,verify,37761,0.037761,7.48,0.0,256,1952,3309,974,liboqs,iot
Dilithium3,verify,38066,0.038066,7.48,0.0,256,1952,3309,975,liboqs,iot
Dilithium3,verify,39112,0.039112,7.48,0.0,256,1952,3309,976,liboqs,iot
Dilithium3,verify,38042,0.038042,7.48,0.0,256,1952,3309,977,liboqs,iot
Dilithium3,verify,56188,0.056188,7.48,0.0,256,1952,3309,978,liboqs,iot
Dilithium3,verify,41374,0.041374,7.48,0.0,256,1952,3309,979,liboqs,iot
Dilithium3,verify,38959,0.038959,7.48,0.0,256,1952,3309,980,liboqs,iot
Dilithium3,verify,38515,0.038515,7.48,0.0,256,1952,3309,981,liboqs,iot
Dilithium3,verify,39163,0.039163,7.48,0.0,256,1952,3309,982,liboqs,iot
Dilithium3,verify,38194,0.038194,7.48,0.0,256,1952,3309,983,liboqs,iot
Dilithium3,verify,38185,0.038185,7.48,0.0,256,1952,3309,984,liboqs,iot
Dilithium3,verify,39031,0.039031,7.48,0.0,256,1952,3309,985,liboqs,iot
Dilithium3,verify,37832,0.037832,7.48,0.0,256,1952,3309,986,liboqs,iot
Dilithium3,verify,38064,0.038064,7.48,0.0,256,1952,3309,987,liboqs,iot
Dilithium3,verify,37666,0.037666,7.48,0.0,256,1952,3309,988,liboqs,iot
Dilithium3,verify,37678,0.037678,7.48,0.0,256,1952,3309,989,liboqs,iot
Dilithium3,verify,38958,0.038958,7.48,0.0,256,1952,3309,990,liboqs,iot
Dilithium3,verify,38039,0.038039,7.48,0.0,256,1952,3309,991,liboqs,iot
Dilithium3,verify,37543,0.037543,7.48,0.0,256,1952,3309,992,liboqs,iot
Dilithium3,verify,37952,0.037952,7.48,0.0,256,1952,3309,993,liboqs,iot
Dilithium3,verify,57028,0.057028,7.48,0.0,256,1952,3309,994,liboqs,iot
Dilithium3,verify,94248,0.094248,7.48,0.0,256,1952,3309,995,liboqs,iot
Dilithium3,verify,86465,0.086465,7.48,0.0,256,1952,3309,996,liboqs,iot
Dilithium3,verify,71451,0.071451,7.48,0.0,256,1952,3309,997,liboqs,iot
Dilithium3,verify,47235,0.047235,7.48,0.0,256,1952,3309,998,liboqs,iot
Dilithium3,verify,41323,0.041323,7.48,0.0,256,1952,3309,999,liboqs,iot
